ano,codigo,estacao,regiao,uf,latitude,longitude,altitude_m,data_fundacao,arquivo_origem,linhas_total,datetime_validos,temperaturas_validas,duplicados_datetime,primeiro_datetime_utc,ultimo_datetime_utc,distancia_ref_km,latitude_referencia,longitude_referencia
2018,A005,PORANGATU,CO,GO,-13.51444444,-49.19833333,365.5,2018-09-13,2018/INMET_CO_GO_A005_PORANGATU_13-09-2018_A_31-12-2018.CSV,2640,2640,2614,0,2018-09-13T00:00:00,2018-12-31T23:00:00,24.414217027042948,-13.30944444,-49.11749999
2019,A005,,,GO,-13.309528,-49.117478,365.0,04/06/01,2019/INMET_CO_GO_A005_PORANGATU_01-01-2019_A_31-12-2019.CSV,8760,8760,8714,0,2019-01-01T00:00:00,2019-12-31T23:00:00,0.009591313039842203,-13.30944444,-49.11749999
2020,A005,PORANGATU,CO,GO,-13.309528,-49.117478,365.0,04/06/01,INMET_CO_GO_A005_PORANGATU_01-01-2020_A_31-12-2020.CSV,8784,8784,4810,0,2020-01-01T00:00:00,2020-12-31T23:00:00,0.009591313039842203,-13.30944444,-49.11749999
2021,A005,PORANGATU,CO,GO,-13.30944444,-49.11749999,365.0,04/06/01,INMET_CO_GO_A005_PORANGATU_01-01-2021_A_31-12-2021.CSV,8760,8760,3880,0,2021-01-01T00:00:00,2021-12-31T23:00:00,0.0,-13.30944444,-49.11749999
2022,A005,PORANGATU,CO,GO,-13.30944444,-49.11749999,365.0,04/06/01,INMET_CO_GO_A005_PORANGATU_01-01-2022_A_31-12-2022.CSV,8760,8760,8483,0,2022-01-01T00:00:00,2022-12-31T23:00:00,0.0,-13.30944444,-49.11749999
2023,A005,PORANGATU,CO,GO,-13.30944444,-49.11749999,365.0,04/06/01,INMET_CO_GO_A005_PORANGATU_01-01-2023_A_31-12-2023.CSV,8760,8760,5954,0,2023-01-01T00:00:00,2023-12-31T23:00:00,0.0,-13.30944444,-49.11749999
2024,A005,PORANGATU,CO,GO,-13.30944444,-49.11749999,365.0,04/06/01,INMET_CO_GO_A005_PORANGATU_01-01-2024_A_31-12-2024.CSV,8784,8784,8368,0,2024-01-01T00:00:00,2024-12-31T23:00:00,0.0,-13.30944444,-49.11749999
2025,A005,PORANGATU,CO,GO,-13.30944444,-49.11749999,365.0,04/06/01,2025/INMET_CO_GO_A005_PORANGATU_01-01-2025_A_31-12-2025.CSV,8760,8760,8455,0,2025-01-01T00:00:00,2025-12-31T23:00:00,0.0,-13.30944444,-49.11749999
2008,A039,FORMOSO DO ARAGUAIA,N,TO,-11.98722221,-49.60833333,220.0,2008-04-27,2008/INMET_N_TO_A039_FORMOSO DO ARAGUAIA_27-04-2008_A_31-12-2008.CSV,5976,5976,5841,0,2008-04-27T00:00:00,2008-12-31T23:00:00,0.0,-11.98722221,-49.60833333
2009,A039,FORMOSO DO ARAGUAIA,N,TO,-11.98722221,-49.60833333,220.0,2008-04-27,2009/INMET_N_TO_A039_FORMOSO DO ARAGUAIA_01-01-2009_A_31-12-2009.CSV,8760,8760,7521,0,2009-01-01T00:00:00,2009-12-31T23:00:00,0.0,-11.98722221,-49.60833333
2010,A039,FORMOSO DO ARAGUAIA,N,TO,-11.98722221,-49.60833333,220.0,2008-04-27,2010/INMET_N_TO_A039_FORMOSO DO ARAGUAIA_01-01-2010_A_31-12-2010.CSV,8760,8760,6975,0,2010-01-01T00:00:00,2010-12-31T23:00:00,0.0,-11.98722221,-49.60833333
2011,A039,FORMOSO DO ARAGUAIA,N,TO,-11.98722221,-49.60833333,220.0,2008-04-27,2011/INMET_N_TO_A039_FORMOSO DO ARAGUAIA_01-01-2011_A_31-12-2011.CSV,8760,8760,8701,0,2011-01-01T00:00:00,2011-12-31T23:00:00,0.0,-11.98722221,-49.60833333
2012,A039,FORMOSO DO ARAGUAIA,N,TO,-11.98722221,-49.60833333,220.0,2008-04-27,2012/INMET_N_TO_A039_FORMOSO DO ARAGUAIA_01-01-2012_A_31-12-2012.CSV,8784,8784,8778,0,2012-01-01T00:00:00,2012-12-31T23:00:00,0.0,-11.98722221,-49.60833333
2013,A039,FORMOSO DO ARAGUAIA,N,TO,-11.98722221,-49.60833333,220.0,2008-04-27,2013/INMET_N_TO_A039_FORMOSO DO ARAGUAIA_01-01-2013_A_31-12-2013.CSV,8760,8760,8326,0,2013-01-01T00:00:00,2013-12-31T23:00:00,0.0,-11.98722221,-49.60833333
2014,A039,FORMOSO DO ARAGUAIA,N,TO,-11.98722221,-49.60833333,220.0,2008-04-27,2014/INMET_N_TO_A039_FORMOSO DO ARAGUAIA_01-01-2014_A_31-12-2014.CSV,8760,8760,8563,0,2014-01-01T00:00:00,2014-12-31T23:00:00,0.0,-11.98722221,-49.60833333
2015,A039,FORMOSO DO ARAGUAIA,N,TO,-11.98722221,-49.60833333,220.0,2008-04-27,2015/INMET_N_TO_A039_FORMOSO DO ARAGUAIA_01-01-2015_A_31-12-2015.CSV,8760,8760,8183,0,2015-01-01T00:00:00,2015-12-31T23:00:00,0.0,-11.98722221,-49.60833333
2016,A039,FORMOSO DO ARAGUAIA,N,TO,-11.98722221,-49.60833333,220.0,2008-04-27,2016/INMET_N_TO_A039_FORMOSO DO ARAGUAIA_01-01-2016_A_31-12-2016.CSV,8784,8784,8165,0,2016-01-01T00:00:00,2016-12-31T23:00:00,0.0,-11.98722221,-49.60833333
2017,A039,FORMOSO DO ARAGUAIA,N,TO,-11.98722221,-49.60833333,220.0,2008-04-27,2017/INMET_N_TO_A039_FORMOSO DO ARAGUAIA_01-01-2017_A_31-12-2017.CSV,8760,8760,8760,0,2017-01-01T00:00:00,2017-12-31T23:00:00,0.0,-11.98722221,-49.60833333
2018,A039,FORMOSO DO ARAGUAIA,N,TO,-11.98722221,-49.60833333,220.0,2008-04-27,2018/INMET_N_TO_A039_FORMOSO DO ARAGUAIA_01-01-2018_A_31-12-2018.CSV,8760,8760,6792,0,2018-01-01T00:00:00,2018-12-31T23:00:00,0.0,-11.98722221,-49.60833333
2019,A039,,,TO,-11.887377,-49.608215,215.2,27/04/08,2019/INMET_N_TO_A039_FORMOSO DO ARAGUAIA_01-01-2019_A_31-12-2019.CSV,8760,8760,8571,0,2019-01-01T00:00:00,2019-12-31T23:00:00,11.102303600135693,-11.98722221,-49.60833333
2020,A039,FORMOSO DO ARAGUAIA,N,TO,-11.88749999,-49.60833333,215.2,27/04/08,INMET_N_TO_A039_FORMOSO DO ARAGUAIA_01-01-2020_A_31-12-2020.CSV,8784,8784,8784,0,2020-01-01T00:00:00,2020-12-31T23:00:00,11.08862025396611,-11.98722221,-49.60833333
2021,A039,FORMOSO DO ARAGUAIA,N,TO,-11.88749999,-49.60833333,215.2,27/04/08,INMET_N_TO_A039_FORMOSO DO ARAGUAIA_01-01-2021_A_31-12-2021.CSV,8760,8760,8045,0,2021-01-01T00:00:00,2021-12-31T23:00:00,11.08862025396611,-11.98722221,-49.60833333
2022,A039,FORMOSO DO ARAGUAIA,N,TO,-11.88749999,-49.60833333,215.2,27/04/08,INMET_N_TO_A039_FORMOSO DO ARAGUAIA_01-01-2022_A_31-12-2022.CSV,8760,8760,7397,0,2022-01-01T00:00:00,2022-12-31T23:00:00,11.08862025396611,-11.98722221,-49.60833333
2023,A039,FORMOSO DO ARAGUAIA,N,TO,-11.88749999,-49.60833333,215.2,27/04/08,INMET_N_TO_A039_FORMOSO DO ARAGUAIA_01-01-2023_A_31-12-2023.CSV,8760,8760,5566,0,2023-01-01T00:00:00,2023-12-31T23:00:00,11.08862025396611,-11.98722221,-49.60833333
2024,A039,FORMOSO DO ARAGUAIA,N,TO,-11.88749999,-49.60833333,215.2,27/04/08,INMET_N_TO_A039_FORMOSO DO ARAGUAIA_01-01-2024_A_31-12-2024.CSV,8784,8784,8477,0,2024-01-01T00:00:00,2024-12-31T23:00:00,11.08862025396611,-11.98722221,-49.60833333
2025,A039,FORMOSO DO ARAGUAIA,N,TO,-11.88749999,-49.60833333,215.2,27/04/08,2025/INMET_N_TO_A039_FORMOSO DO ARAGUAIA_01-01-2025_A_31-12-2025.CSV,8760,8760,8526,0,2025-01-01T00:00:00,2025-12-31T23:00:00,11.08862025396611,-11.98722221,-49.60833333
2016,A050,RIO SONO,N,TO,-9.16,-47.13277777,291.0,2016-08-03,2016/INMET_N_TO_A050_RIO SONO_03-08-2016_A_31-12-2016.CSV,3624,3624,2859,0,2016-08-03T00:00:00,2016-12-31T23:00:00,70.42684978085688,-9.793363,-47.132732
2017,A050,RIO SONO,N,TO,-9.16,-47.13277777,291.0,2016-08-03,2017/INMET_N_TO_A050_RIO SONO_01-01-2017_A_31-12-2017.CSV,8760,8760,8588,0,2017-01-01T00:00:00,2017-12-31T23:00:00,70.42684978085688,-9.793363,-47.132732
2018,A050,RIO SONO,N,TO,-9.16,-47.13277777,291.0,2016-08-03,2018/INMET_N_TO_A050_RIO SONO_01-01-2018_A_31-12-2018.CSV,8760,8760,8668,0,2018-01-01T00:00:00,2018-12-31T23:00:00,70.42684978085688,-9.793363,-47.132732
2019,A050,,,TO,-9.793363,-47.132732,291.0,03/08/16,2019/INMET_N_TO_A050_RIO SONO_01-01-2019_A_31-12-2019.CSV,8760,8760,6542,0,2019-01-01T00:00:00,2019-12-31T23:00:00,0.0,-9.793363,-47.132732
2020,A050,RIO SONO,N,TO,-9.793363,-47.132732,291.0,03/08/16,INMET_N_TO_A050_RIO SONO_01-01-2020_A_31-12-2020.CSV,8784,8784,8734,0,2020-01-01T00:00:00,2020-12-31T23:00:00,0.0,-9.793363,-47.132732
2021,A050,RIO SONO,N,TO,-9.793363,-47.132732,291.0,03/08/16,INMET_N_TO_A050_RIO SONO_01-01-2021_A_31-12-2021.CSV,8760,8760,5496,0,2021-01-01T00:00:00,2021-12-31T23:00:00,0.0,-9.793363,-47.132732
2022,A050,RIO SONO,N,TO,-9.793363,-47.132732,291.0,03/08/16,INMET_N_TO_A050_RIO SONO_01-01-2022_A_31-12-2022.CSV,8760,8760,2602,0,2022-01-01T00:00:00,2022-12-31T23:00:00,0.0,-9.793363,-47.132732
2023,A050,RIO SONO,N,TO,-9.793363,-47.132732,291.0,03/08/16,INMET_N_TO_A050_RIO SONO_01-01-2023_A_31-12-2023.CSV,8760,8760,7372,0,2023-01-01T00:00:00,2023-12-31T23:00:00,0.0,-9.793363,-47.132732
2024,A050,RIO SONO,N,TO,-9.793363,-47.132732,291.0,03/08/16,INMET_N_TO_A050_RIO SONO_01-01-2024_A_31-12-2024.CSV,8784,8784,8049,0,2024-01-01T00:00:00,2024-12-31T23:00:00,0.0,-9.793363,-47.132732
2025,A050,RIO SONO,N,TO,-9.793363,-47.132732,291.0,03/08/16,2025/INMET_N_TO_A050_RIO SONO_01-01-2025_A_31-12-2025.CSV,8760,8760,8410,0,2025-01-01T00:00:00,2025-12-31T23:00:00,0.0,-9.793363,-47.132732
2015,A052,SANTA ROSA DO TOCANTINS,N,TO,-11.04638888,-48.18555555,306.0,2015-08-14,2015/INMET_N_TO_A052_SANTA ROSA DO TOCANTINS_14-08-2015_A_31-12-2015.CSV,3360,3360,3249,0,2015-08-14T00:00:00,2015-12-31T23:00:00,42.53216134810872,-11.42888888,-48.18499999
2016,A052,SANTA ROSA DO TOCANTINS,N,TO,-11.04638888,-48.18555555,306.0,2015-08-14,2016/INMET_N_TO_A052_SANTA ROSA DO TOCANTINS_01-01-2016_A_31-12-2016.CSV,8784,8784,8642,0,2016-01-01T00:00:00,2016-12-31T23:00:00,42.53216134810872,-11.42888888,-48.18499999
2017,A052,SANTA ROSA DO TOCANTINS,N,TO,-11.04638888,-48.18555555,306.0,2015-08-14,2017/INMET_N_TO_A052_SANTA ROSA DO TOCANTINS_01-01-2017_A_31-12-2017.CSV,8760,8760,7625,0,2017-01-01T00:00:00,2017-12-31T23:00:00,42.53216134810872,-11.42888888,-48.18499999
2018,A052,SANTA ROSA DO TOCANTINS,N,TO,-11.04638888,-48.18555555,306.0,2015-08-14,2018/INMET_N_TO_A052_SANTA ROSA DO TOCANTINS_01-01-2018_A_31-12-2018.CSV,8760,8760,8096,0,2018-01-01T00:00:00,2018-12-31T23:00:00,42.53216134810872,-11.42888888,-48.18499999
2019,A052,,,TO,-11.429018,-48.184889,306.0,14/08/15,2019/INMET_N_TO_A052_SANTA ROSA DO TOCANTINS_01-01-2019_A_31-12-2019.CSV,8760,8760,7970,0,2019-01-01T00:00:00,2019-12-31T23:00:00,0.018774216320585485,-11.42888888,-48.18499999
2020,A052,SANTA ROSA DO TOCANTINS,N,TO,-11.429018,-48.184889,306.0,14/08/15,INMET_N_TO_A052_SANTA ROSA DO TOCANTINS_01-01-2020_A_31-12-2020.CSV,8784,8784,8729,0,2020-01-01T00:00:00,2020-12-31T23:00:00,0.018774216320585485,-11.42888888,-48.18499999
2021,A052,SANTA ROSA DO TOCANTINS,N,TO,-11.42888888,-48.18499999,306.0,14/08/15,INMET_N_TO_A052_SANTA ROSA DO TOCANTINS_01-01-2021_A_31-12-2021.CSV,8760,8760,6386,0,2021-01-01T00:00:00,2021-12-31T23:00:00,0.0,-11.42888888,-48.18499999
2022,A052,SANTA ROSA DO TOCANTINS,N,TO,-11.42888888,-48.18499999,306.0,14/08/15,INMET_N_TO_A052_SANTA ROSA DO TOCANTINS_01-01-2022_A_31-12-2022.CSV,8760,8760,6511,0,2022-01-01T00:00:00,2022-12-31T23:00:00,0.0,-11.42888888,-48.18499999
2023,A052,SANTA ROSA DO TOCANTINS,N,TO,-11.42888888,-48.18499999,306.0,14/08/15,INMET_N_TO_A052_SANTA ROSA DO TOCANTINS_01-01-2023_A_31-12-2023.CSV,8760,8760,7898,0,2023-01-01T00:00:00,2023-12-31T23:00:00,0.0,-11.42888888,-48.18499999
2024,A052,SANTA ROSA DO TOCANTINS,N,TO,-11.42888888,-48.18499999,306.0,14/08/15,INMET_N_TO_A052_SANTA ROSA DO TOCANTINS_01-01-2024_A_31-12-2024.CSV,8784,8784,8240,0,2024-01-01T00:00:00,2024-12-31T23:00:00,0.0,-11.42888888,-48.18499999
2025,A052,SANTA ROSA DO TOCANTINS,N,TO,-11.42888888,-48.18499999,306.0,14/08/15,2025/INMET_N_TO_A052_SANTA ROSA DO TOCANTINS_01-01-2025_A_31-12-2025.CSV,8760,8760,7865,0,2025-01-01T00:00:00,2025-12-31T23:00:00,0.0,-11.42888888,-48.18499999
2008,A104,RIO BRANCO,N,AC,-9.95777777,-68.165,220.0,2008-07-11,2008/INMET_N_AC_A104_RIO BRANCO_11-07-2008_A_31-12-2008.CSV,4176,4176,3578,0,2008-07-11T00:00:00,2008-12-31T23:00:00,0.0,-9.95777777,-68.165
2009,A104,RIO BRANCO,N,AC,-9.95777777,-68.165,220.0,2008-07-11,2009/INMET_N_AC_A104_RIO BRANCO_01-01-2009_A_31-12-2009.CSV,8760,8760,8737,0,2009-01-01T00:00:00,2009-12-31T23:00:00,0.0,-9.95777777,-68.165
2010,A104,RIO BRANCO,N,AC,-9.95777777,-68.165,220.0,2008-07-11,2010/INMET_N_AC_A104_RIO BRANCO_01-01-2010_A_31-12-2010.CSV,8760,8760,8750,0,2010-01-01T00:00:00,2010-12-31T23:00:00,0.0,-9.95777777,-68.165
2011,A104,RIO BRANCO,N,AC,-9.95777777,-68.165,220.0,2008-07-11,2011/INMET_N_AC_A104_RIO BRANCO_01-01-2011_A_31-12-2011.CSV,8760,8760,8750,0,2011-01-01T00:00:00,2011-12-31T23:00:00,0.0,-9.95777777,-68.165
2012,A104,RIO BRANCO,N,AC,-9.95777777,-68.165,220.0,2008-07-11,2012/INMET_N_AC_A104_RIO BRANCO_01-01-2012_A_31-12-2012.CSV,8784,8784,8778,0,2012-01-01T00:00:00,2012-12-31T23:00:00,0.0,-9.95777777,-68.165
2013,A104,RIO BRANCO,N,AC,-9.95777777,-68.165,220.0,2008-07-11,2013/INMET_N_AC_A104_RIO BRANCO_01-01-2013_A_31-12-2013.CSV,8760,8760,8628,0,2013-01-01T00:00:00,2013-12-31T23:00:00,0.0,-9.95777777,-68.165
2014,A104,RIO BRANCO,N,AC,-9.95777777,-68.165,220.0,2008-07-11,2014/INMET_N_AC_A104_RIO BRANCO_01-01-2014_A_31-12-2014.CSV,8760,8760,3908,0,2014-01-01T00:00:00,2014-12-31T23:00:00,0.0,-9.95777777,-68.165
2015,A104,RIO BRANCO,N,AC,-9.95777777,-68.165,220.0,2008-07-11,2015/INMET_N_AC_A104_RIO BRANCO_01-01-2015_A_31-12-2015.CSV,8760,8760,3703,0,2015-01-01T00:00:00,2015-12-31T23:00:00,0.0,-9.95777777,-68.165
2016,A104,RIO BRANCO,N,AC,-9.95777777,-68.165,220.0,2008-07-11,2016/INMET_N_AC_A104_RIO BRANCO_01-01-2016_A_31-12-2016.CSV,8784,8784,4117,0,2016-01-01T00:00:00,2016-12-31T23:00:00,0.0,-9.95777777,-68.165
2017,A104,RIO BRANCO,N,AC,-9.95777777,-68.165,220.0,2008-07-11,2017/INMET_N_AC_A104_RIO BRANCO_01-01-2017_A_31-12-2017.CSV,8760,8760,5256,0,2017-01-01T00:00:00,2017-12-31T23:00:00,0.0,-9.95777777,-68.165
2018,A104,RIO BRANCO,N,AC,-9.95777777,-68.165,220.0,2008-07-11,2018/INMET_N_AC_A104_RIO BRANCO_01-01-2018_A_31-12-2018.CSV,8760,8760,1861,0,2018-01-01T00:00:00,2018-12-31T23:00:00,0.0,-9.95777777,-68.165
2019,A104,,,AC,-9.957844,-68.165169,223.52,11/07/08,2019/INMET_N_AC_A104_RIO BRANCO_01-01-2019_A_31-12-2019.CSV,8760,8760,4636,0,2019-01-01T00:00:00,2019-12-31T23:00:00,0.019920179409848783,-9.95777777,-68.165
2020,A104,RIO BRANCO,N,AC,-9.95777777,-68.16527777,223.52,11/07/08,INMET_N_AC_A104_RIO BRANCO_01-01-2020_A_31-12-2020.CSV,8784,8784,1715,0,2020-01-01T00:00:00,2020-12-31T23:00:00,0.03042136383760325,-9.95777777,-68.165
2021,A104,RIO BRANCO,N,AC,-9.67972221,-68.16527777,163.0,11/07/08,INMET_N_AC_A104_RIO BRANCO_01-01-2021_A_31-12-2021.CSV,8760,8760,0,0,2021-01-01T00:00:00,2021-12-31T23:00:00,30.918425282364357,-9.95777777,-68.165
2022,A104,RIO BRANCO,N,AC,-9.67972221,-68.16527777,163.0,11/07/08,INMET_N_AC_A104_RIO BRANCO_01-01-2022_A_31-12-2022.CSV,8760,8760,2474,0,2022-01-01T00:00:00,2022-12-31T23:00:00,30.918425282364357,-9.95777777,-68.165
2023,A104,RIO BRANCO,N,AC,-9.67972221,-68.16527777,163.0,11/07/08,INMET_N_AC_A104_RIO BRANCO_01-01-2023_A_31-12-2023.CSV,8760,8760,8726,0,2023-01-01T00:00:00,2023-12-31T23:00:00,30.918425282364357,-9.95777777,-68.165
2024,A104,RIO BRANCO,N,AC,-9.95920402,-67.86898266,163.0,11/07/08,INMET_N_AC_A104_RIO BRANCO_01-01-2024_A_31-12-2024.CSV,8784,8784,8763,0,2024-01-01T00:00:00,2024-12-31T23:00:00,32.420128059047016,-9.95777777,-68.165
2025,A104,RIO BRANCO,N,AC,-9.95920402,-67.86898266,163.0,11/07/08,2025/INMET_N_AC_A104_RIO BRANCO_01-01-2025_A_31-12-2025.CSV,8760,8760,8733,0,2025-01-01T00:00:00,2025-12-31T23:00:00,32.420128059047016,-9.95777777,-68.165
2015,A108,CRUZEIRO DO SUL,N,AC,-7.61055555,-72.405,220.0,2015-05-14,2015/INMET_N_AC_A108_CRUZEIRO DO SUL_14-05-2015_A_31-12-2015.CSV,5568,5568,5525,0,2015-05-14T00:00:00,2015-12-31T23:00:00,30.431744607080052,-7.61055555,-72.6811111
2016,A108,CRUZEIRO DO SUL,N,AC,-7.61055555,-72.405,220.0,2015-05-14,2016/INMET_N_AC_A108_CRUZEIRO DO SUL_01-01-2016_A_31-12-2016.CSV,8784,8784,8774,0,2016-01-01T00:00:00,2016-12-31T23:00:00,30.431744607080052,-7.61055555,-72.6811111
2017,A108,CRUZEIRO DO SUL,N,AC,-7.61055555,-72.405,220.0,2015-05-14,2017/INMET_N_AC_A108_CRUZEIRO DO SUL_01-01-2017_A_31-12-2017.CSV,8760,8760,5575,0,2017-01-01T00:00:00,2017-12-31T23:00:00,30.431744607080052,-7.61055555,-72.6811111
2018,A108,CRUZEIRO DO SUL,N,AC,-7.61055555,-72.405,220.0,2015-05-14,2018/INMET_N_AC_A108_CRUZEIRO DO SUL_01-01-2018_A_31-12-2018.CSV,8760,8760,8453,0,2018-01-01T00:00:00,2018-12-31T23:00:00,30.431744607080052,-7.61055555,-72.6811111
2019,A108,,,AC,-7.610773,-72.681333,220.0,14/05/15,2019/INMET_N_AC_A108_CRUZEIRO DO SUL_01-01-2019_A_31-12-2019.CSV,8760,8760,8362,0,2019-01-01T00:00:00,2019-12-31T23:00:00,0.034391547353615486,-7.61055555,-72.6811111
2020,A108,CRUZEIRO DO SUL,N,AC,-7.61083333,-72.68138888,220.0,14/05/15,INMET_N_AC_A108_CRUZEIRO DO SUL_01-01-2020_A_31-12-2020.CSV,8784,8784,4259,0,2020-01-01T00:00:00,2020-12-31T23:00:00,0.043489927472772076,-7.61055555,-72.6811111
2021,A108,CRUZEIRO DO SUL,N,AC,-7.61083333,-72.68138888,220.0,14/05/15,INMET_N_AC_A108_CRUZEIRO DO SUL_01-01-2021_A_31-12-2021.CSV,8760,8760,0,0,2021-01-01T00:00:00,2021-12-31T23:00:00,0.043489927472772076,-7.61055555,-72.6811111
2022,A108,CRUZEIRO DO SUL,N,AC,-7.61083333,-72.68138888,220.0,14/05/15,INMET_N_AC_A108_CRUZEIRO DO SUL_01-01-2022_A_31-12-2022.CSV,8760,8760,0,0,2022-01-01T00:00:00,2022-12-31T23:00:00,0.043489927472772076,-7.61055555,-72.6811111
2023,A108,CRUZEIRO DO SUL,N,AC,-7.61055555,-72.6811111,220.0,14/05/15,INMET_N_AC_A108_CRUZEIRO DO SUL_01-01-2023_A_31-12-2023.CSV,8760,8760,427,0,2023-01-01T00:00:00,2023-12-31T23:00:00,0.0,-7.61055555,-72.6811111
2024,A108,CRUZEIRO DO SUL,N,AC,-7.61055555,-72.6811111,220.0,14/05/15,INMET_N_AC_A108_CRUZEIRO DO SUL_01-01-2024_A_31-12-2024.CSV,8784,8784,5191,0,2024-01-01T00:00:00,2024-12-31T23:00:00,0.0,-7.61055555,-72.6811111
2025,A108,CRUZEIRO DO SUL,N,AC,-7.61055555,-72.6811111,220.0,14/05/15,2025/INMET_N_AC_A108_CRUZEIRO DO SUL_01-01-2025_A_31-12-2025.CSV,8760,8760,6533,0,2025-01-01T00:00:00,2025-12-31T23:00:00,0.0,-7.61055555,-72.6811111
2008,A111,LABREA,N,AM,-7.43527777,-64.7886111,64.0,2008-07-27,2008/INMET_N_AM_A111_LABREA_27-07-2008_A_31-12-2008.CSV,3792,3792,3539,0,2008-07-27T00:00:00,2008-12-31T23:00:00,0.0,-7.43527777,-64.7886111
2009,A111,LABREA,N,AM,-7.43527777,-64.7886111,64.0,2008-07-27,2009/INMET_N_AM_A111_LABREA_01-01-2009_A_31-12-2009.CSV,8760,8760,7385,0,2009-01-01T00:00:00,2009-12-31T23:00:00,0.0,-7.43527777,-64.7886111
2010,A111,LABREA,N,AM,-7.43527777,-64.7886111,64.0,2008-07-27,2010/INMET_N_AM_A111_LABREA_01-01-2010_A_31-12-2010.CSV,8760,8760,7771,0,2010-01-01T00:00:00,2010-12-31T23:00:00,0.0,-7.43527777,-64.7886111
2011,A111,LABREA,N,AM,-7.43527777,-64.7886111,64.0,2008-07-27,2011/INMET_N_AM_A111_LABREA_01-01-2011_A_31-12-2011.CSV,8760,8760,8623,0,2011-01-01T00:00:00,2011-12-31T23:00:00,0.0,-7.43527777,-64.7886111
2012,A111,LABREA,N,AM,-7.43527777,-64.7886111,64.0,2008-07-27,2012/INMET_N_AM_A111_LABREA_01-01-2012_A_31-12-2012.CSV,8784,8784,6347,0,2012-01-01T00:00:00,2012-12-31T23:00:00,0.0,-7.43527777,-64.7886111
2013,A111,LABREA,N,AM,-7.43527777,-64.7886111,64.0,2008-07-27,2013/INMET_N_AM_A111_LABREA_01-01-2013_A_31-12-2013.CSV,8760,8760,8746,0,2013-01-01T00:00:00,2013-12-31T23:00:00,0.0,-7.43527777,-64.7886111
2014,A111,LABREA,N,AM,-7.43527777,-64.7886111,64.0,2008-07-27,2014/INMET_N_AM_A111_LABREA_01-01-2014_A_31-12-2014.CSV,8760,8760,8613,0,2014-01-01T00:00:00,2014-12-31T23:00:00,0.0,-7.43527777,-64.7886111
2015,A111,LABREA,N,AM,-7.43527777,-64.7886111,64.0,2008-07-27,2015/INMET_N_AM_A111_LABREA_01-01-2015_A_31-12-2015.CSV,8760,8760,5982,0,2015-01-01T00:00:00,2015-12-31T23:00:00,0.0,-7.43527777,-64.7886111
2016,A111,LABREA,N,AM,-7.43527777,-64.7886111,64.0,2008-07-27,2016/INMET_N_AM_A111_LABREA_01-01-2016_A_31-12-2016.CSV,8784,8784,8782,0,2016-01-01T00:00:00,2016-12-31T23:00:00,0.0,-7.43527777,-64.7886111
2017,A111,LABREA,N,AM,-7.43527777,-64.7886111,64.0,2008-07-27,2017/INMET_N_AM_A111_LABREA_01-01-2017_A_31-12-2017.CSV,8760,8760,8479,0,2017-01-01T00:00:00,2017-12-31T23:00:00,0.0,-7.43527777,-64.7886111
2018,A111,LABREA,N,AM,-7.43527777,-64.7886111,64.0,2008-07-27,2018/INMET_N_AM_A111_LABREA_01-01-2018_A_31-12-2018.CSV,8760,8760,1807,0,2018-01-01T00:00:00,2018-12-31T23:00:00,0.0,-7.43527777,-64.7886111
2019,A111,,,AM,-7.260681,-64.788501,61.91,27/07/08,2019/INMET_N_AM_A111_LABREA_01-01-2019_A_31-12-2019.CSV,8760,8760,2879,0,2019-01-01T00:00:00,2019-12-31T23:00:00,19.414305645582132,-7.43527777,-64.7886111
2020,A111,LABREA,N,AM,-7.26055555,-64.7886111,61.91,27/07/08,INMET_N_AM_A111_LABREA_01-01-2020_A_31-12-2020.CSV,8784,8784,8777,0,2020-01-01T00:00:00,2020-12-31T23:00:00,19.42825127148091,-7.43527777,-64.7886111
2021,A111,LABREA,N,AM,-7.26055555,-64.7886111,61.91,27/07/08,INMET_N_AM_A111_LABREA_01-01-2021_A_31-12-2021.CSV,8760,8760,8669,0,2021-01-01T00:00:00,2021-12-31T23:00:00,19.42825127148091,-7.43527777,-64.7886111
2022,A111,LABREA,N,AM,-7.26055555,-64.7886111,61.91,27/07/08,INMET_N_AM_A111_LABREA_01-01-2022_A_31-12-2022.CSV,8760,8760,7374,0,2022-01-01T00:00:00,2022-12-31T23:00:00,19.42825127148091,-7.43527777,-64.7886111
2023,A111,LABREA,N,AM,-7.26055555,-64.7886111,61.91,27/07/08,INMET_N_AM_A111_LABREA_01-01-2023_A_31-12-2023.CSV,8760,8760,8672,0,2023-01-01T00:00:00,2023-12-31T23:00:00,19.42825127148091,-7.43527777,-64.7886111
2024,A111,LABREA,N,AM,-7.26055555,-64.7886111,61.91,27/07/08,INMET_N_AM_A111_LABREA_01-01-2024_A_31-12-2024.CSV,8784,8784,5213,0,2024-01-01T00:00:00,2024-12-31T23:00:00,19.42825127148091,-7.43527777,-64.7886111
2025,A111,LABREA,N,AM,-7.26055555,-64.7886111,61.91,27/07/08,2025/INMET_N_AM_A111_LABREA_01-01-2025_A_31-12-2025.CSV,8760,8760,823,0,2025-01-01T00:00:00,2025-12-31T23:00:00,19.42825127148091,-7.43527777,-64.7886111
2008,A112,HUMAITA,N,AM,-7.92277777,-63.12138888,72.0,2008-04-25,2008/INMET_N_AM_A112_HUMAITA_25-04-2008_A_31-12-2008.CSV,6024,6024,6007,0,2008-04-25T00:00:00,2008-12-31T23:00:00,0.0,-7.92277777,-63.12138888
2009,A112,HUMAITA,N,AM,-7.92277777,-63.12138888,72.0,2008-04-25,2009/INMET_N_AM_A112_HUMAITA_01-01-2009_A_31-12-2009.CSV,8760,8760,8736,0,2009-01-01T00:00:00,2009-12-31T23:00:00,0.0,-7.92277777,-63.12138888
2010,A112,HUMAITA,N,AM,-7.92277777,-63.12138888,72.0,2008-04-25,2010/INMET_N_AM_A112_HUMAITA_01-01-2010_A_31-12-2010.CSV,8760,8760,3738,0,2010-01-01T00:00:00,2010-12-31T23:00:00,0.0,-7.92277777,-63.12138888
2011,A112,HUMAITA,N,AM,-7.92277777,-63.12138888,72.0,2008-04-25,2011/INMET_N_AM_A112_HUMAITA_01-01-2011_A_31-12-2011.CSV,8760,8760,8752,0,2011-01-01T00:00:00,2011-12-31T23:00:00,0.0,-7.92277777,-63.12138888
2012,A112,HUMAITA,N,AM,-7.92277777,-63.12138888,72.0,2008-04-25,2012/INMET_N_AM_A112_HUMAITA_01-01-2012_A_31-12-2012.CSV,8784,8784,7792,0,2012-01-01T00:00:00,2012-12-31T23:00:00,0.0,-7.92277777,-63.12138888
2013,A112,HUMAITA,N,AM,-7.92277777,-63.12138888,72.0,2008-04-25,2013/INMET_N_AM_A112_HUMAITA_01-01-2013_A_31-12-2013.CSV,8760,8760,3226,0,2013-01-01T00:00:00,2013-12-31T23:00:00,0.0,-7.92277777,-63.12138888
2014,A112,HUMAITA,N,AM,-7.92277777,-63.12138888,72.0,2008-04-25,2014/INMET_N_AM_A112_HUMAITA_01-01-2014_A_31-12-2014.CSV,8760,8760,2317,0,2014-01-01T00:00:00,2014-12-31T23:00:00,0.0,-7.92277777,-63.12138888
2015,A112,HUMAITA,N,AM,-7.92277777,-63.12138888,72.0,2008-04-25,2015/INMET_N_AM_A112_HUMAITA_01-01-2015_A_31-12-2015.CSV,8760,8760,8753,0,2015-01-01T00:00:00,2015-12-31T23:00:00,0.0,-7.92277777,-63.12138888
2016,A112,HUMAITA,N,AM,-7.92277777,-63.12138888,72.0,2008-04-25,2016/INMET_N_AM_A112_HUMAITA_01-01-2016_A_31-12-2016.CSV,8784,8784,2624,0,2016-01-01T00:00:00,2016-12-31T23:00:00,0.0,-7.92277777,-63.12138888
2017,A112,HUMAITA,N,AM,-7.92277777,-63.12138888,72.0,2008-04-25,2017/INMET_N_AM_A112_HUMAITA_01-01-2017_A_31-12-2017.CSV,8760,8760,8760,0,2017-01-01T00:00:00,2017-12-31T23:00:00,0.0,-7.92277777,-63.12138888
2018,A112,HUMAITA,N,AM,-7.92277777,-63.12138888,72.0,2008-04-25,2018/INMET_N_AM_A112_HUMAITA_01-01-2018_A_31-12-2018.CSV,8760,8760,8728,0,2018-01-01T00:00:00,2018-12-31T23:00:00,0.0,-7.92277777,-63.12138888
2019,A112,,,AM,-7.55252,-63.071343,53.56,25/04/08,2019/INMET_N_AM_A112_HUMAITA_01-01-2019_A_31-12-2019.CSV,8760,8760,4238,0,2019-01-01T00:00:00,2019-12-31T23:00:00,41.53846912780527,-7.92277777,-63.12138888
2020,A112,HUMAITA,N,AM,-7.55252,-63.071343,53.56,25/04/08,INMET_N_AM_A112_HUMAITA_01-01-2020_A_31-12-2020.CSV,8784,8784,4723,0,2020-01-01T00:00:00,2020-12-31T23:00:00,41.53846912780527,-7.92277777,-63.12138888
2021,A112,HUMAITA,N,AM,-7.5525,-63.07138888,53.56,25/04/08,INMET_N_AM_A112_HUMAITA_01-01-2021_A_31-12-2021.CSV,8760,8760,0,0,2021-01-01T00:00:00,2021-12-31T23:00:00,41.54000263606823,-7.92277777,-63.12138888
2022,A112,HUMAITA,N,AM,-7.5525,-63.07138888,53.56,25/04/08,INMET_N_AM_A112_HUMAITA_01-01-2022_A_31-12-2022.CSV,8760,8760,2536,0,2022-01-01T00:00:00,2022-12-31T23:00:00,41.54000263606823,-7.92277777,-63.12138888
2023,A112,HUMAITA,N,AM,-7.5525,-63.07138888,53.56,25/04/08,INMET_N_AM_A112_HUMAITA_01-01-2023_A_31-12-2023.CSV,8760,8760,5283,0,2023-01-01T00:00:00,2023-12-31T23:00:00,41.54000263606823,-7.92277777,-63.12138888
2024,A112,HUMAITA,N,AM,-7.5525,-63.07138888,53.56,25/04/08,INMET_N_AM_A112_HUMAITA_01-01-2024_A_31-12-2024.CSV,8784,8784,8784,0,2024-01-01T00:00:00,2024-12-31T23:00:00,41.54000263606823,-7.92277777,-63.12138888
2025,A112,HUMAITA,N,AM,-7.5525,-63.07138888,53.56,25/04/08,2025/INMET_N_AM_A112_HUMAITA_01-01-2025_A_31-12-2025.CSV,8760,8760,8504,0,2025-01-01T00:00:00,2025-12-31T23:00:00,41.54000263606823,-7.92277777,-63.12138888
2008,A120,AUTAZES,N,AM,-2.05638888,-60.02555554,78.0,2008-04-17,2008/INMET_N_AM_A120_AUTAZES_17-04-2008_A_31-12-2008.CSV,6216,6216,6190,0,2008-04-17T00:00:00,2008-12-31T23:00:00,0.0,-2.05638888,-60.02555554
2009,A120,AUTAZES,N,AM,-2.05638888,-60.02555554,78.0,2008-04-17,2009/INMET_N_AM_A120_AUTAZES_01-01-2009_A_31-12-2009.CSV,8760,8760,8363,0,2009-01-01T00:00:00,2009-12-31T23:00:00,0.0,-2.05638888,-60.02555554
2010,A120,AUTAZES,N,AM,-2.05638888,-60.02555554,78.0,2008-04-17,2010/INMET_N_AM_A120_AUTAZES_01-01-2010_A_31-12-2010.CSV,8760,8760,5960,0,2010-01-01T00:00:00,2010-12-31T23:00:00,0.0,-2.05638888,-60.02555554
2011,A120,AUTAZES,N,AM,-2.05638888,-60.02555554,78.0,2008-04-17,2011/INMET_N_AM_A120_AUTAZES_01-01-2011_A_31-12-2011.CSV,8760,8760,8749,0,2011-01-01T00:00:00,2011-12-31T23:00:00,0.0,-2.05638888,-60.02555554
2012,A120,AUTAZES,N,AM,-2.05638888,-60.02555554,78.0,2008-04-17,2012/INMET_N_AM_A120_AUTAZES_01-01-2012_A_31-12-2012.CSV,8784,8784,8502,0,2012-01-01T00:00:00,2012-12-31T23:00:00,0.0,-2.05638888,-60.02555554
2013,A120,AUTAZES,N,AM,-2.05638888,-60.02555554,78.0,2008-04-17,2013/INMET_N_AM_A120_AUTAZES_01-01-2013_A_31-12-2013.CSV,8760,8760,8338,0,2013-01-01T00:00:00,2013-12-31T23:00:00,0.0,-2.05638888,-60.02555554
2014,A120,AUTAZES,N,AM,-2.05638888,-60.02555554,78.0,2008-04-17,2014/INMET_N_AM_A120_AUTAZES_01-01-2014_A_31-12-2014.CSV,8760,8760,6400,0,2014-01-01T00:00:00,2014-12-31T23:00:00,0.0,-2.05638888,-60.02555554
2015,A120,AUTAZES,N,AM,-2.05638888,-60.02555554,78.0,2008-04-17,2015/INMET_N_AM_A120_AUTAZES_01-01-2015_A_31-12-2015.CSV,8760,8760,8033,0,2015-01-01T00:00:00,2015-12-31T23:00:00,0.0,-2.05638888,-60.02555554
2016,A120,AUTAZES,N,AM,-2.05638888,-60.02555554,78.0,2008-04-17,2016/INMET_N_AM_A120_AUTAZES_01-01-2016_A_31-12-2016.CSV,8784,8784,5332,0,2016-01-01T00:00:00,2016-12-31T23:00:00,0.0,-2.05638888,-60.02555554
2017,A120,AUTAZES,N,AM,-2.05638888,-60.02555554,78.0,2008-04-17,2017/INMET_N_AM_A120_AUTAZES_01-01-2017_A_31-12-2017.CSV,8760,8760,8353,0,2017-01-01T00:00:00,2017-12-31T23:00:00,0.0,-2.05638888,-60.02555554
2018,A120,AUTAZES,N,AM,-2.05638888,-60.02555554,78.0,2008-04-17,2018/INMET_N_AM_A120_AUTAZES_01-01-2018_A_31-12-2018.CSV,8760,8760,7519,0,2018-01-01T00:00:00,2018-12-31T23:00:00,0.0,-2.05638888,-60.02555554
2019,A120,,,AM,-3.583333,-59.12944,19.9,17/04/08,2019/INMET_N_AM_A120_AUTAZES_01-01-2019_A_31-12-2019.CSV,8760,8760,8760,0,2019-01-01T00:00:00,2019-12-31T23:00:00,196.80555734772392,-2.05638888,-60.02555554
2020,A120,AUTAZES,N,AM,-3.583333,-59.12944,19.9,17/04/08,INMET_N_AM_A120_AUTAZES_01-01-2020_A_31-12-2020.CSV,8784,8784,8784,0,2020-01-01T00:00:00,2020-12-31T23:00:00,196.80555734772392,-2.05638888,-60.02555554
2021,A120,AUTAZES,N,AM,-3.58333333,-59.12944443,19.9,17/04/08,INMET_N_AM_A120_AUTAZES_01-01-2021_A_31-12-2021.CSV,8760,8760,2172,0,2021-01-01T00:00:00,2021-12-31T23:00:00,196.80534021307577,-2.05638888,-60.02555554
2022,A120,AUTAZES,N,AM,-3.58333333,-59.12944443,19.9,17/04/08,INMET_N_AM_A120_AUTAZES_01-01-2022_A_31-12-2022.CSV,8760,8760,5982,0,2022-01-01T00:00:00,2022-12-31T23:00:00,196.80534021307577,-2.05638888,-60.02555554
2023,A120,AUTAZES,N,AM,-3.58333333,-59.12944443,19.9,17/04/08,INMET_N_AM_A120_AUTAZES_01-01-2023_A_31-12-2023.CSV,8760,8760,8498,0,2023-01-01T00:00:00,2023-12-31T23:00:00,196.80534021307577,-2.05638888,-60.02555554
2024,A120,AUTAZES,N,AM,-3.58333333,-59.12944443,19.9,17/04/08,INMET_N_AM_A120_AUTAZES_01-01-2024_A_31-12-2024.CSV,8784,8784,3445,0,2024-01-01T00:00:00,2024-12-31T23:00:00,196.80534021307577,-2.05638888,-60.02555554
2025,A120,AUTAZES,N,AM,-3.58333333,-59.12944443,19.9,17/04/08,2025/INMET_N_AM_A120_AUTAZES_01-01-2025_A_31-12-2025.CSV,8760,8760,0,0,2025-01-01T00:00:00,2025-12-31T23:00:00,196.80534021307577,-2.05638888,-60.02555554
2008,A124,URUCARA,N,AM,-2.89638888,-57.75833333,17.0,2008-04-17,2008/INMET_N_AM_A124_URUCARA_17-04-2008_A_31-12-2008.CSV,6216,6216,6201,0,2008-04-17T00:00:00,2008-12-31T23:00:00,0.0,-2.89638888,-57.75833333
2009,A124,URUCARA,N,AM,-2.89638888,-57.75833333,17.0,2008-04-17,2009/INMET_N_AM_A124_URUCARA_01-01-2009_A_31-12-2009.CSV,8760,8760,8731,0,2009-01-01T00:00:00,2009-12-31T23:00:00,0.0,-2.89638888,-57.75833333
2010,A124,URUCARA,N,AM,-2.89638888,-57.75833333,17.0,2008-04-17,2010/INMET_N_AM_A124_URUCARA_01-01-2010_A_31-12-2010.CSV,8760,8760,7317,0,2010-01-01T00:00:00,2010-12-31T23:00:00,0.0,-2.89638888,-57.75833333
2011,A124,URUCARA,N,AM,-2.89638888,-57.75833333,17.0,2008-04-17,2011/INMET_N_AM_A124_URUCARA_01-01-2011_A_31-12-2011.CSV,8760,8760,8576,0,2011-01-01T00:00:00,2011-12-31T23:00:00,0.0,-2.89638888,-57.75833333
2012,A124,URUCARA,N,AM,-2.89638888,-57.75833333,17.0,2008-04-17,2012/INMET_N_AM_A124_URUCARA_01-01-2012_A_31-12-2012.CSV,8784,8784,8781,0,2012-01-01T00:00:00,2012-12-31T23:00:00,0.0,-2.89638888,-57.75833333
2013,A124,URUCARA,N,AM,-2.89638888,-57.75833333,17.0,2008-04-17,2013/INMET_N_AM_A124_URUCARA_01-01-2013_A_31-12-2013.CSV,8760,8760,8745,0,2013-01-01T00:00:00,2013-12-31T23:00:00,0.0,-2.89638888,-57.75833333
2014,A124,URUCARA,N,AM,-2.89638888,-57.75833333,17.0,2008-04-17,2014/INMET_N_AM_A124_URUCARA_01-01-2014_A_31-12-2014.CSV,8760,8760,8760,0,2014-01-01T00:00:00,2014-12-31T23:00:00,0.0,-2.89638888,-57.75833333
2015,A124,URUCARA,N,AM,-2.89638888,-57.75833333,17.0,2008-04-17,2015/INMET_N_AM_A124_URUCARA_01-01-2015_A_31-12-2015.CSV,8760,8760,6350,0,2015-01-01T00:00:00,2015-12-31T23:00:00,0.0,-2.89638888,-57.75833333
2016,A124,URUCARA,N,AM,-2.89638888,-57.75833333,17.0,2008-04-17,2016/INMET_N_AM_A124_URUCARA_01-01-2016_A_31-12-2016.CSV,8784,8784,8784,0,2016-01-01T00:00:00,2016-12-31T23:00:00,0.0,-2.89638888,-57.75833333
2017,A124,URUCARA,N,AM,-2.89638888,-57.75833333,17.0,2008-04-17,2017/INMET_N_AM_A124_URUCARA_01-01-2017_A_31-12-2017.CSV,8760,8760,8410,0,2017-01-01T00:00:00,2017-12-31T23:00:00,0.0,-2.89638888,-57.75833333
2018,A124,URUCARA,N,AM,-2.89638888,-57.75833333,17.0,2008-04-17,2018/INMET_N_AM_A124_URUCARA_01-01-2018_A_31-12-2018.CSV,8760,8760,7307,0,2018-01-01T00:00:00,2018-12-31T23:00:00,0.0,-2.89638888,-57.75833333
2019,A124,,,AM,-2.534749,-57.758099,18.49,17/04/08,2019/INMET_N_AM_A124_URUCARA_01-01-2019_A_31-12-2019.CSV,8760,8760,8760,0,2019-01-01T00:00:00,2019-12-31T23:00:00,40.212583895066935,-2.89638888,-57.75833333
2020,A124,URUCARA,N,AM,-2.534749,-57.758099,18.49,17/04/08,INMET_N_AM_A124_URUCARA_01-01-2020_A_31-12-2020.CSV,8784,8784,740,0,2020-01-01T00:00:00,2020-12-31T23:00:00,40.212583895066935,-2.89638888,-57.75833333
2021,A124,URUCARA,N,AM,-2.53472221,-57.75805555,18.49,17/04/08,INMET_N_AM_A124_URUCARA_01-01-2021_A_31-12-2021.CSV,8760,8760,0,0,2021-01-01T00:00:00,2021-12-31T23:00:00,40.21556622353534,-2.89638888,-57.75833333
2022,A124,URUCARA,N,AM,-2.53472221,-57.75805555,18.49,17/04/08,INMET_N_AM_A124_URUCARA_01-01-2022_A_31-12-2022.CSV,8760,8760,5908,0,2022-01-01T00:00:00,2022-12-31T23:00:00,40.21556622353534,-2.89638888,-57.75833333
2023,A124,URUCARA,N,AM,-2.53472221,-57.75805555,18.49,17/04/08,INMET_N_AM_A124_URUCARA_01-01-2023_A_31-12-2023.CSV,8760,8760,8760,0,2023-01-01T00:00:00,2023-12-31T23:00:00,40.21556622353534,-2.89638888,-57.75833333
2024,A124,URUCARA,N,AM,-2.53472221,-57.75805555,18.49,17/04/08,INMET_N_AM_A124_URUCARA_01-01-2024_A_31-12-2024.CSV,8784,8784,8784,0,2024-01-01T00:00:00,2024-12-31T23:00:00,40.21556622353534,-2.89638888,-57.75833333
2025,A124,URUCARA,N,AM,-2.53472221,-57.75805555,18.49,17/04/08,2025/INMET_N_AM_A124_URUCARA_01-01-2025_A_31-12-2025.CSV,8760,8760,3073,0,2025-01-01T00:00:00,2025-12-31T23:00:00,40.21556622353534,-2.89638888,-57.75833333
2008,A125,RIO URUBU,N,AM,-2.7211111,-59.94333333,59.0,2008-06-26,2008/INMET_N_AM_A125_RIO URUBU_26-06-2008_A_31-12-2008.CSV,4536,4536,4073,0,2008-06-26T00:00:00,2008-12-31T23:00:00,0.0,-2.7211111,-59.94333333
2009,A125,RIO URUBU,N,AM,-2.7211111,-59.94333333,59.0,2008-06-26,2009/INMET_N_AM_A125_RIO URUBU_01-01-2009_A_31-12-2009.CSV,8760,8760,7708,0,2009-01-01T00:00:00,2009-12-31T23:00:00,0.0,-2.7211111,-59.94333333
2010,A125,RIO URUBU,N,AM,-2.7211111,-59.94333333,59.0,2008-06-26,2010/INMET_N_AM_A125_RIO URUBU_01-01-2010_A_31-12-2010.CSV,8760,8760,8747,0,2010-01-01T00:00:00,2010-12-31T23:00:00,0.0,-2.7211111,-59.94333333
2011,A125,RIO URUBU,N,AM,-2.7211111,-59.94333333,59.0,2008-06-26,2011/INMET_N_AM_A125_RIO URUBU_01-01-2011_A_31-12-2011.CSV,8760,8760,8747,0,2011-01-01T00:00:00,2011-12-31T23:00:00,0.0,-2.7211111,-59.94333333
2012,A125,RIO URUBU,N,AM,-2.7211111,-59.94333333,59.0,2008-06-26,2012/INMET_N_AM_A125_RIO URUBU_01-01-2012_A_31-12-2012.CSV,8784,8784,8715,0,2012-01-01T00:00:00,2012-12-31T23:00:00,0.0,-2.7211111,-59.94333333
2013,A125,RIO URUBU,N,AM,-2.7211111,-59.94333333,59.0,2008-06-26,2013/INMET_N_AM_A125_RIO URUBU_01-01-2013_A_31-12-2013.CSV,8760,8760,8712,0,2013-01-01T00:00:00,2013-12-31T23:00:00,0.0,-2.7211111,-59.94333333
2014,A125,RIO URUBU,N,AM,-2.7211111,-59.94333333,59.0,2008-06-26,2014/INMET_N_AM_A125_RIO URUBU_01-01-2014_A_31-12-2014.CSV,8760,8760,8760,0,2014-01-01T00:00:00,2014-12-31T23:00:00,0.0,-2.7211111,-59.94333333
2015,A125,RIO URUBU,N,AM,-2.7211111,-59.94333333,59.0,2008-06-26,2015/INMET_N_AM_A125_RIO URUBU_01-01-2015_A_31-12-2015.CSV,8760,8760,8754,0,2015-01-01T00:00:00,2015-12-31T23:00:00,0.0,-2.7211111,-59.94333333
2016,A125,RIO URUBU,N,AM,-2.7211111,-59.94333333,59.0,2008-06-26,2016/INMET_N_AM_A125_RIO URUBU_01-01-2016_A_31-12-2016.CSV,8784,8784,8384,0,2016-01-01T00:00:00,2016-12-31T23:00:00,0.0,-2.7211111,-59.94333333
2017,A125,RIO URUBU,N,AM,-2.7211111,-59.94333333,59.0,2008-06-26,2017/INMET_N_AM_A125_RIO URUBU_01-01-2017_A_31-12-2017.CSV,8760,8760,5523,0,2017-01-01T00:00:00,2017-12-31T23:00:00,0.0,-2.7211111,-59.94333333
2018,A125,RIO URUBU,N,AM,-2.7211111,-59.94333333,59.0,2008-06-26,2018/INMET_N_AM_A125_RIO URUBU_01-01-2018_A_31-12-2018.CSV,8760,8760,8143,0,2018-01-01T00:00:00,2018-12-31T23:00:00,0.0,-2.7211111,-59.94333333
2019,A125,,,AM,-2.633654,-59.600582,112.84,26/06/08,2019/INMET_N_AM_A125_RIO URUBU_01-01-2019_A_31-12-2019.CSV,8760,8760,8760,0,2019-01-01T00:00:00,2019-12-31T23:00:00,39.29308372480492,-2.7211111,-59.94333333
2020,A125,RIO URUBU,N,AM,-2.6336111,-59.60055555,112.84,26/06/08,INMET_N_AM_A125_RIO URUBU_01-01-2020_A_31-12-2020.CSV,8784,8784,4951,0,2020-01-01T00:00:00,2020-12-31T23:00:00,39.297111671976424,-2.7211111,-59.94333333
2021,A125,RIO URUBU,N,AM,-2.6336111,-59.60055555,112.84,26/06/08,INMET_N_AM_A125_RIO URUBU_01-01-2021_A_31-12-2021.CSV,8760,8760,2556,0,2021-01-01T00:00:00,2021-12-31T23:00:00,39.297111671976424,-2.7211111,-59.94333333
2022,A125,RIO URUBU,N,AM,-2.6336111,-59.60055555,112.84,26/06/08,INMET_N_AM_A125_RIO URUBU_01-01-2022_A_31-12-2022.CSV,8760,8760,8760,0,2022-01-01T00:00:00,2022-12-31T23:00:00,39.297111671976424,-2.7211111,-59.94333333
2023,A125,RIO URUBU,N,AM,-2.6336111,-59.60055555,112.84,26/06/08,INMET_N_AM_A125_RIO URUBU_01-01-2023_A_31-12-2023.CSV,8760,8760,8727,0,2023-01-01T00:00:00,2023-12-31T23:00:00,39.297111671976424,-2.7211111,-59.94333333
2024,A125,RIO URUBU,N,AM,-2.6336111,-59.60055555,112.84,26/06/08,INMET_N_AM_A125_RIO URUBU_01-01-2024_A_31-12-2024.CSV,8784,8784,8119,0,2024-01-01T00:00:00,2024-12-31T23:00:00,39.297111671976424,-2.7211111,-59.94333333
2025,A125,RIO URUBU,N,AM,-2.6336111,-59.60055555,112.84,26/06/08,2025/INMET_N_AM_A125_RIO URUBU_01-01-2025_A_31-12-2025.CSV,8760,8760,0,0,2025-01-01T00:00:00,2025-12-31T23:00:00,39.297111671976424,-2.7211111,-59.94333333
2009,A138,FEIJO,N,AC,-8.24194444,-70.57527777,163.0,2009-09-24,2009/INMET_N_AC_A138_FEIJO_24-09-2009_A_31-12-2009.CSV,2376,2376,2246,0,2009-09-24T00:00:00,2009-12-31T23:00:00,0.0,-8.24194444,-70.57527777
2010,A138,FEIJO,N,AC,-8.24194444,-70.57527777,163.0,2009-09-24,2010/INMET_N_AC_A138_FEIJO_01-01-2010_A_31-12-2010.CSV,8760,8760,8749,0,2010-01-01T00:00:00,2010-12-31T23:00:00,0.0,-8.24194444,-70.57527777
2011,A138,FEIJO,N,AC,-8.24194444,-70.57527777,163.0,2009-09-24,2011/INMET_N_AC_A138_FEIJO_01-01-2011_A_31-12-2011.CSV,8760,8760,8748,0,2011-01-01T00:00:00,2011-12-31T23:00:00,0.0,-8.24194444,-70.57527777
2012,A138,FEIJO,N,AC,-8.24194444,-70.57527777,163.0,2009-09-24,2012/INMET_N_AC_A138_FEIJO_01-01-2012_A_31-12-2012.CSV,8784,8784,7164,0,2012-01-01T00:00:00,2012-12-31T23:00:00,0.0,-8.24194444,-70.57527777
2013,A138,FEIJO,N,AC,-8.24194444,-70.57527777,163.0,2009-09-24,2013/INMET_N_AC_A138_FEIJO_01-01-2013_A_31-12-2013.CSV,8760,8760,8745,0,2013-01-01T00:00:00,2013-12-31T23:00:00,0.0,-8.24194444,-70.57527777
2014,A138,FEIJO,N,AC,-8.24194444,-70.57527777,163.0,2009-09-24,2014/INMET_N_AC_A138_FEIJO_01-01-2014_A_31-12-2014.CSV,8760,8760,6855,0,2014-01-01T00:00:00,2014-12-31T23:00:00,0.0,-8.24194444,-70.57527777
2015,A138,FEIJO,N,AC,-8.24194444,-70.57527777,163.0,2009-09-24,2015/INMET_N_AC_A138_FEIJO_01-01-2015_A_31-12-2015.CSV,8760,8760,8755,0,2015-01-01T00:00:00,2015-12-31T23:00:00,0.0,-8.24194444,-70.57527777
2016,A138,FEIJO,N,AC,-8.24194444,-70.57527777,163.0,2009-09-24,2016/INMET_N_AC_A138_FEIJO_01-01-2016_A_31-12-2016.CSV,8784,8784,6242,0,2016-01-01T00:00:00,2016-12-31T23:00:00,0.0,-8.24194444,-70.57527777
2017,A138,FEIJO,N,AC,-8.24194444,-70.57527777,163.0,2009-09-24,2017/INMET_N_AC_A138_FEIJO_01-01-2017_A_31-12-2017.CSV,8760,8760,3335,0,2017-01-01T00:00:00,2017-12-31T23:00:00,0.0,-8.24194444,-70.57527777
2018,A138,FEIJO,N,AC,-8.24194444,-70.57527777,163.0,2009-09-24,2018/INMET_N_AC_A138_FEIJO_01-01-2018_A_31-12-2018.CSV,8760,8760,8760,0,2018-01-01T00:00:00,2018-12-31T23:00:00,0.0,-8.24194444,-70.57527777
2019,A138,,,AC,-8.142654,-70.343594,157.17,24/09/09,2019/INMET_N_AC_A138_FEIJO_01-01-2019_A_31-12-2019.CSV,8760,8760,8760,0,2019-01-01T00:00:00,2019-12-31T23:00:00,27.786763272644155,-8.24194444,-70.57527777
2020,A138,FEIJO,N,AC,-8.142654,-70.343594,157.17,24/09/09,INMET_N_AC_A138_FEIJO_01-01-2020_A_31-12-2020.CSV,8784,8784,8742,0,2020-01-01T00:00:00,2020-12-31T23:00:00,27.786763272644155,-8.24194444,-70.57527777
2021,A138,FEIJO,N,AC,-8.14277777,-70.3436111,157.17,24/09/09,INMET_N_AC_A138_FEIJO_01-01-2021_A_31-12-2021.CSV,8760,8760,1913,0,2021-01-01T00:00:00,2021-12-31T23:00:00,27.779566743493735,-8.24194444,-70.57527777
2022,A138,FEIJO,N,AC,-8.14277777,-70.3436111,157.17,24/09/09,INMET_N_AC_A138_FEIJO_01-01-2022_A_31-12-2022.CSV,8760,8760,0,0,2022-01-01T00:00:00,2022-12-31T23:00:00,27.779566743493735,-8.24194444,-70.57527777
2023,A138,FEIJO,N,AC,-8.14277777,-70.3436111,157.17,24/09/09,INMET_N_AC_A138_FEIJO_01-01-2023_A_31-12-2023.CSV,8760,8760,505,0,2023-01-01T00:00:00,2023-12-31T23:00:00,27.779566743493735,-8.24194444,-70.57527777
2024,A138,FEIJO,N,AC,-8.14277777,-70.3436111,157.17,24/09/09,INMET_N_AC_A138_FEIJO_01-01-2024_A_31-12-2024.CSV,8784,8784,8784,0,2024-01-01T00:00:00,2024-12-31T23:00:00,27.779566743493735,-8.24194444,-70.57527777
2025,A138,FEIJO,N,AC,-8.14277777,-70.3436111,157.17,24/09/09,2025/INMET_N_AC_A138_FEIJO_01-01-2025_A_31-12-2025.CSV,8760,8760,7996,0,2025-01-01T00:00:00,2025-12-31T23:00:00,27.779566743493735,-8.24194444,-70.57527777
2007,A212,PARAGOMINAS,N,PA,-3.01027777,-47.34305555,101.0,2007-10-18,2007/INMET_N_PA_A212_PARAGOMINAS_18-10-2007_A_31-12-2007.CSV,1800,1800,1786,0,2007-10-18T00:00:00,2007-12-31T23:00:00,0.0,-3.01027777,-47.34305555
2008,A212,PARAGOMINAS,N,PA,-3.01027777,-47.34305555,101.0,2007-10-18,2008/INMET_N_PA_A212_PARAGOMINAS_01-01-2008_A_31-12-2008.CSV,8784,8784,8705,0,2008-01-01T00:00:00,2008-12-31T23:00:00,0.0,-3.01027777,-47.34305555
2009,A212,PARAGOMINAS,N,PA,-3.01027777,-47.34305555,101.0,2007-10-18,2009/INMET_N_PA_A212_PARAGOMINAS_01-01-2009_A_31-12-2009.CSV,8760,8760,8737,0,2009-01-01T00:00:00,2009-12-31T23:00:00,0.0,-3.01027777,-47.34305555
2010,A212,PARAGOMINAS,N,PA,-3.01027777,-47.34305555,101.0,2007-10-18,2010/INMET_N_PA_A212_PARAGOMINAS_01-01-2010_A_31-12-2010.CSV,8760,8760,8758,0,2010-01-01T00:00:00,2010-12-31T23:00:00,0.0,-3.01027777,-47.34305555
2011,A212,PARAGOMINAS,N,PA,-3.01027777,-47.34305555,101.0,2007-10-18,2011/INMET_N_PA_A212_PARAGOMINAS_01-01-2011_A_31-12-2011.CSV,8760,8760,8073,0,2011-01-01T00:00:00,2011-12-31T23:00:00,0.0,-3.01027777,-47.34305555
2012,A212,PARAGOMINAS,N,PA,-3.01027777,-47.34305555,101.0,2007-10-18,2012/INMET_N_PA_A212_PARAGOMINAS_01-01-2012_A_31-12-2012.CSV,8784,8784,8164,0,2012-01-01T00:00:00,2012-12-31T23:00:00,0.0,-3.01027777,-47.34305555
2013,A212,PARAGOMINAS,N,PA,-3.01027777,-47.34305555,101.0,2007-10-18,2013/INMET_N_PA_A212_PARAGOMINAS_01-01-2013_A_31-12-2013.CSV,8760,8760,8736,0,2013-01-01T00:00:00,2013-12-31T23:00:00,0.0,-3.01027777,-47.34305555
2014,A212,PARAGOMINAS,N,PA,-3.01027777,-47.34305555,101.0,2007-10-18,2014/INMET_N_PA_A212_PARAGOMINAS_01-01-2014_A_31-12-2014.CSV,8760,8760,8760,0,2014-01-01T00:00:00,2014-12-31T23:00:00,0.0,-3.01027777,-47.34305555
2015,A212,PARAGOMINAS,N,PA,-3.01027777,-47.34305555,101.0,2007-10-18,2015/INMET_N_PA_A212_PARAGOMINAS_01-01-2015_A_31-12-2015.CSV,8760,8760,8760,0,2015-01-01T00:00:00,2015-12-31T23:00:00,0.0,-3.01027777,-47.34305555
2016,A212,PARAGOMINAS,N,PA,-3.01027777,-47.34305555,101.0,2007-10-18,2016/INMET_N_PA_A212_PARAGOMINAS_01-01-2016_A_31-12-2016.CSV,8784,8784,8410,0,2016-01-01T00:00:00,2016-12-31T23:00:00,0.0,-3.01027777,-47.34305555
2017,A212,PARAGOMINAS,N,PA,-3.01027777,-47.34305555,101.0,2007-10-18,2017/INMET_N_PA_A212_PARAGOMINAS_01-01-2017_A_31-12-2017.CSV,8760,8760,7040,0,2017-01-01T00:00:00,2017-12-31T23:00:00,0.0,-3.01027777,-47.34305555
2018,A212,PARAGOMINAS,N,PA,-3.01027777,-47.34305555,101.0,2007-10-18,2018/INMET_N_PA_A212_PARAGOMINAS_01-01-2018_A_31-12-2018.CSV,8760,8760,7849,0,2018-01-01T00:00:00,2018-12-31T23:00:00,0.0,-3.01027777,-47.34305555
2019,A212,,,PA,-2.99027777,-47.40777777,113.0,18/10/07,2019/INMET_N_PA_A212_PARAGOMINAS_01-01-2019_A_31-12-2019.CSV,8760,8760,8760,0,2019-01-01T00:00:00,2019-12-31T23:00:00,7.5231421013127395,-3.01027777,-47.34305555
2020,A212,PARAGOMINAS,N,PA,-2.99027777,-47.40777777,113.0,18/10/07,INMET_N_PA_A212_PARAGOMINAS_01-01-2020_A_31-12-2020.CSV,8784,8784,6463,0,2020-01-01T00:00:00,2020-12-31T23:00:00,7.5231421013127395,-3.01027777,-47.34305555
2021,A212,PARAGOMINAS,N,PA,-2.99027777,-47.40777777,113.0,18/10/07,INMET_N_PA_A212_PARAGOMINAS_01-01-2021_A_31-12-2021.CSV,8760,8760,69,0,2021-01-01T00:00:00,2021-12-31T23:00:00,7.5231421013127395,-3.01027777,-47.34305555
2022,A212,PARAGOMINAS,N,PA,-2.9911111,-47.35638888,93.0,18/10/07,INMET_N_PA_A212_PARAGOMINAS_01-01-2022_A_31-12-2022.CSV,8760,8760,1401,0,2022-01-01T00:00:00,2022-12-31T23:00:00,2.5950458029391434,-3.01027777,-47.34305555
2023,A212,PARAGOMINAS,N,PA,-2.90055555,-47.49499999,88.0,18/10/07,INMET_N_PA_A212_PARAGOMINAS_01-01-2023_A_31-12-2023.CSV,8760,8760,1615,0,2023-01-01T00:00:00,2023-12-31T23:00:00,20.821912943512057,-3.01027777,-47.34305555
2024,A212,PARAGOMINAS,N,PA,-2.90055555,-47.49499999,88.0,18/10/07,INMET_N_PA_A212_PARAGOMINAS_01-01-2024_A_31-12-2024.CSV,8784,8784,8137,0,2024-01-01T00:00:00,2024-12-31T23:00:00,20.821912943512057,-3.01027777,-47.34305555
2025,A212,PARAGOMINAS,N,PA,-2.90055555,-47.49499999,88.0,18/10/07,2025/INMET_N_PA_A212_PARAGOMINAS_01-01-2025_A_31-12-2025.CSV,8760,8760,5152,0,2025-01-01T00:00:00,2025-12-31T23:00:00,20.821912943512057,-3.01027777,-47.34305555
2008,A227,SOURE,N,PA,-0.81111111,-48.51583333,11.0,2008-04-27,2008/INMET_N_PA_A227_SOURE_27-04-2008_A_31-12-2008.CSV,5976,5976,5937,0,2008-04-27T00:00:00,2008-12-31T23:00:00,0.0,-0.81111111,-48.51583333
2009,A227,SOURE,N,PA,-0.81111111,-48.51583333,11.0,2008-04-27,2009/INMET_N_PA_A227_SOURE_01-01-2009_A_31-12-2009.CSV,8760,8760,8737,0,2009-01-01T00:00:00,2009-12-31T23:00:00,0.0,-0.81111111,-48.51583333
2010,A227,SOURE,N,PA,-0.81111111,-48.51583333,11.0,2008-04-27,2010/INMET_N_PA_A227_SOURE_01-01-2010_A_31-12-2010.CSV,8760,8760,8747,0,2010-01-01T00:00:00,2010-12-31T23:00:00,0.0,-0.81111111,-48.51583333
2011,A227,SOURE,N,PA,-0.81111111,-48.51583333,11.0,2008-04-27,2011/INMET_N_PA_A227_SOURE_01-01-2011_A_31-12-2011.CSV,8760,8760,6356,0,2011-01-01T00:00:00,2011-12-31T23:00:00,0.0,-0.81111111,-48.51583333
2012,A227,SOURE,N,PA,-0.81111111,-48.51583333,11.0,2008-04-27,2012/INMET_N_PA_A227_SOURE_01-01-2012_A_31-12-2012.CSV,8784,8784,7992,0,2012-01-01T00:00:00,2012-12-31T23:00:00,0.0,-0.81111111,-48.51583333
2013,A227,SOURE,N,PA,-0.81111111,-48.51583333,11.0,2008-04-27,2013/INMET_N_PA_A227_SOURE_01-01-2013_A_31-12-2013.CSV,8760,8760,8746,0,2013-01-01T00:00:00,2013-12-31T23:00:00,0.0,-0.81111111,-48.51583333
2014,A227,SOURE,N,PA,-0.81111111,-48.51583333,11.0,2008-04-27,2014/INMET_N_PA_A227_SOURE_01-01-2014_A_31-12-2014.CSV,8760,8760,8760,0,2014-01-01T00:00:00,2014-12-31T23:00:00,0.0,-0.81111111,-48.51583333
2015,A227,SOURE,N,PA,-0.81111111,-48.51583333,11.0,2008-04-27,2015/INMET_N_PA_A227_SOURE_01-01-2015_A_31-12-2015.CSV,8760,8760,8084,0,2015-01-01T00:00:00,2015-12-31T23:00:00,0.0,-0.81111111,-48.51583333
2016,A227,SOURE,N,PA,-0.81111111,-48.51583333,11.0,2008-04-27,2016/INMET_N_PA_A227_SOURE_01-01-2016_A_31-12-2016.CSV,8784,8784,7428,0,2016-01-01T00:00:00,2016-12-31T23:00:00,0.0,-0.81111111,-48.51583333
2017,A227,SOURE,N,PA,-0.81111111,-48.51583333,11.0,2008-04-27,2017/INMET_N_PA_A227_SOURE_01-01-2017_A_31-12-2017.CSV,8760,8760,7299,0,2017-01-01T00:00:00,2017-12-31T23:00:00,0.0,-0.81111111,-48.51583333
2018,A227,SOURE,N,PA,-0.81111111,-48.51583333,11.0,2008-04-27,2018/INMET_N_PA_A227_SOURE_01-01-2018_A_31-12-2018.CSV,8760,8760,8760,0,2018-01-01T00:00:00,2018-12-31T23:00:00,0.0,-0.81111111,-48.51583333
2019,A227,,,PA,-0.72777777,-48.51583333,12.54,27/04/08,2019/INMET_N_PA_A227_SOURE_01-01-2019_A_31-12-2019.CSV,8760,8760,8693,0,2019-01-01T00:00:00,2019-12-31T23:00:00,9.266257427428279,-0.81111111,-48.51583333
2020,A227,SOURE,N,PA,-0.72777777,-48.51583333,12.54,27/04/08,INMET_N_PA_A227_SOURE_01-01-2020_A_31-12-2020.CSV,8784,8784,1200,0,2020-01-01T00:00:00,2020-12-31T23:00:00,9.266257427428279,-0.81111111,-48.51583333
2021,A227,SOURE,N,PA,-0.72777777,-48.51583333,12.54,27/04/08,INMET_N_PA_A227_SOURE_01-01-2021_A_31-12-2021.CSV,8760,8760,0,0,2021-01-01T00:00:00,2021-12-31T23:00:00,9.266257427428279,-0.81111111,-48.51583333
2022,A227,SOURE,N,PA,-0.72777777,-48.51583333,12.54,27/04/08,INMET_N_PA_A227_SOURE_01-01-2022_A_31-12-2022.CSV,8760,8760,0,0,2022-01-01T00:00:00,2022-12-31T23:00:00,9.266257427428279,-0.81111111,-48.51583333
2023,A227,SOURE,N,PA,-0.72777777,-48.51583333,12.54,27/04/08,INMET_N_PA_A227_SOURE_01-01-2023_A_31-12-2023.CSV,8760,8760,0,0,2023-01-01T00:00:00,2023-12-31T23:00:00,9.266257427428279,-0.81111111,-48.51583333
2024,A227,SOURE,N,PA,-0.72777777,-48.51583333,12.54,27/04/08,INMET_N_PA_A227_SOURE_01-01-2024_A_31-12-2024.CSV,8784,8784,7208,0,2024-01-01T00:00:00,2024-12-31T23:00:00,9.266257427428279,-0.81111111,-48.51583333
2025,A227,SOURE,N,PA,-0.72777777,-48.51583333,12.54,27/04/08,2025/INMET_N_PA_A227_SOURE_01-01-2025_A_31-12-2025.CSV,8760,8760,5723,0,2025-01-01T00:00:00,2025-12-31T23:00:00,9.266257427428279,-0.81111111,-48.51583333
2012,A232,OBIDOS,N,PA,-5.36583333,-49.12527777,96.0,2012-07-05,2012/INMET_N_PA_A232_OBIDOS_05-07-2012_A_31-12-2012.CSV,4320,4320,4275,0,2012-07-05T00:00:00,2012-12-31T23:00:00,403.9144592068502,-3.623333325,-52.32249999
2013,A232,OBIDOS,N,PA,-5.36583333,-49.12527777,96.0,2012-07-05,2013/INMET_N_PA_A232_OBIDOS_01-01-2013_A_31-12-2013.CSV,8760,8760,8746,0,2013-01-01T00:00:00,2013-12-31T23:00:00,403.9144592068502,-3.623333325,-52.32249999
2014,A232,OBIDOS,N,PA,-5.36583333,-49.12527777,96.0,2012-07-05,2014/INMET_N_PA_A232_OBIDOS_01-01-2014_A_31-12-2014.CSV,8760,8760,8760,0,2014-01-01T00:00:00,2014-12-31T23:00:00,403.9144592068502,-3.623333325,-52.32249999
2015,A232,OBIDOS,N,PA,-5.36583333,-49.12527777,96.0,2012-07-05,2015/INMET_N_PA_A232_OBIDOS_01-01-2015_A_31-12-2015.CSV,8760,8760,7584,0,2015-01-01T00:00:00,2015-12-31T23:00:00,403.9144592068502,-3.623333325,-52.32249999
2016,A232,OBIDOS,N,PA,-5.36583333,-49.12527777,96.0,2012-07-05,2016/INMET_N_PA_A232_OBIDOS_01-01-2016_A_31-12-2016.CSV,8784,8784,5039,0,2016-01-01T00:00:00,2016-12-31T23:00:00,403.9144592068502,-3.623333325,-52.32249999
2017,A232,OBIDOS,N,PA,-5.36583333,-49.12527777,96.0,2012-07-05,2017/INMET_N_PA_A232_OBIDOS_01-01-2017_A_31-12-2017.CSV,8760,8760,7352,0,2017-01-01T00:00:00,2017-12-31T23:00:00,403.9144592068502,-3.623333325,-52.32249999
2018,A232,OBIDOS,N,PA,-5.36583333,-49.12527777,96.0,2012-07-05,2018/INMET_N_PA_A232_OBIDOS_01-01-2018_A_31-12-2018.CSV,8760,8760,7352,0,2018-01-01T00:00:00,2018-12-31T23:00:00,403.9144592068502,-3.623333325,-52.32249999
2019,A232,,,PA,-1.880789,-55.519856,89.64,05/07/12,2019/INMET_N_PA_A232_OBIDOS_01-01-2019_A_31-12-2019.CSV,8760,8760,8760,0,2019-01-01T00:00:00,2019-12-31T23:00:00,404.5297895094936,-3.623333325,-52.32249999
2020,A232,OBIDOS,N,PA,-1.880789,-55.519856,89.64,05/07/12,INMET_N_PA_A232_OBIDOS_01-01-2020_A_31-12-2020.CSV,8784,8784,8784,0,2020-01-01T00:00:00,2020-12-31T23:00:00,404.5297895094936,-3.623333325,-52.32249999
2021,A232,OBIDOS,N,PA,-1.88083332,-55.51972221,89.64,05/07/12,INMET_N_PA_A232_OBIDOS_01-01-2021_A_31-12-2021.CSV,8760,8760,2279,0,2021-01-01T00:00:00,2021-12-31T23:00:00,404.51438019858494,-3.623333325,-52.32249999
2022,A232,OBIDOS,N,PA,-1.88083332,-55.51972221,89.64,05/07/12,INMET_N_PA_A232_OBIDOS_01-01-2022_A_31-12-2022.CSV,8760,8760,4999,0,2022-01-01T00:00:00,2022-12-31T23:00:00,404.51438019858494,-3.623333325,-52.32249999
2023,A232,OBIDOS,N,PA,-1.88083332,-55.51972221,89.64,05/07/12,INMET_N_PA_A232_OBIDOS_01-01-2023_A_31-12-2023.CSV,8760,8760,8756,0,2023-01-01T00:00:00,2023-12-31T23:00:00,404.51438019858494,-3.623333325,-52.32249999
2024,A232,OBIDOS,N,PA,-1.88083332,-55.51972221,89.64,05/07/12,INMET_N_PA_A232_OBIDOS_01-01-2024_A_31-12-2024.CSV,8784,8784,8781,0,2024-01-01T00:00:00,2024-12-31T23:00:00,404.51438019858494,-3.623333325,-52.32249999
2025,A232,OBIDOS,N,PA,-1.88083332,-55.51972221,89.64,05/07/12,2025/INMET_N_PA_A232_OBIDOS_01-01-2025_A_31-12-2025.CSV,8760,8760,1316,0,2025-01-01T00:00:00,2025-12-31T23:00:00,404.51438019858494,-3.623333325,-52.32249999
2009,A240,MARABA,N,PA,-5.16722221,-49.37916666,116.0,2009-06-25,2009/INMET_N_PA_A240_MARABA_25-06-2009_A_31-12-2009.CSV,4560,4560,4406,0,2009-06-25T00:00:00,2009-12-31T23:00:00,0.0,-5.16722221,-49.37916666
2010,A240,MARABA,N,PA,-5.16722221,-49.37916666,116.0,2009-06-25,2010/INMET_N_PA_A240_MARABA_01-01-2010_A_31-12-2010.CSV,8760,8760,7149,0,2010-01-01T00:00:00,2010-12-31T23:00:00,0.0,-5.16722221,-49.37916666
2011,A240,MARABA,N,PA,-5.16722221,-49.37916666,116.0,2009-06-25,2011/INMET_N_PA_A240_MARABA_01-01-2011_A_31-12-2011.CSV,8760,8760,8753,0,2011-01-01T00:00:00,2011-12-31T23:00:00,0.0,-5.16722221,-49.37916666
2012,A240,MARABA,N,PA,-5.16722221,-49.37916666,116.0,2009-06-25,2012/INMET_N_PA_A240_MARABA_01-01-2012_A_31-12-2012.CSV,8784,8784,8781,0,2012-01-01T00:00:00,2012-12-31T23:00:00,0.0,-5.16722221,-49.37916666
2013,A240,MARABA,N,PA,-5.16722221,-49.37916666,116.0,2009-06-25,2013/INMET_N_PA_A240_MARABA_01-01-2013_A_31-12-2013.CSV,8760,8760,8746,0,2013-01-01T00:00:00,2013-12-31T23:00:00,0.0,-5.16722221,-49.37916666
2014,A240,MARABA,N,PA,-5.16722221,-49.37916666,116.0,2009-06-25,2014/INMET_N_PA_A240_MARABA_01-01-2014_A_31-12-2014.CSV,8760,8760,8759,0,2014-01-01T00:00:00,2014-12-31T23:00:00,0.0,-5.16722221,-49.37916666
2015,A240,MARABA,N,PA,-5.16722221,-49.37916666,116.0,2009-06-25,2015/INMET_N_PA_A240_MARABA_01-01-2015_A_31-12-2015.CSV,8760,8760,8759,0,2015-01-01T00:00:00,2015-12-31T23:00:00,0.0,-5.16722221,-49.37916666
2016,A240,MARABA,N,PA,-5.16722221,-49.37916666,116.0,2009-06-25,2016/INMET_N_PA_A240_MARABA_01-01-2016_A_31-12-2016.CSV,8784,8784,7320,0,2016-01-01T00:00:00,2016-12-31T23:00:00,0.0,-5.16722221,-49.37916666
2017,A240,MARABA,N,PA,-5.16722221,-49.37916666,116.0,2009-06-25,2017/INMET_N_PA_A240_MARABA_01-01-2017_A_31-12-2017.CSV,8760,8760,8569,0,2017-01-01T00:00:00,2017-12-31T23:00:00,0.0,-5.16722221,-49.37916666
2018,A240,MARABA,N,PA,-5.16722221,-49.37916666,116.0,2009-06-25,2018/INMET_N_PA_A240_MARABA_01-01-2018_A_31-12-2018.CSV,8760,8760,5773,0,2018-01-01T00:00:00,2018-12-31T23:00:00,0.0,-5.16722221,-49.37916666
2019,A240,,,PA,-5.366447,-49.051166,116.58,25/06/09,2019/INMET_N_PA_A240_MARABA_01-01-2019_A_31-12-2019.CSV,8760,8760,8740,0,2019-01-01T00:00:00,2019-12-31T23:00:00,42.54113812353613,-5.16722221,-49.37916666
2020,A240,MARABA,N,PA,-5.366447,-49.051166,116.58,25/06/09,INMET_N_PA_A240_MARABA_01-01-2020_A_31-12-2020.CSV,8784,8784,5471,0,2020-01-01T00:00:00,2020-12-31T23:00:00,42.54113812353613,-5.16722221,-49.37916666
2021,A240,MARABA,N,PA,-5.36638888,-49.05111111,116.58,25/06/09,INMET_N_PA_A240_MARABA_01-01-2021_A_31-12-2021.CSV,8760,8760,4122,0,2021-01-01T00:00:00,2021-12-31T23:00:00,42.542963765158675,-5.16722221,-49.37916666
2022,A240,MARABA,N,PA,-5.36638888,-49.05111111,116.58,25/06/09,INMET_N_PA_A240_MARABA_01-01-2022_A_31-12-2022.CSV,8760,8760,0,0,2022-01-01T00:00:00,2022-12-31T23:00:00,42.542963765158675,-5.16722221,-49.37916666
2023,A240,MARABA,N,PA,-5.36638888,-49.05111111,116.58,25/06/09,INMET_N_PA_A240_MARABA_01-01-2023_A_31-12-2023.CSV,8760,8760,0,0,2023-01-01T00:00:00,2023-12-31T23:00:00,42.542963765158675,-5.16722221,-49.37916666
2024,A240,MARABA,N,PA,-5.36638888,-49.05111111,116.58,25/06/09,INMET_N_PA_A240_MARABA_01-01-2024_A_31-12-2024.CSV,8784,8784,0,0,2024-01-01T00:00:00,2024-12-31T23:00:00,42.542963765158675,-5.16722221,-49.37916666
2025,A240,MARABA,N,PA,-5.36638888,-49.05111111,116.58,25/06/09,2025/INMET_N_PA_A240_MARABA_01-01-2025_A_31-12-2025.CSV,8760,8760,0,0,2025-01-01T00:00:00,2025-12-31T23:00:00,42.542963765158675,-5.16722221,-49.37916666
2008,A241,CONCEICAO DO ARAGUAIA,N,PA,-8.25916666,-49.27416666,180.0,2008-09-04,2008/INMET_N_PA_A241_CONCEICAO DO ARAGUAIA_04-09-2008_A_31-12-2008.CSV,2856,2856,2819,0,2008-09-04T00:00:00,2008-12-31T23:00:00,0.0,-8.25916666,-49.27416666
2009,A241,CONCEICAO DO ARAGUAIA,N,PA,-8.25916666,-49.27416666,180.0,2008-09-04,2009/INMET_N_PA_A241_CONCEICAO DO ARAGUAIA_01-01-2009_A_31-12-2009.CSV,8760,8760,7807,0,2009-01-01T00:00:00,2009-12-31T23:00:00,0.0,-8.25916666,-49.27416666
2010,A241,CONCEICAO DO ARAGUAIA,N,PA,-8.25916666,-49.27416666,180.0,2008-09-04,2010/INMET_N_PA_A241_CONCEICAO DO ARAGUAIA_01-01-2010_A_31-12-2010.CSV,8760,8760,6954,0,2010-01-01T00:00:00,2010-12-31T23:00:00,0.0,-8.25916666,-49.27416666
2011,A241,CONCEICAO DO ARAGUAIA,N,PA,-8.25916666,-49.27416666,180.0,2008-09-04,2011/INMET_N_PA_A241_CONCEICAO DO ARAGUAIA_01-01-2011_A_31-12-2011.CSV,8760,8760,8108,0,2011-01-01T00:00:00,2011-12-31T23:00:00,0.0,-8.25916666,-49.27416666
2012,A241,CONCEICAO DO ARAGUAIA,N,PA,-8.25916666,-49.27416666,180.0,2008-09-04,2012/INMET_N_PA_A241_CONCEICAO DO ARAGUAIA_01-01-2012_A_31-12-2012.CSV,8784,8784,7804,0,2012-01-01T00:00:00,2012-12-31T23:00:00,0.0,-8.25916666,-49.27416666
2013,A241,CONCEICAO DO ARAGUAIA,N,PA,-8.25916666,-49.27416666,180.0,2008-09-04,2013/INMET_N_PA_A241_CONCEICAO DO ARAGUAIA_01-01-2013_A_31-12-2013.CSV,8760,8760,8746,0,2013-01-01T00:00:00,2013-12-31T23:00:00,0.0,-8.25916666,-49.27416666
2014,A241,CONCEICAO DO ARAGUAIA,N,PA,-8.25916666,-49.27416666,180.0,2008-09-04,2014/INMET_N_PA_A241_CONCEICAO DO ARAGUAIA_01-01-2014_A_31-12-2014.CSV,8760,8760,8686,0,2014-01-01T00:00:00,2014-12-31T23:00:00,0.0,-8.25916666,-49.27416666
2015,A241,CONCEICAO DO ARAGUAIA,N,PA,-8.25916666,-49.27416666,180.0,2008-09-04,2015/INMET_N_PA_A241_CONCEICAO DO ARAGUAIA_01-01-2015_A_31-12-2015.CSV,8760,8760,7983,0,2015-01-01T00:00:00,2015-12-31T23:00:00,0.0,-8.25916666,-49.27416666
2016,A241,CONCEICAO DO ARAGUAIA,N,PA,-8.25916666,-49.27416666,180.0,2008-09-04,2016/INMET_N_PA_A241_CONCEICAO DO ARAGUAIA_01-01-2016_A_31-12-2016.CSV,8784,8784,8783,0,2016-01-01T00:00:00,2016-12-31T23:00:00,0.0,-8.25916666,-49.27416666
2017,A241,CONCEICAO DO ARAGUAIA,N,PA,-8.25916666,-49.27416666,180.0,2008-09-04,2017/INMET_N_PA_A241_CONCEICAO DO ARAGUAIA_01-01-2017_A_31-12-2017.CSV,8760,8760,8760,0,2017-01-01T00:00:00,2017-12-31T23:00:00,0.0,-8.25916666,-49.27416666
2018,A241,CONCEICAO DO ARAGUAIA,N,PA,-8.25916666,-49.27416666,180.0,2008-09-04,2018/INMET_N_PA_A241_CONCEICAO DO ARAGUAIA_01-01-2018_A_31-12-2018.CSV,8760,8760,7359,0,2018-01-01T00:00:00,2018-12-31T23:00:00,0.0,-8.25916666,-49.27416666
2019,A241,,,PA,-8.30361,-49.28277,175.74,04/09/08,2019/INMET_N_PA_A241_CONCEICAO DO ARAGUAIA_01-01-2019_A_31-12-2019.CSV,8760,8760,8339,0,2019-01-01T00:00:00,2019-12-31T23:00:00,5.031736931947305,-8.25916666,-49.27416666
2020,A241,CONCEICAO DO ARAGUAIA,N,PA,-8.30361,-49.28277,175.74,04/09/08,INMET_N_PA_A241_CONCEICAO DO ARAGUAIA_01-01-2020_A_31-12-2020.CSV,8784,8784,7421,0,2020-01-01T00:00:00,2020-12-31T23:00:00,5.031736931947305,-8.25916666,-49.27416666
2021,A241,CONCEICAO DO ARAGUAIA,N,PA,-8.30361111,-49.28277777,175.74,04/09/08,INMET_N_PA_A241_CONCEICAO DO ARAGUAIA_01-01-2021_A_31-12-2021.CSV,8760,8760,6244,0,2021-01-01T00:00:00,2021-12-31T23:00:00,5.032019076110311,-8.25916666,-49.27416666
2022,A241,CONCEICAO DO ARAGUAIA,N,PA,-8.30361111,-49.28277777,175.74,04/09/08,INMET_N_PA_A241_CONCEICAO DO ARAGUAIA_01-01-2022_A_31-12-2022.CSV,8760,8760,8760,0,2022-01-01T00:00:00,2022-12-31T23:00:00,5.032019076110311,-8.25916666,-49.27416666
2023,A241,CONCEICAO DO ARAGUAIA,N,PA,-8.30361111,-49.28277777,175.74,04/09/08,INMET_N_PA_A241_CONCEICAO DO ARAGUAIA_01-01-2023_A_31-12-2023.CSV,8760,8760,6631,0,2023-01-01T00:00:00,2023-12-31T23:00:00,5.032019076110311,-8.25916666,-49.27416666
2024,A241,CONCEICAO DO ARAGUAIA,N,PA,-8.30361111,-49.28277777,175.74,04/09/08,INMET_N_PA_A241_CONCEICAO DO ARAGUAIA_01-01-2024_A_31-12-2024.CSV,8784,8784,8784,0,2024-01-01T00:00:00,2024-12-31T23:00:00,5.032019076110311,-8.25916666,-49.27416666
2025,A241,CONCEICAO DO ARAGUAIA,N,PA,-8.30361111,-49.28277777,175.74,04/09/08,2025/INMET_N_PA_A241_CONCEICAO DO ARAGUAIA_01-01-2025_A_31-12-2025.CSV,8760,8760,6998,0,2025-01-01T00:00:00,2025-12-31T23:00:00,5.032019076110311,-8.25916666,-49.27416666
2003,A302,ARQ.SAO PEDRO E SAO PAULO,NE,RN,0.9,-29.31666666,15.0,2003-11-02,2003/INMET_NE_RN_A302_ARQ.SAO PEDRO E SAO PAULO_02-11-2003_A_31-12-2003.CSV,1440,1440,117,0,2003-11-02T00:00:00,2003-12-31T23:00:00,0.0,0.9,-29.31666666
2004,A302,ARQ.SAO PEDRO E SAO PAULO,NE,RN,0.9,-29.31666666,15.0,2003-11-02,2004/INMET_NE_RN_A302_ARQ.SAO PEDRO E SAO PAULO_01-01-2004_A_31-12-2004.CSV,8784,8784,2735,0,2004-01-01T00:00:00,2004-12-31T23:00:00,0.0,0.9,-29.31666666
2005,A302,ARQ.SAO PEDRO E SAO PAULO,NE,RN,0.9,-29.31666666,15.0,2003-11-02,2005/INMET_NE_RN_A302_ARQ.SAO PEDRO E SAO PAULO_01-01-2005_A_31-12-2005.CSV,8760,8760,1043,0,2005-01-01T00:00:00,2005-12-31T23:00:00,0.0,0.9,-29.31666666
2006,A302,ARQ.SAO PEDRO E SAO PAULO,NE,RN,0.9,-29.31666666,15.0,2003-11-02,2006/INMET_NE_RN_A302_ARQ.SAO PEDRO E SAO PAULO_01-01-2006_A_31-12-2006.CSV,8760,8760,1029,0,2006-01-01T00:00:00,2006-12-31T23:00:00,0.0,0.9,-29.31666666
2007,A302,ARQ.SAO PEDRO E SAO PAULO,NE,RN,0.9,-29.31666666,15.0,2003-11-02,2007/INMET_NE_RN_A302_ARQ.SAO PEDRO E SAO PAULO_01-01-2007_A_31-12-2007.CSV,8760,8760,3027,0,2007-01-01T00:00:00,2007-12-31T23:00:00,0.0,0.9,-29.31666666
2008,A302,ARQ.SAO PEDRO E SAO PAULO,NE,RN,0.9,-29.31666666,15.0,2003-11-02,2008/INMET_NE_RN_A302_ARQ.SAO PEDRO E SAO PAULO_01-01-2008_A_31-12-2008.CSV,8784,8784,1873,0,2008-01-01T00:00:00,2008-12-31T23:00:00,0.0,0.9,-29.31666666
2009,A302,ARQ.SAO PEDRO E SAO PAULO,NE,RN,0.9,-29.31666666,15.0,2003-11-02,2009/INMET_NE_RN_A302_ARQ.SAO PEDRO E SAO PAULO_01-01-2009_A_31-12-2009.CSV,8760,8760,0,0,2009-01-01T00:00:00,2009-12-31T23:00:00,0.0,0.9,-29.31666666
2010,A302,ARQ.SAO PEDRO E SAO PAULO,NE,RN,0.9,-29.31666666,15.0,2003-11-02,2010/INMET_NE_RN_A302_ARQ.SAO PEDRO E SAO PAULO_01-01-2010_A_31-12-2010.CSV,8760,8760,0,0,2010-01-01T00:00:00,2010-12-31T23:00:00,0.0,0.9,-29.31666666
2011,A302,ARQ.SAO PEDRO E SAO PAULO,NE,RN,0.9,-29.31666666,15.0,2003-11-02,2011/INMET_NE_RN_A302_ARQ.SAO PEDRO E SAO PAULO_01-01-2011_A_31-12-2011.CSV,8760,8760,0,0,2011-01-01T00:00:00,2011-12-31T23:00:00,0.0,0.9,-29.31666666
2012,A302,ARQ.SAO PEDRO E SAO PAULO,NE,RN,0.9,-29.31666666,15.0,2003-11-02,2012/INMET_NE_RN_A302_ARQ.SAO PEDRO E SAO PAULO_01-01-2012_A_31-12-2012.CSV,8784,8784,0,0,2012-01-01T00:00:00,2012-12-31T23:00:00,0.0,0.9,-29.31666666
2013,A302,ARQ.SAO PEDRO E SAO PAULO,NE,RN,0.9,-29.31666666,15.0,2003-11-02,2013/INMET_NE_RN_A302_ARQ.SAO PEDRO E SAO PAULO_01-01-2013_A_31-12-2013.CSV,8760,8760,0,0,2013-01-01T00:00:00,2013-12-31T23:00:00,0.0,0.9,-29.31666666
2014,A302,ARQ.SAO PEDRO E SAO PAULO,NE,RN,0.9,-29.31666666,15.0,2003-11-02,2014/INMET_NE_RN_A302_ARQ.SAO PEDRO E SAO PAULO_01-01-2014_A_31-12-2014.CSV,8760,8760,0,0,2014-01-01T00:00:00,2014-12-31T23:00:00,0.0,0.9,-29.31666666
2015,A302,ARQ.SAO PEDRO E SAO PAULO,NE,RN,0.9,-29.31666666,15.0,2003-11-02,2015/INMET_NE_RN_A302_ARQ.SAO PEDRO E SAO PAULO_01-01-2015_A_31-12-2015.CSV,8760,8760,0,0,2015-01-01T00:00:00,2015-12-31T23:00:00,0.0,0.9,-29.31666666
2016,A302,ARQ.SAO PEDRO E SAO PAULO,NE,RN,0.9,-29.31666666,15.0,2003-11-02,2016/INMET_NE_RN_A302_ARQ.SAO PEDRO E SAO PAULO_01-01-2016_A_31-12-2016.CSV,8784,8784,0,0,2016-01-01T00:00:00,2016-12-31T23:00:00,0.0,0.9,-29.31666666
2017,A302,ARQ.SAO PEDRO E SAO PAULO,NE,RN,0.9,-29.31666666,15.0,2003-11-02,2017/INMET_NE_RN_A302_ARQ.SAO PEDRO E SAO PAULO_01-01-2017_A_31-12-2017.CSV,8760,8760,0,0,2017-01-01T00:00:00,2017-12-31T23:00:00,0.0,0.9,-29.31666666
2018,A302,ARQ.SAO PEDRO E SAO PAULO,NE,RN,0.9,-29.31666666,15.0,2003-11-02,2018/INMET_NE_RN_A302_ARQ.SAO PEDRO E SAO PAULO_01-01-2018_A_31-12-2018.CSV,8760,8760,3730,0,2018-01-01T00:00:00,2018-12-31T23:00:00,0.0,0.9,-29.31666666
2019,A302,,,RN,0.916877,-29.345904,15.0,02/11/03,2019/INMET_NE_RN_A302_ARQ.SAO PEDRO E SAO PAULO_01-01-2019_A_31-12-2019.CSV,8760,8760,8569,0,2019-01-01T00:00:00,2019-12-31T23:00:00,3.7534562667419267,0.9,-29.31666666
2020,A302,ARQ.SAO PEDRO E SAO PAULO,NE,RN,0.916877,-29.345904,15.0,02/11/03,INMET_NE_RN_A302_ARQ.SAO PEDRO E SAO PAULO_01-01-2020_A_31-12-2020.CSV,8784,8784,3050,0,2020-01-01T00:00:00,2020-12-31T23:00:00,3.7534562667419267,0.9,-29.31666666
2003,A304,NATAL,NE,RN,-5.9,-35.2,48.6,2003-02-24,2003/INMET_NE_RN_A304_NATAL_24-02-2003_A_31-12-2003.CSV,7464,7464,5007,0,2003-02-24T00:00:00,2003-12-31T23:00:00,0.0,-5.9,-35.2
2004,A304,NATAL,NE,RN,-5.9,-35.2,48.6,2003-02-24,2004/INMET_NE_RN_A304_NATAL_01-01-2004_A_31-12-2004.CSV,8784,8784,6771,0,2004-01-01T00:00:00,2004-12-31T23:00:00,0.0,-5.9,-35.2
2005,A304,NATAL,NE,RN,-5.9,-35.2,48.6,2003-02-24,2005/INMET_NE_RN_A304_NATAL_01-01-2005_A_31-12-2005.CSV,8760,8760,4922,0,2005-01-01T00:00:00,2005-12-31T23:00:00,0.0,-5.9,-35.2
2006,A304,NATAL,NE,RN,-5.9,-35.2,48.6,2003-02-24,2006/INMET_NE_RN_A304_NATAL_01-01-2006_A_31-12-2006.CSV,8760,8760,6442,0,2006-01-01T00:00:00,2006-12-31T23:00:00,0.0,-5.9,-35.2
2007,A304,NATAL,NE,RN,-5.9,-35.2,48.6,2003-02-24,2007/INMET_NE_RN_A304_NATAL_01-01-2007_A_31-12-2007.CSV,8760,8760,7078,0,2007-01-01T00:00:00,2007-12-31T23:00:00,0.0,-5.9,-35.2
2008,A304,NATAL,NE,RN,-5.9,-35.2,48.6,2003-02-24,2008/INMET_NE_RN_A304_NATAL_01-01-2008_A_31-12-2008.CSV,8784,8784,8776,0,2008-01-01T00:00:00,2008-12-31T23:00:00,0.0,-5.9,-35.2
2009,A304,NATAL,NE,RN,-5.9,-35.2,48.6,2003-02-24,2009/INMET_NE_RN_A304_NATAL_01-01-2009_A_31-12-2009.CSV,8760,8760,8738,0,2009-01-01T00:00:00,2009-12-31T23:00:00,0.0,-5.9,-35.2
2010,A304,NATAL,NE,RN,-5.9,-35.2,48.6,2003-02-24,2010/INMET_NE_RN_A304_NATAL_01-01-2010_A_31-12-2010.CSV,8760,8760,8750,0,2010-01-01T00:00:00,2010-12-31T23:00:00,0.0,-5.9,-35.2
2011,A304,NATAL,NE,RN,-5.9,-35.2,48.6,2003-02-24,2011/INMET_NE_RN_A304_NATAL_01-01-2011_A_31-12-2011.CSV,8760,8760,8726,0,2011-01-01T00:00:00,2011-12-31T23:00:00,0.0,-5.9,-35.2
2012,A304,NATAL,NE,RN,-5.9,-35.2,48.6,2003-02-24,2012/INMET_NE_RN_A304_NATAL_01-01-2012_A_31-12-2012.CSV,8784,8784,8339,0,2012-01-01T00:00:00,2012-12-31T23:00:00,0.0,-5.9,-35.2
2013,A304,NATAL,NE,RN,-5.9,-35.2,48.6,2003-02-24,2013/INMET_NE_RN_A304_NATAL_01-01-2013_A_31-12-2013.CSV,8760,8760,8126,0,2013-01-01T00:00:00,2013-12-31T23:00:00,0.0,-5.9,-35.2
2014,A304,NATAL,NE,RN,-5.9,-35.2,48.6,2003-02-24,2014/INMET_NE_RN_A304_NATAL_01-01-2014_A_31-12-2014.CSV,8760,8760,8335,0,2014-01-01T00:00:00,2014-12-31T23:00:00,0.0,-5.9,-35.2
2015,A304,NATAL,NE,RN,-5.9,-35.2,48.6,2003-02-24,2015/INMET_NE_RN_A304_NATAL_01-01-2015_A_31-12-2015.CSV,8760,8760,8400,0,2015-01-01T00:00:00,2015-12-31T23:00:00,0.0,-5.9,-35.2
2016,A304,NATAL,NE,RN,-5.9,-35.2,48.6,2003-02-24,2016/INMET_NE_RN_A304_NATAL_01-01-2016_A_31-12-2016.CSV,8784,8784,7989,0,2016-01-01T00:00:00,2016-12-31T23:00:00,0.0,-5.9,-35.2
2017,A304,NATAL,NE,RN,-5.9,-35.2,48.6,2003-02-24,2017/INMET_NE_RN_A304_NATAL_01-01-2017_A_31-12-2017.CSV,8760,8760,8356,0,2017-01-01T00:00:00,2017-12-31T23:00:00,0.0,-5.9,-35.2
2018,A304,NATAL,NE,RN,-5.9,-35.2,48.6,2003-02-24,2018/INMET_NE_RN_A304_NATAL_01-01-2018_A_31-12-2018.CSV,8760,8760,8760,0,2018-01-01T00:00:00,2018-12-31T23:00:00,0.0,-5.9,-35.2
2019,A304,,,RN,-5.83722221,-35.20805555,47.46,24/02/03,2019/INMET_NE_RN_A304_NATAL_01-01-2019_A_31-12-2019.CSV,8760,8760,8760,0,2019-01-01T00:00:00,2019-12-31T23:00:00,7.037220622176299,-5.9,-35.2
2020,A304,NATAL,NE,RN,-5.83722221,-35.20805555,47.46,24/02/03,INMET_NE_RN_A304_NATAL_01-01-2020_A_31-12-2020.CSV,8784,8784,8143,0,2020-01-01T00:00:00,2020-12-31T23:00:00,7.037220622176299,-5.9,-35.2
2021,A304,NATAL,NE,RN,-5.83722221,-35.20805555,47.46,24/02/03,INMET_NE_RN_A304_NATAL_01-01-2021_A_31-12-2021.CSV,8760,8760,4096,0,2021-01-01T00:00:00,2021-12-31T23:00:00,7.037220622176299,-5.9,-35.2
2022,A304,NATAL,NE,RN,-5.83722221,-35.20805555,47.46,24/02/03,INMET_NE_RN_A304_NATAL_01-01-2022_A_31-12-2022.CSV,8760,8760,6072,0,2022-01-01T00:00:00,2022-12-31T23:00:00,7.037220622176299,-5.9,-35.2
2023,A304,NATAL,NE,RN,-5.83722221,-35.20805555,47.46,24/02/03,INMET_NE_RN_A304_NATAL_01-01-2023_A_31-12-2023.CSV,8760,8760,6119,0,2023-01-01T00:00:00,2023-12-31T23:00:00,7.037220622176299,-5.9,-35.2
2024,A304,NATAL,NE,RN,-5.83722221,-35.20805555,47.46,24/02/03,INMET_NE_RN_A304_NATAL_01-01-2024_A_31-12-2024.CSV,8784,8784,3226,0,2024-01-01T00:00:00,2024-12-31T23:00:00,7.037220622176299,-5.9,-35.2
2025,A304,NATAL,NE,RN,-5.83722221,-35.20805555,47.46,24/02/03,2025/INMET_NE_RN_A304_NATAL_01-01-2025_A_31-12-2025.CSV,8760,8760,8745,0,2025-01-01T00:00:00,2025-12-31T23:00:00,7.037220622176299,-5.9,-35.2
2007,A314,GUARAMIRANGA,NE,CE,-4.26111111,-38.19749999,38.2,2007-05-26,2007/INMET_NE_CE_A314_GUARAMIRANGA_26-05-2007_A_31-12-2007.CSV,5280,5280,5254,0,2007-05-26T00:00:00,2007-12-31T23:00:00,0.0,-4.26111111,-38.19749999
2008,A314,GUARAMIRANGA,NE,CE,-4.26111111,-38.19749999,38.2,2007-05-26,2008/INMET_NE_CE_A314_GUARAMIRANGA_01-01-2008_A_31-12-2008.CSV,8784,8784,6935,0,2008-01-01T00:00:00,2008-12-31T23:00:00,0.0,-4.26111111,-38.19749999
2009,A314,GUARAMIRANGA,NE,CE,-4.26111111,-38.19749999,38.2,2007-05-26,2009/INMET_NE_CE_A314_GUARAMIRANGA_01-01-2009_A_31-12-2009.CSV,8760,8760,8712,0,2009-01-01T00:00:00,2009-12-31T23:00:00,0.0,-4.26111111,-38.19749999
2010,A314,GUARAMIRANGA,NE,CE,-4.26111111,-38.19749999,38.2,2007-05-26,2010/INMET_NE_CE_A314_GUARAMIRANGA_01-01-2010_A_31-12-2010.CSV,8760,8760,8606,0,2010-01-01T00:00:00,2010-12-31T23:00:00,0.0,-4.26111111,-38.19749999
2011,A314,GUARAMIRANGA,NE,CE,-4.26111111,-38.19749999,38.2,2007-05-26,2011/INMET_NE_CE_A314_GUARAMIRANGA_01-01-2011_A_31-12-2011.CSV,8760,8760,8701,0,2011-01-01T00:00:00,2011-12-31T23:00:00,0.0,-4.26111111,-38.19749999
2012,A314,GUARAMIRANGA,NE,CE,-4.26111111,-38.19749999,38.2,2007-05-26,2012/INMET_NE_CE_A314_GUARAMIRANGA_01-01-2012_A_31-12-2012.CSV,8784,8784,8190,0,2012-01-01T00:00:00,2012-12-31T23:00:00,0.0,-4.26111111,-38.19749999
2013,A314,GUARAMIRANGA,NE,CE,-4.26111111,-38.19749999,38.2,2007-05-26,2013/INMET_NE_CE_A314_GUARAMIRANGA_01-01-2013_A_31-12-2013.CSV,8760,8760,8745,0,2013-01-01T00:00:00,2013-12-31T23:00:00,0.0,-4.26111111,-38.19749999
2014,A314,GUARAMIRANGA,NE,CE,-4.26111111,-38.19749999,38.2,2007-05-26,2014/INMET_NE_CE_A314_GUARAMIRANGA_01-01-2014_A_31-12-2014.CSV,8760,8760,8760,0,2014-01-01T00:00:00,2014-12-31T23:00:00,0.0,-4.26111111,-38.19749999
2015,A314,GUARAMIRANGA,NE,CE,-4.26111111,-38.19749999,38.2,2007-05-26,2015/INMET_NE_CE_A314_GUARAMIRANGA_01-01-2015_A_31-12-2015.CSV,8760,8760,8759,0,2015-01-01T00:00:00,2015-12-31T23:00:00,0.0,-4.26111111,-38.19749999
2016,A314,GUARAMIRANGA,NE,CE,-4.26111111,-38.19749999,38.2,2007-05-26,2016/INMET_NE_CE_A314_GUARAMIRANGA_01-01-2016_A_31-12-2016.CSV,8784,8784,8630,0,2016-01-01T00:00:00,2016-12-31T23:00:00,0.0,-4.26111111,-38.19749999
2017,A314,GUARAMIRANGA,NE,CE,-4.26111111,-38.19749999,38.2,2007-05-26,2017/INMET_NE_CE_A314_GUARAMIRANGA_01-01-2017_A_31-12-2017.CSV,8760,8760,8049,0,2017-01-01T00:00:00,2017-12-31T23:00:00,0.0,-4.26111111,-38.19749999
2018,A314,GUARAMIRANGA,NE,CE,-4.26111111,-38.19749999,38.2,2007-05-26,2018/INMET_NE_CE_A314_GUARAMIRANGA_01-01-2018_A_31-12-2018.CSV,8760,8760,8463,0,2018-01-01T00:00:00,2018-12-31T23:00:00,0.0,-4.26111111,-38.19749999
2019,A314,,,CE,-4.261351,-38.931068,865.53,26/05/07,2019/INMET_NE_CE_A314_GUARAMIRANGA_01-01-2019_A_31-12-2019.CSV,8760,8760,6316,0,2019-01-01T00:00:00,2019-12-31T23:00:00,81.34366847002013,-4.26111111,-38.19749999
2020,A314,GUARAMIRANGA,NE,CE,-4.261351,-38.931068,865.53,26/05/07,INMET_NE_CE_A314_GUARAMIRANGA_01-01-2020_A_31-12-2020.CSV,8784,8784,2115,0,2020-01-01T00:00:00,2020-12-31T23:00:00,81.34366847002013,-4.26111111,-38.19749999
2021,A314,GUARAMIRANGA,NE,CE,-4.26138888,-38.9311111,865.53,26/05/07,INMET_NE_CE_A314_GUARAMIRANGA_01-01-2021_A_31-12-2021.CSV,8760,8760,533,0,2021-01-01T00:00:00,2021-12-31T23:00:00,81.34844721546929,-4.26111111,-38.19749999
2022,A314,GUARAMIRANGA,NE,CE,-4.22916666,-38.95888888,865.53,26/05/07,INMET_NE_CE_A314_GUARAMIRANGA_01-01-2022_A_31-12-2022.CSV,8760,8760,2838,0,2022-01-01T00:00:00,2022-12-31T23:00:00,84.50510577067672,-4.26111111,-38.19749999
2023,A314,GUARAMIRANGA,NE,CE,-4.22916666,-38.95888888,865.53,26/05/07,INMET_NE_CE_A314_GUARAMIRANGA_01-01-2023_A_31-12-2023.CSV,8760,8760,3035,0,2023-01-01T00:00:00,2023-12-31T23:00:00,84.50510577067672,-4.26111111,-38.19749999
2024,A314,GUARAMIRANGA,NE,CE,-4.22916666,-38.95888888,865.53,26/05/07,INMET_NE_CE_A314_GUARAMIRANGA_01-01-2024_A_31-12-2024.CSV,8784,8784,137,0,2024-01-01T00:00:00,2024-12-31T23:00:00,84.50510577067672,-4.26111111,-38.19749999
2025,A314,GUARAMIRANGA,NE,CE,-4.22916666,-38.95888888,865.53,26/05/07,2025/INMET_NE_CE_A314_GUARAMIRANGA_01-01-2025_A_31-12-2025.CSV,8760,8760,0,0,2025-01-01T00:00:00,2025-12-31T23:00:00,84.50510577067672,-4.26111111,-38.19749999
2007,A330,PAULISTANA,NE,PI,-8.07999999,-41.07999999,374.22,2007-08-31,2007/INMET_NE_PI_A330_PAULISTANA_31-08-2007_A_31-12-2007.CSV,2952,2952,2847,0,2007-08-31T00:00:00,2007-12-31T23:00:00,0.0,-8.07999999,-41.07999999
2008,A330,PAULISTANA,NE,PI,-8.07999999,-41.07999999,374.22,2007-08-31,2008/INMET_NE_PI_A330_PAULISTANA_01-01-2008_A_31-12-2008.CSV,8784,8784,8776,0,2008-01-01T00:00:00,2008-12-31T23:00:00,0.0,-8.07999999,-41.07999999
2009,A330,PAULISTANA,NE,PI,-8.07999999,-41.07999999,374.22,2007-08-31,2009/INMET_NE_PI_A330_PAULISTANA_01-01-2009_A_31-12-2009.CSV,8760,8760,8731,0,2009-01-01T00:00:00,2009-12-31T23:00:00,0.0,-8.07999999,-41.07999999
2010,A330,PAULISTANA,NE,PI,-8.07999999,-41.07999999,374.22,2007-08-31,2010/INMET_NE_PI_A330_PAULISTANA_01-01-2010_A_31-12-2010.CSV,8760,8760,8757,0,2010-01-01T00:00:00,2010-12-31T23:00:00,0.0,-8.07999999,-41.07999999
2011,A330,PAULISTANA,NE,PI,-8.07999999,-41.07999999,374.22,2007-08-31,2011/INMET_NE_PI_A330_PAULISTANA_01-01-2011_A_31-12-2011.CSV,8760,8760,8746,0,2011-01-01T00:00:00,2011-12-31T23:00:00,0.0,-8.07999999,-41.07999999
2012,A330,PAULISTANA,NE,PI,-8.07999999,-41.07999999,374.22,2007-08-31,2012/INMET_NE_PI_A330_PAULISTANA_01-01-2012_A_31-12-2012.CSV,8784,8784,8633,0,2012-01-01T00:00:00,2012-12-31T23:00:00,0.0,-8.07999999,-41.07999999
2013,A330,PAULISTANA,NE,PI,-8.07999999,-41.07999999,374.22,2007-08-31,2013/INMET_NE_PI_A330_PAULISTANA_01-01-2013_A_31-12-2013.CSV,8760,8760,8016,0,2013-01-01T00:00:00,2013-12-31T23:00:00,0.0,-8.07999999,-41.07999999
2014,A330,PAULISTANA,NE,PI,-8.07999999,-41.07999999,374.22,2007-08-31,2014/INMET_NE_PI_A330_PAULISTANA_01-01-2014_A_31-12-2014.CSV,8760,8760,7941,0,2014-01-01T00:00:00,2014-12-31T23:00:00,0.0,-8.07999999,-41.07999999
2015,A330,PAULISTANA,NE,PI,-8.07999999,-41.07999999,374.22,2007-08-31,2015/INMET_NE_PI_A330_PAULISTANA_01-01-2015_A_31-12-2015.CSV,8760,8760,8135,0,2015-01-01T00:00:00,2015-12-31T23:00:00,0.0,-8.07999999,-41.07999999
2016,A330,PAULISTANA,NE,PI,-8.07999999,-41.07999999,374.22,2007-08-31,2016/INMET_NE_PI_A330_PAULISTANA_01-01-2016_A_31-12-2016.CSV,8784,8784,8228,0,2016-01-01T00:00:00,2016-12-31T23:00:00,0.0,-8.07999999,-41.07999999
2017,A330,PAULISTANA,NE,PI,-8.07999999,-41.07999999,374.22,2007-08-31,2017/INMET_NE_PI_A330_PAULISTANA_01-01-2017_A_31-12-2017.CSV,8760,8760,7574,0,2017-01-01T00:00:00,2017-12-31T23:00:00,0.0,-8.07999999,-41.07999999
2018,A330,PAULISTANA,NE,PI,-8.07999999,-41.07999999,374.22,2007-08-31,2018/INMET_NE_PI_A330_PAULISTANA_01-01-2018_A_31-12-2018.CSV,8760,8760,8760,0,2018-01-01T00:00:00,2018-12-31T23:00:00,0.0,-8.07999999,-41.07999999
2019,A330,,,PI,-8.132288,-41.142945,376.0,31/08/07,2019/INMET_NE_PI_A330_PAULISTANA_01-01-2019_A_31-12-2019.CSV,8760,8760,8635,0,2019-01-01T00:00:00,2019-12-31T23:00:00,9.045384353425334,-8.07999999,-41.07999999
2020,A330,PAULISTANA,NE,PI,-8.132288,-41.142945,376.0,31/08/07,INMET_NE_PI_A330_PAULISTANA_01-01-2020_A_31-12-2020.CSV,8784,8784,7768,0,2020-01-01T00:00:00,2020-12-31T23:00:00,9.045384353425334,-8.07999999,-41.07999999
2021,A330,PAULISTANA,NE,PI,-8.132288,-41.142945,376.0,31/08/07,INMET_NE_PI_A330_PAULISTANA_01-01-2021_A_31-12-2021.CSV,8760,8760,4507,0,2021-01-01T00:00:00,2021-12-31T23:00:00,9.045384353425334,-8.07999999,-41.07999999
2022,A330,PAULISTANA,NE,PI,-8.132288,-41.142945,376.0,31/08/07,INMET_NE_PI_A330_PAULISTANA_01-01-2022_A_31-12-2022.CSV,8760,8760,3829,0,2022-01-01T00:00:00,2022-12-31T23:00:00,9.045384353425334,-8.07999999,-41.07999999
2023,A330,PAULISTANA,NE,PI,-8.132288,-41.142945,376.0,31/08/07,INMET_NE_PI_A330_PAULISTANA_01-01-2023_A_31-12-2023.CSV,8760,8760,7118,0,2023-01-01T00:00:00,2023-12-31T23:00:00,9.045384353425334,-8.07999999,-41.07999999
2024,A330,PAULISTANA,NE,PI,-8.132288,-41.142945,376.0,31/08/07,INMET_NE_PI_A330_PAULISTANA_01-01-2024_A_31-12-2024.CSV,8784,8784,8784,0,2024-01-01T00:00:00,2024-12-31T23:00:00,9.045384353425334,-8.07999999,-41.07999999
2025,A330,PAULISTANA,NE,PI,-8.13222221,-41.14305555,376.0,31/08/07,2025/INMET_NE_PI_A330_PAULISTANA_01-01-2025_A_31-12-2025.CSV,8760,8760,8736,0,2025-01-01T00:00:00,2025-12-31T23:00:00,9.050015201446447,-8.07999999,-41.07999999
2007,A332,MORADA NOVA,NE,CE,-5.13638888,-38.35638888,43.6,2007-08-24,2007/INMET_NE_CE_A332_MORADA NOVA_24-08-2007_A_31-12-2007.CSV,3120,3120,3028,0,2007-08-24T00:00:00,2007-12-31T23:00:00,0.0,-5.13638888,-38.35638888
2008,A332,MORADA NOVA,NE,CE,-5.13638888,-38.35638888,43.6,2007-08-24,2008/INMET_NE_CE_A332_MORADA NOVA_01-01-2008_A_31-12-2008.CSV,8784,8784,8534,0,2008-01-01T00:00:00,2008-12-31T23:00:00,0.0,-5.13638888,-38.35638888
2009,A332,MORADA NOVA,NE,CE,-5.13638888,-38.35638888,43.6,2007-08-24,2009/INMET_NE_CE_A332_MORADA NOVA_01-01-2009_A_31-12-2009.CSV,8760,8760,6485,0,2009-01-01T00:00:00,2009-12-31T23:00:00,0.0,-5.13638888,-38.35638888
2010,A332,MORADA NOVA,NE,CE,-5.13638888,-38.35638888,43.6,2007-08-24,2010/INMET_NE_CE_A332_MORADA NOVA_01-01-2010_A_31-12-2010.CSV,8760,8760,8757,0,2010-01-01T00:00:00,2010-12-31T23:00:00,0.0,-5.13638888,-38.35638888
2011,A332,MORADA NOVA,NE,CE,-5.13638888,-38.35638888,43.6,2007-08-24,2011/INMET_NE_CE_A332_MORADA NOVA_01-01-2011_A_31-12-2011.CSV,8760,8760,7166,0,2011-01-01T00:00:00,2011-12-31T23:00:00,0.0,-5.13638888,-38.35638888
2012,A332,MORADA NOVA,NE,CE,-5.13638888,-38.35638888,43.6,2007-08-24,2012/INMET_NE_CE_A332_MORADA NOVA_01-01-2012_A_31-12-2012.CSV,8784,8784,7123,0,2012-01-01T00:00:00,2012-12-31T23:00:00,0.0,-5.13638888,-38.35638888
2013,A332,MORADA NOVA,NE,CE,-5.13638888,-38.35638888,43.6,2007-08-24,2013/INMET_NE_CE_A332_MORADA NOVA_01-01-2013_A_31-12-2013.CSV,8760,8760,7950,0,2013-01-01T00:00:00,2013-12-31T23:00:00,0.0,-5.13638888,-38.35638888
2014,A332,MORADA NOVA,NE,CE,-5.13638888,-38.35638888,43.6,2007-08-24,2014/INMET_NE_CE_A332_MORADA NOVA_01-01-2014_A_31-12-2014.CSV,8760,8760,8758,0,2014-01-01T00:00:00,2014-12-31T23:00:00,0.0,-5.13638888,-38.35638888
2015,A332,MORADA NOVA,NE,CE,-5.13638888,-38.35638888,43.6,2007-08-24,2015/INMET_NE_CE_A332_MORADA NOVA_01-01-2015_A_31-12-2015.CSV,8760,8760,7340,0,2015-01-01T00:00:00,2015-12-31T23:00:00,0.0,-5.13638888,-38.35638888
2016,A332,MORADA NOVA,NE,CE,-5.13638888,-38.35638888,43.6,2007-08-24,2016/INMET_NE_CE_A332_MORADA NOVA_01-01-2016_A_31-12-2016.CSV,8784,8784,8153,0,2016-01-01T00:00:00,2016-12-31T23:00:00,0.0,-5.13638888,-38.35638888
2017,A332,MORADA NOVA,NE,CE,-5.13638888,-38.35638888,43.6,2007-08-24,2017/INMET_NE_CE_A332_MORADA NOVA_01-01-2017_A_31-12-2017.CSV,8760,8760,8760,0,2017-01-01T00:00:00,2017-12-31T23:00:00,0.0,-5.13638888,-38.35638888
2018,A332,MORADA NOVA,NE,CE,-5.13638888,-38.35638888,43.6,2007-08-24,2018/INMET_NE_CE_A332_MORADA NOVA_01-01-2018_A_31-12-2018.CSV,8760,8760,8759,0,2018-01-01T00:00:00,2018-12-31T23:00:00,0.0,-5.13638888,-38.35638888
2019,A332,,,CE,-5.136689,-38.35659,45.03,24/08/07,2019/INMET_NE_CE_A332_MORADA NOVA_01-01-2019_A_31-12-2019.CSV,8760,8760,8243,0,2019-01-01T00:00:00,2019-12-31T23:00:00,0.04012232939675706,-5.13638888,-38.35638888
2020,A332,MORADA NOVA,NE,CE,-5.13666666,-38.35666666,45.03,24/08/07,INMET_NE_CE_A332_MORADA NOVA_01-01-2020_A_31-12-2020.CSV,8784,8784,8783,0,2020-01-01T00:00:00,2020-12-31T23:00:00,0.04359428150713434,-5.13638888,-38.35638888
2021,A332,MORADA NOVA,NE,CE,-5.13666666,-38.35666666,45.03,24/08/07,INMET_NE_CE_A332_MORADA NOVA_01-01-2021_A_31-12-2021.CSV,8760,8760,8738,0,2021-01-01T00:00:00,2021-12-31T23:00:00,0.04359428150713434,-5.13638888,-38.35638888
2022,A332,MORADA NOVA,NE,CE,-5.0911111,-38.36472222,92.0,24/08/07,INMET_NE_CE_A332_MORADA NOVA_01-01-2022_A_31-12-2022.CSV,8760,8760,8605,0,2022-01-01T00:00:00,2022-12-31T23:00:00,5.118562333573931,-5.13638888,-38.35638888
2023,A332,MORADA NOVA,NE,CE,-5.0911111,-38.36472222,93.0,24/08/07,INMET_NE_CE_A332_MORADA NOVA_01-01-2023_A_31-12-2023.CSV,8760,8760,8712,0,2023-01-01T00:00:00,2023-12-31T23:00:00,5.118562333573931,-5.13638888,-38.35638888
2024,A332,MORADA NOVA,NE,CE,-5.0911111,-38.36472222,93.0,24/08/07,INMET_NE_CE_A332_MORADA NOVA_01-01-2024_A_31-12-2024.CSV,8784,8784,8781,0,2024-01-01T00:00:00,2024-12-31T23:00:00,5.118562333573931,-5.13638888,-38.35638888
2025,A332,MORADA NOVA,NE,CE,-5.0911111,-38.36472222,93.0,24/08/07,2025/INMET_NE_CE_A332_MORADA NOVA_01-01-2025_A_31-12-2025.CSV,8760,8760,8743,0,2025-01-01T00:00:00,2025-12-31T23:00:00,5.118562333573931,-5.13638888,-38.35638888
2007,A333,SAO GONCALO,NE,PB,-6.75666666,-38.22749999,233.06,2007-11-06,2007/INMET_NE_PB_A333_SAO GONCALO_06-11-2007_A_31-12-2007.CSV,1344,1344,775,0,2007-11-06T00:00:00,2007-12-31T23:00:00,0.0,-6.75666666,-38.22749999
2008,A333,SAO GONCALO,NE,PB,-6.75666666,-38.22749999,233.06,2007-11-06,2008/INMET_NE_PB_A333_SAO GONCALO_01-01-2008_A_31-12-2008.CSV,8784,8784,7908,0,2008-01-01T00:00:00,2008-12-31T23:00:00,0.0,-6.75666666,-38.22749999
2009,A333,SAO GONCALO,NE,PB,-6.75666666,-38.22749999,233.06,2007-11-06,2009/INMET_NE_PB_A333_SAO GONCALO_01-01-2009_A_31-12-2009.CSV,8760,8760,2841,0,2009-01-01T00:00:00,2009-12-31T23:00:00,0.0,-6.75666666,-38.22749999
2010,A333,SAO GONCALO,NE,PB,-6.75666666,-38.22749999,233.06,2007-11-06,2010/INMET_NE_PB_A333_SAO GONCALO_01-01-2010_A_31-12-2010.CSV,8760,8760,8633,0,2010-01-01T00:00:00,2010-12-31T23:00:00,0.0,-6.75666666,-38.22749999
2011,A333,SAO GONCALO,NE,PB,-6.75666666,-38.22749999,233.06,2007-11-06,2011/INMET_NE_PB_A333_SAO GONCALO_01-01-2011_A_31-12-2011.CSV,8760,8760,5463,0,2011-01-01T00:00:00,2011-12-31T23:00:00,0.0,-6.75666666,-38.22749999
2012,A333,SAO GONCALO,NE,PB,-6.75666666,-38.22749999,233.06,2007-11-06,2012/INMET_NE_PB_A333_SAO GONCALO_01-01-2012_A_31-12-2012.CSV,8784,8784,8780,0,2012-01-01T00:00:00,2012-12-31T23:00:00,0.0,-6.75666666,-38.22749999
2013,A333,SAO GONCALO,NE,PB,-6.75666666,-38.22749999,233.06,2007-11-06,2013/INMET_NE_PB_A333_SAO GONCALO_01-01-2013_A_31-12-2013.CSV,8760,8760,8639,0,2013-01-01T00:00:00,2013-12-31T23:00:00,0.0,-6.75666666,-38.22749999
2014,A333,SAO GONCALO,NE,PB,-6.75666666,-38.22749999,233.06,2007-11-06,2014/INMET_NE_PB_A333_SAO GONCALO_01-01-2014_A_31-12-2014.CSV,8760,8760,8760,0,2014-01-01T00:00:00,2014-12-31T23:00:00,0.0,-6.75666666,-38.22749999
2015,A333,SAO GONCALO,NE,PB,-6.75666666,-38.22749999,233.06,2007-11-06,2015/INMET_NE_PB_A333_SAO GONCALO_01-01-2015_A_31-12-2015.CSV,8760,8760,8758,0,2015-01-01T00:00:00,2015-12-31T23:00:00,0.0,-6.75666666,-38.22749999
2016,A333,SAO GONCALO,NE,PB,-6.75666666,-38.22749999,233.06,2007-11-06,2016/INMET_NE_PB_A333_SAO GONCALO_01-01-2016_A_31-12-2016.CSV,8784,8784,7599,0,2016-01-01T00:00:00,2016-12-31T23:00:00,0.0,-6.75666666,-38.22749999
2017,A333,SAO GONCALO,NE,PB,-6.75666666,-38.22749999,233.06,2007-11-06,2017/INMET_NE_PB_A333_SAO GONCALO_01-01-2017_A_31-12-2017.CSV,8760,8760,8760,0,2017-01-01T00:00:00,2017-12-31T23:00:00,0.0,-6.75666666,-38.22749999
2018,A333,SAO GONCALO,NE,PB,-6.75666666,-38.22749999,233.06,2007-11-06,2018/INMET_NE_PB_A333_SAO GONCALO_01-01-2018_A_31-12-2018.CSV,8760,8760,8760,0,2018-01-01T00:00:00,2018-12-31T23:00:00,0.0,-6.75666666,-38.22749999
2019,A333,,,PB,-6.835777,-38.311583,237.04,06/11/07,2019/INMET_NE_PB_A333_SAO GONCALO_01-01-2019_A_31-12-2019.CSV,8760,8760,8193,0,2019-01-01T00:00:00,2019-12-31T23:00:00,12.789556276345968,-6.75666666,-38.22749999
2020,A333,SAO GONCALO,NE,PB,-6.835777,-38.311583,237.04,06/11/07,INMET_NE_PB_A333_SAO GONCALO_01-01-2020_A_31-12-2020.CSV,8784,8784,8783,0,2020-01-01T00:00:00,2020-12-31T23:00:00,12.789556276345968,-6.75666666,-38.22749999
2021,A333,SAO GONCALO,NE,PB,-6.835777,-38.311583,237.04,06/11/07,INMET_NE_PB_A333_SAO GONCALO_01-01-2021_A_31-12-2021.CSV,8760,8760,8759,0,2021-01-01T00:00:00,2021-12-31T23:00:00,12.789556276345968,-6.75666666,-38.22749999
2022,A333,SAO GONCALO,NE,PB,-6.835777,-38.311583,237.04,06/11/07,INMET_NE_PB_A333_SAO GONCALO_01-01-2022_A_31-12-2022.CSV,8760,8760,8760,0,2022-01-01T00:00:00,2022-12-31T23:00:00,12.789556276345968,-6.75666666,-38.22749999
2023,A333,SAO GONCALO,NE,PB,-6.835777,-38.311583,237.04,06/11/07,INMET_NE_PB_A333_SAO GONCALO_01-01-2023_A_31-12-2023.CSV,8760,8760,7322,0,2023-01-01T00:00:00,2023-12-31T23:00:00,12.789556276345968,-6.75666666,-38.22749999
2024,A333,SAO GONCALO,NE,PB,-6.835777,-38.311583,237.04,06/11/07,INMET_NE_PB_A333_SAO GONCALO_01-01-2024_A_31-12-2024.CSV,8784,8784,8784,0,2024-01-01T00:00:00,2024-12-31T23:00:00,12.789556276345968,-6.75666666,-38.22749999
2025,A333,SAO GONCALO,NE,PB,-6.83583333,-38.31166666,237.04,06/11/07,2025/INMET_NE_PB_A333_SAO GONCALO_01-01-2025_A_31-12-2025.CSV,8760,8760,8742,0,2025-01-01T00:00:00,2025-12-31T23:00:00,12.800569415575083,-6.75666666,-38.22749999
2007,A336,ALVORADA DO GURGUEIA,NE,PI,-8.44305555,-43.86472222,270.0,2007-11-17,2007/INMET_NE_PI_A336_ALVORADA DO GURGUEIA_17-11-2007_A_31-12-2007.CSV,1080,1080,639,0,2007-11-17T00:00:00,2007-12-31T23:00:00,0.0,-8.44305555,-43.86472222
2008,A336,ALVORADA DO GURGUEIA,NE,PI,-8.44305555,-43.86472222,270.0,2007-11-17,2008/INMET_NE_PI_A336_ALVORADA DO GURGUEIA_01-01-2008_A_31-12-2008.CSV,8784,8784,8201,0,2008-01-01T00:00:00,2008-12-31T23:00:00,0.0,-8.44305555,-43.86472222
2009,A336,ALVORADA DO GURGUEIA,NE,PI,-8.44305555,-43.86472222,270.0,2007-11-17,2009/INMET_NE_PI_A336_ALVORADA DO GURGUEIA_01-01-2009_A_31-12-2009.CSV,8760,8760,8739,0,2009-01-01T00:00:00,2009-12-31T23:00:00,0.0,-8.44305555,-43.86472222
2010,A336,ALVORADA DO GURGUEIA,NE,PI,-8.44305555,-43.86472222,270.0,2007-11-17,2010/INMET_NE_PI_A336_ALVORADA DO GURGUEIA_01-01-2010_A_31-12-2010.CSV,8760,8760,8749,0,2010-01-01T00:00:00,2010-12-31T23:00:00,0.0,-8.44305555,-43.86472222
2011,A336,ALVORADA DO GURGUEIA,NE,PI,-8.44305555,-43.86472222,270.0,2007-11-17,2011/INMET_NE_PI_A336_ALVORADA DO GURGUEIA_01-01-2011_A_31-12-2011.CSV,8760,8760,8460,0,2011-01-01T00:00:00,2011-12-31T23:00:00,0.0,-8.44305555,-43.86472222
2012,A336,ALVORADA DO GURGUEIA,NE,PI,-8.44305555,-43.86472222,270.0,2007-11-17,2012/INMET_NE_PI_A336_ALVORADA DO GURGUEIA_01-01-2012_A_31-12-2012.CSV,8784,8784,8781,0,2012-01-01T00:00:00,2012-12-31T23:00:00,0.0,-8.44305555,-43.86472222
2013,A336,ALVORADA DO GURGUEIA,NE,PI,-8.44305555,-43.86472222,270.0,2007-11-17,2013/INMET_NE_PI_A336_ALVORADA DO GURGUEIA_01-01-2013_A_31-12-2013.CSV,8760,8760,8117,0,2013-01-01T00:00:00,2013-12-31T23:00:00,0.0,-8.44305555,-43.86472222
2014,A336,ALVORADA DO GURGUEIA,NE,PI,-8.44305555,-43.86472222,270.0,2007-11-17,2014/INMET_NE_PI_A336_ALVORADA DO GURGUEIA_01-01-2014_A_31-12-2014.CSV,8760,8760,8286,0,2014-01-01T00:00:00,2014-12-31T23:00:00,0.0,-8.44305555,-43.86472222
2015,A336,ALVORADA DO GURGUEIA,NE,PI,-8.44305555,-43.86472222,270.0,2007-11-17,2015/INMET_NE_PI_A336_ALVORADA DO GURGUEIA_01-01-2015_A_31-12-2015.CSV,8760,8760,7485,0,2015-01-01T00:00:00,2015-12-31T23:00:00,0.0,-8.44305555,-43.86472222
2016,A336,ALVORADA DO GURGUEIA,NE,PI,-8.44305555,-43.86472222,270.0,2007-11-17,2016/INMET_NE_PI_A336_ALVORADA DO GURGUEIA_01-01-2016_A_31-12-2016.CSV,8784,8784,6879,0,2016-01-01T00:00:00,2016-12-31T23:00:00,0.0,-8.44305555,-43.86472222
2017,A336,ALVORADA DO GURGUEIA,NE,PI,-8.44305555,-43.86472222,270.0,2007-11-17,2017/INMET_NE_PI_A336_ALVORADA DO GURGUEIA_01-01-2017_A_31-12-2017.CSV,8760,8760,8760,0,2017-01-01T00:00:00,2017-12-31T23:00:00,0.0,-8.44305555,-43.86472222
2018,A336,ALVORADA DO GURGUEIA,NE,PI,-8.44305555,-43.86472222,270.0,2007-11-17,2018/INMET_NE_PI_A336_ALVORADA DO GURGUEIA_01-01-2018_A_31-12-2018.CSV,8760,8760,8760,0,2018-01-01T00:00:00,2018-12-31T23:00:00,0.0,-8.44305555,-43.86472222
2019,A336,,,PI,-8.44166666,-43.86555555,261.26,17/11/07,2019/INMET_NE_PI_A336_ALVORADA DO GURGUEIA_01-01-2019_A_31-12-2019.CSV,8760,8760,8181,0,2019-01-01T00:00:00,2019-12-31T23:00:00,0.17958904155003985,-8.44305555,-43.86472222
2020,A336,ALVORADA DO GURGUEIA,NE,PI,-8.44166666,-43.86555555,261.26,17/11/07,INMET_NE_PI_A336_ALVORADA DO GURGUEIA_01-01-2020_A_31-12-2020.CSV,8784,8784,8784,0,2020-01-01T00:00:00,2020-12-31T23:00:00,0.17958904155003985,-8.44305555,-43.86472222
2021,A336,ALVORADA DO GURGUEIA,NE,PI,-8.44166666,-43.86555555,261.26,17/11/07,INMET_NE_PI_A336_ALVORADA DO GURGUEIA_01-01-2021_A_31-12-2021.CSV,8760,8760,5873,0,2021-01-01T00:00:00,2021-12-31T23:00:00,0.17958904155003985,-8.44305555,-43.86472222
2022,A336,ALVORADA DO GURGUEIA,NE,PI,-8.44166666,-43.86555555,261.26,17/11/07,INMET_NE_PI_A336_ALVORADA DO GURGUEIA_01-01-2022_A_31-12-2022.CSV,8760,8760,5725,0,2022-01-01T00:00:00,2022-12-31T23:00:00,0.17958904155003985,-8.44305555,-43.86472222
2023,A336,ALVORADA DO GURGUEIA,NE,PI,-8.37638888,-43.85944444,225.0,17/11/07,INMET_NE_PI_A336_ALVORADA DO GURGUEIA_01-01-2023_A_31-12-2023.CSV,8760,8760,4995,0,2023-01-01T00:00:00,2023-12-31T23:00:00,7.435704100918986,-8.44305555,-43.86472222
2024,A336,ALVORADA DO GURGUEIA,NE,PI,-8.37638888,-43.85944444,225.0,17/11/07,INMET_NE_PI_A336_ALVORADA DO GURGUEIA_01-01-2024_A_31-12-2024.CSV,8784,8784,8784,0,2024-01-01T00:00:00,2024-12-31T23:00:00,7.435704100918986,-8.44305555,-43.86472222
2025,A336,ALVORADA DO GURGUEIA,NE,PI,-8.37638888,-43.85944444,225.0,17/11/07,2025/INMET_NE_PI_A336_ALVORADA DO GURGUEIA_01-01-2025_A_31-12-2025.CSV,8760,8760,4920,0,2025-01-01T00:00:00,2025-12-31T23:00:00,7.435704100918986,-8.44305555,-43.86472222
2007,A339,JAGUARUANA,NE,CE,-4.85333333,-37.77694443,12.0,2007-11-10,2007/INMET_NE_CE_A339_JAGUARUANA_10-11-2007_A_31-12-2007.CSV,1248,1248,1158,0,2007-11-10T00:00:00,2007-12-31T23:00:00,0.0,-4.85333333,-37.77694443
2008,A339,JAGUARUANA,NE,CE,-4.85333333,-37.77694443,12.0,2007-11-10,2008/INMET_NE_CE_A339_JAGUARUANA_01-01-2008_A_31-12-2008.CSV,8784,8784,8775,0,2008-01-01T00:00:00,2008-12-31T23:00:00,0.0,-4.85333333,-37.77694443
2009,A339,JAGUARUANA,NE,CE,-4.85333333,-37.77694443,12.0,2007-11-10,2009/INMET_NE_CE_A339_JAGUARUANA_01-01-2009_A_31-12-2009.CSV,8760,8760,8738,0,2009-01-01T00:00:00,2009-12-31T23:00:00,0.0,-4.85333333,-37.77694443
2010,A339,JAGUARUANA,NE,CE,-4.85333333,-37.77694443,12.0,2007-11-10,2010/INMET_NE_CE_A339_JAGUARUANA_01-01-2010_A_31-12-2010.CSV,8760,8760,6695,0,2010-01-01T00:00:00,2010-12-31T23:00:00,0.0,-4.85333333,-37.77694443
2011,A339,JAGUARUANA,NE,CE,-4.85333333,-37.77694443,12.0,2007-11-10,2011/INMET_NE_CE_A339_JAGUARUANA_01-01-2011_A_31-12-2011.CSV,8760,8760,4794,0,2011-01-01T00:00:00,2011-12-31T23:00:00,0.0,-4.85333333,-37.77694443
2012,A339,JAGUARUANA,NE,CE,-4.85333333,-37.77694443,12.0,2007-11-10,2012/INMET_NE_CE_A339_JAGUARUANA_01-01-2012_A_31-12-2012.CSV,8784,8784,8776,0,2012-01-01T00:00:00,2012-12-31T23:00:00,0.0,-4.85333333,-37.77694443
2013,A339,JAGUARUANA,NE,CE,-4.85333333,-37.77694443,12.0,2007-11-10,2013/INMET_NE_CE_A339_JAGUARUANA_01-01-2013_A_31-12-2013.CSV,8760,8760,8743,0,2013-01-01T00:00:00,2013-12-31T23:00:00,0.0,-4.85333333,-37.77694443
2014,A339,JAGUARUANA,NE,CE,-4.85333333,-37.77694443,12.0,2007-11-10,2014/INMET_NE_CE_A339_JAGUARUANA_01-01-2014_A_31-12-2014.CSV,8760,8760,8654,0,2014-01-01T00:00:00,2014-12-31T23:00:00,0.0,-4.85333333,-37.77694443
2015,A339,JAGUARUANA,NE,CE,-4.85333333,-37.77694443,12.0,2007-11-10,2015/INMET_NE_CE_A339_JAGUARUANA_01-01-2015_A_31-12-2015.CSV,8760,8760,7893,0,2015-01-01T00:00:00,2015-12-31T23:00:00,0.0,-4.85333333,-37.77694443
2016,A339,JAGUARUANA,NE,CE,-4.85333333,-37.77694443,12.0,2007-11-10,2016/INMET_NE_CE_A339_JAGUARUANA_01-01-2016_A_31-12-2016.CSV,8784,8784,7909,0,2016-01-01T00:00:00,2016-12-31T23:00:00,0.0,-4.85333333,-37.77694443
2017,A339,JAGUARUANA,NE,CE,-4.85333333,-37.77694443,12.0,2007-11-10,2017/INMET_NE_CE_A339_JAGUARUANA_01-01-2017_A_31-12-2017.CSV,8760,8760,7819,0,2017-01-01T00:00:00,2017-12-31T23:00:00,0.0,-4.85333333,-37.77694443
2018,A339,JAGUARUANA,NE,CE,-4.85333333,-37.77694443,12.0,2007-11-10,2018/INMET_NE_CE_A339_JAGUARUANA_01-01-2018_A_31-12-2018.CSV,8760,8760,8759,0,2018-01-01T00:00:00,2018-12-31T23:00:00,0.0,-4.85333333,-37.77694443
2019,A339,,,CE,-4.78694444,-37.76666666,49.0,10/11/07,2019/INMET_NE_CE_A339_JAGUARUANA_01-01-2019_A_31-12-2019.CSV,8760,8760,7600,0,2019-01-01T00:00:00,2019-12-31T23:00:00,7.469439128415968,-4.85333333,-37.77694443
2020,A339,JAGUARUANA,NE,CE,-4.78694444,-37.76666666,49.0,10/11/07,INMET_NE_CE_A339_JAGUARUANA_01-01-2020_A_31-12-2020.CSV,8784,8784,8782,0,2020-01-01T00:00:00,2020-12-31T23:00:00,7.469439128415968,-4.85333333,-37.77694443
2021,A339,JAGUARUANA,NE,CE,-4.78694444,-37.76666666,49.0,10/11/07,INMET_NE_CE_A339_JAGUARUANA_01-01-2021_A_31-12-2021.CSV,8760,8760,8742,0,2021-01-01T00:00:00,2021-12-31T23:00:00,7.469439128415968,-4.85333333,-37.77694443
2022,A339,JAGUARUANA,NE,CE,-4.78694444,-37.76666666,49.0,10/11/07,INMET_NE_CE_A339_JAGUARUANA_01-01-2022_A_31-12-2022.CSV,8760,8760,4029,0,2022-01-01T00:00:00,2022-12-31T23:00:00,7.469439128415968,-4.85333333,-37.77694443
2023,A339,JAGUARUANA,NE,CE,-4.83777777,-37.69972221,12.0,10/11/07,INMET_NE_CE_A339_JAGUARUANA_01-01-2023_A_31-12-2023.CSV,8760,8760,3226,0,2023-01-01T00:00:00,2023-12-31T23:00:00,8.729130749793704,-4.85333333,-37.77694443
2024,A339,JAGUARUANA,NE,CE,-4.83777777,-37.69972221,12.0,10/11/07,INMET_NE_CE_A339_JAGUARUANA_01-01-2024_A_31-12-2024.CSV,8784,8784,8784,0,2024-01-01T00:00:00,2024-12-31T23:00:00,8.729130749793704,-4.85333333,-37.77694443
2025,A339,JAGUARUANA,NE,CE,-4.83777777,-37.69972221,12.0,10/11/07,2025/INMET_NE_CE_A339_JAGUARUANA_01-01-2025_A_31-12-2025.CSV,8760,8760,6950,0,2025-01-01T00:00:00,2025-12-31T23:00:00,8.729130749793704,-4.85333333,-37.77694443
2007,A341,CARUARU,NE,PE,-8.2361111,-35.98583333,550.0,2007-11-21,2007/INMET_NE_PE_A341_CARUARU_21-11-2007_A_31-12-2007.CSV,984,984,404,0,2007-11-21T00:00:00,2007-12-31T23:00:00,0.0,-8.2361111,-35.98583333
2008,A341,CARUARU,NE,PE,-8.2361111,-35.98583333,550.0,2007-11-21,2008/INMET_NE_PE_A341_CARUARU_01-01-2008_A_31-12-2008.CSV,8784,8784,8275,0,2008-01-01T00:00:00,2008-12-31T23:00:00,0.0,-8.2361111,-35.98583333
2009,A341,CARUARU,NE,PE,-8.2361111,-35.98583333,550.0,2007-11-21,2009/INMET_NE_PE_A341_CARUARU_01-01-2009_A_31-12-2009.CSV,8760,8760,8738,0,2009-01-01T00:00:00,2009-12-31T23:00:00,0.0,-8.2361111,-35.98583333
2010,A341,CARUARU,NE,PE,-8.2361111,-35.98583333,550.0,2007-11-21,2010/INMET_NE_PE_A341_CARUARU_01-01-2010_A_31-12-2010.CSV,8760,8760,8747,0,2010-01-01T00:00:00,2010-12-31T23:00:00,0.0,-8.2361111,-35.98583333
2011,A341,CARUARU,NE,PE,-8.2361111,-35.98583333,550.0,2007-11-21,2011/INMET_NE_PE_A341_CARUARU_01-01-2011_A_31-12-2011.CSV,8760,8760,7001,0,2011-01-01T00:00:00,2011-12-31T23:00:00,0.0,-8.2361111,-35.98583333
2012,A341,CARUARU,NE,PE,-8.2361111,-35.98583333,550.0,2007-11-21,2012/INMET_NE_PE_A341_CARUARU_01-01-2012_A_31-12-2012.CSV,8784,8784,8780,0,2012-01-01T00:00:00,2012-12-31T23:00:00,0.0,-8.2361111,-35.98583333
2013,A341,CARUARU,NE,PE,-8.2361111,-35.98583333,550.0,2007-11-21,2013/INMET_NE_PE_A341_CARUARU_01-01-2013_A_31-12-2013.CSV,8760,8760,8366,0,2013-01-01T00:00:00,2013-12-31T23:00:00,0.0,-8.2361111,-35.98583333
2014,A341,CARUARU,NE,PE,-8.2361111,-35.98583333,550.0,2007-11-21,2014/INMET_NE_PE_A341_CARUARU_01-01-2014_A_31-12-2014.CSV,8760,8760,7527,0,2014-01-01T00:00:00,2014-12-31T23:00:00,0.0,-8.2361111,-35.98583333
2015,A341,CARUARU,NE,PE,-8.2361111,-35.98583333,550.0,2007-11-21,2015/INMET_NE_PE_A341_CARUARU_01-01-2015_A_31-12-2015.CSV,8760,8760,8759,0,2015-01-01T00:00:00,2015-12-31T23:00:00,0.0,-8.2361111,-35.98583333
2016,A341,CARUARU,NE,PE,-8.2361111,-35.98583333,550.0,2007-11-21,2016/INMET_NE_PE_A341_CARUARU_01-01-2016_A_31-12-2016.CSV,8784,8784,8783,0,2016-01-01T00:00:00,2016-12-31T23:00:00,0.0,-8.2361111,-35.98583333
2017,A341,CARUARU,NE,PE,-8.2361111,-35.98583333,550.0,2007-11-21,2017/INMET_NE_PE_A341_CARUARU_01-01-2017_A_31-12-2017.CSV,8760,8760,8051,0,2017-01-01T00:00:00,2017-12-31T23:00:00,0.0,-8.2361111,-35.98583333
2018,A341,CARUARU,NE,PE,-8.2361111,-35.98583333,550.0,2007-11-21,2018/INMET_NE_PE_A341_CARUARU_01-01-2018_A_31-12-2018.CSV,8760,8760,6580,0,2018-01-01T00:00:00,2018-12-31T23:00:00,0.0,-8.2361111,-35.98583333
2019,A341,,,PE,-8.36527777,-36.02833332,852.0,21/11/07,2019/INMET_NE_PE_A341_CARUARU_01-01-2019_A_31-12-2019.CSV,8760,8760,8760,0,2019-01-01T00:00:00,2019-12-31T23:00:00,15.104790953245802,-8.2361111,-35.98583333
2020,A341,CARUARU,NE,PE,-8.36527777,-36.02833332,852.0,21/11/07,INMET_NE_PE_A341_CARUARU_01-01-2020_A_31-12-2020.CSV,8784,8784,8784,0,2020-01-01T00:00:00,2020-12-31T23:00:00,15.104790953245802,-8.2361111,-35.98583333
2021,A341,CARUARU,NE,PE,-8.36527777,-36.02833332,852.0,21/11/07,INMET_NE_PE_A341_CARUARU_01-01-2021_A_31-12-2021.CSV,8760,8760,597,0,2021-01-01T00:00:00,2021-12-31T23:00:00,15.104790953245802,-8.2361111,-35.98583333
2022,A341,CARUARU,NE,PE,-8.36527777,-36.02833332,852.0,21/11/07,INMET_NE_PE_A341_CARUARU_01-01-2022_A_31-12-2022.CSV,8760,8760,3129,0,2022-01-01T00:00:00,2022-12-31T23:00:00,15.104790953245802,-8.2361111,-35.98583333
2023,A341,CARUARU,NE,PE,-8.36527777,-36.02833332,852.0,21/11/07,INMET_NE_PE_A341_CARUARU_01-01-2023_A_31-12-2023.CSV,8760,8760,5687,0,2023-01-01T00:00:00,2023-12-31T23:00:00,15.104790953245802,-8.2361111,-35.98583333
2024,A341,CARUARU,NE,PE,-8.36527777,-36.02833332,852.0,21/11/07,INMET_NE_PE_A341_CARUARU_01-01-2024_A_31-12-2024.CSV,8784,8784,8215,0,2024-01-01T00:00:00,2024-12-31T23:00:00,15.104790953245802,-8.2361111,-35.98583333
2025,A341,CARUARU,NE,PE,-8.35611111,-36.02833332,837.0,21/11/07,2025/INMET_NE_PE_A341_CARUARU_01-01-2025_A_31-12-2025.CSV,8760,8760,8756,0,2025-01-01T00:00:00,2025-12-31T23:00:00,14.139120587674283,-8.2361111,-35.98583333
2010,A365,CANTO DO BURITI,NE,PI,-8.11777777,-42.00888888,308.0,2010-06-12,2010/INMET_NE_PI_A365_CANTO DO BURITI_12-06-2010_A_31-12-2010.CSV,4872,4872,4755,0,2010-06-12T00:00:00,2010-12-31T23:00:00,0.0,-8.11777777,-42.00888888
2011,A365,CANTO DO BURITI,NE,PI,-8.11777777,-42.00888888,308.0,2010-06-12,2011/INMET_NE_PI_A365_CANTO DO BURITI_01-01-2011_A_31-12-2011.CSV,8760,8760,8752,0,2011-01-01T00:00:00,2011-12-31T23:00:00,0.0,-8.11777777,-42.00888888
2012,A365,CANTO DO BURITI,NE,PI,-8.11777777,-42.00888888,308.0,2010-06-12,2012/INMET_NE_PI_A365_CANTO DO BURITI_01-01-2012_A_31-12-2012.CSV,8784,8784,8781,0,2012-01-01T00:00:00,2012-12-31T23:00:00,0.0,-8.11777777,-42.00888888
2013,A365,CANTO DO BURITI,NE,PI,-8.11777777,-42.00888888,308.0,2010-06-12,2013/INMET_NE_PI_A365_CANTO DO BURITI_01-01-2013_A_31-12-2013.CSV,8760,8760,8346,0,2013-01-01T00:00:00,2013-12-31T23:00:00,0.0,-8.11777777,-42.00888888
2014,A365,CANTO DO BURITI,NE,PI,-8.11777777,-42.00888888,308.0,2010-06-12,2014/INMET_NE_PI_A365_CANTO DO BURITI_01-01-2014_A_31-12-2014.CSV,8760,8760,8079,0,2014-01-01T00:00:00,2014-12-31T23:00:00,0.0,-8.11777777,-42.00888888
2015,A365,CANTO DO BURITI,NE,PI,-8.11777777,-42.00888888,308.0,2010-06-12,2015/INMET_NE_PI_A365_CANTO DO BURITI_01-01-2015_A_31-12-2015.CSV,8760,8760,8759,0,2015-01-01T00:00:00,2015-12-31T23:00:00,0.0,-8.11777777,-42.00888888
2016,A365,CANTO DO BURITI,NE,PI,-8.11777777,-42.00888888,308.0,2010-06-12,2016/INMET_NE_PI_A365_CANTO DO BURITI_01-01-2016_A_31-12-2016.CSV,8784,8784,8284,0,2016-01-01T00:00:00,2016-12-31T23:00:00,0.0,-8.11777777,-42.00888888
2017,A365,CANTO DO BURITI,NE,PI,-8.11777777,-42.00888888,308.0,2010-06-12,2017/INMET_NE_PI_A365_CANTO DO BURITI_01-01-2017_A_31-12-2017.CSV,8760,8760,8684,0,2017-01-01T00:00:00,2017-12-31T23:00:00,0.0,-8.11777777,-42.00888888
2018,A365,CANTO DO BURITI,NE,PI,-8.11777777,-42.00888888,308.0,2010-06-12,2018/INMET_NE_PI_A365_CANTO DO BURITI_01-01-2018_A_31-12-2018.CSV,8760,8760,6773,0,2018-01-01T00:00:00,2018-12-31T23:00:00,0.0,-8.11777777,-42.00888888
2019,A365,,,PI,-8.117939,-42.975721,312.07,12/06/10,2019/INMET_NE_PI_A365_CANTO DO BURITI_01-01-2019_A_31-12-2019.CSV,8760,8760,8760,0,2019-01-01T00:00:00,2019-12-31T23:00:00,106.42969853203786,-8.11777777,-42.00888888
2020,A365,CANTO DO BURITI,NE,PI,-8.117939,-42.975721,312.07,12/06/10,INMET_NE_PI_A365_CANTO DO BURITI_01-01-2020_A_31-12-2020.CSV,8784,8784,7728,0,2020-01-01T00:00:00,2020-12-31T23:00:00,106.42969853203786,-8.11777777,-42.00888888
2021,A365,CANTO DO BURITI,NE,PI,-8.117939,-42.975721,312.07,12/06/10,INMET_NE_PI_A365_CANTO DO BURITI_01-01-2021_A_31-12-2021.CSV,8760,8760,8745,0,2021-01-01T00:00:00,2021-12-31T23:00:00,106.42969853203786,-8.11777777,-42.00888888
2022,A365,CANTO DO BURITI,NE,PI,-8.11805554,-42.97583332,312.07,12/06/10,INMET_NE_PI_A365_CANTO DO BURITI_01-01-2022_A_31-12-2022.CSV,8760,8760,8285,0,2022-01-01T00:00:00,2022-12-31T23:00:00,106.44205033655231,-8.11777777,-42.00888888
2023,A365,CANTO DO BURITI,NE,PI,-8.11805554,-42.97583332,312.07,12/06/10,INMET_NE_PI_A365_CANTO DO BURITI_01-01-2023_A_31-12-2023.CSV,8760,8760,8378,0,2023-01-01T00:00:00,2023-12-31T23:00:00,106.44205033655231,-8.11777777,-42.00888888
2024,A365,CANTO DO BURITI,NE,PI,-8.11805554,-42.97583332,312.07,12/06/10,INMET_NE_PI_A365_CANTO DO BURITI_01-01-2024_A_31-12-2024.CSV,8784,8784,8386,0,2024-01-01T00:00:00,2024-12-31T23:00:00,106.44205033655231,-8.11777777,-42.00888888
2025,A365,CANTO DO BURITI,NE,PI,-8.11805554,-42.97583332,312.07,12/06/10,2025/INMET_NE_PI_A365_CANTO DO BURITI_01-01-2025_A_31-12-2025.CSV,8760,8760,5592,0,2025-01-01T00:00:00,2025-12-31T23:00:00,106.44205033655231,-8.11777777,-42.00888888
2003,A406,CRUZ DAS ALMAS,NE,BA,-12.65,-39.15,225.87,2003-01-19,2003/INMET_NE_BA_A406_CRUZ DAS ALMAS_19-01-2003_A_31-12-2003.CSV,8328,8328,3601,0,2003-01-19T00:00:00,2003-12-31T23:00:00,0.0,-12.65,-39.15
2004,A406,CRUZ DAS ALMAS,NE,BA,-12.65,-39.15,225.87,2003-01-19,2004/INMET_NE_BA_A406_CRUZ DAS ALMAS_01-01-2004_A_31-12-2004.CSV,8784,8784,7664,0,2004-01-01T00:00:00,2004-12-31T23:00:00,0.0,-12.65,-39.15
2005,A406,CRUZ DAS ALMAS,NE,BA,-12.65,-39.15,225.87,2003-01-19,2005/INMET_NE_BA_A406_CRUZ DAS ALMAS_01-01-2005_A_31-12-2005.CSV,8760,8760,6604,0,2005-01-01T00:00:00,2005-12-31T23:00:00,0.0,-12.65,-39.15
2006,A406,CRUZ DAS ALMAS,NE,BA,-12.65,-39.15,225.87,2003-01-19,2006/INMET_NE_BA_A406_CRUZ DAS ALMAS_01-01-2006_A_31-12-2006.CSV,8760,8760,8323,0,2006-01-01T00:00:00,2006-12-31T23:00:00,0.0,-12.65,-39.15
2007,A406,CRUZ DAS ALMAS,NE,BA,-12.65,-39.15,225.87,2003-01-19,2007/INMET_NE_BA_A406_CRUZ DAS ALMAS_01-01-2007_A_31-12-2007.CSV,8760,8760,7601,0,2007-01-01T00:00:00,2007-12-31T23:00:00,0.0,-12.65,-39.15
2008,A406,CRUZ DAS ALMAS,NE,BA,-12.65,-39.15,225.87,2003-01-19,2008/INMET_NE_BA_A406_CRUZ DAS ALMAS_01-01-2008_A_31-12-2008.CSV,8784,8784,6858,0,2008-01-01T00:00:00,2008-12-31T23:00:00,0.0,-12.65,-39.15
2009,A406,CRUZ DAS ALMAS,NE,BA,-12.65,-39.15,225.87,2003-01-19,2009/INMET_NE_BA_A406_CRUZ DAS ALMAS_01-01-2009_A_31-12-2009.CSV,8760,8760,8715,0,2009-01-01T00:00:00,2009-12-31T23:00:00,0.0,-12.65,-39.15
2010,A406,CRUZ DAS ALMAS,NE,BA,-12.65,-39.15,225.87,2003-01-19,2010/INMET_NE_BA_A406_CRUZ DAS ALMAS_01-01-2010_A_31-12-2010.CSV,8760,8760,8537,0,2010-01-01T00:00:00,2010-12-31T23:00:00,0.0,-12.65,-39.15
2011,A406,CRUZ DAS ALMAS,NE,BA,-12.65,-39.15,225.87,2003-01-19,2011/INMET_NE_BA_A406_CRUZ DAS ALMAS_01-01-2011_A_31-12-2011.CSV,8760,8760,8688,0,2011-01-01T00:00:00,2011-12-31T23:00:00,0.0,-12.65,-39.15
2012,A406,CRUZ DAS ALMAS,NE,BA,-12.65,-39.15,225.87,2003-01-19,2012/INMET_NE_BA_A406_CRUZ DAS ALMAS_01-01-2012_A_31-12-2012.CSV,8784,8784,8571,0,2012-01-01T00:00:00,2012-12-31T23:00:00,0.0,-12.65,-39.15
2013,A406,CRUZ DAS ALMAS,NE,BA,-12.65,-39.15,225.87,2003-01-19,2013/INMET_NE_BA_A406_CRUZ DAS ALMAS_01-01-2013_A_31-12-2013.CSV,8760,8760,8737,0,2013-01-01T00:00:00,2013-12-31T23:00:00,0.0,-12.65,-39.15
2014,A406,CRUZ DAS ALMAS,NE,BA,-12.65,-39.15,225.87,2003-01-19,2014/INMET_NE_BA_A406_CRUZ DAS ALMAS_01-01-2014_A_31-12-2014.CSV,8760,8760,8754,0,2014-01-01T00:00:00,2014-12-31T23:00:00,0.0,-12.65,-39.15
2015,A406,CRUZ DAS ALMAS,NE,BA,-12.65,-39.15,225.87,2003-01-19,2015/INMET_NE_BA_A406_CRUZ DAS ALMAS_01-01-2015_A_31-12-2015.CSV,8760,8760,6524,0,2015-01-01T00:00:00,2015-12-31T23:00:00,0.0,-12.65,-39.15
2016,A406,CRUZ DAS ALMAS,NE,BA,-12.65,-39.15,225.87,2003-01-19,2016/INMET_NE_BA_A406_CRUZ DAS ALMAS_01-01-2016_A_31-12-2016.CSV,8784,8784,8782,0,2016-01-01T00:00:00,2016-12-31T23:00:00,0.0,-12.65,-39.15
2017,A406,CRUZ DAS ALMAS,NE,BA,-12.65,-39.15,225.87,2003-01-19,2017/INMET_NE_BA_A406_CRUZ DAS ALMAS_01-01-2017_A_31-12-2017.CSV,8760,8760,8759,0,2017-01-01T00:00:00,2017-12-31T23:00:00,0.0,-12.65,-39.15
2018,A406,CRUZ DAS ALMAS,NE,BA,-12.65,-39.15,225.87,2003-01-19,2018/INMET_NE_BA_A406_CRUZ DAS ALMAS_01-01-2018_A_31-12-2018.CSV,8760,8760,8024,0,2018-01-01T00:00:00,2018-12-31T23:00:00,0.0,-12.65,-39.15
2019,A406,,,BA,-12.675422,-39.08958,219.76,19/01/03,2019/INMET_NE_BA_A406_CRUZ DAS ALMAS_01-01-2019_A_31-12-2019.CSV,8760,8760,6930,0,2019-01-01T00:00:00,2019-12-31T23:00:00,7.13854327769248,-12.65,-39.15
2020,A406,CRUZ DAS ALMAS,NE,BA,-12.67555554,-39.08944444,219.76,19/01/03,INMET_NE_BA_A406_CRUZ DAS ALMAS_01-01-2020_A_31-12-2020.CSV,8784,8784,6924,0,2020-01-01T00:00:00,2020-12-31T23:00:00,7.157930775331779,-12.65,-39.15
2021,A406,CRUZ DAS ALMAS,NE,BA,-12.67555554,-39.08944444,219.76,19/01/03,INMET_NE_BA_A406_CRUZ DAS ALMAS_01-01-2021_A_31-12-2021.CSV,8760,8760,1876,0,2021-01-01T00:00:00,2021-12-31T23:00:00,7.157930775331779,-12.65,-39.15
2022,A406,CRUZ DAS ALMAS,NE,BA,-12.67555554,-39.08944444,219.76,19/01/03,INMET_NE_BA_A406_CRUZ DAS ALMAS_01-01-2022_A_31-12-2022.CSV,8760,8760,8750,0,2022-01-01T00:00:00,2022-12-31T23:00:00,7.157930775331779,-12.65,-39.15
2023,A406,CRUZ DAS ALMAS,NE,BA,-12.67555554,-39.08944444,219.76,19/01/03,INMET_NE_BA_A406_CRUZ DAS ALMAS_01-01-2023_A_31-12-2023.CSV,8760,8760,7970,0,2023-01-01T00:00:00,2023-12-31T23:00:00,7.157930775331779,-12.65,-39.15
2024,A406,CRUZ DAS ALMAS,NE,BA,-12.67555554,-39.08944444,219.76,19/01/03,INMET_NE_BA_A406_CRUZ DAS ALMAS_01-01-2024_A_31-12-2024.CSV,8784,8784,6478,0,2024-01-01T00:00:00,2024-12-31T23:00:00,7.157930775331779,-12.65,-39.15
2025,A406,CRUZ DAS ALMAS,NE,BA,-12.67555554,-39.08944444,219.76,19/01/03,2025/INMET_NE_BA_A406_CRUZ DAS ALMAS_01-01-2025_A_31-12-2025.CSV,8760,8760,7088,0,2025-01-01T00:00:00,2025-12-31T23:00:00,7.157930775331779,-12.65,-39.15
2003,A412,MACAJUBA,NE,BA,-12.11666666,-40.18333333,380.0,2003-02-03,2003/INMET_NE_BA_A412_MACAJUBA_03-02-2003_A_31-12-2003.CSV,7968,7968,7747,0,2003-02-03T00:00:00,2003-12-31T23:00:00,0.0,-12.11666666,-40.18333333
2004,A412,MACAJUBA,NE,BA,-12.11666666,-40.18333333,380.0,2003-02-03,2004/INMET_NE_BA_A412_MACAJUBA_01-01-2004_A_31-12-2004.CSV,8784,8784,8734,0,2004-01-01T00:00:00,2004-12-31T23:00:00,0.0,-12.11666666,-40.18333333
2005,A412,MACAJUBA,NE,BA,-12.11666666,-40.18333333,380.0,2003-02-03,2005/INMET_NE_BA_A412_MACAJUBA_01-01-2005_A_31-12-2005.CSV,8760,8760,7806,0,2005-01-01T00:00:00,2005-12-31T23:00:00,0.0,-12.11666666,-40.18333333
2006,A412,MACAJUBA,NE,BA,-12.11666666,-40.18333333,380.0,2003-02-03,2006/INMET_NE_BA_A412_MACAJUBA_01-01-2006_A_31-12-2006.CSV,8760,8760,7972,0,2006-01-01T00:00:00,2006-12-31T23:00:00,0.0,-12.11666666,-40.18333333
2007,A412,MACAJUBA,NE,BA,-12.11666666,-40.18333333,380.0,2003-02-03,2007/INMET_NE_BA_A412_MACAJUBA_01-01-2007_A_31-12-2007.CSV,8760,8760,7011,0,2007-01-01T00:00:00,2007-12-31T23:00:00,0.0,-12.11666666,-40.18333333
2008,A412,MACAJUBA,NE,BA,-12.11666666,-40.18333333,380.0,2003-02-03,2008/INMET_NE_BA_A412_MACAJUBA_01-01-2008_A_31-12-2008.CSV,8784,8784,8139,0,2008-01-01T00:00:00,2008-12-31T23:00:00,0.0,-12.11666666,-40.18333333
2009,A412,MACAJUBA,NE,BA,-12.11666666,-40.18333333,380.0,2003-02-03,2009/INMET_NE_BA_A412_MACAJUBA_01-01-2009_A_31-12-2009.CSV,8760,8760,8439,0,2009-01-01T00:00:00,2009-12-31T23:00:00,0.0,-12.11666666,-40.18333333
2010,A412,MACAJUBA,NE,BA,-12.11666666,-40.18333333,380.0,2003-02-03,2010/INMET_NE_BA_A412_MACAJUBA_01-01-2010_A_31-12-2010.CSV,8760,8760,6667,0,2010-01-01T00:00:00,2010-12-31T23:00:00,0.0,-12.11666666,-40.18333333
2011,A412,MACAJUBA,NE,BA,-12.11666666,-40.18333333,380.0,2003-02-03,2011/INMET_NE_BA_A412_MACAJUBA_01-01-2011_A_31-12-2011.CSV,8760,8760,3620,0,2011-01-01T00:00:00,2011-12-31T23:00:00,0.0,-12.11666666,-40.18333333
2012,A412,MACAJUBA,NE,BA,-12.11666666,-40.18333333,380.0,2003-02-03,2012/INMET_NE_BA_A412_MACAJUBA_01-01-2012_A_31-12-2012.CSV,8784,8784,8683,0,2012-01-01T00:00:00,2012-12-31T23:00:00,0.0,-12.11666666,-40.18333333
2013,A412,MACAJUBA,NE,BA,-12.11666666,-40.18333333,380.0,2003-02-03,2013/INMET_NE_BA_A412_MACAJUBA_01-01-2013_A_31-12-2013.CSV,8760,8760,8746,0,2013-01-01T00:00:00,2013-12-31T23:00:00,0.0,-12.11666666,-40.18333333
2014,A412,MACAJUBA,NE,BA,-12.11666666,-40.18333333,380.0,2003-02-03,2014/INMET_NE_BA_A412_MACAJUBA_01-01-2014_A_31-12-2014.CSV,8760,8760,8759,0,2014-01-01T00:00:00,2014-12-31T23:00:00,0.0,-12.11666666,-40.18333333
2015,A412,MACAJUBA,NE,BA,-12.11666666,-40.18333333,380.0,2003-02-03,2015/INMET_NE_BA_A412_MACAJUBA_01-01-2015_A_31-12-2015.CSV,8760,8760,8736,0,2015-01-01T00:00:00,2015-12-31T23:00:00,0.0,-12.11666666,-40.18333333
2016,A412,MACAJUBA,NE,BA,-12.11666666,-40.18333333,380.0,2003-02-03,2016/INMET_NE_BA_A412_MACAJUBA_01-01-2016_A_31-12-2016.CSV,8784,8784,8783,0,2016-01-01T00:00:00,2016-12-31T23:00:00,0.0,-12.11666666,-40.18333333
2017,A412,MACAJUBA,NE,BA,-12.11666666,-40.18333333,380.0,2003-02-03,2017/INMET_NE_BA_A412_MACAJUBA_01-01-2017_A_31-12-2017.CSV,8760,8760,7945,0,2017-01-01T00:00:00,2017-12-31T23:00:00,0.0,-12.11666666,-40.18333333
2018,A412,MACAJUBA,NE,BA,-12.11666666,-40.18333333,380.0,2003-02-03,2018/INMET_NE_BA_A412_MACAJUBA_01-01-2018_A_31-12-2018.CSV,8760,8760,8758,0,2018-01-01T00:00:00,2018-12-31T23:00:00,0.0,-12.11666666,-40.18333333
2019,A412,,,BA,-12.131694,-40.354222,338.85,03/02/03,2019/INMET_NE_BA_A412_MACAJUBA_01-01-2019_A_31-12-2019.CSV,8760,8760,8745,0,2019-01-01T00:00:00,2019-12-31T23:00:00,18.653128063246083,-12.11666666,-40.18333333
2020,A412,MACAJUBA,NE,BA,-12.13166666,-40.35416666,338.85,03/02/03,INMET_NE_BA_A412_MACAJUBA_01-01-2020_A_31-12-2020.CSV,8784,8784,8589,0,2020-01-01T00:00:00,2020-12-31T23:00:00,18.646864754102534,-12.11666666,-40.18333333
2021,A412,MACAJUBA,NE,BA,-12.13166666,-40.35416666,338.85,03/02/03,INMET_NE_BA_A412_MACAJUBA_01-01-2021_A_31-12-2021.CSV,8760,8760,3573,0,2021-01-01T00:00:00,2021-12-31T23:00:00,18.646864754102534,-12.11666666,-40.18333333
2022,A412,MACAJUBA,NE,BA,-12.13166666,-40.35416666,338.85,03/02/03,INMET_NE_BA_A412_MACAJUBA_01-01-2022_A_31-12-2022.CSV,8760,8760,0,0,2022-01-01T00:00:00,2022-12-31T23:00:00,18.646864754102534,-12.11666666,-40.18333333
2023,A412,MACAJUBA,NE,BA,-12.13166666,-40.35416666,360.0,03/02/03,INMET_NE_BA_A412_MACAJUBA_01-01-2023_A_31-12-2023.CSV,8760,8760,3179,0,2023-01-01T00:00:00,2023-12-31T23:00:00,18.646864754102534,-12.11666666,-40.18333333
2024,A412,MACAJUBA,NE,BA,-12.13166666,-40.35416666,360.0,03/02/03,INMET_NE_BA_A412_MACAJUBA_01-01-2024_A_31-12-2024.CSV,8784,8784,980,0,2024-01-01T00:00:00,2024-12-31T23:00:00,18.646864754102534,-12.11666666,-40.18333333
2025,A412,MACAJUBA,NE,BA,-12.13166666,-40.35416666,360.0,03/02/03,2025/INMET_NE_BA_A412_MACAJUBA_01-01-2025_A_31-12-2025.CSV,8760,8760,0,0,2025-01-01T00:00:00,2025-12-31T23:00:00,18.646864754102534,-12.11666666,-40.18333333
2007,A418,BOM JESUS DA LAPA,NE,BA,-13.41666666,-43.18416666,440.0,2007-05-18,2007/INMET_NE_BA_A418_BOM JESUS DA LAPA_18-05-2007_A_31-12-2007.CSV,5472,5472,2474,0,2007-05-18T00:00:00,2007-12-31T23:00:00,0.0,-13.41666666,-43.18416666
2008,A418,BOM JESUS DA LAPA,NE,BA,-13.41666666,-43.18416666,440.0,2007-05-18,2008/INMET_NE_BA_A418_BOM JESUS DA LAPA_01-01-2008_A_31-12-2008.CSV,8784,8784,7674,0,2008-01-01T00:00:00,2008-12-31T23:00:00,0.0,-13.41666666,-43.18416666
2009,A418,BOM JESUS DA LAPA,NE,BA,-13.41666666,-43.18416666,440.0,2007-05-18,2009/INMET_NE_BA_A418_BOM JESUS DA LAPA_01-01-2009_A_31-12-2009.CSV,8760,8760,8735,0,2009-01-01T00:00:00,2009-12-31T23:00:00,0.0,-13.41666666,-43.18416666
2010,A418,BOM JESUS DA LAPA,NE,BA,-13.41666666,-43.18416666,440.0,2007-05-18,2010/INMET_NE_BA_A418_BOM JESUS DA LAPA_01-01-2010_A_31-12-2010.CSV,8760,8760,8756,0,2010-01-01T00:00:00,2010-12-31T23:00:00,0.0,-13.41666666,-43.18416666
2011,A418,BOM JESUS DA LAPA,NE,BA,-13.41666666,-43.18416666,440.0,2007-05-18,2011/INMET_NE_BA_A418_BOM JESUS DA LAPA_01-01-2011_A_31-12-2011.CSV,8760,8760,8749,0,2011-01-01T00:00:00,2011-12-31T23:00:00,0.0,-13.41666666,-43.18416666
2012,A418,BOM JESUS DA LAPA,NE,BA,-13.41666666,-43.18416666,440.0,2007-05-18,2012/INMET_NE_BA_A418_BOM JESUS DA LAPA_01-01-2012_A_31-12-2012.CSV,8784,8784,7261,0,2012-01-01T00:00:00,2012-12-31T23:00:00,0.0,-13.41666666,-43.18416666
2013,A418,BOM JESUS DA LAPA,NE,BA,-13.41666666,-43.18416666,440.0,2007-05-18,2013/INMET_NE_BA_A418_BOM JESUS DA LAPA_01-01-2013_A_31-12-2013.CSV,8760,8760,8727,0,2013-01-01T00:00:00,2013-12-31T23:00:00,0.0,-13.41666666,-43.18416666
2014,A418,BOM JESUS DA LAPA,NE,BA,-13.41666666,-43.18416666,440.0,2007-05-18,2014/INMET_NE_BA_A418_BOM JESUS DA LAPA_01-01-2014_A_31-12-2014.CSV,8760,8760,7900,0,2014-01-01T00:00:00,2014-12-31T23:00:00,0.0,-13.41666666,-43.18416666
2015,A418,BOM JESUS DA LAPA,NE,BA,-13.41666666,-43.18416666,440.0,2007-05-18,2015/INMET_NE_BA_A418_BOM JESUS DA LAPA_01-01-2015_A_31-12-2015.CSV,8760,8760,6544,0,2015-01-01T00:00:00,2015-12-31T23:00:00,0.0,-13.41666666,-43.18416666
2016,A418,BOM JESUS DA LAPA,NE,BA,-13.41666666,-43.18416666,440.0,2007-05-18,2016/INMET_NE_BA_A418_BOM JESUS DA LAPA_01-01-2016_A_31-12-2016.CSV,8784,8784,7885,0,2016-01-01T00:00:00,2016-12-31T23:00:00,0.0,-13.41666666,-43.18416666
2017,A418,BOM JESUS DA LAPA,NE,BA,-13.41666666,-43.18416666,440.0,2007-05-18,2017/INMET_NE_BA_A418_BOM JESUS DA LAPA_01-01-2017_A_31-12-2017.CSV,8760,8760,8628,0,2017-01-01T00:00:00,2017-12-31T23:00:00,0.0,-13.41666666,-43.18416666
2018,A418,BOM JESUS DA LAPA,NE,BA,-13.41666666,-43.18416666,440.0,2007-05-18,2018/INMET_NE_BA_A418_BOM JESUS DA LAPA_01-01-2018_A_31-12-2018.CSV,8760,8760,8564,0,2018-01-01T00:00:00,2018-12-31T23:00:00,0.0,-13.41666666,-43.18416666
2019,A418,,,BA,-13.251094,-43.405365,447.75,18/05/07,2019/INMET_NE_BA_A418_BOM JESUS DA LAPA_01-01-2019_A_31-12-2019.CSV,8760,8760,7345,0,2019-01-01T00:00:00,2019-12-31T23:00:00,30.195259461655365,-13.41666666,-43.18416666
2020,A418,BOM JESUS DA LAPA,NE,BA,-13.251094,-43.405365,447.75,18/05/07,INMET_NE_BA_A418_BOM JESUS DA LAPA_01-01-2020_A_31-12-2020.CSV,8784,8784,8175,0,2020-01-01T00:00:00,2020-12-31T23:00:00,30.195259461655365,-13.41666666,-43.18416666
2021,A418,BOM JESUS DA LAPA,NE,BA,-13.25111111,-43.40527777,447.75,18/05/07,INMET_NE_BA_A418_BOM JESUS DA LAPA_01-01-2021_A_31-12-2021.CSV,8760,8760,2044,0,2021-01-01T00:00:00,2021-12-31T23:00:00,30.186618334887395,-13.41666666,-43.18416666
2022,A418,BOM JESUS DA LAPA,NE,BA,-13.25111111,-43.40527777,447.75,18/05/07,INMET_NE_BA_A418_BOM JESUS DA LAPA_01-01-2022_A_31-12-2022.CSV,8760,8760,4286,0,2022-01-01T00:00:00,2022-12-31T23:00:00,30.186618334887395,-13.41666666,-43.18416666
2023,A418,BOM JESUS DA LAPA,NE,BA,-13.25111111,-43.40527777,447.75,18/05/07,INMET_NE_BA_A418_BOM JESUS DA LAPA_01-01-2023_A_31-12-2023.CSV,8760,8760,8387,0,2023-01-01T00:00:00,2023-12-31T23:00:00,30.186618334887395,-13.41666666,-43.18416666
2024,A418,BOM JESUS DA LAPA,NE,BA,-13.25111111,-43.40527777,447.75,18/05/07,INMET_NE_BA_A418_BOM JESUS DA LAPA_01-01-2024_A_31-12-2024.CSV,8784,8784,2497,0,2024-01-01T00:00:00,2024-12-31T23:00:00,30.186618334887395,-13.41666666,-43.18416666
2025,A418,BOM JESUS DA LAPA,NE,BA,-13.25111111,-43.40527777,447.75,18/05/07,2025/INMET_NE_BA_A418_BOM JESUS DA LAPA_01-01-2025_A_31-12-2025.CSV,8760,8760,0,0,2025-01-01T00:00:00,2025-12-31T23:00:00,30.186618334887395,-13.41666666,-43.18416666
2008,A431,CONDE,NE,BA,-11.8,-37.59972221,31.9,2008-04-07,2008/INMET_NE_BA_A431_CONDE_07-04-2008_A_31-12-2008.CSV,6456,6456,6428,0,2008-04-07T00:00:00,2008-12-31T23:00:00,0.0,-11.8,-37.59972221
2009,A431,CONDE,NE,BA,-11.8,-37.59972221,31.9,2008-04-07,2009/INMET_NE_BA_A431_CONDE_01-01-2009_A_31-12-2009.CSV,8760,8760,8735,0,2009-01-01T00:00:00,2009-12-31T23:00:00,0.0,-11.8,-37.59972221
2010,A431,CONDE,NE,BA,-11.8,-37.59972221,31.9,2008-04-07,2010/INMET_NE_BA_A431_CONDE_01-01-2010_A_31-12-2010.CSV,8760,8760,8757,0,2010-01-01T00:00:00,2010-12-31T23:00:00,0.0,-11.8,-37.59972221
2011,A431,CONDE,NE,BA,-11.8,-37.59972221,31.9,2008-04-07,2011/INMET_NE_BA_A431_CONDE_01-01-2011_A_31-12-2011.CSV,8760,8760,7712,0,2011-01-01T00:00:00,2011-12-31T23:00:00,0.0,-11.8,-37.59972221
2012,A431,CONDE,NE,BA,-11.8,-37.59972221,31.9,2008-04-07,2012/INMET_NE_BA_A431_CONDE_01-01-2012_A_31-12-2012.CSV,8784,8784,8781,0,2012-01-01T00:00:00,2012-12-31T23:00:00,0.0,-11.8,-37.59972221
2013,A431,CONDE,NE,BA,-11.8,-37.59972221,31.9,2008-04-07,2013/INMET_NE_BA_A431_CONDE_01-01-2013_A_31-12-2013.CSV,8760,8760,8107,0,2013-01-01T00:00:00,2013-12-31T23:00:00,0.0,-11.8,-37.59972221
2014,A431,CONDE,NE,BA,-11.8,-37.59972221,31.9,2008-04-07,2014/INMET_NE_BA_A431_CONDE_01-01-2014_A_31-12-2014.CSV,8760,8760,6445,0,2014-01-01T00:00:00,2014-12-31T23:00:00,0.0,-11.8,-37.59972221
2015,A431,CONDE,NE,BA,-11.8,-37.59972221,31.9,2008-04-07,2015/INMET_NE_BA_A431_CONDE_01-01-2015_A_31-12-2015.CSV,8760,8760,8443,0,2015-01-01T00:00:00,2015-12-31T23:00:00,0.0,-11.8,-37.59972221
2016,A431,CONDE,NE,BA,-11.8,-37.59972221,31.9,2008-04-07,2016/INMET_NE_BA_A431_CONDE_01-01-2016_A_31-12-2016.CSV,8784,8784,7200,0,2016-01-01T00:00:00,2016-12-31T23:00:00,0.0,-11.8,-37.59972221
2017,A431,CONDE,NE,BA,-11.8,-37.59972221,31.9,2008-04-07,2017/INMET_NE_BA_A431_CONDE_01-01-2017_A_31-12-2017.CSV,8760,8760,5441,0,2017-01-01T00:00:00,2017-12-31T23:00:00,0.0,-11.8,-37.59972221
2018,A431,CONDE,NE,BA,-11.8,-37.59972221,31.9,2008-04-07,2018/INMET_NE_BA_A431_CONDE_01-01-2018_A_31-12-2018.CSV,8760,8760,8660,0,2018-01-01T00:00:00,2018-12-31T23:00:00,0.0,-11.8,-37.59972221
2019,A431,,,BA,-12.035833,-37.683889,31.9,07/04/08,2019/INMET_NE_BA_A431_CONDE_01-01-2019_A_31-12-2019.CSV,8760,8760,8759,0,2019-01-01T00:00:00,2019-12-31T23:00:00,27.776328957568335,-11.8,-37.59972221
2020,A431,CONDE,NE,BA,-12.035833,-37.683889,31.9,07/04/08,INMET_NE_BA_A431_CONDE_01-01-2020_A_31-12-2020.CSV,8784,8784,8734,0,2020-01-01T00:00:00,2020-12-31T23:00:00,27.776328957568335,-11.8,-37.59972221
2021,A431,CONDE,NE,BA,-12.03583333,-37.68388888,31.9,07/04/08,INMET_NE_BA_A431_CONDE_01-01-2021_A_31-12-2021.CSV,8760,8760,2201,0,2021-01-01T00:00:00,2021-12-31T23:00:00,27.776359294507728,-11.8,-37.59972221
2022,A431,CONDE,NE,BA,-12.03583333,-37.68388888,31.9,07/04/08,INMET_NE_BA_A431_CONDE_01-01-2022_A_31-12-2022.CSV,8760,8760,1439,0,2022-01-01T00:00:00,2022-12-31T23:00:00,27.776359294507728,-11.8,-37.59972221
2023,A431,CONDE,NE,BA,-12.03583333,-37.68388888,31.9,07/04/08,INMET_NE_BA_A431_CONDE_01-01-2023_A_31-12-2023.CSV,8760,8760,1728,0,2023-01-01T00:00:00,2023-12-31T23:00:00,27.776359294507728,-11.8,-37.59972221
2024,A431,CONDE,NE,BA,-12.03583333,-37.68388888,31.9,07/04/08,INMET_NE_BA_A431_CONDE_01-01-2024_A_31-12-2024.CSV,8784,8784,8768,0,2024-01-01T00:00:00,2024-12-31T23:00:00,27.776359294507728,-11.8,-37.59972221
2025,A431,CONDE,NE,BA,-12.03583333,-37.68388888,31.9,07/04/08,2025/INMET_NE_BA_A431_CONDE_01-01-2025_A_31-12-2025.CSV,8760,8760,4215,0,2025-01-01T00:00:00,2025-12-31T23:00:00,27.776359294507728,-11.8,-37.59972221
2016,A455,ITAMARAJU,NE,BA,-17.00722222,-39.55138888,110.0,2016-05-28,2016/INMET_NE_BA_A455_ITAMARAJU_28-05-2016_A_31-12-2016.CSV,5232,5232,5122,0,2016-05-28T00:00:00,2016-12-31T23:00:00,0.7095553906863262,-17.00694444,-39.55805555
2017,A455,ITAMARAJU,NE,BA,-17.00722222,-39.55138888,110.0,2016-05-28,2017/INMET_NE_BA_A455_ITAMARAJU_01-01-2017_A_31-12-2017.CSV,8760,8760,8760,0,2017-01-01T00:00:00,2017-12-31T23:00:00,0.7095553906863262,-17.00694444,-39.55805555
2018,A455,ITAMARAJU,NE,BA,-17.00722222,-39.55138888,110.0,2016-05-28,2018/INMET_NE_BA_A455_ITAMARAJU_01-01-2018_A_31-12-2018.CSV,8760,8760,7682,0,2018-01-01T00:00:00,2018-12-31T23:00:00,0.7095553906863262,-17.00694444,-39.55805555
2019,A455,,,BA,-17.436667,-39.550861,110.0,28/05/16,2019/INMET_NE_BA_A455_ITAMARAJU_01-01-2019_A_31-12-2019.CSV,8760,8760,8374,0,2019-01-01T00:00:00,2019-12-31T23:00:00,47.78914398280842,-17.00694444,-39.55805555
2020,A455,ITAMARAJU,NE,BA,-17.00694444,-39.55805555,110.0,28/05/16,INMET_NE_BA_A455_ITAMARAJU_01-01-2020_A_31-12-2020.CSV,8784,8784,5868,0,2020-01-01T00:00:00,2020-12-31T23:00:00,0.0,-17.00694444,-39.55805555
2021,A455,ITAMARAJU,NE,BA,-17.00694444,-39.55805555,110.0,28/05/16,INMET_NE_BA_A455_ITAMARAJU_01-01-2021_A_31-12-2021.CSV,8760,8760,0,0,2021-01-01T00:00:00,2021-12-31T23:00:00,0.0,-17.00694444,-39.55805555
2022,A455,ITAMARAJU,NE,BA,-17.00694444,-39.55805555,110.0,28/05/16,INMET_NE_BA_A455_ITAMARAJU_01-01-2022_A_31-12-2022.CSV,8760,8760,3054,0,2022-01-01T00:00:00,2022-12-31T23:00:00,0.0,-17.00694444,-39.55805555
2023,A455,ITAMARAJU,NE,BA,-17.00694444,-39.55805555,110.0,28/05/16,INMET_NE_BA_A455_ITAMARAJU_01-01-2023_A_31-12-2023.CSV,8760,8760,6967,0,2023-01-01T00:00:00,2023-12-31T23:00:00,0.0,-17.00694444,-39.55805555
2024,A455,ITAMARAJU,NE,BA,-17.00694444,-39.55805555,110.0,28/05/16,INMET_NE_BA_A455_ITAMARAJU_01-01-2024_A_31-12-2024.CSV,8784,8784,3116,0,2024-01-01T00:00:00,2024-12-31T23:00:00,0.0,-17.00694444,-39.55805555
2025,A455,ITAMARAJU,NE,BA,-17.00694444,-39.55805555,110.0,28/05/16,2025/INMET_NE_BA_A455_ITAMARAJU_01-01-2025_A_31-12-2025.CSV,8760,8760,0,0,2025-01-01T00:00:00,2025-12-31T23:00:00,0.0,-17.00694444,-39.55805555
2006,A514,SAO JOAO DEL REI,SE,MG,-21.22638888,-44.97944443,991.0,2006-06-09,2006/INMET_SE_MG_A514_SAO JOAO DEL REI_09-06-2006_A_31-12-2006.CSV,4944,4944,4729,0,2006-06-09T00:00:00,2006-12-31T23:00:00,0.0,-21.22638888,-44.97944443
2007,A514,SAO JOAO DEL REI,SE,MG,-21.22638888,-44.97944443,991.0,2006-06-09,2007/INMET_SE_MG_A514_SAO JOAO DEL REI_01-01-2007_A_31-12-2007.CSV,8760,8760,7708,0,2007-01-01T00:00:00,2007-12-31T23:00:00,0.0,-21.22638888,-44.97944443
2008,A514,SAO JOAO DEL REI,SE,MG,-21.22638888,-44.97944443,991.0,2006-06-09,2008/INMET_SE_MG_A514_SAO JOAO DEL REI_01-01-2008_A_31-12-2008.CSV,8784,8784,8542,0,2008-01-01T00:00:00,2008-12-31T23:00:00,0.0,-21.22638888,-44.97944443
2009,A514,SAO JOAO DEL REI,SE,MG,-21.22638888,-44.97944443,991.0,2006-06-09,2009/INMET_SE_MG_A514_SAO JOAO DEL REI_01-01-2009_A_31-12-2009.CSV,8760,8760,8740,0,2009-01-01T00:00:00,2009-12-31T23:00:00,0.0,-21.22638888,-44.97944443
2010,A514,SAO JOAO DEL REI,SE,MG,-21.22638888,-44.97944443,991.0,2006-06-09,2010/INMET_SE_MG_A514_SAO JOAO DEL REI_01-01-2010_A_31-12-2010.CSV,8760,8760,8751,0,2010-01-01T00:00:00,2010-12-31T23:00:00,0.0,-21.22638888,-44.97944443
2011,A514,SAO JOAO DEL REI,SE,MG,-21.22638888,-44.97944443,991.0,2006-06-09,2011/INMET_SE_MG_A514_SAO JOAO DEL REI_01-01-2011_A_31-12-2011.CSV,8760,8760,8750,0,2011-01-01T00:00:00,2011-12-31T23:00:00,0.0,-21.22638888,-44.97944443
2012,A514,SAO JOAO DEL REI,SE,MG,-21.22638888,-44.97944443,991.0,2006-06-09,2012/INMET_SE_MG_A514_SAO JOAO DEL REI_01-01-2012_A_31-12-2012.CSV,8784,8784,7144,0,2012-01-01T00:00:00,2012-12-31T23:00:00,0.0,-21.22638888,-44.97944443
2013,A514,SAO JOAO DEL REI,SE,MG,-21.22638888,-44.97944443,991.0,2006-06-09,2013/INMET_SE_MG_A514_SAO JOAO DEL REI_01-01-2013_A_31-12-2013.CSV,8760,8760,8465,0,2013-01-01T00:00:00,2013-12-31T23:00:00,0.0,-21.22638888,-44.97944443
2014,A514,SAO JOAO DEL REI,SE,MG,-21.22638888,-44.97944443,991.0,2006-06-09,2014/INMET_SE_MG_A514_SAO JOAO DEL REI_01-01-2014_A_31-12-2014.CSV,8760,8760,7611,0,2014-01-01T00:00:00,2014-12-31T23:00:00,0.0,-21.22638888,-44.97944443
2015,A514,SAO JOAO DEL REI,SE,MG,-21.22638888,-44.97944443,991.0,2006-06-09,2015/INMET_SE_MG_A514_SAO JOAO DEL REI_01-01-2015_A_31-12-2015.CSV,8760,8760,8759,0,2015-01-01T00:00:00,2015-12-31T23:00:00,0.0,-21.22638888,-44.97944443
2016,A514,SAO JOAO DEL REI,SE,MG,-21.22638888,-44.97944443,991.0,2006-06-09,2016/INMET_SE_MG_A514_SAO JOAO DEL REI_01-01-2016_A_31-12-2016.CSV,8784,8784,8782,0,2016-01-01T00:00:00,2016-12-31T23:00:00,0.0,-21.22638888,-44.97944443
2017,A514,SAO JOAO DEL REI,SE,MG,-21.22638888,-44.97944443,991.0,2006-06-09,2017/INMET_SE_MG_A514_SAO JOAO DEL REI_01-01-2017_A_31-12-2017.CSV,8760,8760,7874,0,2017-01-01T00:00:00,2017-12-31T23:00:00,0.0,-21.22638888,-44.97944443
2018,A514,SAO JOAO DEL REI,SE,MG,-21.22638888,-44.97944443,991.0,2006-06-09,2018/INMET_SE_MG_A514_SAO JOAO DEL REI_01-01-2018_A_31-12-2018.CSV,8760,8760,8759,0,2018-01-01T00:00:00,2018-12-31T23:00:00,0.0,-21.22638888,-44.97944443
2019,A514,,,MG,-21.106502,-44.250928,929.88,09/06/06,2019/INMET_SE_MG_A514_SAO JOAO DEL REI_01-01-2019_A_31-12-2019.CSV,8760,8760,8760,0,2019-01-01T00:00:00,2019-12-31T23:00:00,76.70944278611911,-21.22638888,-44.97944443
2020,A514,SAO JOAO DEL REI,SE,MG,-21.106502,-44.250928,929.88,09/06/06,INMET_SE_MG_A514_SAO JOAO DEL REI_01-01-2020_A_31-12-2020.CSV,8784,8784,6876,0,2020-01-01T00:00:00,2020-12-31T23:00:00,76.70944278611911,-21.22638888,-44.97944443
2021,A514,SAO JOAO DEL REI,SE,MG,-21.106502,-44.250928,929.88,09/06/06,INMET_SE_MG_A514_SAO JOAO DEL REI_01-01-2021_A_31-12-2021.CSV,8760,8760,8760,0,2021-01-01T00:00:00,2021-12-31T23:00:00,76.70944278611911,-21.22638888,-44.97944443
2022,A514,SAO JOAO DEL REI,SE,MG,-21.106502,-44.250928,929.88,09/06/06,INMET_SE_MG_A514_SAO JOAO DEL REI_01-01-2022_A_31-12-2022.CSV,8760,8760,8756,0,2022-01-01T00:00:00,2022-12-31T23:00:00,76.70944278611911,-21.22638888,-44.97944443
2023,A514,SAO JOAO DEL REI,SE,MG,-21.10638888,-44.25083333,929.88,09/06/06,INMET_SE_MG_A514_SAO JOAO DEL REI_01-01-2023_A_31-12-2023.CSV,8760,8760,8171,0,2023-01-01T00:00:00,2023-12-31T23:00:00,76.72132509665889,-21.22638888,-44.97944443
2024,A514,SAO JOAO DEL REI,SE,MG,-21.10638888,-44.25083333,929.88,09/06/06,INMET_SE_MG_A514_SAO JOAO DEL REI_01-01-2024_A_31-12-2024.CSV,8784,8784,8784,0,2024-01-01T00:00:00,2024-12-31T23:00:00,76.72132509665889,-21.22638888,-44.97944443
2025,A514,SAO JOAO DEL REI,SE,MG,-21.10638888,-44.25083333,929.88,09/06/06,2025/INMET_SE_MG_A514_SAO JOAO DEL REI_01-01-2025_A_31-12-2025.CSV,8760,8760,8750,0,2025-01-01T00:00:00,2025-12-31T23:00:00,76.72132509665889,-21.22638888,-44.97944443
2007,A526,MONTALVANIA,SE,MG,-15.08583333,-44.01583333,512.0,2007-06-26,2007/INMET_SE_MG_A526_MONTALVANIA_26-06-2007_A_31-12-2007.CSV,4536,4536,4442,0,2007-06-26T00:00:00,2007-12-31T23:00:00,0.0,-15.08583333,-44.01583333
2008,A526,MONTALVANIA,SE,MG,-15.08583333,-44.01583333,512.0,2007-06-26,2008/INMET_SE_MG_A526_MONTALVANIA_01-01-2008_A_31-12-2008.CSV,8784,8784,8777,0,2008-01-01T00:00:00,2008-12-31T23:00:00,0.0,-15.08583333,-44.01583333
2009,A526,MONTALVANIA,SE,MG,-15.08583333,-44.01583333,512.0,2007-06-26,2009/INMET_SE_MG_A526_MONTALVANIA_01-01-2009_A_31-12-2009.CSV,8760,8760,8738,0,2009-01-01T00:00:00,2009-12-31T23:00:00,0.0,-15.08583333,-44.01583333
2010,A526,MONTALVANIA,SE,MG,-15.08583333,-44.01583333,512.0,2007-06-26,2010/INMET_SE_MG_A526_MONTALVANIA_01-01-2010_A_31-12-2010.CSV,8760,8760,8748,0,2010-01-01T00:00:00,2010-12-31T23:00:00,0.0,-15.08583333,-44.01583333
2011,A526,MONTALVANIA,SE,MG,-15.08583333,-44.01583333,512.0,2007-06-26,2011/INMET_SE_MG_A526_MONTALVANIA_01-01-2011_A_31-12-2011.CSV,8760,8760,8748,0,2011-01-01T00:00:00,2011-12-31T23:00:00,0.0,-15.08583333,-44.01583333
2012,A526,MONTALVANIA,SE,MG,-15.08583333,-44.01583333,512.0,2007-06-26,2012/INMET_SE_MG_A526_MONTALVANIA_01-01-2012_A_31-12-2012.CSV,8784,8784,8067,0,2012-01-01T00:00:00,2012-12-31T23:00:00,0.0,-15.08583333,-44.01583333
2013,A526,MONTALVANIA,SE,MG,-15.08583333,-44.01583333,512.0,2007-06-26,2013/INMET_SE_MG_A526_MONTALVANIA_01-01-2013_A_31-12-2013.CSV,8760,8760,8746,0,2013-01-01T00:00:00,2013-12-31T23:00:00,0.0,-15.08583333,-44.01583333
2014,A526,MONTALVANIA,SE,MG,-15.08583333,-44.01583333,512.0,2007-06-26,2014/INMET_SE_MG_A526_MONTALVANIA_01-01-2014_A_31-12-2014.CSV,8760,8760,7881,0,2014-01-01T00:00:00,2014-12-31T23:00:00,0.0,-15.08583333,-44.01583333
2015,A526,MONTALVANIA,SE,MG,-15.08583333,-44.01583333,512.0,2007-06-26,2015/INMET_SE_MG_A526_MONTALVANIA_01-01-2015_A_31-12-2015.CSV,8760,8760,6504,0,2015-01-01T00:00:00,2015-12-31T23:00:00,0.0,-15.08583333,-44.01583333
2016,A526,MONTALVANIA,SE,MG,-15.08583333,-44.01583333,512.0,2007-06-26,2016/INMET_SE_MG_A526_MONTALVANIA_01-01-2016_A_31-12-2016.CSV,8784,8784,7492,0,2016-01-01T00:00:00,2016-12-31T23:00:00,0.0,-15.08583333,-44.01583333
2017,A526,MONTALVANIA,SE,MG,-15.08583333,-44.01583333,512.0,2007-06-26,2017/INMET_SE_MG_A526_MONTALVANIA_01-01-2017_A_31-12-2017.CSV,8760,8760,7881,0,2017-01-01T00:00:00,2017-12-31T23:00:00,0.0,-15.08583333,-44.01583333
2018,A526,MONTALVANIA,SE,MG,-15.08583333,-44.01583333,512.0,2007-06-26,2018/INMET_SE_MG_A526_MONTALVANIA_01-01-2018_A_31-12-2018.CSV,8760,8760,8688,0,2018-01-01T00:00:00,2018-12-31T23:00:00,0.0,-15.08583333,-44.01583333
2019,A526,,,MG,-14.408228,-44.404123,519.52,26/06/07,2019/INMET_SE_MG_A526_MONTALVANIA_01-01-2019_A_31-12-2019.CSV,8760,8760,8730,0,2019-01-01T00:00:00,2019-12-31T23:00:00,86.14185448126315,-15.08583333,-44.01583333
2020,A526,MONTALVANIA,SE,MG,-14.408228,-44.404123,519.52,26/06/07,INMET_SE_MG_A526_MONTALVANIA_01-01-2020_A_31-12-2020.CSV,8784,8784,8730,0,2020-01-01T00:00:00,2020-12-31T23:00:00,86.14185448126315,-15.08583333,-44.01583333
2021,A526,MONTALVANIA,SE,MG,-14.40833333,-44.40416666,519.52,26/06/07,INMET_SE_MG_A526_MONTALVANIA_01-01-2021_A_31-12-2021.CSV,8760,8760,7837,0,2021-01-01T00:00:00,2021-12-31T23:00:00,86.13388140099788,-15.08583333,-44.01583333
2022,A526,MONTALVANIA,SE,MG,-14.40833333,-44.40416666,519.52,26/06/07,INMET_SE_MG_A526_MONTALVANIA_01-01-2022_A_31-12-2022.CSV,8760,8760,8470,0,2022-01-01T00:00:00,2022-12-31T23:00:00,86.13388140099788,-15.08583333,-44.01583333
2023,A526,MONTALVANIA,SE,MG,-14.40833333,-44.40416666,519.52,26/06/07,INMET_SE_MG_A526_MONTALVANIA_01-01-2023_A_31-12-2023.CSV,8760,8760,5830,0,2023-01-01T00:00:00,2023-12-31T23:00:00,86.13388140099788,-15.08583333,-44.01583333
2024,A526,MONTALVANIA,SE,MG,-14.40833333,-44.40416666,519.52,26/06/07,INMET_SE_MG_A526_MONTALVANIA_01-01-2024_A_31-12-2024.CSV,8784,8784,7871,0,2024-01-01T00:00:00,2024-12-31T23:00:00,86.13388140099788,-15.08583333,-44.01583333
2025,A526,MONTALVANIA,SE,MG,-14.40833333,-44.40416666,519.52,26/06/07,2025/INMET_SE_MG_A526_MONTALVANIA_01-01-2025_A_31-12-2025.CSV,8760,8760,7539,0,2025-01-01T00:00:00,2025-12-31T23:00:00,86.13388140099788,-15.08583333,-44.01583333
2017,A566,ARACUAI,SE,MG,-16.84888888,-45.03527777,308.0,2017-05-19,2017/INMET_SE_MG_A566_ARACUAI_19-05-2017_A_31-12-2017.CSV,5448,5448,5278,0,2017-05-19T00:00:00,2017-12-31T23:00:00,319.26220437037983,-16.84888888,-42.03527777
2018,A566,ARACUAI,SE,MG,-16.84888888,-45.03527777,308.0,2017-05-19,2018/INMET_SE_MG_A566_ARACUAI_01-01-2018_A_31-12-2018.CSV,8760,8760,8714,0,2018-01-01T00:00:00,2018-12-31T23:00:00,319.26220437037983,-16.84888888,-42.03527777
2019,A566,,,MG,-16.84888888,-42.44055555,308.0,19/05/17,2019/INMET_SE_MG_A566_ARACUAI_01-01-2019_A_31-12-2019.CSV,8760,8760,8739,0,2019-01-01T00:00:00,2019-12-31T23:00:00,43.13036560578608,-16.84888888,-42.03527777
2020,A566,ARACUAI,SE,MG,-16.84888888,-42.44055555,308.0,19/05/17,INMET_SE_MG_A566_ARACUAI_01-01-2020_A_31-12-2020.CSV,8784,8784,7075,0,2020-01-01T00:00:00,2020-12-31T23:00:00,43.13036560578608,-16.84888888,-42.03527777
2021,A566,ARACUAI,SE,MG,-16.84888888,-42.03527777,308.0,19/05/17,INMET_SE_MG_A566_ARACUAI_01-01-2021_A_31-12-2021.CSV,8760,8760,8616,0,2021-01-01T00:00:00,2021-12-31T23:00:00,0.0,-16.84888888,-42.03527777
2022,A566,ARACUAI,SE,MG,-16.84888888,-42.03527777,308.0,19/05/17,INMET_SE_MG_A566_ARACUAI_01-01-2022_A_31-12-2022.CSV,8760,8760,8594,0,2022-01-01T00:00:00,2022-12-31T23:00:00,0.0,-16.84888888,-42.03527777
2023,A566,ARACUAI,SE,MG,-16.84888888,-42.03527777,308.0,19/05/17,INMET_SE_MG_A566_ARACUAI_01-01-2023_A_31-12-2023.CSV,8760,8760,8184,0,2023-01-01T00:00:00,2023-12-31T23:00:00,0.0,-16.84888888,-42.03527777
2024,A566,ARACUAI,SE,MG,-16.84888888,-42.03527777,308.0,19/05/17,INMET_SE_MG_A566_ARACUAI_01-01-2024_A_31-12-2024.CSV,8784,8784,7159,0,2024-01-01T00:00:00,2024-12-31T23:00:00,0.0,-16.84888888,-42.03527777
2025,A566,ARACUAI,SE,MG,-16.84888888,-42.03527777,308.0,19/05/17,2025/INMET_SE_MG_A566_ARACUAI_01-01-2025_A_31-12-2025.CSV,8760,8760,8588,0,2025-01-01T00:00:00,2025-12-31T23:00:00,0.0,-16.84888888,-42.03527777
2017,A633,VENDA NOVA DO IMIGRANTE,SE,ES,-20.25222222,-41.18999999,722.0,2017-02-10,2017/INMET_SE_ES_A633_VENDA NOVA DO IMIGRANTE_10-02-2017_A_31-12-2017.CSV,7800,7800,7712,0,2017-02-10T00:00:00,2017-12-31T23:00:00,14.826010327153748,-20.38555555,-41.18999999
2018,A633,VENDA NOVA DO IMIGRANTE,SE,ES,-20.25222222,-41.18999999,722.0,2017-02-10,2018/INMET_SE_ES_A633_VENDA NOVA DO IMIGRANTE_01-01-2018_A_31-12-2018.CSV,8760,8760,8726,0,2018-01-01T00:00:00,2018-12-31T23:00:00,14.826010327153748,-20.38555555,-41.18999999
2019,A633,,,ES,-20.385423,-41.189934,722.0,10/02/17,2019/INMET_SE_ES_A633_VENDA NOVA DO IMIGRANTE_01-01-2019_A_31-12-2019.CSV,8760,8760,8744,0,2019-01-01T00:00:00,2019-12-31T23:00:00,0.01626484104846175,-20.38555555,-41.18999999
2020,A633,VENDA NOVA DO IMIGRANTE,SE,ES,-20.38555555,-41.18999999,722.0,10/02/17,INMET_SE_ES_A633_VENDA NOVA DO IMIGRANTE_01-01-2020_A_31-12-2020.CSV,8784,8784,6415,0,2020-01-01T00:00:00,2020-12-31T23:00:00,0.0,-20.38555555,-41.18999999
2021,A633,VENDA NOVA DO IMIGRANTE,SE,ES,-20.38555555,-41.18999999,722.0,10/02/17,INMET_SE_ES_A633_VENDA NOVA DO IMIGRANTE_01-01-2021_A_31-12-2021.CSV,8760,8760,8662,0,2021-01-01T00:00:00,2021-12-31T23:00:00,0.0,-20.38555555,-41.18999999
2022,A633,VENDA NOVA DO IMIGRANTE,SE,ES,-20.38555555,-41.18999999,722.0,10/02/17,INMET_SE_ES_A633_VENDA NOVA DO IMIGRANTE_01-01-2022_A_31-12-2022.CSV,8760,8760,8709,0,2022-01-01T00:00:00,2022-12-31T23:00:00,0.0,-20.38555555,-41.18999999
2023,A633,VENDA NOVA DO IMIGRANTE,SE,ES,-20.38555555,-41.18999999,722.0,10/02/17,INMET_SE_ES_A633_VENDA NOVA DO IMIGRANTE_01-01-2023_A_31-12-2023.CSV,8760,8760,8656,0,2023-01-01T00:00:00,2023-12-31T23:00:00,0.0,-20.38555555,-41.18999999
2024,A633,VENDA NOVA DO IMIGRANTE,SE,ES,-20.38555555,-41.18999999,722.0,10/02/17,INMET_SE_ES_A633_VENDA NOVA DO IMIGRANTE_01-01-2024_A_31-12-2024.CSV,8784,8784,8588,0,2024-01-01T00:00:00,2024-12-31T23:00:00,0.0,-20.38555555,-41.18999999
2025,A633,VENDA NOVA DO IMIGRANTE,SE,ES,-20.38555555,-41.18999999,722.0,10/02/17,2025/INMET_SE_ES_A633_VENDA NOVA DO IMIGRANTE_01-01-2025_A_31-12-2025.CSV,8760,8760,8742,0,2025-01-01T00:00:00,2025-12-31T23:00:00,0.0,-20.38555555,-41.18999999
2001,A702,CAMPO GRANDE,CO,MS,-20.45,-54.6,530.0,2001-09-10,2001/INMET_CO_MS_A702_CAMPO GRANDE_10-09-2001_A_31-12-2001.CSV,2712,2712,2639,0,2001-09-10T00:00:00,2001-12-31T23:00:00,0.0,-20.45,-54.6
2002,A702,CAMPO GRANDE,CO,MS,-20.45,-54.6,530.0,2001-09-10,2002/INMET_CO_MS_A702_CAMPO GRANDE_01-01-2002_A_31-12-2002.CSV,8760,8760,7807,0,2002-01-01T00:00:00,2002-12-31T23:00:00,0.0,-20.45,-54.6
2003,A702,CAMPO GRANDE,CO,MS,-20.45,-54.6,530.0,2001-09-10,2003/INMET_CO_MS_A702_CAMPO GRANDE_01-01-2003_A_31-12-2003.CSV,8760,8760,6266,0,2003-01-01T00:00:00,2003-12-31T23:00:00,0.0,-20.45,-54.6
2004,A702,CAMPO GRANDE,CO,MS,-20.45,-54.6,530.0,2001-09-10,2004/INMET_CO_MS_A702_CAMPO GRANDE_01-01-2004_A_31-12-2004.CSV,8784,8784,8688,0,2004-01-01T00:00:00,2004-12-31T23:00:00,0.0,-20.45,-54.6
2005,A702,CAMPO GRANDE,CO,MS,-20.45,-54.6,530.0,2001-09-10,2005/INMET_CO_MS_A702_CAMPO GRANDE_01-01-2005_A_31-12-2005.CSV,8760,8760,7931,0,2005-01-01T00:00:00,2005-12-31T23:00:00,0.0,-20.45,-54.6
2006,A702,CAMPO GRANDE,CO,MS,-20.45,-54.6,530.0,2001-09-10,2006/INMET_CO_MS_A702_CAMPO GRANDE_01-01-2006_A_31-12-2006.CSV,8760,8760,8451,0,2006-01-01T00:00:00,2006-12-31T23:00:00,0.0,-20.45,-54.6
2007,A702,CAMPO GRANDE,CO,MS,-20.45,-54.6,530.0,2001-09-10,2007/INMET_CO_MS_A702_CAMPO GRANDE_01-01-2007_A_31-12-2007.CSV,8760,8760,7667,0,2007-01-01T00:00:00,2007-12-31T23:00:00,0.0,-20.45,-54.6
2008,A702,CAMPO GRANDE,CO,MS,-20.45,-54.6,530.0,2001-09-10,2008/INMET_CO_MS_A702_CAMPO GRANDE_01-01-2008_A_31-12-2008.CSV,8784,8784,8776,0,2008-01-01T00:00:00,2008-12-31T23:00:00,0.0,-20.45,-54.6
2009,A702,CAMPO GRANDE,CO,MS,-20.45,-54.6,530.0,2001-09-10,2009/INMET_CO_MS_A702_CAMPO GRANDE_01-01-2009_A_31-12-2009.CSV,8760,8760,8743,0,2009-01-01T00:00:00,2009-12-31T23:00:00,0.0,-20.45,-54.6
2010,A702,CAMPO GRANDE,CO,MS,-20.45,-54.6,530.0,2001-09-10,2010/INMET_CO_MS_A702_CAMPO GRANDE_01-01-2010_A_31-12-2010.CSV,8760,8760,8219,0,2010-01-01T00:00:00,2010-12-31T23:00:00,0.0,-20.45,-54.6
2011,A702,CAMPO GRANDE,CO,MS,-20.45,-54.6,530.0,2001-09-10,2011/INMET_CO_MS_A702_CAMPO GRANDE_01-01-2011_A_31-12-2011.CSV,8760,8760,5545,0,2011-01-01T00:00:00,2011-12-31T23:00:00,0.0,-20.45,-54.6
2012,A702,CAMPO GRANDE,CO,MS,-20.45,-54.6,530.0,2001-09-10,2012/INMET_CO_MS_A702_CAMPO GRANDE_01-01-2012_A_31-12-2012.CSV,8784,8784,8781,0,2012-01-01T00:00:00,2012-12-31T23:00:00,0.0,-20.45,-54.6
2013,A702,CAMPO GRANDE,CO,MS,-20.45,-54.6,530.0,2001-09-10,2013/INMET_CO_MS_A702_CAMPO GRANDE_01-01-2013_A_31-12-2013.CSV,8760,8760,8744,0,2013-01-01T00:00:00,2013-12-31T23:00:00,0.0,-20.45,-54.6
2014,A702,CAMPO GRANDE,CO,MS,-20.45,-54.6,530.0,2001-09-10,2014/INMET_CO_MS_A702_CAMPO GRANDE_01-01-2014_A_31-12-2014.CSV,8760,8760,8760,0,2014-01-01T00:00:00,2014-12-31T23:00:00,0.0,-20.45,-54.6
2015,A702,CAMPO GRANDE,CO,MS,-20.45,-54.6,530.0,2001-09-10,2015/INMET_CO_MS_A702_CAMPO GRANDE_01-01-2015_A_31-12-2015.CSV,8760,8760,8759,0,2015-01-01T00:00:00,2015-12-31T23:00:00,0.0,-20.45,-54.6
2016,A702,CAMPO GRANDE,CO,MS,-20.45,-54.6,530.0,2001-09-10,2016/INMET_CO_MS_A702_CAMPO GRANDE_01-01-2016_A_31-12-2016.CSV,8784,8784,8778,0,2016-01-01T00:00:00,2016-12-31T23:00:00,0.0,-20.45,-54.6
2017,A702,CAMPO GRANDE,CO,MS,-20.45,-54.6,530.0,2001-09-10,2017/INMET_CO_MS_A702_CAMPO GRANDE_01-01-2017_A_31-12-2017.CSV,8760,8760,8740,0,2017-01-01T00:00:00,2017-12-31T23:00:00,0.0,-20.45,-54.6
2018,A702,CAMPO GRANDE,CO,MS,-20.45,-54.6,530.0,2001-09-10,2018/INMET_CO_MS_A702_CAMPO GRANDE_01-01-2018_A_31-12-2018.CSV,8760,8760,8554,0,2018-01-01T00:00:00,2018-12-31T23:00:00,0.0,-20.45,-54.6
2019,A702,,,MS,-20.447195,-54.722615,528.47,10/09/01,2019/INMET_CO_MS_A702_CAMPO GRANDE_01-01-2019_A_31-12-2019.CSV,8760,8760,8747,0,2019-01-01T00:00:00,2019-12-31T23:00:00,12.778846895826577,-20.45,-54.6
2020,A702,CAMPO GRANDE,CO,MS,-20.447195,-54.722615,528.47,10/09/01,INMET_CO_MS_A702_CAMPO GRANDE_01-01-2020_A_31-12-2020.CSV,8784,8784,8773,0,2020-01-01T00:00:00,2020-12-31T23:00:00,12.778846895826577,-20.45,-54.6
2021,A702,CAMPO GRANDE,CO,MS,-20.447195,-54.722615,528.47,10/09/01,INMET_CO_MS_A702_CAMPO GRANDE_01-01-2021_A_31-12-2021.CSV,8760,8760,8691,0,2021-01-01T00:00:00,2021-12-31T23:00:00,12.778846895826577,-20.45,-54.6
2022,A702,CAMPO GRANDE,CO,MS,-20.447195,-54.722615,528.47,10/09/01,INMET_CO_MS_A702_CAMPO GRANDE_01-01-2022_A_31-12-2022.CSV,8760,8760,7921,0,2022-01-01T00:00:00,2022-12-31T23:00:00,12.778846895826577,-20.45,-54.6
2023,A702,CAMPO GRANDE,CO,MS,-20.447195,-54.722615,528.47,10/09/01,INMET_CO_MS_A702_CAMPO GRANDE_01-01-2023_A_31-12-2023.CSV,8760,8760,8757,0,2023-01-01T00:00:00,2023-12-31T23:00:00,12.778846895826577,-20.45,-54.6
2024,A702,CAMPO GRANDE,CO,MS,-20.44722221,-54.72249999,528.47,10/09/01,INMET_CO_MS_A702_CAMPO GRANDE_01-01-2024_A_31-12-2024.CSV,8784,8784,8779,0,2024-01-01T00:00:00,2024-12-31T23:00:00,12.766793092111211,-20.45,-54.6
2025,A702,CAMPO GRANDE,CO,MS,-20.44722221,-54.72249999,528.47,10/09/01,2025/INMET_CO_MS_A702_CAMPO GRANDE_01-01-2025_A_31-12-2025.CSV,8760,8760,8746,0,2025-01-01T00:00:00,2025-12-31T23:00:00,12.766793092111211,-20.45,-54.6
2006,A712,IGUAPE,SE,SP,-24.71666666,-47.55,2.66,2006-07-20,2006/INMET_SE_SP_A712_IGUAPE_20-07-2006_A_31-12-2006.CSV,3960,3960,3916,0,2006-07-20T00:00:00,2006-12-31T23:00:00,0.0,-24.71666666,-47.55
2007,A712,IGUAPE,SE,SP,-24.71666666,-47.55,2.66,2006-07-20,2007/INMET_SE_SP_A712_IGUAPE_01-01-2007_A_31-12-2007.CSV,8760,8760,6492,0,2007-01-01T00:00:00,2007-12-31T23:00:00,0.0,-24.71666666,-47.55
2008,A712,IGUAPE,SE,SP,-24.71666666,-47.55,2.66,2006-07-20,2008/INMET_SE_SP_A712_IGUAPE_01-01-2008_A_31-12-2008.CSV,8784,8784,7644,0,2008-01-01T00:00:00,2008-12-31T23:00:00,0.0,-24.71666666,-47.55
2009,A712,IGUAPE,SE,SP,-24.71666666,-47.55,2.66,2006-07-20,2009/INMET_SE_SP_A712_IGUAPE_01-01-2009_A_31-12-2009.CSV,8760,8760,8315,0,2009-01-01T00:00:00,2009-12-31T23:00:00,0.0,-24.71666666,-47.55
2010,A712,IGUAPE,SE,SP,-24.71666666,-47.55,2.66,2006-07-20,2010/INMET_SE_SP_A712_IGUAPE_01-01-2010_A_31-12-2010.CSV,8760,8760,8379,0,2010-01-01T00:00:00,2010-12-31T23:00:00,0.0,-24.71666666,-47.55
2011,A712,IGUAPE,SE,SP,-24.71666666,-47.55,2.66,2006-07-20,2011/INMET_SE_SP_A712_IGUAPE_01-01-2011_A_31-12-2011.CSV,8760,8760,8243,0,2011-01-01T00:00:00,2011-12-31T23:00:00,0.0,-24.71666666,-47.55
2012,A712,IGUAPE,SE,SP,-24.71666666,-47.55,2.66,2006-07-20,2012/INMET_SE_SP_A712_IGUAPE_01-01-2012_A_31-12-2012.CSV,8784,8784,8773,0,2012-01-01T00:00:00,2012-12-31T23:00:00,0.0,-24.71666666,-47.55
2013,A712,IGUAPE,SE,SP,-24.71666666,-47.55,2.66,2006-07-20,2013/INMET_SE_SP_A712_IGUAPE_01-01-2013_A_31-12-2013.CSV,8760,8760,8417,0,2013-01-01T00:00:00,2013-12-31T23:00:00,0.0,-24.71666666,-47.55
2014,A712,IGUAPE,SE,SP,-24.71666666,-47.55,2.66,2006-07-20,2014/INMET_SE_SP_A712_IGUAPE_01-01-2014_A_31-12-2014.CSV,8760,8760,6601,0,2014-01-01T00:00:00,2014-12-31T23:00:00,0.0,-24.71666666,-47.55
2015,A712,IGUAPE,SE,SP,-24.71666666,-47.55,2.66,2006-07-20,2015/INMET_SE_SP_A712_IGUAPE_01-01-2015_A_31-12-2015.CSV,8760,8760,7644,0,2015-01-01T00:00:00,2015-12-31T23:00:00,0.0,-24.71666666,-47.55
2016,A712,IGUAPE,SE,SP,-24.71666666,-47.55,2.66,2006-07-20,2016/INMET_SE_SP_A712_IGUAPE_01-01-2016_A_31-12-2016.CSV,8784,8784,8783,0,2016-01-01T00:00:00,2016-12-31T23:00:00,0.0,-24.71666666,-47.55
2017,A712,IGUAPE,SE,SP,-24.71666666,-47.55,2.66,2006-07-20,2017/INMET_SE_SP_A712_IGUAPE_01-01-2017_A_31-12-2017.CSV,8760,8760,7472,0,2017-01-01T00:00:00,2017-12-31T23:00:00,0.0,-24.71666666,-47.55
2018,A712,IGUAPE,SE,SP,-24.71666666,-47.55,2.66,2006-07-20,2018/INMET_SE_SP_A712_IGUAPE_01-01-2018_A_31-12-2018.CSV,8760,8760,8149,0,2018-01-01T00:00:00,2018-12-31T23:00:00,0.0,-24.71666666,-47.55
2019,A712,,,SP,-24.671654,-47.545896,2.7,20/07/06,2019/INMET_SE_SP_A712_IGUAPE_01-01-2019_A_31-12-2019.CSV,8760,8760,8760,0,2019-01-01T00:00:00,2019-12-31T23:00:00,5.022329499117271,-24.71666666,-47.55
2020,A712,IGUAPE,SE,SP,-24.671654,-47.545896,2.7,20/07/06,INMET_SE_SP_A712_IGUAPE_01-01-2020_A_31-12-2020.CSV,8784,8784,8784,0,2020-01-01T00:00:00,2020-12-31T23:00:00,5.022329499117271,-24.71666666,-47.55
2021,A712,IGUAPE,SE,SP,-24.67166666,-47.54583333,2.7,20/07/06,INMET_SE_SP_A712_IGUAPE_01-01-2021_A_31-12-2021.CSV,8760,8760,4127,0,2021-01-01T00:00:00,2021-12-31T23:00:00,5.021453358890783,-24.71666666,-47.55
2022,A712,IGUAPE,SE,SP,-24.67166666,-47.54583333,2.7,20/07/06,INMET_SE_SP_A712_IGUAPE_01-01-2022_A_31-12-2022.CSV,8760,8760,6653,0,2022-01-01T00:00:00,2022-12-31T23:00:00,5.021453358890783,-24.71666666,-47.55
2023,A712,IGUAPE,SE,SP,-24.67166666,-47.54583333,2.7,20/07/06,INMET_SE_SP_A712_IGUAPE_01-01-2023_A_31-12-2023.CSV,8760,8760,8760,0,2023-01-01T00:00:00,2023-12-31T23:00:00,5.021453358890783,-24.71666666,-47.55
2024,A712,IGUAPE,SE,SP,-24.67166666,-47.54583333,2.7,20/07/06,INMET_SE_SP_A712_IGUAPE_01-01-2024_A_31-12-2024.CSV,8784,8784,8759,0,2024-01-01T00:00:00,2024-12-31T23:00:00,5.021453358890783,-24.71666666,-47.55
2025,A712,IGUAPE,SE,SP,-24.67166666,-47.54583333,2.7,20/07/06,2025/INMET_SE_SP_A712_IGUAPE_01-01-2025_A_31-12-2025.CSV,8760,8760,8755,0,2025-01-01T00:00:00,2025-12-31T23:00:00,5.021453358890783,-24.71666666,-47.55
2006,A713,SOROCABA,SE,SP,-23.35,-47.66666666,609.0,2006-08-22,2006/INMET_SE_SP_A713_SOROCABA_22-08-2006_A_31-12-2006.CSV,3168,3168,3161,0,2006-08-22T00:00:00,2006-12-31T23:00:00,0.0,-23.35,-47.66666666
2007,A713,SOROCABA,SE,SP,-23.35,-47.66666666,609.0,2006-08-22,2007/INMET_SE_SP_A713_SOROCABA_01-01-2007_A_31-12-2007.CSV,8760,8760,8170,0,2007-01-01T00:00:00,2007-12-31T23:00:00,0.0,-23.35,-47.66666666
2008,A713,SOROCABA,SE,SP,-23.35,-47.66666666,609.0,2006-08-22,2008/INMET_SE_SP_A713_SOROCABA_01-01-2008_A_31-12-2008.CSV,8784,8784,8427,0,2008-01-01T00:00:00,2008-12-31T23:00:00,0.0,-23.35,-47.66666666
2009,A713,SOROCABA,SE,SP,-23.35,-47.66666666,609.0,2006-08-22,2009/INMET_SE_SP_A713_SOROCABA_01-01-2009_A_31-12-2009.CSV,8760,8760,8729,0,2009-01-01T00:00:00,2009-12-31T23:00:00,0.0,-23.35,-47.66666666
2010,A713,SOROCABA,SE,SP,-23.35,-47.66666666,609.0,2006-08-22,2010/INMET_SE_SP_A713_SOROCABA_01-01-2010_A_31-12-2010.CSV,8760,8760,8699,0,2010-01-01T00:00:00,2010-12-31T23:00:00,0.0,-23.35,-47.66666666
2011,A713,SOROCABA,SE,SP,-23.35,-47.66666666,609.0,2006-08-22,2011/INMET_SE_SP_A713_SOROCABA_01-01-2011_A_31-12-2011.CSV,8760,8760,8498,0,2011-01-01T00:00:00,2011-12-31T23:00:00,0.0,-23.35,-47.66666666
2012,A713,SOROCABA,SE,SP,-23.35,-47.66666666,609.0,2006-08-22,2012/INMET_SE_SP_A713_SOROCABA_01-01-2012_A_31-12-2012.CSV,8784,8784,8598,0,2012-01-01T00:00:00,2012-12-31T23:00:00,0.0,-23.35,-47.66666666
2013,A713,SOROCABA,SE,SP,-23.35,-47.66666666,609.0,2006-08-22,2013/INMET_SE_SP_A713_SOROCABA_01-01-2013_A_31-12-2013.CSV,8760,8760,8606,0,2013-01-01T00:00:00,2013-12-31T23:00:00,0.0,-23.35,-47.66666666
2014,A713,SOROCABA,SE,SP,-23.35,-47.66666666,609.0,2006-08-22,2014/INMET_SE_SP_A713_SOROCABA_01-01-2014_A_31-12-2014.CSV,8760,8760,8607,0,2014-01-01T00:00:00,2014-12-31T23:00:00,0.0,-23.35,-47.66666666
2015,A713,SOROCABA,SE,SP,-23.35,-47.66666666,609.0,2006-08-22,2015/INMET_SE_SP_A713_SOROCABA_01-01-2015_A_31-12-2015.CSV,8760,8760,8592,0,2015-01-01T00:00:00,2015-12-31T23:00:00,0.0,-23.35,-47.66666666
2016,A713,SOROCABA,SE,SP,-23.35,-47.66666666,609.0,2006-08-22,2016/INMET_SE_SP_A713_SOROCABA_01-01-2016_A_31-12-2016.CSV,8784,8784,8704,0,2016-01-01T00:00:00,2016-12-31T23:00:00,0.0,-23.35,-47.66666666
2017,A713,SOROCABA,SE,SP,-23.35,-47.66666666,609.0,2006-08-22,2017/INMET_SE_SP_A713_SOROCABA_01-01-2017_A_31-12-2017.CSV,8760,8760,8758,0,2017-01-01T00:00:00,2017-12-31T23:00:00,0.0,-23.35,-47.66666666
2018,A713,SOROCABA,SE,SP,-23.35,-47.66666666,609.0,2006-08-22,2018/INMET_SE_SP_A713_SOROCABA_01-01-2018_A_31-12-2018.CSV,8760,8760,8624,0,2018-01-01T00:00:00,2018-12-31T23:00:00,0.0,-23.35,-47.66666666
2019,A713,,,SP,-23.426035,-47.585552,609.33,22/08/06,2019/INMET_SE_SP_A713_SOROCABA_01-01-2019_A_31-12-2019.CSV,8760,8760,7152,0,2019-01-01T00:00:00,2019-12-31T23:00:00,11.832815830920044,-23.35,-47.66666666
2020,A713,SOROCABA,SE,SP,-23.426035,-47.585552,609.33,22/08/06,INMET_SE_SP_A713_SOROCABA_01-01-2020_A_31-12-2020.CSV,8784,8784,8166,0,2020-01-01T00:00:00,2020-12-31T23:00:00,11.832815830920044,-23.35,-47.66666666
2021,A713,SOROCABA,SE,SP,-23.4261111,-47.58555555,609.33,22/08/06,INMET_SE_SP_A713_SOROCABA_01-01-2021_A_31-12-2021.CSV,8760,8760,3843,0,2021-01-01T00:00:00,2021-12-31T23:00:00,11.838608482795609,-23.35,-47.66666666
2022,A713,SOROCABA,SE,SP,-23.4261111,-47.58555555,609.33,22/08/06,INMET_SE_SP_A713_SOROCABA_01-01-2022_A_31-12-2022.CSV,8760,8760,5594,0,2022-01-01T00:00:00,2022-12-31T23:00:00,11.838608482795609,-23.35,-47.66666666
2023,A713,SOROCABA,SE,SP,-23.4261111,-47.58555555,609.33,22/08/06,INMET_SE_SP_A713_SOROCABA_01-01-2023_A_31-12-2023.CSV,8760,8760,8760,0,2023-01-01T00:00:00,2023-12-31T23:00:00,11.838608482795609,-23.35,-47.66666666
2024,A713,IPERO,SE,SP,-23.4261111,-47.58555555,609.33,22/08/06,INMET_SE_SP_A713_IPERO_01-01-2024_A_31-12-2024.CSV,8784,8784,8784,0,2024-01-01T00:00:00,2024-12-31T23:00:00,11.838608482795609,-23.35,-47.66666666
2025,A713,IPERO,SE,SP,-23.4261111,-47.58555555,609.33,22/08/06,2025/INMET_SE_SP_A713_IPERO_01-01-2025_A_31-12-2025.CSV,8760,8760,3753,0,2025-01-01T00:00:00,2025-12-31T23:00:00,11.838608482795609,-23.35,-47.66666666
2006,A715,SAO MIGUEL ARCANJO,SE,SP,-23.85138888,-48.16444444,678.0,2006-08-15,2006/INMET_SE_SP_A715_SAO MIGUEL ARCANJO_15-08-2006_A_31-12-2006.CSV,3336,3336,3304,0,2006-08-15T00:00:00,2006-12-31T23:00:00,0.0,-23.85138888,-48.16444444
2007,A715,SAO MIGUEL ARCANJO,SE,SP,-23.85138888,-48.16444444,678.0,2006-08-15,2007/INMET_SE_SP_A715_SAO MIGUEL ARCANJO_01-01-2007_A_31-12-2007.CSV,8760,8760,8458,0,2007-01-01T00:00:00,2007-12-31T23:00:00,0.0,-23.85138888,-48.16444444
2008,A715,SAO MIGUEL ARCANJO,SE,SP,-23.85138888,-48.16444444,678.0,2006-08-15,2008/INMET_SE_SP_A715_SAO MIGUEL ARCANJO_01-01-2008_A_31-12-2008.CSV,8784,8784,8061,0,2008-01-01T00:00:00,2008-12-31T23:00:00,0.0,-23.85138888,-48.16444444
2009,A715,SAO MIGUEL ARCANJO,SE,SP,-23.85138888,-48.16444444,678.0,2006-08-15,2009/INMET_SE_SP_A715_SAO MIGUEL ARCANJO_01-01-2009_A_31-12-2009.CSV,8760,8760,8071,0,2009-01-01T00:00:00,2009-12-31T23:00:00,0.0,-23.85138888,-48.16444444
2010,A715,SAO MIGUEL ARCANJO,SE,SP,-23.85138888,-48.16444444,678.0,2006-08-15,2010/INMET_SE_SP_A715_SAO MIGUEL ARCANJO_01-01-2010_A_31-12-2010.CSV,8760,8760,5653,0,2010-01-01T00:00:00,2010-12-31T23:00:00,0.0,-23.85138888,-48.16444444
2011,A715,SAO MIGUEL ARCANJO,SE,SP,-23.85138888,-48.16444444,678.0,2006-08-15,2011/INMET_SE_SP_A715_SAO MIGUEL ARCANJO_01-01-2011_A_31-12-2011.CSV,8760,8760,8462,0,2011-01-01T00:00:00,2011-12-31T23:00:00,0.0,-23.85138888,-48.16444444
2012,A715,SAO MIGUEL ARCANJO,SE,SP,-23.85138888,-48.16444444,678.0,2006-08-15,2012/INMET_SE_SP_A715_SAO MIGUEL ARCANJO_01-01-2012_A_31-12-2012.CSV,8784,8784,8439,0,2012-01-01T00:00:00,2012-12-31T23:00:00,0.0,-23.85138888,-48.16444444
2013,A715,SAO MIGUEL ARCANJO,SE,SP,-23.85138888,-48.16444444,678.0,2006-08-15,2013/INMET_SE_SP_A715_SAO MIGUEL ARCANJO_01-01-2013_A_31-12-2013.CSV,8760,8760,6929,0,2013-01-01T00:00:00,2013-12-31T23:00:00,0.0,-23.85138888,-48.16444444
2014,A715,SAO MIGUEL ARCANJO,SE,SP,-23.85138888,-48.16444444,678.0,2006-08-15,2014/INMET_SE_SP_A715_SAO MIGUEL ARCANJO_01-01-2014_A_31-12-2014.CSV,8760,8760,5631,0,2014-01-01T00:00:00,2014-12-31T23:00:00,0.0,-23.85138888,-48.16444444
2015,A715,SAO MIGUEL ARCANJO,SE,SP,-23.85138888,-48.16444444,678.0,2006-08-15,2015/INMET_SE_SP_A715_SAO MIGUEL ARCANJO_01-01-2015_A_31-12-2015.CSV,8760,8760,8759,0,2015-01-01T00:00:00,2015-12-31T23:00:00,0.0,-23.85138888,-48.16444444
2016,A715,SAO MIGUEL ARCANJO,SE,SP,-23.85138888,-48.16444444,678.0,2006-08-15,2016/INMET_SE_SP_A715_SAO MIGUEL ARCANJO_01-01-2016_A_31-12-2016.CSV,8784,8784,8295,0,2016-01-01T00:00:00,2016-12-31T23:00:00,0.0,-23.85138888,-48.16444444
2017,A715,SAO MIGUEL ARCANJO,SE,SP,-23.85138888,-48.16444444,678.0,2006-08-15,2017/INMET_SE_SP_A715_SAO MIGUEL ARCANJO_01-01-2017_A_31-12-2017.CSV,8760,8760,6942,0,2017-01-01T00:00:00,2017-12-31T23:00:00,0.0,-23.85138888,-48.16444444
2018,A715,SAO MIGUEL ARCANJO,SE,SP,-23.85138888,-48.16444444,678.0,2006-08-15,2018/INMET_SE_SP_A715_SAO MIGUEL ARCANJO_01-01-2018_A_31-12-2018.CSV,8760,8760,8760,0,2018-01-01T00:00:00,2018-12-31T23:00:00,0.0,-23.85138888,-48.16444444
2019,A715,,,SP,-23.85194444,-48.16472222,675.68,15/08/06,2019/INMET_SE_SP_A715_SAO MIGUEL ARCANJO_01-01-2019_A_31-12-2019.CSV,8760,8760,8760,0,2019-01-01T00:00:00,2019-12-31T23:00:00,0.06792841123810911,-23.85138888,-48.16444444
2020,A715,SAO MIGUEL ARCANJO,SE,SP,-23.85194444,-48.16472222,675.68,15/08/06,INMET_SE_SP_A715_SAO MIGUEL ARCANJO_01-01-2020_A_31-12-2020.CSV,8784,8784,8770,0,2020-01-01T00:00:00,2020-12-31T23:00:00,0.06792841123810911,-23.85138888,-48.16444444
2021,A715,SAO MIGUEL ARCANJO,SE,SP,-23.85194444,-48.16472222,675.68,15/08/06,INMET_SE_SP_A715_SAO MIGUEL ARCANJO_01-01-2021_A_31-12-2021.CSV,8760,8760,6090,0,2021-01-01T00:00:00,2021-12-31T23:00:00,0.06792841123810911,-23.85138888,-48.16444444
2022,A715,SAO MIGUEL ARCANJO,SE,SP,-23.85194444,-48.16472222,675.68,15/08/06,INMET_SE_SP_A715_SAO MIGUEL ARCANJO_01-01-2022_A_31-12-2022.CSV,8760,8760,5331,0,2022-01-01T00:00:00,2022-12-31T23:00:00,0.06792841123810911,-23.85138888,-48.16444444
2023,A715,SAO MIGUEL ARCANJO,SE,SP,-23.89083333,-47.99916666,710.0,15/08/06,INMET_SE_SP_A715_SAO MIGUEL ARCANJO_01-01-2023_A_31-12-2023.CSV,8760,8760,6409,0,2023-01-01T00:00:00,2023-12-31T23:00:00,17.368885594999654,-23.85138888,-48.16444444
2024,A715,SAO MIGUEL ARCANJO,SE,SP,-23.89083333,-47.99916666,710.0,15/08/06,INMET_SE_SP_A715_SAO MIGUEL ARCANJO_01-01-2024_A_31-12-2024.CSV,8784,8784,4700,0,2024-01-01T00:00:00,2024-12-31T23:00:00,17.368885594999654,-23.85138888,-48.16444444
2025,A715,SAO MIGUEL ARCANJO,SE,SP,-23.89083333,-47.99916666,710.0,15/08/06,2025/INMET_SE_SP_A715_SAO MIGUEL ARCANJO_01-01-2025_A_31-12-2025.CSV,8760,8760,8742,0,2025-01-01T00:00:00,2025-12-31T23:00:00,17.368885594999654,-23.85138888,-48.16444444
2006,A716,OURINHOS,SE,SP,-22.9486111,-49.89416666,448.0,2006-08-29,2006/INMET_SE_SP_A716_OURINHOS_29-08-2006_A_31-12-2006.CSV,3000,3000,2951,0,2006-08-29T00:00:00,2006-12-31T23:00:00,0.0,-22.9486111,-49.89416666
2007,A716,OURINHOS,SE,SP,-22.9486111,-49.89416666,448.0,2006-08-29,2007/INMET_SE_SP_A716_OURINHOS_01-01-2007_A_31-12-2007.CSV,8760,8760,7030,0,2007-01-01T00:00:00,2007-12-31T23:00:00,0.0,-22.9486111,-49.89416666
2008,A716,OURINHOS,SE,SP,-22.9486111,-49.89416666,448.0,2006-08-29,2008/INMET_SE_SP_A716_OURINHOS_01-01-2008_A_31-12-2008.CSV,8784,8784,8773,0,2008-01-01T00:00:00,2008-12-31T23:00:00,0.0,-22.9486111,-49.89416666
2009,A716,OURINHOS,SE,SP,-22.9486111,-49.89416666,448.0,2006-08-29,2009/INMET_SE_SP_A716_OURINHOS_01-01-2009_A_31-12-2009.CSV,8760,8760,8738,0,2009-01-01T00:00:00,2009-12-31T23:00:00,0.0,-22.9486111,-49.89416666
2010,A716,OURINHOS,SE,SP,-22.9486111,-49.89416666,448.0,2006-08-29,2010/INMET_SE_SP_A716_OURINHOS_01-01-2010_A_31-12-2010.CSV,8760,8760,7262,0,2010-01-01T00:00:00,2010-12-31T23:00:00,0.0,-22.9486111,-49.89416666
2011,A716,OURINHOS,SE,SP,-22.9486111,-49.89416666,448.0,2006-08-29,2011/INMET_SE_SP_A716_OURINHOS_01-01-2011_A_31-12-2011.CSV,8760,8760,7283,0,2011-01-01T00:00:00,2011-12-31T23:00:00,0.0,-22.9486111,-49.89416666
2012,A716,OURINHOS,SE,SP,-22.9486111,-49.89416666,448.0,2006-08-29,2012/INMET_SE_SP_A716_OURINHOS_01-01-2012_A_31-12-2012.CSV,8784,8784,8781,0,2012-01-01T00:00:00,2012-12-31T23:00:00,0.0,-22.9486111,-49.89416666
2013,A716,OURINHOS,SE,SP,-22.9486111,-49.89416666,448.0,2006-08-29,2013/INMET_SE_SP_A716_OURINHOS_01-01-2013_A_31-12-2013.CSV,8760,8760,8745,0,2013-01-01T00:00:00,2013-12-31T23:00:00,0.0,-22.9486111,-49.89416666
2014,A716,OURINHOS,SE,SP,-22.9486111,-49.89416666,448.0,2006-08-29,2014/INMET_SE_SP_A716_OURINHOS_01-01-2014_A_31-12-2014.CSV,8760,8760,8755,0,2014-01-01T00:00:00,2014-12-31T23:00:00,0.0,-22.9486111,-49.89416666
2015,A716,OURINHOS,SE,SP,-22.9486111,-49.89416666,448.0,2006-08-29,2015/INMET_SE_SP_A716_OURINHOS_01-01-2015_A_31-12-2015.CSV,8760,8760,7627,0,2015-01-01T00:00:00,2015-12-31T23:00:00,0.0,-22.9486111,-49.89416666
2016,A716,OURINHOS,SE,SP,-22.9486111,-49.89416666,448.0,2006-08-29,2016/INMET_SE_SP_A716_OURINHOS_01-01-2016_A_31-12-2016.CSV,8784,8784,8775,0,2016-01-01T00:00:00,2016-12-31T23:00:00,0.0,-22.9486111,-49.89416666
2017,A716,OURINHOS,SE,SP,-22.9486111,-49.89416666,448.0,2006-08-29,2017/INMET_SE_SP_A716_OURINHOS_01-01-2017_A_31-12-2017.CSV,8760,8760,6873,0,2017-01-01T00:00:00,2017-12-31T23:00:00,0.0,-22.9486111,-49.89416666
2018,A716,OURINHOS,SE,SP,-22.9486111,-49.89416666,448.0,2006-08-29,2018/INMET_SE_SP_A716_OURINHOS_01-01-2018_A_31-12-2018.CSV,8760,8760,7259,0,2018-01-01T00:00:00,2018-12-31T23:00:00,0.0,-22.9486111,-49.89416666
2019,A716,,,SP,-22.949,-49.894546,443.49,29/08/06,2019/INMET_SE_SP_A716_OURINHOS_01-01-2019_A_31-12-2019.CSV,8760,8760,8760,0,2019-01-01T00:00:00,2019-12-31T23:00:00,0.058126987837283206,-22.9486111,-49.89416666
2020,A716,OURINHOS,SE,SP,-22.949,-49.894546,443.49,29/08/06,INMET_SE_SP_A716_OURINHOS_01-01-2020_A_31-12-2020.CSV,8784,8784,5572,0,2020-01-01T00:00:00,2020-12-31T23:00:00,0.058126987837283206,-22.9486111,-49.89416666
2021,A716,OURINHOS,SE,SP,-22.94888888,-49.89444444,443.49,29/08/06,INMET_SE_SP_A716_OURINHOS_01-01-2021_A_31-12-2021.CSV,8760,8760,0,0,2021-01-01T00:00:00,2021-12-31T23:00:00,0.04198887579823703,-22.9486111,-49.89416666
2023,A716,OURINHOS,SE,SP,-23.00055555,-49.84333333,500.0,29/08/06,INMET_SE_SP_A716_OURINHOS_01-01-2023_A_31-12-2023.CSV,8760,8760,5450,0,2023-01-01T00:00:00,2023-12-31T23:00:00,7.774573394647529,-22.9486111,-49.89416666
2024,A716,OURINHOS,SE,SP,-23.00055555,-49.84333333,500.0,29/08/06,INMET_SE_SP_A716_OURINHOS_01-01-2024_A_31-12-2024.CSV,8784,8784,7806,0,2024-01-01T00:00:00,2024-12-31T23:00:00,7.774573394647529,-22.9486111,-49.89416666
2025,A716,OURINHOS,SE,SP,-23.00055555,-49.84333333,500.0,29/08/06,2025/INMET_SE_SP_A716_OURINHOS_01-01-2025_A_31-12-2025.CSV,8760,8760,8751,0,2025-01-01T00:00:00,2025-12-31T23:00:00,7.774573394647529,-22.9486111,-49.89416666
2007,A737,IBITINGA,SE,SP,-21.85555555,-48.66666666,492.0,2007-11-09,2007/INMET_SE_SP_A737_IBITINGA_09-11-2007_A_31-12-2007.CSV,1272,1272,1177,0,2007-11-09T00:00:00,2007-12-31T23:00:00,0.0,-21.85555555,-48.66666666
2008,A737,IBITINGA,SE,SP,-21.85555555,-48.66666666,492.0,2007-11-09,2008/INMET_SE_SP_A737_IBITINGA_01-01-2008_A_31-12-2008.CSV,8784,8784,8773,0,2008-01-01T00:00:00,2008-12-31T23:00:00,0.0,-21.85555555,-48.66666666
2009,A737,IBITINGA,SE,SP,-21.85555555,-48.66666666,492.0,2007-11-09,2009/INMET_SE_SP_A737_IBITINGA_01-01-2009_A_31-12-2009.CSV,8760,8760,6851,0,2009-01-01T00:00:00,2009-12-31T23:00:00,0.0,-21.85555555,-48.66666666
2010,A737,IBITINGA,SE,SP,-21.85555555,-48.66666666,492.0,2007-11-09,2010/INMET_SE_SP_A737_IBITINGA_01-01-2010_A_31-12-2010.CSV,8760,8760,6873,0,2010-01-01T00:00:00,2010-12-31T23:00:00,0.0,-21.85555555,-48.66666666
2011,A737,IBITINGA,SE,SP,-21.85555555,-48.66666666,492.0,2007-11-09,2011/INMET_SE_SP_A737_IBITINGA_01-01-2011_A_31-12-2011.CSV,8760,8760,8749,0,2011-01-01T00:00:00,2011-12-31T23:00:00,0.0,-21.85555555,-48.66666666
2012,A737,IBITINGA,SE,SP,-21.85555555,-48.66666666,492.0,2007-11-09,2012/INMET_SE_SP_A737_IBITINGA_01-01-2012_A_31-12-2012.CSV,8784,8784,8780,0,2012-01-01T00:00:00,2012-12-31T23:00:00,0.0,-21.85555555,-48.66666666
2013,A737,IBITINGA,SE,SP,-21.85555555,-48.66666666,492.0,2007-11-09,2013/INMET_SE_SP_A737_IBITINGA_01-01-2013_A_31-12-2013.CSV,8760,8760,8036,0,2013-01-01T00:00:00,2013-12-31T23:00:00,0.0,-21.85555555,-48.66666666
2014,A737,IBITINGA,SE,SP,-21.85555555,-48.66666666,492.0,2007-11-09,2014/INMET_SE_SP_A737_IBITINGA_01-01-2014_A_31-12-2014.CSV,8760,8760,7657,0,2014-01-01T00:00:00,2014-12-31T23:00:00,0.0,-21.85555555,-48.66666666
2015,A737,IBITINGA,SE,SP,-21.85555555,-48.66666666,492.0,2007-11-09,2015/INMET_SE_SP_A737_IBITINGA_01-01-2015_A_31-12-2015.CSV,8760,8760,8759,0,2015-01-01T00:00:00,2015-12-31T23:00:00,0.0,-21.85555555,-48.66666666
2016,A737,IBITINGA,SE,SP,-21.85555555,-48.66666666,492.0,2007-11-09,2016/INMET_SE_SP_A737_IBITINGA_01-01-2016_A_31-12-2016.CSV,8784,8784,8782,0,2016-01-01T00:00:00,2016-12-31T23:00:00,0.0,-21.85555555,-48.66666666
2017,A737,IBITINGA,SE,SP,-21.85555555,-48.66666666,492.0,2007-11-09,2017/INMET_SE_SP_A737_IBITINGA_01-01-2017_A_31-12-2017.CSV,8760,8760,7877,0,2017-01-01T00:00:00,2017-12-31T23:00:00,0.0,-21.85555555,-48.66666666
2018,A737,IBITINGA,SE,SP,-21.85555555,-48.66666666,492.0,2007-11-09,2018/INMET_SE_SP_A737_IBITINGA_01-01-2018_A_31-12-2018.CSV,8760,8760,8760,0,2018-01-01T00:00:00,2018-12-31T23:00:00,0.0,-21.85555555,-48.66666666
2019,A737,,,SP,-21.855567,-48.799717,496.75,09/11/07,2019/INMET_SE_SP_A737_IBITINGA_01-01-2019_A_31-12-2019.CSV,8760,8760,8121,0,2019-01-01T00:00:00,2019-12-31T23:00:00,13.73118898705136,-21.85555555,-48.66666666
2020,A737,IBITINGA,SE,SP,-21.85555555,-48.79972221,496.75,09/11/07,INMET_SE_SP_A737_IBITINGA_01-01-2020_A_31-12-2020.CSV,8784,8784,8784,0,2020-01-01T00:00:00,2020-12-31T23:00:00,13.73172716574877,-21.85555555,-48.66666666
2021,A737,IBITINGA,SE,SP,-21.85555555,-48.79972221,496.75,09/11/07,INMET_SE_SP_A737_IBITINGA_01-01-2021_A_31-12-2021.CSV,8760,8760,5823,0,2021-01-01T00:00:00,2021-12-31T23:00:00,13.73172716574877,-21.85555555,-48.66666666
2022,A737,IBITINGA,SE,SP,-21.85555555,-48.79972221,496.75,09/11/07,INMET_SE_SP_A737_IBITINGA_01-01-2022_A_31-12-2022.CSV,8760,8760,8420,0,2022-01-01T00:00:00,2022-12-31T23:00:00,13.73172716574877,-21.85555555,-48.66666666
2023,A737,IBITINGA,SE,SP,-21.85555555,-48.79972221,496.75,09/11/07,INMET_SE_SP_A737_IBITINGA_01-01-2023_A_31-12-2023.CSV,8760,8760,8757,0,2023-01-01T00:00:00,2023-12-31T23:00:00,13.73172716574877,-21.85555555,-48.66666666
2024,A737,IBITINGA,SE,SP,-21.85555555,-48.79972221,496.75,09/11/07,INMET_SE_SP_A737_IBITINGA_01-01-2024_A_31-12-2024.CSV,8784,8784,5557,0,2024-01-01T00:00:00,2024-12-31T23:00:00,13.73172716574877,-21.85555555,-48.66666666
2025,A737,IBITINGA,SE,SP,-21.85555555,-48.79972221,496.75,09/11/07,2025/INMET_SE_SP_A737_IBITINGA_01-01-2025_A_31-12-2025.CSV,8760,8760,6305,0,2025-01-01T00:00:00,2025-12-31T23:00:00,13.73172716574877,-21.85555555,-48.66666666
2008,A741,BARRA BONITA,SE,SP,-22.37083332,-48.55722222,544.0,2008-04-24,2008/INMET_SE_SP_A741_BARRA BONITA_24-04-2008_A_31-12-2008.CSV,6048,6048,5189,0,2008-04-24T00:00:00,2008-12-31T23:00:00,0.0,-22.37083332,-48.55722222
2009,A741,BARRA BONITA,SE,SP,-22.37083332,-48.55722222,544.0,2008-04-24,2009/INMET_SE_SP_A741_BARRA BONITA_01-01-2009_A_31-12-2009.CSV,8760,8760,8738,0,2009-01-01T00:00:00,2009-12-31T23:00:00,0.0,-22.37083332,-48.55722222
2010,A741,BARRA BONITA,SE,SP,-22.37083332,-48.55722222,544.0,2008-04-24,2010/INMET_SE_SP_A741_BARRA BONITA_01-01-2010_A_31-12-2010.CSV,8760,8760,8751,0,2010-01-01T00:00:00,2010-12-31T23:00:00,0.0,-22.37083332,-48.55722222
2011,A741,BARRA BONITA,SE,SP,-22.37083332,-48.55722222,544.0,2008-04-24,2011/INMET_SE_SP_A741_BARRA BONITA_01-01-2011_A_31-12-2011.CSV,8760,8760,8745,0,2011-01-01T00:00:00,2011-12-31T23:00:00,0.0,-22.37083332,-48.55722222
2012,A741,BARRA BONITA,SE,SP,-22.37083332,-48.55722222,544.0,2008-04-24,2012/INMET_SE_SP_A741_BARRA BONITA_01-01-2012_A_31-12-2012.CSV,8784,8784,7766,0,2012-01-01T00:00:00,2012-12-31T23:00:00,0.0,-22.37083332,-48.55722222
2013,A741,BARRA BONITA,SE,SP,-22.37083332,-48.55722222,544.0,2008-04-24,2013/INMET_SE_SP_A741_BARRA BONITA_01-01-2013_A_31-12-2013.CSV,8760,8760,8726,0,2013-01-01T00:00:00,2013-12-31T23:00:00,0.0,-22.37083332,-48.55722222
2014,A741,BARRA BONITA,SE,SP,-22.37083332,-48.55722222,544.0,2008-04-24,2014/INMET_SE_SP_A741_BARRA BONITA_01-01-2014_A_31-12-2014.CSV,8760,8760,8746,0,2014-01-01T00:00:00,2014-12-31T23:00:00,0.0,-22.37083332,-48.55722222
2015,A741,BARRA BONITA,SE,SP,-22.37083332,-48.55722222,544.0,2008-04-24,2015/INMET_SE_SP_A741_BARRA BONITA_01-01-2015_A_31-12-2015.CSV,8760,8760,7546,0,2015-01-01T00:00:00,2015-12-31T23:00:00,0.0,-22.37083332,-48.55722222
2016,A741,BARRA BONITA,SE,SP,-22.37083332,-48.55722222,544.0,2008-04-24,2016/INMET_SE_SP_A741_BARRA BONITA_01-01-2016_A_31-12-2016.CSV,8784,8784,8783,0,2016-01-01T00:00:00,2016-12-31T23:00:00,0.0,-22.37083332,-48.55722222
2017,A741,BARRA BONITA,SE,SP,-22.37083332,-48.55722222,544.0,2008-04-24,2017/INMET_SE_SP_A741_BARRA BONITA_01-01-2017_A_31-12-2017.CSV,8760,8760,8759,0,2017-01-01T00:00:00,2017-12-31T23:00:00,0.0,-22.37083332,-48.55722222
2018,A741,BARRA BONITA,SE,SP,-22.37083332,-48.55722222,544.0,2008-04-24,2018/INMET_SE_SP_A741_BARRA BONITA_01-01-2018_A_31-12-2018.CSV,8760,8760,8290,0,2018-01-01T00:00:00,2018-12-31T23:00:00,0.0,-22.37083332,-48.55722222
2019,A741,,,SP,-22.4711111,-48.5575,533.68,24/04/08,2019/INMET_SE_SP_A741_BARRA BONITA_01-01-2019_A_31-12-2019.CSV,8760,8760,8759,0,2019-01-01T00:00:00,2019-12-31T23:00:00,11.150432350360063,-22.37083332,-48.55722222
2020,A741,BARRA BONITA,SE,SP,-22.4711111,-48.5575,533.68,24/04/08,INMET_SE_SP_A741_BARRA BONITA_01-01-2020_A_31-12-2020.CSV,8784,8784,5087,0,2020-01-01T00:00:00,2020-12-31T23:00:00,11.150432350360063,-22.37083332,-48.55722222
2021,A741,BARRA BONITA,SE,SP,-22.4711111,-48.5575,533.68,24/04/08,INMET_SE_SP_A741_BARRA BONITA_01-01-2021_A_31-12-2021.CSV,8760,8760,3128,0,2021-01-01T00:00:00,2021-12-31T23:00:00,11.150432350360063,-22.37083332,-48.55722222
2022,A741,BARRA BONITA,SE,SP,-22.4711111,-48.5575,533.68,24/04/08,INMET_SE_SP_A741_BARRA BONITA_01-01-2022_A_31-12-2022.CSV,8760,8760,6958,0,2022-01-01T00:00:00,2022-12-31T23:00:00,11.150432350360063,-22.37083332,-48.55722222
2023,A741,BARRA BONITA,SE,SP,-22.4711111,-48.5575,533.68,24/04/08,INMET_SE_SP_A741_BARRA BONITA_01-01-2023_A_31-12-2023.CSV,8760,8760,8760,0,2023-01-01T00:00:00,2023-12-31T23:00:00,11.150432350360063,-22.37083332,-48.55722222
2024,A741,BARRA BONITA,SE,SP,-22.4711111,-48.5575,533.68,24/04/08,INMET_SE_SP_A741_BARRA BONITA_01-01-2024_A_31-12-2024.CSV,8784,8784,8774,0,2024-01-01T00:00:00,2024-12-31T23:00:00,11.150432350360063,-22.37083332,-48.55722222
2025,A741,BARRA BONITA,SE,SP,-22.4711111,-48.5575,533.68,24/04/08,2025/INMET_SE_SP_A741_BARRA BONITA_01-01-2025_A_31-12-2025.CSV,8760,8760,8741,0,2025-01-01T00:00:00,2025-12-31T23:00:00,11.150432350360063,-22.37083332,-48.55722222
2017,A744,BRAGANCA PAULISTA,SE,SP,-23.95194444,-46.53055554,891.0,2017-12-20,2017/INMET_SE_SP_A744_BRAGANCA PAULISTA_20-12-2017_A_31-12-2017.CSV,288,288,283,0,2017-12-20T00:00:00,2017-12-31T23:00:00,111.19512915936788,-22.951944,-46.53055554
2018,A744,BRAGANCA PAULISTA,SE,SP,-23.95194444,-46.53055554,891.0,2017-12-20,2018/INMET_SE_SP_A744_BRAGANCA PAULISTA_01-01-2018_A_31-12-2018.CSV,8760,8760,8709,0,2018-01-01T00:00:00,2018-12-31T23:00:00,111.19512915936788,-22.951944,-46.53055554
2019,A744,,,SP,-23.951972,-46.530472,891.0,20/12/17,2019/INMET_SE_SP_A744_BRAGANCA PAULISTA_01-01-2019_A_31-12-2019.CSV,8760,8760,6507,0,2019-01-01T00:00:00,2019-12-31T23:00:00,111.19819402231212,-22.951944,-46.53055554
2020,A744,BRAGANCA PAULISTA,SE,SP,-22.951944,-46.530556,891.0,20/12/17,INMET_SE_SP_A744_BRAGANCA PAULISTA_01-01-2020_A_31-12-2020.CSV,8784,8784,8761,0,2020-01-01T00:00:00,2020-12-31T23:00:00,4.710032707619743e-05,-22.951944,-46.53055554
2021,A744,BRAGANCA PAULISTA,SE,SP,-22.951944,-46.530556,891.0,20/12/17,INMET_SE_SP_A744_BRAGANCA PAULISTA_01-01-2021_A_31-12-2021.CSV,8760,8760,7495,0,2021-01-01T00:00:00,2021-12-31T23:00:00,4.710032707619743e-05,-22.951944,-46.53055554
2022,A744,BRAGANCA PAULISTA,SE,SP,-22.95194444,-46.53055554,891.0,20/12/17,INMET_SE_SP_A744_BRAGANCA PAULISTA_01-01-2022_A_31-12-2022.CSV,8760,8760,7506,0,2022-01-01T00:00:00,2022-12-31T23:00:00,4.8925834817176294e-05,-22.951944,-46.53055554
2023,A744,BRAGANCA PAULISTA,SE,SP,-22.94916666,-46.5261111,880.0,20/12/17,INMET_SE_SP_A744_BRAGANCA PAULISTA_01-01-2023_A_31-12-2023.CSV,8760,8760,8472,0,2023-01-01T00:00:00,2023-12-31T23:00:00,0.5499740873085911,-22.951944,-46.53055554
2024,A744,BRAGANCA PAULISTA,SE,SP,-22.94916666,-46.5261111,891.0,20/12/17,INMET_SE_SP_A744_BRAGANCA PAULISTA_01-01-2024_A_31-12-2024.CSV,8784,8784,8502,0,2024-01-01T00:00:00,2024-12-31T23:00:00,0.5499740873085911,-22.951944,-46.53055554
2025,A744,BRAGANCA PAULISTA,SE,SP,-22.94916666,-46.5261111,891.0,20/12/17,2025/INMET_SE_SP_A744_BRAGANCA PAULISTA_01-01-2025_A_31-12-2025.CSV,8760,8760,8621,0,2025-01-01T00:00:00,2025-12-31T23:00:00,0.5499740873085911,-22.951944,-46.53055554
2012,A760,COSTA RICA,CO,MS,-18.82277777,-53.26722221,730.0,2012-12-04,2012/INMET_CO_MS_A760_COSTA RICA_04-12-2012_A_31-12-2012.CSV,672,672,609,0,2012-12-04T00:00:00,2012-12-31T23:00:00,19.028337796903926,-18.65777777,-53.219305545
2013,A760,COSTA RICA,CO,MS,-18.82277777,-53.26722221,730.0,2012-12-04,2013/INMET_CO_MS_A760_COSTA RICA_01-01-2013_A_31-12-2013.CSV,8760,8760,8724,0,2013-01-01T00:00:00,2013-12-31T23:00:00,19.028337796903926,-18.65777777,-53.219305545
2014,A760,COSTA RICA,CO,MS,-18.82277777,-53.26722221,730.0,2012-12-04,2014/INMET_CO_MS_A760_COSTA RICA_01-01-2014_A_31-12-2014.CSV,8760,8760,8755,0,2014-01-01T00:00:00,2014-12-31T23:00:00,19.028337796903926,-18.65777777,-53.219305545
2015,A760,COSTA RICA,CO,MS,-18.82277777,-53.26722221,730.0,2012-12-04,2015/INMET_CO_MS_A760_COSTA RICA_01-01-2015_A_31-12-2015.CSV,8760,8760,8757,0,2015-01-01T00:00:00,2015-12-31T23:00:00,19.028337796903926,-18.65777777,-53.219305545
2016,A760,COSTA RICA,CO,MS,-18.82277777,-53.26722221,730.0,2012-12-04,2016/INMET_CO_MS_A760_COSTA RICA_01-01-2016_A_31-12-2016.CSV,8784,8784,8783,0,2016-01-01T00:00:00,2016-12-31T23:00:00,19.028337796903926,-18.65777777,-53.219305545
2017,A760,COSTA RICA,CO,MS,-18.82277777,-53.26722221,730.0,2012-12-04,2017/INMET_CO_MS_A760_COSTA RICA_01-01-2017_A_31-12-2017.CSV,8760,8760,8500,0,2017-01-01T00:00:00,2017-12-31T23:00:00,19.028337796903926,-18.65777777,-53.219305545
2018,A760,COSTA RICA,CO,MS,-18.82277777,-53.26722221,730.0,2012-12-04,2018/INMET_CO_MS_A760_COSTA RICA_01-01-2018_A_31-12-2018.CSV,8760,8760,8759,0,2018-01-01T00:00:00,2018-12-31T23:00:00,19.028337796903926,-18.65777777,-53.219305545
2019,A760,,,MS,-18.492665,-53.171261,727.34,04/12/12,2019/INMET_CO_MS_A760_COSTA RICA_01-01-2019_A_31-12-2019.CSV,8760,8760,8392,0,2019-01-01T00:00:00,2019-12-31T23:00:00,19.04531000762305,-18.65777777,-53.219305545
2020,A760,COSTA RICA,CO,MS,-18.49277777,-53.17138888,727.34,04/12/12,INMET_CO_MS_A760_COSTA RICA_01-01-2020_A_31-12-2020.CSV,8784,8784,8784,0,2020-01-01T00:00:00,2020-12-31T23:00:00,19.029640000771185,-18.65777777,-53.219305545
2021,A760,COSTA RICA,CO,MS,-18.49277777,-53.17138888,727.34,04/12/12,INMET_CO_MS_A760_COSTA RICA_01-01-2021_A_31-12-2021.CSV,8760,8760,8758,0,2021-01-01T00:00:00,2021-12-31T23:00:00,19.029640000771185,-18.65777777,-53.219305545
2022,A760,COSTA RICA,CO,MS,-18.49277777,-53.17138888,727.34,04/12/12,INMET_CO_MS_A760_COSTA RICA_01-01-2022_A_31-12-2022.CSV,8760,8760,6966,0,2022-01-01T00:00:00,2022-12-31T23:00:00,19.029640000771185,-18.65777777,-53.219305545
2023,A760,COSTA RICA,CO,MS,-18.49277777,-53.17138888,727.34,04/12/12,INMET_CO_MS_A760_COSTA RICA_01-01-2023_A_31-12-2023.CSV,8760,8760,8760,0,2023-01-01T00:00:00,2023-12-31T23:00:00,19.029640000771185,-18.65777777,-53.219305545
2024,A760,COSTA RICA,CO,MS,-18.49277777,-53.17138888,727.34,04/12/12,INMET_CO_MS_A760_COSTA RICA_01-01-2024_A_31-12-2024.CSV,8784,8784,8325,0,2024-01-01T00:00:00,2024-12-31T23:00:00,19.029640000771185,-18.65777777,-53.219305545
2025,A760,COSTA RICA,CO,MS,-18.49277777,-53.17138888,727.34,04/12/12,2025/INMET_CO_MS_A760_COSTA RICA_01-01-2025_A_31-12-2025.CSV,8760,8760,5932,0,2025-01-01T00:00:00,2025-12-31T23:00:00,19.029640000771185,-18.65777777,-53.219305545
2012,A761,SONORA,CO,MS,-17.89638888,-54.45361111,486.0,2012-11-30,2012/INMET_CO_MS_A761_SONORA_30-11-2012_A_31-12-2012.CSV,768,768,680,0,2012-11-30T00:00:00,2012-12-31T23:00:00,21.78683797809633,-17.765833325,-54.607083329999995
2013,A761,SONORA,CO,MS,-17.89638888,-54.45361111,486.0,2012-11-30,2013/INMET_CO_MS_A761_SONORA_01-01-2013_A_31-12-2013.CSV,8760,8760,8744,0,2013-01-01T00:00:00,2013-12-31T23:00:00,21.78683797809633,-17.765833325,-54.607083329999995
2014,A761,SONORA,CO,MS,-17.89638888,-54.45361111,486.0,2012-11-30,2014/INMET_CO_MS_A761_SONORA_01-01-2014_A_31-12-2014.CSV,8760,8760,8760,0,2014-01-01T00:00:00,2014-12-31T23:00:00,21.78683797809633,-17.765833325,-54.607083329999995
2015,A761,SONORA,CO,MS,-17.89638888,-54.45361111,486.0,2012-11-30,2015/INMET_CO_MS_A761_SONORA_01-01-2015_A_31-12-2015.CSV,8760,8760,8363,0,2015-01-01T00:00:00,2015-12-31T23:00:00,21.78683797809633,-17.765833325,-54.607083329999995
2016,A761,SONORA,CO,MS,-17.89638888,-54.45361111,486.0,2012-11-30,2016/INMET_CO_MS_A761_SONORA_01-01-2016_A_31-12-2016.CSV,8784,8784,8783,0,2016-01-01T00:00:00,2016-12-31T23:00:00,21.78683797809633,-17.765833325,-54.607083329999995
2017,A761,SONORA,CO,MS,-17.89638888,-54.45361111,486.0,2012-11-30,2017/INMET_CO_MS_A761_SONORA_01-01-2017_A_31-12-2017.CSV,8760,8760,8125,0,2017-01-01T00:00:00,2017-12-31T23:00:00,21.78683797809633,-17.765833325,-54.607083329999995
2018,A761,SONORA,CO,MS,-17.89638888,-54.45361111,486.0,2012-11-30,2018/INMET_CO_MS_A761_SONORA_01-01-2018_A_31-12-2018.CSV,8760,8760,7999,0,2018-01-01T00:00:00,2018-12-31T23:00:00,21.78683797809633,-17.765833325,-54.607083329999995
2019,A761,,,MS,-17.63527777,-54.76055555,495.25,30/11/12,2019/INMET_CO_MS_A761_SONORA_01-01-2019_A_31-12-2019.CSV,8760,8760,8753,0,2019-01-01T00:00:00,2019-12-31T23:00:00,21.79568672133029,-17.765833325,-54.607083329999995
2020,A761,SONORA,CO,MS,-17.63527777,-54.76055555,495.25,30/11/12,INMET_CO_MS_A761_SONORA_01-01-2020_A_31-12-2020.CSV,8784,8784,7808,0,2020-01-01T00:00:00,2020-12-31T23:00:00,21.79568672133029,-17.765833325,-54.607083329999995
2021,A761,SONORA,CO,MS,-17.63527777,-54.76055555,495.25,30/11/12,INMET_CO_MS_A761_SONORA_01-01-2021_A_31-12-2021.CSV,8760,8760,0,0,2021-01-01T00:00:00,2021-12-31T23:00:00,21.79568672133029,-17.765833325,-54.607083329999995
2022,A761,SONORA,CO,MS,-17.63527777,-54.76055555,495.25,30/11/12,INMET_CO_MS_A761_SONORA_01-01-2022_A_31-12-2022.CSV,8760,8760,7090,0,2022-01-01T00:00:00,2022-12-31T23:00:00,21.79568672133029,-17.765833325,-54.607083329999995
2023,A761,SONORA,CO,MS,-17.63527777,-54.76055555,495.25,30/11/12,INMET_CO_MS_A761_SONORA_01-01-2023_A_31-12-2023.CSV,8760,8760,8760,0,2023-01-01T00:00:00,2023-12-31T23:00:00,21.79568672133029,-17.765833325,-54.607083329999995
2024,A761,SONORA,CO,MS,-17.63527777,-54.76055555,495.25,30/11/12,INMET_CO_MS_A761_SONORA_01-01-2024_A_31-12-2024.CSV,8784,8784,8782,0,2024-01-01T00:00:00,2024-12-31T23:00:00,21.79568672133029,-17.765833325,-54.607083329999995
2025,A761,SONORA,CO,MS,-17.63527777,-54.76055555,495.25,30/11/12,2025/INMET_CO_MS_A761_SONORA_01-01-2025_A_31-12-2025.CSV,8760,8760,8751,0,2025-01-01T00:00:00,2025-12-31T23:00:00,21.79568672133029,-17.765833325,-54.607083329999995
2001,A802,RIO GRANDE,S,RS,-32.03333333,-52.1,2.46,2001-11-16,2001/INMET_S_RS_A802_RIO GRANDE_16-11-2001_A_31-12-2001.CSV,1104,1104,982,0,2001-11-16T00:00:00,2001-12-31T23:00:00,0.0,-32.03333333,-52.1
2002,A802,RIO GRANDE,S,RS,-32.03333333,-52.1,2.46,2001-11-16,2002/INMET_S_RS_A802_RIO GRANDE_01-01-2002_A_31-12-2002.CSV,8760,8760,7908,0,2002-01-01T00:00:00,2002-12-31T23:00:00,0.0,-32.03333333,-52.1
2003,A802,RIO GRANDE,S,RS,-32.03333333,-52.1,2.46,2001-11-16,2003/INMET_S_RS_A802_RIO GRANDE_01-01-2003_A_31-12-2003.CSV,8760,8760,7896,0,2003-01-01T00:00:00,2003-12-31T23:00:00,0.0,-32.03333333,-52.1
2004,A802,RIO GRANDE,S,RS,-32.03333333,-52.1,2.46,2001-11-16,2004/INMET_S_RS_A802_RIO GRANDE_01-01-2004_A_31-12-2004.CSV,8784,8784,2682,0,2004-01-01T00:00:00,2004-12-31T23:00:00,0.0,-32.03333333,-52.1
2005,A802,RIO GRANDE,S,RS,-32.03333333,-52.1,2.46,2001-11-16,2005/INMET_S_RS_A802_RIO GRANDE_01-01-2005_A_31-12-2005.CSV,8760,8760,5047,0,2005-01-01T00:00:00,2005-12-31T23:00:00,0.0,-32.03333333,-52.1
2006,A802,RIO GRANDE,S,RS,-32.03333333,-52.1,2.46,2001-11-16,2006/INMET_S_RS_A802_RIO GRANDE_01-01-2006_A_31-12-2006.CSV,8760,8760,8378,0,2006-01-01T00:00:00,2006-12-31T23:00:00,0.0,-32.03333333,-52.1
2007,A802,RIO GRANDE,S,RS,-32.03333333,-52.1,2.46,2001-11-16,2007/INMET_S_RS_A802_RIO GRANDE_01-01-2007_A_31-12-2007.CSV,8760,8760,8607,0,2007-01-01T00:00:00,2007-12-31T23:00:00,0.0,-32.03333333,-52.1
2008,A802,RIO GRANDE,S,RS,-32.03333333,-52.1,2.46,2001-11-16,2008/INMET_S_RS_A802_RIO GRANDE_01-01-2008_A_31-12-2008.CSV,8784,8784,7332,0,2008-01-01T00:00:00,2008-12-31T23:00:00,0.0,-32.03333333,-52.1
2009,A802,RIO GRANDE,S,RS,-32.03333333,-52.1,2.46,2001-11-16,2009/INMET_S_RS_A802_RIO GRANDE_01-01-2009_A_31-12-2009.CSV,8760,8760,7229,0,2009-01-01T00:00:00,2009-12-31T23:00:00,0.0,-32.03333333,-52.1
2010,A802,RIO GRANDE,S,RS,-32.03333333,-52.1,2.46,2001-11-16,2010/INMET_S_RS_A802_RIO GRANDE_01-01-2010_A_31-12-2010.CSV,8760,8760,8717,0,2010-01-01T00:00:00,2010-12-31T23:00:00,0.0,-32.03333333,-52.1
2011,A802,RIO GRANDE,S,RS,-32.03333333,-52.1,2.46,2001-11-16,2011/INMET_S_RS_A802_RIO GRANDE_01-01-2011_A_31-12-2011.CSV,8760,8760,8750,0,2011-01-01T00:00:00,2011-12-31T23:00:00,0.0,-32.03333333,-52.1
2012,A802,RIO GRANDE,S,RS,-32.03333333,-52.1,2.46,2001-11-16,2012/INMET_S_RS_A802_RIO GRANDE_01-01-2012_A_31-12-2012.CSV,8784,8784,8781,0,2012-01-01T00:00:00,2012-12-31T23:00:00,0.0,-32.03333333,-52.1
2013,A802,RIO GRANDE,S,RS,-32.03333333,-52.1,2.46,2001-11-16,2013/INMET_S_RS_A802_RIO GRANDE_01-01-2013_A_31-12-2013.CSV,8760,8760,8746,0,2013-01-01T00:00:00,2013-12-31T23:00:00,0.0,-32.03333333,-52.1
2014,A802,RIO GRANDE,S,RS,-32.03333333,-52.1,2.46,2001-11-16,2014/INMET_S_RS_A802_RIO GRANDE_01-01-2014_A_31-12-2014.CSV,8760,8760,8734,0,2014-01-01T00:00:00,2014-12-31T23:00:00,0.0,-32.03333333,-52.1
2015,A802,RIO GRANDE,S,RS,-32.03333333,-52.1,2.46,2001-11-16,2015/INMET_S_RS_A802_RIO GRANDE_01-01-2015_A_31-12-2015.CSV,8760,8760,7738,0,2015-01-01T00:00:00,2015-12-31T23:00:00,0.0,-32.03333333,-52.1
2016,A802,RIO GRANDE,S,RS,-32.03333333,-52.1,2.46,2001-11-16,2016/INMET_S_RS_A802_RIO GRANDE_01-01-2016_A_31-12-2016.CSV,8784,8784,6883,0,2016-01-01T00:00:00,2016-12-31T23:00:00,0.0,-32.03333333,-52.1
2017,A802,RIO GRANDE,S,RS,-32.03333333,-52.1,2.46,2001-11-16,2017/INMET_S_RS_A802_RIO GRANDE_01-01-2017_A_31-12-2017.CSV,8760,8760,7375,0,2017-01-01T00:00:00,2017-12-31T23:00:00,0.0,-32.03333333,-52.1
2018,A802,RIO GRANDE,S,RS,-32.03333333,-52.1,2.46,2001-11-16,2018/INMET_S_RS_A802_RIO GRANDE_01-01-2018_A_31-12-2018.CSV,8760,8760,8760,0,2018-01-01T00:00:00,2018-12-31T23:00:00,0.0,-32.03333333,-52.1
2019,A802,,,RS,-32.07878,-52.167738,4.92,16/11/01,2019/INMET_S_RS_A802_RIO GRANDE_01-01-2019_A_31-12-2019.CSV,8760,8760,8760,0,2019-01-01T00:00:00,2019-12-31T23:00:00,8.14180368245881,-32.03333333,-52.1
2020,A802,RIO GRANDE,S,RS,-32.07878,-52.167738,4.92,16/11/01,INMET_S_RS_A802_RIO GRANDE_01-01-2020_A_31-12-2020.CSV,8784,8784,8784,0,2020-01-01T00:00:00,2020-12-31T23:00:00,8.14180368245881,-32.03333333,-52.1
2021,A802,RIO GRANDE,S,RS,-32.07888888,-52.16777777,4.92,16/11/01,INMET_S_RS_A802_RIO GRANDE_01-01-2021_A_31-12-2021.CSV,8760,8760,8238,0,2021-01-01T00:00:00,2021-12-31T23:00:00,8.152257012951972,-32.03333333,-52.1
2022,A802,RIO GRANDE,S,RS,-32.07888888,-52.16777777,4.92,16/11/01,INMET_S_RS_A802_RIO GRANDE_01-01-2022_A_31-12-2022.CSV,8760,8760,8404,0,2022-01-01T00:00:00,2022-12-31T23:00:00,8.152257012951972,-32.03333333,-52.1
2023,A802,RIO GRANDE,S,RS,-32.07888888,-52.16777777,4.92,16/11/01,INMET_S_RS_A802_RIO GRANDE_01-01-2023_A_31-12-2023.CSV,8760,8760,7755,0,2023-01-01T00:00:00,2023-12-31T23:00:00,8.152257012951972,-32.03333333,-52.1
2024,A802,RIO GRANDE,S,RS,-32.07888888,-52.16777777,4.92,16/11/01,INMET_S_RS_A802_RIO GRANDE_01-01-2024_A_31-12-2024.CSV,8784,8784,7891,0,2024-01-01T00:00:00,2024-12-31T23:00:00,8.152257012951972,-32.03333333,-52.1
2025,A802,RIO GRANDE,S,RS,-32.07888888,-52.16777777,4.92,16/11/01,2025/INMET_S_RS_A802_RIO GRANDE_01-01-2025_A_31-12-2025.CSV,8760,8760,8670,0,2025-01-01T00:00:00,2025-12-31T23:00:00,8.152257012951972,-32.03333333,-52.1
2001,A804,SANTANA DO LIVRAMENTO,S,RS,-30.84249999,-55.61277777,196.0,2001-11-22,2001/INMET_S_RS_A804_SANTANA DO LIVRAMENTO_22-11-2001_A_31-12-2001.CSV,960,960,833,0,2001-11-22T00:00:00,2001-12-31T23:00:00,0.0,-30.84249999,-55.61277777
2002,A804,SANTANA DO LIVRAMENTO,S,RS,-30.84249999,-55.61277777,196.0,2001-11-22,2002/INMET_S_RS_A804_SANTANA DO LIVRAMENTO_01-01-2002_A_31-12-2002.CSV,8760,8760,7093,0,2002-01-01T00:00:00,2002-12-31T23:00:00,0.0,-30.84249999,-55.61277777
2003,A804,SANTANA DO LIVRAMENTO,S,RS,-30.84249999,-55.61277777,196.0,2001-11-22,2003/INMET_S_RS_A804_SANTANA DO LIVRAMENTO_01-01-2003_A_31-12-2003.CSV,8760,8760,7125,0,2003-01-01T00:00:00,2003-12-31T23:00:00,0.0,-30.84249999,-55.61277777
2004,A804,SANTANA DO LIVRAMENTO,S,RS,-30.84249999,-55.61277777,196.0,2001-11-22,2004/INMET_S_RS_A804_SANTANA DO LIVRAMENTO_01-01-2004_A_31-12-2004.CSV,8784,8784,8600,0,2004-01-01T00:00:00,2004-12-31T23:00:00,0.0,-30.84249999,-55.61277777
2005,A804,SANTANA DO LIVRAMENTO,S,RS,-30.84249999,-55.61277777,196.0,2001-11-22,2005/INMET_S_RS_A804_SANTANA DO LIVRAMENTO_01-01-2005_A_31-12-2005.CSV,8760,8760,7741,0,2005-01-01T00:00:00,2005-12-31T23:00:00,0.0,-30.84249999,-55.61277777
2006,A804,SANTANA DO LIVRAMENTO,S,RS,-30.84249999,-55.61277777,196.0,2001-11-22,2006/INMET_S_RS_A804_SANTANA DO LIVRAMENTO_01-01-2006_A_31-12-2006.CSV,8760,8760,8019,0,2006-01-01T00:00:00,2006-12-31T23:00:00,0.0,-30.84249999,-55.61277777
2007,A804,SANTANA DO LIVRAMENTO,S,RS,-30.84249999,-55.61277777,196.0,2001-11-22,2007/INMET_S_RS_A804_SANTANA DO LIVRAMENTO_01-01-2007_A_31-12-2007.CSV,8760,8760,8001,0,2007-01-01T00:00:00,2007-12-31T23:00:00,0.0,-30.84249999,-55.61277777
2008,A804,SANTANA DO LIVRAMENTO,S,RS,-30.84249999,-55.61277777,196.0,2001-11-22,2008/INMET_S_RS_A804_SANTANA DO LIVRAMENTO_01-01-2008_A_31-12-2008.CSV,8784,8784,8280,0,2008-01-01T00:00:00,2008-12-31T23:00:00,0.0,-30.84249999,-55.61277777
2009,A804,SANTANA DO LIVRAMENTO,S,RS,-30.84249999,-55.61277777,196.0,2001-11-22,2009/INMET_S_RS_A804_SANTANA DO LIVRAMENTO_01-01-2009_A_31-12-2009.CSV,8760,8760,8723,0,2009-01-01T00:00:00,2009-12-31T23:00:00,0.0,-30.84249999,-55.61277777
2010,A804,SANTANA DO LIVRAMENTO,S,RS,-30.84249999,-55.61277777,196.0,2001-11-22,2010/INMET_S_RS_A804_SANTANA DO LIVRAMENTO_01-01-2010_A_31-12-2010.CSV,8760,8760,8713,0,2010-01-01T00:00:00,2010-12-31T23:00:00,0.0,-30.84249999,-55.61277777
2011,A804,SANTANA DO LIVRAMENTO,S,RS,-30.84249999,-55.61277777,196.0,2001-11-22,2011/INMET_S_RS_A804_SANTANA DO LIVRAMENTO_01-01-2011_A_31-12-2011.CSV,8760,8760,8636,0,2011-01-01T00:00:00,2011-12-31T23:00:00,0.0,-30.84249999,-55.61277777
2012,A804,SANTANA DO LIVRAMENTO,S,RS,-30.84249999,-55.61277777,196.0,2001-11-22,2012/INMET_S_RS_A804_SANTANA DO LIVRAMENTO_01-01-2012_A_31-12-2012.CSV,8784,8784,8763,0,2012-01-01T00:00:00,2012-12-31T23:00:00,0.0,-30.84249999,-55.61277777
2013,A804,SANTANA DO LIVRAMENTO,S,RS,-30.84249999,-55.61277777,196.0,2001-11-22,2013/INMET_S_RS_A804_SANTANA DO LIVRAMENTO_01-01-2013_A_31-12-2013.CSV,8760,8760,6787,0,2013-01-01T00:00:00,2013-12-31T23:00:00,0.0,-30.84249999,-55.61277777
2014,A804,SANTANA DO LIVRAMENTO,S,RS,-30.84249999,-55.61277777,196.0,2001-11-22,2014/INMET_S_RS_A804_SANTANA DO LIVRAMENTO_01-01-2014_A_31-12-2014.CSV,8760,8760,0,0,2014-01-01T00:00:00,2014-12-31T23:00:00,0.0,-30.84249999,-55.61277777
2015,A804,SANTANA DO LIVRAMENTO,S,RS,-30.84249999,-55.61277777,196.0,2001-11-22,2015/INMET_S_RS_A804_SANTANA DO LIVRAMENTO_01-01-2015_A_31-12-2015.CSV,8760,8760,0,0,2015-01-01T00:00:00,2015-12-31T23:00:00,0.0,-30.84249999,-55.61277777
2016,A804,SANTANA DO LIVRAMENTO,S,RS,-30.84249999,-55.61277777,196.0,2001-11-22,2016/INMET_S_RS_A804_SANTANA DO LIVRAMENTO_01-01-2016_A_31-12-2016.CSV,8784,8784,3556,0,2016-01-01T00:00:00,2016-12-31T23:00:00,0.0,-30.84249999,-55.61277777
2017,A804,SANTANA DO LIVRAMENTO,S,RS,-30.84249999,-55.61277777,196.0,2001-11-22,2017/INMET_S_RS_A804_SANTANA DO LIVRAMENTO_01-01-2017_A_31-12-2017.CSV,8760,8760,6600,0,2017-01-01T00:00:00,2017-12-31T23:00:00,0.0,-30.84249999,-55.61277777
2018,A804,SANTANA DO LIVRAMENTO,S,RS,-30.84249999,-55.61277777,196.0,2001-11-22,2018/INMET_S_RS_A804_SANTANA DO LIVRAMENTO_01-01-2018_A_31-12-2018.CSV,8760,8760,8760,0,2018-01-01T00:00:00,2018-12-31T23:00:00,0.0,-30.84249999,-55.61277777
2019,A804,,,RS,-30.84249999,-55.61305555,328.0,22/11/01,2019/INMET_S_RS_A804_SANTANA DO LIVRAMENTO_01-01-2019_A_31-12-2019.CSV,8760,8760,8728,0,2019-01-01T00:00:00,2019-12-31T23:00:00,0.026519616262504004,-30.84249999,-55.61277777
2020,A804,SANTANA DO LIVRAMENTO,S,RS,-30.75055555,-55.40138888,196.0,22/11/01,INMET_S_RS_A804_SANTANA DO LIVRAMENTO_01-01-2020_A_31-12-2020.CSV,8784,8784,6980,0,2020-01-01T00:00:00,2020-12-31T23:00:00,22.631809085923873,-30.84249999,-55.61277777
2021,A804,SANTANA DO LIVRAMENTO,S,RS,-30.75055555,-55.40138888,196.0,22/11/01,INMET_S_RS_A804_SANTANA DO LIVRAMENTO_01-01-2021_A_31-12-2021.CSV,8760,8760,5843,0,2021-01-01T00:00:00,2021-12-31T23:00:00,22.631809085923873,-30.84249999,-55.61277777
2022,A804,SANTANA DO LIVRAMENTO,S,RS,-30.75055555,-55.40138888,196.0,22/11/01,INMET_S_RS_A804_SANTANA DO LIVRAMENTO_01-01-2022_A_31-12-2022.CSV,8760,8760,8610,0,2022-01-01T00:00:00,2022-12-31T23:00:00,22.631809085923873,-30.84249999,-55.61277777
2023,A804,SANTANA DO LIVRAMENTO,S,RS,-30.75055555,-55.40138888,196.0,22/11/01,INMET_S_RS_A804_SANTANA DO LIVRAMENTO_01-01-2023_A_31-12-2023.CSV,8760,8760,8302,0,2023-01-01T00:00:00,2023-12-31T23:00:00,22.631809085923873,-30.84249999,-55.61277777
2024,A804,SANTANA DO LIVRAMENTO,S,RS,-30.75055555,-55.40138888,196.0,22/11/01,INMET_S_RS_A804_SANTANA DO LIVRAMENTO_01-01-2024_A_31-12-2024.CSV,8784,8784,8070,0,2024-01-01T00:00:00,2024-12-31T23:00:00,22.631809085923873,-30.84249999,-55.61277777
2025,A804,SANTANA DO LIVRAMENTO,S,RS,-30.75055555,-55.40138888,196.0,22/11/01,2025/INMET_S_RS_A804_SANTANA DO LIVRAMENTO_01-01-2025_A_31-12-2025.CSV,8760,8760,3111,0,2025-01-01T00:00:00,2025-12-31T23:00:00,22.631809085923873,-30.84249999,-55.61277777
2008,A850,PARANAPOEMA,S,PR,-22.49166666,-52.13444444,311.0,2008-03-04,2008/INMET_S_PR_A850_PARANAPOEMA_04-03-2008_A_31-12-2008.CSV,7272,7272,7252,0,2008-03-04T00:00:00,2008-12-31T23:00:00,0.0,-22.49166666,-52.13444444
2009,A850,PARANAPOEMA,S,PR,-22.49166666,-52.13444444,311.0,2008-03-04,2009/INMET_S_PR_A850_PARANAPOEMA_01-01-2009_A_31-12-2009.CSV,8760,8760,1377,0,2009-01-01T00:00:00,2009-12-31T23:00:00,0.0,-22.49166666,-52.13444444
2010,A850,PARANAPOEMA,S,PR,-22.49166666,-52.13444444,311.0,2008-03-04,2010/INMET_S_PR_A850_PARANAPOEMA_01-01-2010_A_31-12-2010.CSV,8760,8760,6922,0,2010-01-01T00:00:00,2010-12-31T23:00:00,0.0,-22.49166666,-52.13444444
2011,A850,PARANAPOEMA,S,PR,-22.49166666,-52.13444444,311.0,2008-03-04,2011/INMET_S_PR_A850_PARANAPOEMA_01-01-2011_A_31-12-2011.CSV,8760,8760,8708,0,2011-01-01T00:00:00,2011-12-31T23:00:00,0.0,-22.49166666,-52.13444444
2012,A850,PARANAPOEMA,S,PR,-22.49166666,-52.13444444,311.0,2008-03-04,2012/INMET_S_PR_A850_PARANAPOEMA_01-01-2012_A_31-12-2012.CSV,8784,8784,8781,0,2012-01-01T00:00:00,2012-12-31T23:00:00,0.0,-22.49166666,-52.13444444
2013,A850,PARANAPOEMA,S,PR,-22.49166666,-52.13444444,311.0,2008-03-04,2013/INMET_S_PR_A850_PARANAPOEMA_01-01-2013_A_31-12-2013.CSV,8760,8760,8746,0,2013-01-01T00:00:00,2013-12-31T23:00:00,0.0,-22.49166666,-52.13444444
2014,A850,PARANAPOEMA,S,PR,-22.49166666,-52.13444444,311.0,2008-03-04,2014/INMET_S_PR_A850_PARANAPOEMA_01-01-2014_A_31-12-2014.CSV,8760,8760,8740,0,2014-01-01T00:00:00,2014-12-31T23:00:00,0.0,-22.49166666,-52.13444444
2015,A850,PARANAPOEMA,S,PR,-22.49166666,-52.13444444,311.0,2008-03-04,2015/INMET_S_PR_A850_PARANAPOEMA_01-01-2015_A_31-12-2015.CSV,8760,8760,6741,0,2015-01-01T00:00:00,2015-12-31T23:00:00,0.0,-22.49166666,-52.13444444
2016,A850,PARANAPOEMA,S,PR,-22.49166666,-52.13444444,311.0,2008-03-04,2016/INMET_S_PR_A850_PARANAPOEMA_01-01-2016_A_31-12-2016.CSV,8784,8784,8677,0,2016-01-01T00:00:00,2016-12-31T23:00:00,0.0,-22.49166666,-52.13444444
2017,A850,PARANAPOEMA,S,PR,-22.49166666,-52.13444444,311.0,2008-03-04,2017/INMET_S_PR_A850_PARANAPOEMA_01-01-2017_A_31-12-2017.CSV,8760,8760,6967,0,2017-01-01T00:00:00,2017-12-31T23:00:00,0.0,-22.49166666,-52.13444444
2018,A850,PARANAPOEMA,S,PR,-22.49166666,-52.13444444,311.0,2008-03-04,2018/INMET_S_PR_A850_PARANAPOEMA_01-01-2018_A_31-12-2018.CSV,8760,8760,7397,0,2018-01-01T00:00:00,2018-12-31T23:00:00,0.0,-22.49166666,-52.13444444
2019,A850,,,PR,-22.658273,-52.134526,308.7,04/03/08,2019/INMET_S_PR_A850_PARANAPOEMA_01-01-2019_A_31-12-2019.CSV,8760,8760,8760,0,2019-01-01T00:00:00,2019-12-31T23:00:00,18.525807236394893,-22.49166666,-52.13444444
2020,A850,PARANAPOEMA,S,PR,-22.658273,-52.134526,308.7,04/03/08,INMET_S_PR_A850_PARANAPOEMA_01-01-2020_A_31-12-2020.CSV,8784,8784,8652,0,2020-01-01T00:00:00,2020-12-31T23:00:00,18.525807236394893,-22.49166666,-52.13444444
2021,A850,PARANAPOEMA,S,PR,-22.65833333,-52.13444444,308.7,04/03/08,INMET_S_PR_A850_PARANAPOEMA_01-01-2021_A_31-12-2021.CSV,8760,8760,2542,0,2021-01-01T00:00:00,2021-12-31T23:00:00,18.532513742905817,-22.49166666,-52.13444444
2022,A850,PARANAPOEMA,S,PR,-22.65833333,-52.13444444,308.7,04/03/08,INMET_S_PR_A850_PARANAPOEMA_01-01-2022_A_31-12-2022.CSV,8760,8760,5968,0,2022-01-01T00:00:00,2022-12-31T23:00:00,18.532513742905817,-22.49166666,-52.13444444
2023,A850,PARANAPOEMA,S,PR,-22.65833333,-52.13444444,308.7,04/03/08,INMET_S_PR_A850_PARANAPOEMA_01-01-2023_A_31-12-2023.CSV,8760,8760,8432,0,2023-01-01T00:00:00,2023-12-31T23:00:00,18.532513742905817,-22.49166666,-52.13444444
2024,A850,PARANAPOEMA,S,PR,-22.65833333,-52.13444444,308.7,04/03/08,INMET_S_PR_A850_PARANAPOEMA_01-01-2024_A_31-12-2024.CSV,8784,8784,8312,0,2024-01-01T00:00:00,2024-12-31T23:00:00,18.532513742905817,-22.49166666,-52.13444444
2025,A850,PARANAPOEMA,S,PR,-22.65833333,-52.13444444,308.7,04/03/08,2025/INMET_S_PR_A850_PARANAPOEMA_01-01-2025_A_31-12-2025.CSV,8760,8760,285,0,2025-01-01T00:00:00,2025-12-31T23:00:00,18.532513742905817,-22.49166666,-52.13444444
2011,A872,VENTANIA,S,PR,-24.23833333,-50.24555555,1106.0,2011-04-15,2011/INMET_S_PR_A872_VENTANIA_15-04-2011_A_31-12-2011.CSV,6264,6264,5123,0,2011-04-15T00:00:00,2011-12-31T23:00:00,0.0,-24.23833333,-50.24555555
2012,A872,VENTANIA,S,PR,-24.23833333,-50.24555555,1106.0,2011-04-15,2012/INMET_S_PR_A872_VENTANIA_01-01-2012_A_31-12-2012.CSV,8784,8784,8779,0,2012-01-01T00:00:00,2012-12-31T23:00:00,0.0,-24.23833333,-50.24555555
2013,A872,VENTANIA,S,PR,-24.23833333,-50.24555555,1106.0,2011-04-15,2013/INMET_S_PR_A872_VENTANIA_01-01-2013_A_31-12-2013.CSV,8760,8760,8746,0,2013-01-01T00:00:00,2013-12-31T23:00:00,0.0,-24.23833333,-50.24555555
2014,A872,VENTANIA,S,PR,-24.23833333,-50.24555555,1106.0,2011-04-15,2014/INMET_S_PR_A872_VENTANIA_01-01-2014_A_31-12-2014.CSV,8760,8760,7457,0,2014-01-01T00:00:00,2014-12-31T23:00:00,0.0,-24.23833333,-50.24555555
2015,A872,VENTANIA,S,PR,-24.23833333,-50.24555555,1106.0,2011-04-15,2015/INMET_S_PR_A872_VENTANIA_01-01-2015_A_31-12-2015.CSV,8760,8760,8759,0,2015-01-01T00:00:00,2015-12-31T23:00:00,0.0,-24.23833333,-50.24555555
2016,A872,VENTANIA,S,PR,-24.23833333,-50.24555555,1106.0,2011-04-15,2016/INMET_S_PR_A872_VENTANIA_01-01-2016_A_31-12-2016.CSV,8784,8784,8770,0,2016-01-01T00:00:00,2016-12-31T23:00:00,0.0,-24.23833333,-50.24555555
2017,A872,VENTANIA,S,PR,-24.23833333,-50.24555555,1106.0,2011-04-15,2017/INMET_S_PR_A872_VENTANIA_01-01-2017_A_31-12-2017.CSV,8760,8760,7236,0,2017-01-01T00:00:00,2017-12-31T23:00:00,0.0,-24.23833333,-50.24555555
2018,A872,VENTANIA,S,PR,-24.23833333,-50.24555555,1106.0,2011-04-15,2018/INMET_S_PR_A872_VENTANIA_01-01-2018_A_31-12-2018.CSV,8760,8760,8760,0,2018-01-01T00:00:00,2018-12-31T23:00:00,0.0,-24.23833333,-50.24555555
2019,A872,,,PR,-24.280394,-50.21015,1093.41,15/04/11,2019/INMET_S_PR_A872_VENTANIA_01-01-2019_A_31-12-2019.CSV,8760,8760,6120,0,2019-01-01T00:00:00,2019-12-31T23:00:00,5.895476300781698,-24.23833333,-50.24555555
2020,A872,VENTANIA,S,PR,-24.280394,-50.21015,1093.41,15/04/11,INMET_S_PR_A872_VENTANIA_01-01-2020_A_31-12-2020.CSV,8784,8784,464,0,2020-01-01T00:00:00,2020-12-31T23:00:00,5.895476300781698,-24.23833333,-50.24555555
2021,A872,VENTANIA,S,PR,-24.28027777,-50.21027777,1093.41,15/04/11,INMET_S_PR_A872_VENTANIA_01-01-2021_A_31-12-2021.CSV,8760,8760,0,0,2021-01-01T00:00:00,2021-12-31T23:00:00,5.877338985614986,-24.23833333,-50.24555555
2022,A872,VENTANIA,S,PR,-24.28027777,-50.21027777,1093.41,15/04/11,INMET_S_PR_A872_VENTANIA_01-01-2022_A_31-12-2022.CSV,8760,8760,5909,0,2022-01-01T00:00:00,2022-12-31T23:00:00,5.877338985614986,-24.23833333,-50.24555555
2023,A872,VENTANIA,S,PR,-24.28027777,-50.21027777,1093.41,15/04/11,INMET_S_PR_A872_VENTANIA_01-01-2023_A_31-12-2023.CSV,8760,8760,8760,0,2023-01-01T00:00:00,2023-12-31T23:00:00,5.877338985614986,-24.23833333,-50.24555555
2024,A872,VENTANIA,S,PR,-24.28027777,-50.21027777,1093.41,15/04/11,INMET_S_PR_A872_VENTANIA_01-01-2024_A_31-12-2024.CSV,8784,8784,6515,0,2024-01-01T00:00:00,2024-12-31T23:00:00,5.877338985614986,-24.23833333,-50.24555555
2025,A872,VENTANIA,S,PR,-24.28027777,-50.21027777,1093.41,15/04/11,2025/INMET_S_PR_A872_VENTANIA_01-01-2025_A_31-12-2025.CSV,8760,8760,8750,0,2025-01-01T00:00:00,2025-12-31T23:00:00,5.877338985614986,-24.23833333,-50.24555555
2016,A886,TUPANCIRETA,S,RS,-29.89388888,-53.82666666,462.0,2016-08-11,2016/INMET_S_RS_A886_TUPANCIRETA_11-08-2016_A_31-12-2016.CSV,3432,3432,3415,0,2016-08-11T00:00:00,2016-12-31T23:00:00,89.45026404921933,-29.08944444,-53.82666666
2017,A886,TUPANCIRETA,S,RS,-29.89388888,-53.82666666,462.0,2016-08-11,2017/INMET_S_RS_A886_TUPANCIRETA_01-01-2017_A_31-12-2017.CSV,8760,8760,8760,0,2017-01-01T00:00:00,2017-12-31T23:00:00,89.45026404921933,-29.08944444,-53.82666666
2018,A886,TUPANCIRETA,S,RS,-29.89388888,-53.82666666,462.0,2016-08-11,2018/INMET_S_RS_A886_TUPANCIRETA_01-01-2018_A_31-12-2018.CSV,8760,8760,8760,0,2018-01-01T00:00:00,2018-12-31T23:00:00,89.45026404921933,-29.08944444,-53.82666666
2019,A886,,,RS,-29.0893814,-53.82665025,462.0,11/08/16,2019/INMET_S_RS_A886_TUPANCIRETA_01-01-2019_A_31-12-2019.CSV,8760,8760,8379,0,2019-01-01T00:00:00,2019-12-31T23:00:00,0.007188810867215393,-29.08944444,-53.82666666
2020,A886,TUPANCIRETA,S,RS,-29.0893814,-53.82665025,462.0,11/08/16,INMET_S_RS_A886_TUPANCIRETA_01-01-2020_A_31-12-2020.CSV,8784,8784,8784,0,2020-01-01T00:00:00,2020-12-31T23:00:00,0.007188810867215393,-29.08944444,-53.82666666
2021,A886,TUPANCIRETA,S,RS,-29.0893814,-53.82665025,462.0,11/08/16,INMET_S_RS_A886_TUPANCIRETA_01-01-2021_A_31-12-2021.CSV,8760,8760,8744,0,2021-01-01T00:00:00,2021-12-31T23:00:00,0.007188810867215393,-29.08944444,-53.82666666
2022,A886,TUPANCIRETA,S,RS,-29.0893814,-53.82665025,462.0,11/08/16,INMET_S_RS_A886_TUPANCIRETA_01-01-2022_A_31-12-2022.CSV,8760,8760,8546,0,2022-01-01T00:00:00,2022-12-31T23:00:00,0.007188810867215393,-29.08944444,-53.82666666
2023,A886,TUPANCIRETA,S,RS,-29.08944444,-53.82666666,462.0,11/08/16,INMET_S_RS_A886_TUPANCIRETA_01-01-2023_A_31-12-2023.CSV,8760,8760,7136,0,2023-01-01T00:00:00,2023-12-31T23:00:00,0.0,-29.08944444,-53.82666666
2024,A886,TUPANCIRETA,S,RS,-29.08944444,-53.82666666,462.0,11/08/16,INMET_S_RS_A886_TUPANCIRETA_01-01-2024_A_31-12-2024.CSV,8784,8784,8783,0,2024-01-01T00:00:00,2024-12-31T23:00:00,0.0,-29.08944444,-53.82666666
2025,A886,TUPANCIRETA,S,RS,-29.08944444,-53.82666666,462.0,11/08/16,2025/INMET_S_RS_A886_TUPANCIRETA_01-01-2025_A_31-12-2025.CSV,8760,8760,8591,0,2025-01-01T00:00:00,2025-12-31T23:00:00,0.0,-29.08944444,-53.82666666
2019,A895,,,SC,-27.95527777,-52.63555555,680.0,19/02/19,2019/INMET_S_SC_A895_CHAPECO_19-02-2019_A_31-12-2019.CSV,7584,7584,7551,0,2019-02-19T00:00:00,2019-12-31T23:00:00,96.73601488726676,-27.0853111,-52.6357111
2020,A895,CHAPECO,S,SC,-27.0853111,-52.6357111,679.0,19/02/19,INMET_S_SC_A895_CHAPECO_01-01-2020_A_31-12-2020.CSV,8784,8784,8776,0,2020-01-01T00:00:00,2020-12-31T23:00:00,0.0,-27.0853111,-52.6357111
2021,A895,CHAPECO,S,SC,-27.0853111,-52.6357111,679.0,19/02/19,INMET_S_SC_A895_CHAPECO_01-01-2021_A_31-12-2021.CSV,8760,8760,8222,0,2021-01-01T00:00:00,2021-12-31T23:00:00,0.0,-27.0853111,-52.6357111
2022,A895,CHAPECO,S,SC,-27.0853111,-52.6357111,679.0,19/02/19,INMET_S_SC_A895_CHAPECO_01-01-2022_A_31-12-2022.CSV,8760,8760,8694,0,2022-01-01T00:00:00,2022-12-31T23:00:00,0.0,-27.0853111,-52.6357111
2023,A895,CHAPECO,S,SC,-27.0853111,-52.6357111,679.0,19/02/19,INMET_S_SC_A895_CHAPECO_01-01-2023_A_31-12-2023.CSV,8760,8760,8588,0,2023-01-01T00:00:00,2023-12-31T23:00:00,0.0,-27.0853111,-52.6357111
2024,A895,CHAPECO,S,SC,-27.0853111,-52.6357111,679.0,19/02/19,INMET_S_SC_A895_CHAPECO_01-01-2024_A_31-12-2024.CSV,8784,8784,8610,0,2024-01-01T00:00:00,2024-12-31T23:00:00,0.0,-27.0853111,-52.6357111
2025,A895,CHAPECO,S,SC,-27.0853111,-52.6357111,679.0,19/02/19,2025/INMET_S_SC_A895_CHAPECO_01-01-2025_A_31-12-2025.CSV,8760,8760,3429,0,2025-01-01T00:00:00,2025-12-31T23:00:00,0.0,-27.0853111,-52.6357111
2002,A901,CUIABA,CO,MT,-15.55916666,-56.72944443,240.0,2002-12-08,2002/INMET_CO_MT_A901_CUIABA_08-12-2002_A_31-12-2002.CSV,576,576,248,0,2002-12-08T00:00:00,2002-12-31T23:00:00,0.0,-15.55916666,-56.72944443
2003,A901,CUIABA,CO,MT,-15.55916666,-56.72944443,240.0,2002-12-08,2003/INMET_CO_MT_A901_CUIABA_01-01-2003_A_31-12-2003.CSV,8760,8760,8539,0,2003-01-01T00:00:00,2003-12-31T23:00:00,0.0,-15.55916666,-56.72944443
2004,A901,CUIABA,CO,MT,-15.55916666,-56.72944443,240.0,2002-12-08,2004/INMET_CO_MT_A901_CUIABA_01-01-2004_A_31-12-2004.CSV,8784,8784,8715,0,2004-01-01T00:00:00,2004-12-31T23:00:00,0.0,-15.55916666,-56.72944443
2005,A901,CUIABA,CO,MT,-15.55916666,-56.72944443,240.0,2002-12-08,2005/INMET_CO_MT_A901_CUIABA_01-01-2005_A_31-12-2005.CSV,8760,8760,8339,0,2005-01-01T00:00:00,2005-12-31T23:00:00,0.0,-15.55916666,-56.72944443
2006,A901,CUIABA,CO,MT,-15.55916666,-56.72944443,240.0,2002-12-08,2006/INMET_CO_MT_A901_CUIABA_01-01-2006_A_31-12-2006.CSV,8760,8760,7243,0,2006-01-01T00:00:00,2006-12-31T23:00:00,0.0,-15.55916666,-56.72944443
2007,A901,CUIABA,CO,MT,-15.55916666,-56.72944443,240.0,2002-12-08,2007/INMET_CO_MT_A901_CUIABA_01-01-2007_A_31-12-2007.CSV,8760,8760,7568,0,2007-01-01T00:00:00,2007-12-31T23:00:00,0.0,-15.55916666,-56.72944443
2008,A901,CUIABA,CO,MT,-15.55916666,-56.72944443,240.0,2002-12-08,2008/INMET_CO_MT_A901_CUIABA_01-01-2008_A_31-12-2008.CSV,8784,8784,6690,0,2008-01-01T00:00:00,2008-12-31T23:00:00,0.0,-15.55916666,-56.72944443
2009,A901,CUIABA,CO,MT,-15.55916666,-56.72944443,240.0,2002-12-08,2009/INMET_CO_MT_A901_CUIABA_01-01-2009_A_31-12-2009.CSV,8760,8760,7978,0,2009-01-01T00:00:00,2009-12-31T23:00:00,0.0,-15.55916666,-56.72944443
2010,A901,CUIABA,CO,MT,-15.55916666,-56.72944443,240.0,2002-12-08,2010/INMET_CO_MT_A901_CUIABA_01-01-2010_A_31-12-2010.CSV,8760,8760,6137,0,2010-01-01T00:00:00,2010-12-31T23:00:00,0.0,-15.55916666,-56.72944443
2011,A901,CUIABA,CO,MT,-15.55916666,-56.72944443,240.0,2002-12-08,2011/INMET_CO_MT_A901_CUIABA_01-01-2011_A_31-12-2011.CSV,8760,8760,4488,0,2011-01-01T00:00:00,2011-12-31T23:00:00,0.0,-15.55916666,-56.72944443
2012,A901,CUIABA,CO,MT,-15.55916666,-56.72944443,240.0,2002-12-08,2012/INMET_CO_MT_A901_CUIABA_01-01-2012_A_31-12-2012.CSV,8784,8784,8779,0,2012-01-01T00:00:00,2012-12-31T23:00:00,0.0,-15.55916666,-56.72944443
2013,A901,CUIABA,CO,MT,-15.55916666,-56.72944443,240.0,2002-12-08,2013/INMET_CO_MT_A901_CUIABA_01-01-2013_A_31-12-2013.CSV,8760,8760,8740,0,2013-01-01T00:00:00,2013-12-31T23:00:00,0.0,-15.55916666,-56.72944443
2014,A901,CUIABA,CO,MT,-15.55916666,-56.72944443,240.0,2002-12-08,2014/INMET_CO_MT_A901_CUIABA_01-01-2014_A_31-12-2014.CSV,8760,8760,8105,0,2014-01-01T00:00:00,2014-12-31T23:00:00,0.0,-15.55916666,-56.72944443
2015,A901,CUIABA,CO,MT,-15.55916666,-56.72944443,240.0,2002-12-08,2015/INMET_CO_MT_A901_CUIABA_01-01-2015_A_31-12-2015.CSV,8760,8760,8756,0,2015-01-01T00:00:00,2015-12-31T23:00:00,0.0,-15.55916666,-56.72944443
2016,A901,CUIABA,CO,MT,-15.55916666,-56.72944443,240.0,2002-12-08,2016/INMET_CO_MT_A901_CUIABA_01-01-2016_A_31-12-2016.CSV,8784,8784,7790,0,2016-01-01T00:00:00,2016-12-31T23:00:00,0.0,-15.55916666,-56.72944443
2017,A901,CUIABA,CO,MT,-15.55916666,-56.72944443,240.0,2002-12-08,2017/INMET_CO_MT_A901_CUIABA_01-01-2017_A_31-12-2017.CSV,8760,8760,7489,0,2017-01-01T00:00:00,2017-12-31T23:00:00,0.0,-15.55916666,-56.72944443
2018,A901,CUIABA,CO,MT,-15.55916666,-56.72944443,240.0,2002-12-08,2018/INMET_CO_MT_A901_CUIABA_01-01-2018_A_31-12-2018.CSV,8760,8760,8160,0,2018-01-01T00:00:00,2018-12-31T23:00:00,0.0,-15.55916666,-56.72944443
2019,A901,,,MT,-15.559295,-56.062951,241.56,08/12/02,2019/INMET_CO_MT_A901_CUIABA_01-01-2019_A_31-12-2019.CSV,8760,8760,6175,0,2019-01-01T00:00:00,2019-12-31T23:00:00,71.39487474094877,-15.55916666,-56.72944443
2020,A901,CUIABA,CO,MT,-15.559295,-56.062951,241.56,08/12/02,INMET_CO_MT_A901_CUIABA_01-01-2020_A_31-12-2020.CSV,8784,8784,8563,0,2020-01-01T00:00:00,2020-12-31T23:00:00,71.39487474094877,-15.55916666,-56.72944443
2021,A901,CUIABA,CO,MT,-15.559295,-56.062951,241.56,08/12/02,INMET_CO_MT_A901_CUIABA_01-01-2021_A_31-12-2021.CSV,8760,8760,8341,0,2021-01-01T00:00:00,2021-12-31T23:00:00,71.39487474094877,-15.55916666,-56.72944443
2022,A901,CUIABA,CO,MT,-15.559295,-56.062951,241.56,08/12/02,INMET_CO_MT_A901_CUIABA_01-01-2022_A_31-12-2022.CSV,8760,8760,7352,0,2022-01-01T00:00:00,2022-12-31T23:00:00,71.39487474094877,-15.55916666,-56.72944443
2023,A901,CUIABA,CO,MT,-15.559295,-56.062951,241.56,08/12/02,INMET_CO_MT_A901_CUIABA_01-01-2023_A_31-12-2023.CSV,8760,8760,8121,0,2023-01-01T00:00:00,2023-12-31T23:00:00,71.39487474094877,-15.55916666,-56.72944443
2024,A901,CUIABA,CO,MT,-15.60694444,-56.06083333,184.0,08/12/02,INMET_CO_MT_A901_CUIABA_01-01-2024_A_31-12-2024.CSV,8784,8784,8183,0,2024-01-01T00:00:00,2024-12-31T23:00:00,71.81020675158352,-15.55916666,-56.72944443
2025,A901,CUIABA,CO,MT,-15.60694444,-56.06083333,184.0,08/12/02,2025/INMET_CO_MT_A901_CUIABA_01-01-2025_A_31-12-2025.CSV,8760,8760,6997,0,2025-01-01T00:00:00,2025-12-31T23:00:00,71.81020675158352,-15.55916666,-56.72944443
2017,A911,SAPEZAL,CO,MT,-10.16583333,-59.45111111,105.0,2017-10-20,2017/INMET_CO_MT_A911_SAPEZAL_20-10-2017_A_31-12-2017.CSV,1752,1752,1727,0,2017-10-20T00:00:00,2017-12-31T23:00:00,356.8779305719894,-13.30388888,-58.76333333
2018,A911,SAPEZAL,CO,MT,-10.16583333,-59.45111111,105.0,2017-10-20,2018/INMET_CO_MT_A911_SAPEZAL_01-01-2018_A_31-12-2018.CSV,8760,8760,8711,0,2018-01-01T00:00:00,2018-12-31T23:00:00,356.8779305719894,-13.30388888,-58.76333333
2019,A911,,,MT,-10.16583333,-59.45111111,105.0,20/10/17,2019/INMET_CO_MT_A911_SAPEZAL_01-01-2019_A_31-12-2019.CSV,8760,8760,6684,0,2019-01-01T00:00:00,2019-12-31T23:00:00,356.8779305719894,-13.30388888,-58.76333333
2020,A911,SAPEZAL,CO,MT,-13.30388888,-58.76333333,105.0,20/10/17,INMET_CO_MT_A911_SAPEZAL_01-01-2020_A_31-12-2020.CSV,8784,8784,7374,0,2020-01-01T00:00:00,2020-12-31T23:00:00,0.0,-13.30388888,-58.76333333
2021,A911,SAPEZAL,CO,MT,-13.30388888,-58.76333333,105.0,20/10/17,INMET_CO_MT_A911_SAPEZAL_01-01-2021_A_31-12-2021.CSV,8760,8760,5870,0,2021-01-01T00:00:00,2021-12-31T23:00:00,0.0,-13.30388888,-58.76333333
2022,A911,SAPEZAL,CO,MT,-13.30388888,-58.76333333,105.0,20/10/17,INMET_CO_MT_A911_SAPEZAL_01-01-2022_A_31-12-2022.CSV,8760,8760,0,0,2022-01-01T00:00:00,2022-12-31T23:00:00,0.0,-13.30388888,-58.76333333
2023,A911,SAPEZAL,CO,MT,-13.30388888,-58.76333333,105.0,20/10/17,INMET_CO_MT_A911_SAPEZAL_01-01-2023_A_31-12-2023.CSV,8760,8760,5216,0,2023-01-01T00:00:00,2023-12-31T23:00:00,0.0,-13.30388888,-58.76333333
2024,A911,SAPEZAL,CO,MT,-13.30388888,-58.76333333,105.0,20/10/17,INMET_CO_MT_A911_SAPEZAL_01-01-2024_A_31-12-2024.CSV,8784,8784,8784,0,2024-01-01T00:00:00,2024-12-31T23:00:00,0.0,-13.30388888,-58.76333333
2025,A911,SAPEZAL,CO,MT,-13.30388888,-58.76333333,105.0,20/10/17,2025/INMET_CO_MT_A911_SAPEZAL_01-01-2025_A_31-12-2025.CSV,8760,8760,8739,0,2025-01-01T00:00:00,2025-12-31T23:00:00,0.0,-13.30388888,-58.76333333
2006,A912,CAMPO VERDE,CO,MT,-15.52749999,-55.13555555,749.0,2006-11-21,2006/INMET_CO_MT_A912_CAMPO VERDE_21-11-2006_A_31-12-2006.CSV,984,984,929,0,2006-11-21T00:00:00,2006-12-31T23:00:00,0.0,-15.52749999,-55.13555555
2007,A912,CAMPO VERDE,CO,MT,-15.52749999,-55.13555555,749.0,2006-11-21,2007/INMET_CO_MT_A912_CAMPO VERDE_01-01-2007_A_31-12-2007.CSV,8760,8760,8707,0,2007-01-01T00:00:00,2007-12-31T23:00:00,0.0,-15.52749999,-55.13555555
2008,A912,CAMPO VERDE,CO,MT,-15.52749999,-55.13555555,749.0,2006-11-21,2008/INMET_CO_MT_A912_CAMPO VERDE_01-01-2008_A_31-12-2008.CSV,8784,8784,8710,0,2008-01-01T00:00:00,2008-12-31T23:00:00,0.0,-15.52749999,-55.13555555
2009,A912,CAMPO VERDE,CO,MT,-15.52749999,-55.13555555,749.0,2006-11-21,2009/INMET_CO_MT_A912_CAMPO VERDE_01-01-2009_A_31-12-2009.CSV,8760,8760,8736,0,2009-01-01T00:00:00,2009-12-31T23:00:00,0.0,-15.52749999,-55.13555555
2010,A912,CAMPO VERDE,CO,MT,-15.52749999,-55.13555555,749.0,2006-11-21,2010/INMET_CO_MT_A912_CAMPO VERDE_01-01-2010_A_31-12-2010.CSV,8760,8760,8748,0,2010-01-01T00:00:00,2010-12-31T23:00:00,0.0,-15.52749999,-55.13555555
2011,A912,CAMPO VERDE,CO,MT,-15.52749999,-55.13555555,749.0,2006-11-21,2011/INMET_CO_MT_A912_CAMPO VERDE_01-01-2011_A_31-12-2011.CSV,8760,8760,8702,0,2011-01-01T00:00:00,2011-12-31T23:00:00,0.0,-15.52749999,-55.13555555
2012,A912,CAMPO VERDE,CO,MT,-15.52749999,-55.13555555,749.0,2006-11-21,2012/INMET_CO_MT_A912_CAMPO VERDE_01-01-2012_A_31-12-2012.CSV,8784,8784,8708,0,2012-01-01T00:00:00,2012-12-31T23:00:00,0.0,-15.52749999,-55.13555555
2013,A912,CAMPO VERDE,CO,MT,-15.52749999,-55.13555555,749.0,2006-11-21,2013/INMET_CO_MT_A912_CAMPO VERDE_01-01-2013_A_31-12-2013.CSV,8760,8760,7496,0,2013-01-01T00:00:00,2013-12-31T23:00:00,0.0,-15.52749999,-55.13555555
2014,A912,CAMPO VERDE,CO,MT,-15.52749999,-55.13555555,749.0,2006-11-21,2014/INMET_CO_MT_A912_CAMPO VERDE_01-01-2014_A_31-12-2014.CSV,8760,8760,7277,0,2014-01-01T00:00:00,2014-12-31T23:00:00,0.0,-15.52749999,-55.13555555
2015,A912,CAMPO VERDE,CO,MT,-15.52749999,-55.13555555,749.0,2006-11-21,2015/INMET_CO_MT_A912_CAMPO VERDE_01-01-2015_A_31-12-2015.CSV,8760,8760,7630,0,2015-01-01T00:00:00,2015-12-31T23:00:00,0.0,-15.52749999,-55.13555555
2016,A912,CAMPO VERDE,CO,MT,-15.52749999,-55.13555555,749.0,2006-11-21,2016/INMET_CO_MT_A912_CAMPO VERDE_01-01-2016_A_31-12-2016.CSV,8784,8784,6451,0,2016-01-01T00:00:00,2016-12-31T23:00:00,0.0,-15.52749999,-55.13555555
2017,A912,CAMPO VERDE,CO,MT,-15.52749999,-55.13555555,749.0,2006-11-21,2017/INMET_CO_MT_A912_CAMPO VERDE_01-01-2017_A_31-12-2017.CSV,8760,8760,7586,0,2017-01-01T00:00:00,2017-12-31T23:00:00,0.0,-15.52749999,-55.13555555
2018,A912,CAMPO VERDE,CO,MT,-15.52749999,-55.13555555,749.0,2006-11-21,2018/INMET_CO_MT_A912_CAMPO VERDE_01-01-2018_A_31-12-2018.CSV,8760,8760,4893,0,2018-01-01T00:00:00,2018-12-31T23:00:00,0.0,-15.52749999,-55.13555555
2019,A912,,,MT,-15.531431,-55.135649,748.27,21/11/06,2019/INMET_CO_MT_A912_CAMPO VERDE_01-01-2019_A_31-12-2019.CSV,8760,8760,7674,0,2019-01-01T00:00:00,2019-12-31T23:00:00,0.4372236160298209,-15.52749999,-55.13555555
2020,A912,CAMPO VERDE,CO,MT,-15.53138888,-55.13555555,748.27,21/11/06,INMET_CO_MT_A912_CAMPO VERDE_01-01-2020_A_31-12-2020.CSV,8784,8784,8015,0,2020-01-01T00:00:00,2020-12-31T23:00:00,0.4324254355694092,-15.52749999,-55.13555555
2021,A912,CAMPO VERDE,CO,MT,-15.53138888,-55.13555555,748.27,21/11/06,INMET_CO_MT_A912_CAMPO VERDE_01-01-2021_A_31-12-2021.CSV,8760,8760,7516,0,2021-01-01T00:00:00,2021-12-31T23:00:00,0.4324254355694092,-15.52749999,-55.13555555
2022,A912,CAMPO VERDE,CO,MT,-15.53138888,-55.13555555,748.27,21/11/06,INMET_CO_MT_A912_CAMPO VERDE_01-01-2022_A_31-12-2022.CSV,8760,8760,5133,0,2022-01-01T00:00:00,2022-12-31T23:00:00,0.4324254355694092,-15.52749999,-55.13555555
2023,A912,CAMPO VERDE,CO,MT,-15.55888888,-55.17944443,747.0,21/11/06,INMET_CO_MT_A912_CAMPO VERDE_01-01-2023_A_31-12-2023.CSV,8760,8760,8431,0,2023-01-01T00:00:00,2023-12-31T23:00:00,5.85564599918187,-15.52749999,-55.13555555
2024,A912,CAMPO VERDE,CO,MT,-15.55888888,-55.17944443,747.0,21/11/06,INMET_CO_MT_A912_CAMPO VERDE_01-01-2024_A_31-12-2024.CSV,8784,8784,8413,0,2024-01-01T00:00:00,2024-12-31T23:00:00,5.85564599918187,-15.52749999,-55.13555555
2025,A912,CAMPO VERDE,CO,MT,-15.55888888,-55.17944443,747.0,21/11/06,2025/INMET_CO_MT_A912_CAMPO VERDE_01-01-2025_A_31-12-2025.CSV,8760,8760,7064,0,2025-01-01T00:00:00,2025-12-31T23:00:00,5.85564599918187,-15.52749999,-55.13555555
2007,A924,ALTA FLORESTA,CO,MT,-9.84944444,-56.1,289.0,2007-05-23,2007/INMET_CO_MT_A924_ALTA FLORESTA_23-05-2007_A_31-12-2007.CSV,5352,5352,2348,0,2007-05-23T00:00:00,2007-12-31T23:00:00,0.0,-9.84944444,-56.1
2008,A924,ALTA FLORESTA,CO,MT,-9.84944444,-56.1,289.0,2007-05-23,2008/INMET_CO_MT_A924_ALTA FLORESTA_01-01-2008_A_31-12-2008.CSV,8784,8784,7281,0,2008-01-01T00:00:00,2008-12-31T23:00:00,0.0,-9.84944444,-56.1
2009,A924,ALTA FLORESTA,CO,MT,-9.84944444,-56.1,289.0,2007-05-23,2009/INMET_CO_MT_A924_ALTA FLORESTA_01-01-2009_A_31-12-2009.CSV,8760,8760,5152,0,2009-01-01T00:00:00,2009-12-31T23:00:00,0.0,-9.84944444,-56.1
2010,A924,ALTA FLORESTA,CO,MT,-9.84944444,-56.1,289.0,2007-05-23,2010/INMET_CO_MT_A924_ALTA FLORESTA_01-01-2010_A_31-12-2010.CSV,8760,8760,8625,0,2010-01-01T00:00:00,2010-12-31T23:00:00,0.0,-9.84944444,-56.1
2011,A924,ALTA FLORESTA,CO,MT,-9.84944444,-56.1,289.0,2007-05-23,2011/INMET_CO_MT_A924_ALTA FLORESTA_01-01-2011_A_31-12-2011.CSV,8760,8760,7037,0,2011-01-01T00:00:00,2011-12-31T23:00:00,0.0,-9.84944444,-56.1
2012,A924,ALTA FLORESTA,CO,MT,-9.84944444,-56.1,289.0,2007-05-23,2012/INMET_CO_MT_A924_ALTA FLORESTA_01-01-2012_A_31-12-2012.CSV,8784,8784,7280,0,2012-01-01T00:00:00,2012-12-31T23:00:00,0.0,-9.84944444,-56.1
2013,A924,ALTA FLORESTA,CO,MT,-9.84944444,-56.1,289.0,2007-05-23,2013/INMET_CO_MT_A924_ALTA FLORESTA_01-01-2013_A_31-12-2013.CSV,8760,8760,8746,0,2013-01-01T00:00:00,2013-12-31T23:00:00,0.0,-9.84944444,-56.1
2014,A924,ALTA FLORESTA,CO,MT,-9.84944444,-56.1,289.0,2007-05-23,2014/INMET_CO_MT_A924_ALTA FLORESTA_01-01-2014_A_31-12-2014.CSV,8760,8760,8760,0,2014-01-01T00:00:00,2014-12-31T23:00:00,0.0,-9.84944444,-56.1
2015,A924,ALTA FLORESTA,CO,MT,-9.84944444,-56.1,289.0,2007-05-23,2015/INMET_CO_MT_A924_ALTA FLORESTA_01-01-2015_A_31-12-2015.CSV,8760,8760,6683,0,2015-01-01T00:00:00,2015-12-31T23:00:00,0.0,-9.84944444,-56.1
2016,A924,ALTA FLORESTA,CO,MT,-9.84944444,-56.1,289.0,2007-05-23,2016/INMET_CO_MT_A924_ALTA FLORESTA_01-01-2016_A_31-12-2016.CSV,8784,8784,8122,0,2016-01-01T00:00:00,2016-12-31T23:00:00,0.0,-9.84944444,-56.1
2017,A924,ALTA FLORESTA,CO,MT,-9.84944444,-56.1,289.0,2007-05-23,2017/INMET_CO_MT_A924_ALTA FLORESTA_01-01-2017_A_31-12-2017.CSV,8760,8760,5035,0,2017-01-01T00:00:00,2017-12-31T23:00:00,0.0,-9.84944444,-56.1
2018,A924,ALTA FLORESTA,CO,MT,-9.84944444,-56.1,289.0,2007-05-23,2018/INMET_CO_MT_A924_ALTA FLORESTA_01-01-2018_A_31-12-2018.CSV,8760,8760,5382,0,2018-01-01T00:00:00,2018-12-31T23:00:00,0.0,-9.84944444,-56.1
2019,A924,,,MT,-10.077262,-56.179221,291.85,23/05/07,2019/INMET_CO_MT_A924_ALTA FLORESTA_01-01-2019_A_31-12-2019.CSV,8760,8760,8760,0,2019-01-01T00:00:00,2019-12-31T23:00:00,26.77676480067433,-9.84944444,-56.1
2020,A924,ALTA FLORESTA,CO,MT,-10.07722221,-56.17916666,291.85,23/05/07,INMET_CO_MT_A924_ALTA FLORESTA_01-01-2020_A_31-12-2020.CSV,8784,8784,5015,0,2020-01-01T00:00:00,2020-12-31T23:00:00,26.770651249845255,-9.84944444,-56.1
2021,A924,ALTA FLORESTA,CO,MT,-10.07722221,-56.17916666,291.85,23/05/07,INMET_CO_MT_A924_ALTA FLORESTA_01-01-2021_A_31-12-2021.CSV,8760,8760,0,0,2021-01-01T00:00:00,2021-12-31T23:00:00,26.770651249845255,-9.84944444,-56.1
2022,A924,ALTA FLORESTA,CO,MT,-10.07722221,-56.17916666,291.85,23/05/07,INMET_CO_MT_A924_ALTA FLORESTA_01-01-2022_A_31-12-2022.CSV,8760,8760,1612,0,2022-01-01T00:00:00,2022-12-31T23:00:00,26.770651249845255,-9.84944444,-56.1
2023,A924,ALTA FLORESTA,CO,MT,-10.07722221,-56.17916666,291.85,23/05/07,INMET_CO_MT_A924_ALTA FLORESTA_01-01-2023_A_31-12-2023.CSV,8760,8760,5129,0,2023-01-01T00:00:00,2023-12-31T23:00:00,26.770651249845255,-9.84944444,-56.1
2024,A924,ALTA FLORESTA,CO,MT,-10.07722221,-56.17916666,291.85,23/05/07,INMET_CO_MT_A924_ALTA FLORESTA_01-01-2024_A_31-12-2024.CSV,8784,8784,8282,0,2024-01-01T00:00:00,2024-12-31T23:00:00,26.770651249845255,-9.84944444,-56.1
2025,A924,ALTA FLORESTA,CO,MT,-10.07722221,-56.17916666,291.85,23/05/07,2025/INMET_CO_MT_A924_ALTA FLORESTA_01-01-2025_A_31-12-2025.CSV,8760,8760,0,0,2025-01-01T00:00:00,2025-12-31T23:00:00,26.770651249845255,-9.84944444,-56.1
2007,A925,PORTO VELHO,N,RO,-8.76388888,-63.47499999,98.0,2007-07-11,2007/INMET_N_RO_A925_PORTO VELHO_11-07-2007_A_31-12-2007.CSV,4176,4176,4081,0,2007-07-11T00:00:00,2007-12-31T23:00:00,0.0,-8.76388888,-63.47499999
2008,A925,PORTO VELHO,N,RO,-8.76388888,-63.47499999,98.0,2007-07-11,2008/INMET_N_RO_A925_PORTO VELHO_01-01-2008_A_31-12-2008.CSV,8784,8784,8561,0,2008-01-01T00:00:00,2008-12-31T23:00:00,0.0,-8.76388888,-63.47499999
2009,A925,PORTO VELHO,N,RO,-8.76388888,-63.47499999,98.0,2007-07-11,2009/INMET_N_RO_A925_PORTO VELHO_01-01-2009_A_31-12-2009.CSV,8760,8760,8646,0,2009-01-01T00:00:00,2009-12-31T23:00:00,0.0,-8.76388888,-63.47499999
2010,A925,PORTO VELHO,N,RO,-8.76388888,-63.47499999,98.0,2007-07-11,2010/INMET_N_RO_A925_PORTO VELHO_01-01-2010_A_31-12-2010.CSV,8760,8760,6907,0,2010-01-01T00:00:00,2010-12-31T23:00:00,0.0,-8.76388888,-63.47499999
2011,A925,PORTO VELHO,N,RO,-8.76388888,-63.47499999,98.0,2007-07-11,2011/INMET_N_RO_A925_PORTO VELHO_01-01-2011_A_31-12-2011.CSV,8760,8760,4937,0,2011-01-01T00:00:00,2011-12-31T23:00:00,0.0,-8.76388888,-63.47499999
2012,A925,PORTO VELHO,N,RO,-8.76388888,-63.47499999,98.0,2007-07-11,2012/INMET_N_RO_A925_PORTO VELHO_01-01-2012_A_31-12-2012.CSV,8784,8784,8132,0,2012-01-01T00:00:00,2012-12-31T23:00:00,0.0,-8.76388888,-63.47499999
2013,A925,PORTO VELHO,N,RO,-8.76388888,-63.47499999,98.0,2007-07-11,2013/INMET_N_RO_A925_PORTO VELHO_01-01-2013_A_31-12-2013.CSV,8760,8760,6659,0,2013-01-01T00:00:00,2013-12-31T23:00:00,0.0,-8.76388888,-63.47499999
2014,A925,PORTO VELHO,N,RO,-8.76388888,-63.47499999,98.0,2007-07-11,2014/INMET_N_RO_A925_PORTO VELHO_01-01-2014_A_31-12-2014.CSV,8760,8760,8207,0,2014-01-01T00:00:00,2014-12-31T23:00:00,0.0,-8.76388888,-63.47499999
2015,A925,PORTO VELHO,N,RO,-8.76388888,-63.47499999,98.0,2007-07-11,2015/INMET_N_RO_A925_PORTO VELHO_01-01-2015_A_31-12-2015.CSV,8760,8760,6839,0,2015-01-01T00:00:00,2015-12-31T23:00:00,0.0,-8.76388888,-63.47499999
2016,A925,PORTO VELHO,N,RO,-8.76388888,-63.47499999,98.0,2007-07-11,2016/INMET_N_RO_A925_PORTO VELHO_01-01-2016_A_31-12-2016.CSV,8784,8784,7769,0,2016-01-01T00:00:00,2016-12-31T23:00:00,0.0,-8.76388888,-63.47499999
2017,A925,PORTO VELHO,N,RO,-8.76388888,-63.47499999,98.0,2007-07-11,2017/INMET_N_RO_A925_PORTO VELHO_01-01-2017_A_31-12-2017.CSV,8760,8760,6372,0,2017-01-01T00:00:00,2017-12-31T23:00:00,0.0,-8.76388888,-63.47499999
2018,A925,PORTO VELHO,N,RO,-8.76388888,-63.47499999,98.0,2007-07-11,2018/INMET_N_RO_A925_PORTO VELHO_01-01-2018_A_31-12-2018.CSV,8760,8760,7473,0,2018-01-01T00:00:00,2018-12-31T23:00:00,0.0,-8.76388888,-63.47499999
2019,A925,,,RO,-8.793662,-63.845931,86.7,11/07/07,2019/INMET_N_RO_A925_PORTO VELHO_01-01-2019_A_31-12-2019.CSV,8760,8760,6306,0,2019-01-01T00:00:00,2019-12-31T23:00:00,40.896726421473595,-8.76388888,-63.47499999
2020,A925,PORTO VELHO,N,RO,-8.793662,-63.845931,86.7,11/07/07,INMET_N_RO_A925_PORTO VELHO_01-01-2020_A_31-12-2020.CSV,8784,8784,0,0,2020-01-01T00:00:00,2020-12-31T23:00:00,40.896726421473595,-8.76388888,-63.47499999
2021,A925,PORTO VELHO,N,RO,-8.7936111,-63.84583333,86.7,11/07/07,INMET_N_RO_A925_PORTO VELHO_01-01-2021_A_31-12-2021.CSV,8760,8760,0,0,2021-01-01T00:00:00,2021-12-31T23:00:00,40.88557335322299,-8.76388888,-63.47499999
2022,A925,PORTO VELHO,N,RO,-8.7936111,-63.84583333,86.7,11/07/07,INMET_N_RO_A925_PORTO VELHO_01-01-2022_A_31-12-2022.CSV,8760,8760,7864,0,2022-01-01T00:00:00,2022-12-31T23:00:00,40.88557335322299,-8.76388888,-63.47499999
2023,A925,PORTO VELHO,N,RO,-8.7936111,-63.84583333,86.7,11/07/07,INMET_N_RO_A925_PORTO VELHO_01-01-2023_A_31-12-2023.CSV,8760,8760,4757,0,2023-01-01T00:00:00,2023-12-31T23:00:00,40.88557335322299,-8.76388888,-63.47499999
2024,A925,PORTO VELHO,N,RO,-8.7936111,-63.84583333,86.7,11/07/07,INMET_N_RO_A925_PORTO VELHO_01-01-2024_A_31-12-2024.CSV,8784,8784,7387,0,2024-01-01T00:00:00,2024-12-31T23:00:00,40.88557335322299,-8.76388888,-63.47499999
2025,A925,PORTO VELHO,N,RO,-8.7936111,-63.84583333,86.7,11/07/07,2025/INMET_N_RO_A925_PORTO VELHO_01-01-2025_A_31-12-2025.CSV,8760,8760,2525,0,2025-01-01T00:00:00,2025-12-31T23:00:00,40.88557335322299,-8.76388888,-63.47499999
2008,A926,CARLINDA,CO,MT,-10.00527777,-55.79055555,306.0,2008-04-09,2008/INMET_CO_MT_A926_CARLINDA_09-04-2008_A_31-12-2008.CSV,6408,6408,6342,0,2008-04-09T00:00:00,2008-12-31T23:00:00,0.0,-10.00527777,-55.79055555
2009,A926,CARLINDA,CO,MT,-10.00527777,-55.79055555,306.0,2008-04-09,2009/INMET_CO_MT_A926_CARLINDA_01-01-2009_A_31-12-2009.CSV,8760,8760,8735,0,2009-01-01T00:00:00,2009-12-31T23:00:00,0.0,-10.00527777,-55.79055555
2010,A926,CARLINDA,CO,MT,-10.00527777,-55.79055555,306.0,2008-04-09,2010/INMET_CO_MT_A926_CARLINDA_01-01-2010_A_31-12-2010.CSV,8760,8760,8749,0,2010-01-01T00:00:00,2010-12-31T23:00:00,0.0,-10.00527777,-55.79055555
2011,A926,CARLINDA,CO,MT,-10.00527777,-55.79055555,306.0,2008-04-09,2011/INMET_CO_MT_A926_CARLINDA_01-01-2011_A_31-12-2011.CSV,8760,8760,8075,0,2011-01-01T00:00:00,2011-12-31T23:00:00,0.0,-10.00527777,-55.79055555
2012,A926,CARLINDA,CO,MT,-10.00527777,-55.79055555,306.0,2008-04-09,2012/INMET_CO_MT_A926_CARLINDA_01-01-2012_A_31-12-2012.CSV,8784,8784,7857,0,2012-01-01T00:00:00,2012-12-31T23:00:00,0.0,-10.00527777,-55.79055555
2013,A926,CARLINDA,CO,MT,-10.00527777,-55.79055555,306.0,2008-04-09,2013/INMET_CO_MT_A926_CARLINDA_01-01-2013_A_31-12-2013.CSV,8760,8760,7749,0,2013-01-01T00:00:00,2013-12-31T23:00:00,0.0,-10.00527777,-55.79055555
2014,A926,CARLINDA,CO,MT,-10.00527777,-55.79055555,306.0,2008-04-09,2014/INMET_CO_MT_A926_CARLINDA_01-01-2014_A_31-12-2014.CSV,8760,8760,8760,0,2014-01-01T00:00:00,2014-12-31T23:00:00,0.0,-10.00527777,-55.79055555
2015,A926,CARLINDA,CO,MT,-10.00527777,-55.79055555,306.0,2008-04-09,2015/INMET_CO_MT_A926_CARLINDA_01-01-2015_A_31-12-2015.CSV,8760,8760,8759,0,2015-01-01T00:00:00,2015-12-31T23:00:00,0.0,-10.00527777,-55.79055555
2016,A926,CARLINDA,CO,MT,-10.00527777,-55.79055555,306.0,2008-04-09,2016/INMET_CO_MT_A926_CARLINDA_01-01-2016_A_31-12-2016.CSV,8784,8784,7666,0,2016-01-01T00:00:00,2016-12-31T23:00:00,0.0,-10.00527777,-55.79055555
2017,A926,CARLINDA,CO,MT,-10.00527777,-55.79055555,306.0,2008-04-09,2017/INMET_CO_MT_A926_CARLINDA_01-01-2017_A_31-12-2017.CSV,8760,8760,8721,0,2017-01-01T00:00:00,2017-12-31T23:00:00,0.0,-10.00527777,-55.79055555
2018,A926,CARLINDA,CO,MT,-10.00527777,-55.79055555,306.0,2008-04-09,2018/INMET_CO_MT_A926_CARLINDA_01-01-2018_A_31-12-2018.CSV,8760,8760,8760,0,2018-01-01T00:00:00,2018-12-31T23:00:00,0.0,-10.00527777,-55.79055555
2019,A926,,,MT,-9.970586,-55.827543,293.71,09/04/08,2019/INMET_CO_MT_A926_CARLINDA_01-01-2019_A_31-12-2019.CSV,8760,8760,8760,0,2019-01-01T00:00:00,2019-12-31T23:00:00,5.593495419580957,-10.00527777,-55.79055555
2020,A926,CARLINDA,CO,MT,-9.970586,-55.827543,293.71,09/04/08,INMET_CO_MT_A926_CARLINDA_01-01-2020_A_31-12-2020.CSV,8784,8784,8166,0,2020-01-01T00:00:00,2020-12-31T23:00:00,5.593495419580957,-10.00527777,-55.79055555
2021,A926,CARLINDA,CO,MT,-9.97055554,-55.82749999,293.71,09/04/08,INMET_CO_MT_A926_CARLINDA_01-01-2021_A_31-12-2021.CSV,8760,8760,57,0,2021-01-01T00:00:00,2021-12-31T23:00:00,5.592423582323531,-10.00527777,-55.79055555
2022,A926,CARLINDA,CO,MT,-9.97055554,-55.82749999,293.71,09/04/08,INMET_CO_MT_A926_CARLINDA_01-01-2022_A_31-12-2022.CSV,8760,8760,1632,0,2022-01-01T00:00:00,2022-12-31T23:00:00,5.592423582323531,-10.00527777,-55.79055555
2023,A926,CARLINDA,CO,MT,-9.97055554,-55.82749999,293.71,09/04/08,INMET_CO_MT_A926_CARLINDA_01-01-2023_A_31-12-2023.CSV,8760,8760,2498,0,2023-01-01T00:00:00,2023-12-31T23:00:00,5.592423582323531,-10.00527777,-55.79055555
2024,A926,CARLINDA,CO,MT,-9.97055554,-55.82749999,293.71,09/04/08,INMET_CO_MT_A926_CARLINDA_01-01-2024_A_31-12-2024.CSV,8784,8784,5205,0,2024-01-01T00:00:00,2024-12-31T23:00:00,5.592423582323531,-10.00527777,-55.79055555
2025,A926,CARLINDA,CO,MT,-9.97055554,-55.82749999,293.71,09/04/08,2025/INMET_CO_MT_A926_CARLINDA_01-01-2025_A_31-12-2025.CSV,8760,8760,0,0,2025-01-01T00:00:00,2025-12-31T23:00:00,5.592423582323531,-10.00527777,-55.79055555
2008,A927,BRASNORTE (MUNDO NOVO),CO,MT,-12.87194443,-58.38722221,431.0,2008-02-29,2008/INMET_CO_MT_A927_BRASNORTE (MUNDO NOVO)_29-02-2008_A_31-12-2008.CSV,7368,7368,7279,0,2008-02-29T00:00:00,2008-12-31T23:00:00,0.0,-12.87194443,-58.38722221
2009,A927,BRASNORTE (MUNDO NOVO),CO,MT,-12.87194443,-58.38722221,431.0,2008-02-29,2009/INMET_CO_MT_A927_BRASNORTE (MUNDO NOVO)_01-01-2009_A_31-12-2009.CSV,8760,8760,8738,0,2009-01-01T00:00:00,2009-12-31T23:00:00,0.0,-12.87194443,-58.38722221
2010,A927,BRASNORTE (MUNDO NOVO),CO,MT,-12.87194443,-58.38722221,431.0,2008-02-29,2010/INMET_CO_MT_A927_BRASNORTE (MUNDO NOVO)_01-01-2010_A_31-12-2010.CSV,8760,8760,6979,0,2010-01-01T00:00:00,2010-12-31T23:00:00,0.0,-12.87194443,-58.38722221
2011,A927,BRASNORTE (MUNDO NOVO),CO,MT,-12.87194443,-58.38722221,431.0,2008-02-29,2011/INMET_CO_MT_A927_BRASNORTE (MUNDO NOVO)_01-01-2011_A_31-12-2011.CSV,8760,8760,4400,0,2011-01-01T00:00:00,2011-12-31T23:00:00,0.0,-12.87194443,-58.38722221
2012,A927,BRASNORTE (MUNDO NOVO),CO,MT,-12.87194443,-58.38722221,431.0,2008-02-29,2012/INMET_CO_MT_A927_BRASNORTE (MUNDO NOVO)_01-01-2012_A_31-12-2012.CSV,8784,8784,8437,0,2012-01-01T00:00:00,2012-12-31T23:00:00,0.0,-12.87194443,-58.38722221
2013,A927,BRASNORTE (MUNDO NOVO),CO,MT,-12.87194443,-58.38722221,431.0,2008-02-29,2013/INMET_CO_MT_A927_BRASNORTE (MUNDO NOVO)_01-01-2013_A_31-12-2013.CSV,8760,8760,8746,0,2013-01-01T00:00:00,2013-12-31T23:00:00,0.0,-12.87194443,-58.38722221
2014,A927,BRASNORTE (MUNDO NOVO),CO,MT,-12.87194443,-58.38722221,431.0,2008-02-29,2014/INMET_CO_MT_A927_BRASNORTE (MUNDO NOVO)_01-01-2014_A_31-12-2014.CSV,8760,8760,1976,0,2014-01-01T00:00:00,2014-12-31T23:00:00,0.0,-12.87194443,-58.38722221
2015,A927,BRASNORTE (MUNDO NOVO),CO,MT,-12.87194443,-58.38722221,431.0,2008-02-29,2015/INMET_CO_MT_A927_BRASNORTE (MUNDO NOVO)_01-01-2015_A_31-12-2015.CSV,8760,8760,4085,0,2015-01-01T00:00:00,2015-12-31T23:00:00,0.0,-12.87194443,-58.38722221
2016,A927,BRASNORTE (MUNDO NOVO),CO,MT,-12.87194443,-58.38722221,431.0,2008-02-29,2016/INMET_CO_MT_A927_BRASNORTE (MUNDO NOVO)_01-01-2016_A_31-12-2016.CSV,8784,8784,8782,0,2016-01-01T00:00:00,2016-12-31T23:00:00,0.0,-12.87194443,-58.38722221
2017,A927,BRASNORTE (MUNDO NOVO),CO,MT,-12.87194443,-58.38722221,431.0,2008-02-29,2017/INMET_CO_MT_A927_BRASNORTE (MUNDO NOVO)_01-01-2017_A_31-12-2017.CSV,8760,8760,7234,0,2017-01-01T00:00:00,2017-12-31T23:00:00,0.0,-12.87194443,-58.38722221
2018,A927,BRASNORTE (MUNDO NOVO),CO,MT,-12.87194443,-58.38722221,431.0,2008-02-29,2018/INMET_CO_MT_A927_BRASNORTE (MUNDO NOVO)_01-01-2018_A_31-12-2018.CSV,8760,8760,7390,0,2018-01-01T00:00:00,2018-12-31T23:00:00,0.0,-12.87194443,-58.38722221
2019,A927,,,MT,-12.52194443,-58.23138888,426.2,29/02/08,2019/INMET_CO_MT_A927_BRASNORTE (NOVO MUNDO)_01-01-2019_A_31-12-2019.CSV,8760,8760,8760,0,2019-01-01T00:00:00,2019-12-31T23:00:00,42.430911202056386,-12.87194443,-58.38722221
2020,A927,BRASNORTE (NOVO MUNDO),CO,MT,-12.52194443,-58.23138888,426.2,29/02/08,INMET_CO_MT_A927_BRASNORTE (NOVO MUNDO)_01-01-2020_A_31-12-2020.CSV,8784,8784,5635,0,2020-01-01T00:00:00,2020-12-31T23:00:00,42.430911202056386,-12.87194443,-58.38722221
2021,A927,BRASNORTE (NOVO MUNDO),CO,MT,-12.52194443,-58.23138888,426.2,29/02/08,INMET_CO_MT_A927_BRASNORTE (NOVO MUNDO)_01-01-2021_A_31-12-2021.CSV,8760,8760,0,0,2021-01-01T00:00:00,2021-12-31T23:00:00,42.430911202056386,-12.87194443,-58.38722221
2022,A927,BRASNORTE (NOVO MUNDO),CO,MT,-12.52194443,-58.23138888,426.2,29/02/08,INMET_CO_MT_A927_BRASNORTE (NOVO MUNDO)_01-01-2022_A_31-12-2022.CSV,8760,8760,1472,0,2022-01-01T00:00:00,2022-12-31T23:00:00,42.430911202056386,-12.87194443,-58.38722221
2023,A927,BRASNORTE (NOVO MUNDO),CO,MT,-12.52194443,-58.23138888,426.2,29/02/08,INMET_CO_MT_A927_BRASNORTE (NOVO MUNDO)_01-01-2023_A_31-12-2023.CSV,8760,8760,8760,0,2023-01-01T00:00:00,2023-12-31T23:00:00,42.430911202056386,-12.87194443,-58.38722221
2024,A927,BRASNORTE (NOVO MUNDO),CO,MT,-12.52194443,-58.23138888,426.2,29/02/08,INMET_CO_MT_A927_BRASNORTE (NOVO MUNDO)_01-01-2024_A_31-12-2024.CSV,8784,8784,4678,0,2024-01-01T00:00:00,2024-12-31T23:00:00,42.430911202056386,-12.87194443,-58.38722221
2025,A927,BRASNORTE (NOVO MUNDO),CO,MT,-12.52194443,-58.23138888,426.2,29/02/08,2025/INMET_CO_MT_A927_BRASNORTE (NOVO MUNDO)_01-01-2025_A_31-12-2025.CSV,8760,8760,4365,0,2025-01-01T00:00:00,2025-12-31T23:00:00,42.430911202056386,-12.87194443,-58.38722221
2008,A928,NOVA MARINGA,CO,MT,-13.06555555,-57.15611111,353.0,2008-04-16,2008/INMET_CO_MT_A928_NOVA MARINGA_16-04-2008_A_31-12-2008.CSV,6240,6240,5228,0,2008-04-16T00:00:00,2008-12-31T23:00:00,0.0,-13.06555555,-57.15611111
2009,A928,NOVA MARINGA,CO,MT,-13.06555555,-57.15611111,353.0,2008-04-16,2009/INMET_CO_MT_A928_NOVA MARINGA_01-01-2009_A_31-12-2009.CSV,8760,8760,8725,0,2009-01-01T00:00:00,2009-12-31T23:00:00,0.0,-13.06555555,-57.15611111
2010,A928,NOVA MARINGA,CO,MT,-13.06555555,-57.15611111,353.0,2008-04-16,2010/INMET_CO_MT_A928_NOVA MARINGA_01-01-2010_A_31-12-2010.CSV,8760,8760,7609,0,2010-01-01T00:00:00,2010-12-31T23:00:00,0.0,-13.06555555,-57.15611111
2011,A928,NOVA MARINGA,CO,MT,-13.06555555,-57.15611111,353.0,2008-04-16,2011/INMET_CO_MT_A928_NOVA MARINGA_01-01-2011_A_31-12-2011.CSV,8760,8760,8750,0,2011-01-01T00:00:00,2011-12-31T23:00:00,0.0,-13.06555555,-57.15611111
2012,A928,NOVA MARINGA,CO,MT,-13.06555555,-57.15611111,353.0,2008-04-16,2012/INMET_CO_MT_A928_NOVA MARINGA_01-01-2012_A_31-12-2012.CSV,8784,8784,8394,0,2012-01-01T00:00:00,2012-12-31T23:00:00,0.0,-13.06555555,-57.15611111
2013,A928,NOVA MARINGA,CO,MT,-13.06555555,-57.15611111,353.0,2008-04-16,2013/INMET_CO_MT_A928_NOVA MARINGA_01-01-2013_A_31-12-2013.CSV,8760,8760,8746,0,2013-01-01T00:00:00,2013-12-31T23:00:00,0.0,-13.06555555,-57.15611111
2014,A928,NOVA MARINGA,CO,MT,-13.06555555,-57.15611111,353.0,2008-04-16,2014/INMET_CO_MT_A928_NOVA MARINGA_01-01-2014_A_31-12-2014.CSV,8760,8760,8760,0,2014-01-01T00:00:00,2014-12-31T23:00:00,0.0,-13.06555555,-57.15611111
2015,A928,NOVA MARINGA,CO,MT,-13.06555555,-57.15611111,353.0,2008-04-16,2015/INMET_CO_MT_A928_NOVA MARINGA_01-01-2015_A_31-12-2015.CSV,8760,8760,8759,0,2015-01-01T00:00:00,2015-12-31T23:00:00,0.0,-13.06555555,-57.15611111
2016,A928,NOVA MARINGA,CO,MT,-13.06555555,-57.15611111,353.0,2008-04-16,2016/INMET_CO_MT_A928_NOVA MARINGA_01-01-2016_A_31-12-2016.CSV,8784,8784,7393,0,2016-01-01T00:00:00,2016-12-31T23:00:00,0.0,-13.06555555,-57.15611111
2017,A928,NOVA MARINGA,CO,MT,-13.06555555,-57.15611111,353.0,2008-04-16,2017/INMET_CO_MT_A928_NOVA MARINGA_01-01-2017_A_31-12-2017.CSV,8760,8760,8760,0,2017-01-01T00:00:00,2017-12-31T23:00:00,0.0,-13.06555555,-57.15611111
2018,A928,NOVA MARINGA,CO,MT,-13.06555555,-57.15611111,353.0,2008-04-16,2018/INMET_CO_MT_A928_NOVA MARINGA_01-01-2018_A_31-12-2018.CSV,8760,8760,8755,0,2018-01-01T00:00:00,2018-12-31T23:00:00,0.0,-13.06555555,-57.15611111
2019,A928,,,MT,-13.038642,-57.092201,334.36,16/04/08,2019/INMET_CO_MT_A928_NOVA MARINGA_01-01-2019_A_31-12-2019.CSV,8760,8760,8709,0,2019-01-01T00:00:00,2019-12-31T23:00:00,7.542045248854603,-13.06555555,-57.15611111
2020,A928,NOVA MARINGA,CO,MT,-13.038642,-57.092201,334.36,16/04/08,INMET_CO_MT_A928_NOVA MARINGA_01-01-2020_A_31-12-2020.CSV,8784,8784,7516,0,2020-01-01T00:00:00,2020-12-31T23:00:00,7.542045248854603,-13.06555555,-57.15611111
2021,A928,NOVA MARINGA,CO,MT,-13.0386111,-57.09222221,334.36,16/04/08,INMET_CO_MT_A928_NOVA MARINGA_01-01-2021_A_31-12-2021.CSV,8760,8760,0,0,2021-01-01T00:00:00,2021-12-31T23:00:00,7.5413011977342475,-13.06555555,-57.15611111
2022,A928,NOVA MARINGA,CO,MT,-13.0386111,-57.09222221,334.36,16/04/08,INMET_CO_MT_A928_NOVA MARINGA_01-01-2022_A_31-12-2022.CSV,8760,8760,4329,0,2022-01-01T00:00:00,2022-12-31T23:00:00,7.5413011977342475,-13.06555555,-57.15611111
2023,A928,NOVA MARINGA,CO,MT,-13.0386111,-57.09222221,334.36,16/04/08,INMET_CO_MT_A928_NOVA MARINGA_01-01-2023_A_31-12-2023.CSV,8760,8760,5208,0,2023-01-01T00:00:00,2023-12-31T23:00:00,7.5413011977342475,-13.06555555,-57.15611111
2024,A928,NOVA MARINGA,CO,MT,-13.0386111,-57.09222221,334.36,16/04/08,INMET_CO_MT_A928_NOVA MARINGA_01-01-2024_A_31-12-2024.CSV,8784,8784,8784,0,2024-01-01T00:00:00,2024-12-31T23:00:00,7.5413011977342475,-13.06555555,-57.15611111
2025,A928,NOVA MARINGA,CO,MT,-13.0386111,-57.09222221,334.36,16/04/08,2025/INMET_CO_MT_A928_NOVA MARINGA_01-01-2025_A_31-12-2025.CSV,8760,8760,6968,0,2025-01-01T00:00:00,2025-12-31T23:00:00,7.5413011977342475,-13.06555555,-57.15611111
2008,A929,NOVA UBIRATA,CO,MT,-13.68638888,-54.95611111,518.0,2008-04-13,2008/INMET_CO_MT_A929_NOVA UBIRATA_13-04-2008_A_31-12-2008.CSV,6312,6312,5693,0,2008-04-13T00:00:00,2008-12-31T23:00:00,0.0,-13.68638888,-54.95611111
2009,A929,NOVA UBIRATA,CO,MT,-13.68638888,-54.95611111,518.0,2008-04-13,2009/INMET_CO_MT_A929_NOVA UBIRATA_01-01-2009_A_31-12-2009.CSV,8760,8760,6016,0,2009-01-01T00:00:00,2009-12-31T23:00:00,0.0,-13.68638888,-54.95611111
2010,A929,NOVA UBIRATA,CO,MT,-13.68638888,-54.95611111,518.0,2008-04-13,2010/INMET_CO_MT_A929_NOVA UBIRATA_01-01-2010_A_31-12-2010.CSV,8760,8760,6345,0,2010-01-01T00:00:00,2010-12-31T23:00:00,0.0,-13.68638888,-54.95611111
2011,A929,NOVA UBIRATA,CO,MT,-13.68638888,-54.95611111,518.0,2008-04-13,2011/INMET_CO_MT_A929_NOVA UBIRATA_01-01-2011_A_31-12-2011.CSV,8760,8760,8752,0,2011-01-01T00:00:00,2011-12-31T23:00:00,0.0,-13.68638888,-54.95611111
2012,A929,NOVA UBIRATA,CO,MT,-13.68638888,-54.95611111,518.0,2008-04-13,2012/INMET_CO_MT_A929_NOVA UBIRATA_01-01-2012_A_31-12-2012.CSV,8784,8784,8781,0,2012-01-01T00:00:00,2012-12-31T23:00:00,0.0,-13.68638888,-54.95611111
2013,A929,NOVA UBIRATA,CO,MT,-13.68638888,-54.95611111,518.0,2008-04-13,2013/INMET_CO_MT_A929_NOVA UBIRATA_01-01-2013_A_31-12-2013.CSV,8760,8760,7484,0,2013-01-01T00:00:00,2013-12-31T23:00:00,0.0,-13.68638888,-54.95611111
2014,A929,NOVA UBIRATA,CO,MT,-13.68638888,-54.95611111,518.0,2008-04-13,2014/INMET_CO_MT_A929_NOVA UBIRATA_01-01-2014_A_31-12-2014.CSV,8760,8760,8439,0,2014-01-01T00:00:00,2014-12-31T23:00:00,0.0,-13.68638888,-54.95611111
2015,A929,NOVA UBIRATA,CO,MT,-13.68638888,-54.95611111,518.0,2008-04-13,2015/INMET_CO_MT_A929_NOVA UBIRATA_01-01-2015_A_31-12-2015.CSV,8760,8760,7009,0,2015-01-01T00:00:00,2015-12-31T23:00:00,0.0,-13.68638888,-54.95611111
2016,A929,NOVA UBIRATA,CO,MT,-13.68638888,-54.95611111,518.0,2008-04-13,2016/INMET_CO_MT_A929_NOVA UBIRATA_01-01-2016_A_31-12-2016.CSV,8784,8784,7291,0,2016-01-01T00:00:00,2016-12-31T23:00:00,0.0,-13.68638888,-54.95611111
2017,A929,NOVA UBIRATA,CO,MT,-13.68638888,-54.95611111,518.0,2008-04-13,2017/INMET_CO_MT_A929_NOVA UBIRATA_01-01-2017_A_31-12-2017.CSV,8760,8760,6525,0,2017-01-01T00:00:00,2017-12-31T23:00:00,0.0,-13.68638888,-54.95611111
2018,A929,NOVA UBIRATA,CO,MT,-13.68638888,-54.95611111,518.0,2008-04-13,2018/INMET_CO_MT_A929_NOVA UBIRATA_01-01-2018_A_31-12-2018.CSV,8760,8760,8759,0,2018-01-01T00:00:00,2018-12-31T23:00:00,0.0,-13.68638888,-54.95611111
2019,A929,,,MT,-13.41111111,-54.75222222,466.48,13/04/08,2019/INMET_CO_MT_A929_NOVA UBIRATA_01-01-2019_A_31-12-2019.CSV,8760,8760,8760,0,2019-01-01T00:00:00,2019-12-31T23:00:00,37.719050918575505,-13.68638888,-54.95611111
2020,A929,NOVA UBIRATA,CO,MT,-13.41111111,-54.75222222,466.48,13/04/08,INMET_CO_MT_A929_NOVA UBIRATA_01-01-2020_A_31-12-2020.CSV,8784,8784,6606,0,2020-01-01T00:00:00,2020-12-31T23:00:00,37.719050918575505,-13.68638888,-54.95611111
2021,A929,NOVA UBIRATA,CO,MT,-13.41111111,-54.75222222,466.48,13/04/08,INMET_CO_MT_A929_NOVA UBIRATA_01-01-2021_A_31-12-2021.CSV,8760,8760,0,0,2021-01-01T00:00:00,2021-12-31T23:00:00,37.719050918575505,-13.68638888,-54.95611111
2022,A929,NOVA UBIRATA,CO,MT,-13.41111111,-54.75222222,466.48,13/04/08,INMET_CO_MT_A929_NOVA UBIRATA_01-01-2022_A_31-12-2022.CSV,8760,8760,1686,0,2022-01-01T00:00:00,2022-12-31T23:00:00,37.719050918575505,-13.68638888,-54.95611111
2023,A929,NOVA UBIRATA,CO,MT,-13.41111111,-54.75222222,466.48,13/04/08,INMET_CO_MT_A929_NOVA UBIRATA_01-01-2023_A_31-12-2023.CSV,8760,8760,8758,0,2023-01-01T00:00:00,2023-12-31T23:00:00,37.719050918575505,-13.68638888,-54.95611111
2024,A929,NOVA UBIRATA,CO,MT,-13.41111111,-54.75222222,466.48,13/04/08,INMET_CO_MT_A929_NOVA UBIRATA_01-01-2024_A_31-12-2024.CSV,8784,8784,354,0,2024-01-01T00:00:00,2024-12-31T23:00:00,37.719050918575505,-13.68638888,-54.95611111
2025,A929,NOVA UBIRATA,CO,MT,-13.41111111,-54.75222222,466.48,13/04/08,2025/INMET_CO_MT_A929_NOVA UBIRATA_01-01-2025_A_31-12-2025.CSV,8760,8760,2,0,2025-01-01T00:00:00,2025-12-31T23:00:00,37.719050918575505,-13.68638888,-54.95611111
2008,A933,ITIQUIRA,CO,MT,-17.29722221,-54.83722221,585.0,2008-08-14,2008/INMET_CO_MT_A933_ITIQUIRA_14-08-2008_A_31-12-2008.CSV,3360,3360,3322,0,2008-08-14T00:00:00,2008-12-31T23:00:00,0.0,-17.29722221,-54.83722221
2009,A933,ITIQUIRA,CO,MT,-17.29722221,-54.83722221,585.0,2008-08-14,2009/INMET_CO_MT_A933_ITIQUIRA_01-01-2009_A_31-12-2009.CSV,8760,8760,8735,0,2009-01-01T00:00:00,2009-12-31T23:00:00,0.0,-17.29722221,-54.83722221
2010,A933,ITIQUIRA,CO,MT,-17.29722221,-54.83722221,585.0,2008-08-14,2010/INMET_CO_MT_A933_ITIQUIRA_01-01-2010_A_31-12-2010.CSV,8760,8760,8749,0,2010-01-01T00:00:00,2010-12-31T23:00:00,0.0,-17.29722221,-54.83722221
2011,A933,ITIQUIRA,CO,MT,-17.29722221,-54.83722221,585.0,2008-08-14,2011/INMET_CO_MT_A933_ITIQUIRA_01-01-2011_A_31-12-2011.CSV,8760,8760,5359,0,2011-01-01T00:00:00,2011-12-31T23:00:00,0.0,-17.29722221,-54.83722221
2012,A933,ITIQUIRA,CO,MT,-17.29722221,-54.83722221,585.0,2008-08-14,2012/INMET_CO_MT_A933_ITIQUIRA_01-01-2012_A_31-12-2012.CSV,8784,8784,6681,0,2012-01-01T00:00:00,2012-12-31T23:00:00,0.0,-17.29722221,-54.83722221
2013,A933,ITIQUIRA,CO,MT,-17.29722221,-54.83722221,585.0,2008-08-14,2013/INMET_CO_MT_A933_ITIQUIRA_01-01-2013_A_31-12-2013.CSV,8760,8760,8744,0,2013-01-01T00:00:00,2013-12-31T23:00:00,0.0,-17.29722221,-54.83722221
2014,A933,ITIQUIRA,CO,MT,-17.29722221,-54.83722221,585.0,2008-08-14,2014/INMET_CO_MT_A933_ITIQUIRA_01-01-2014_A_31-12-2014.CSV,8760,8760,8760,0,2014-01-01T00:00:00,2014-12-31T23:00:00,0.0,-17.29722221,-54.83722221
2015,A933,ITIQUIRA,CO,MT,-17.29722221,-54.83722221,585.0,2008-08-14,2015/INMET_CO_MT_A933_ITIQUIRA_01-01-2015_A_31-12-2015.CSV,8760,8760,8758,0,2015-01-01T00:00:00,2015-12-31T23:00:00,0.0,-17.29722221,-54.83722221
2016,A933,ITIQUIRA,CO,MT,-17.29722221,-54.83722221,585.0,2008-08-14,2016/INMET_CO_MT_A933_ITIQUIRA_01-01-2016_A_31-12-2016.CSV,8784,8784,8000,0,2016-01-01T00:00:00,2016-12-31T23:00:00,0.0,-17.29722221,-54.83722221
2017,A933,ITIQUIRA,CO,MT,-17.29722221,-54.83722221,585.0,2008-08-14,2017/INMET_CO_MT_A933_ITIQUIRA_01-01-2017_A_31-12-2017.CSV,8760,8760,8144,0,2017-01-01T00:00:00,2017-12-31T23:00:00,0.0,-17.29722221,-54.83722221
2018,A933,ITIQUIRA,CO,MT,-17.29722221,-54.83722221,585.0,2008-08-14,2018/INMET_CO_MT_A933_ITIQUIRA_01-01-2018_A_31-12-2018.CSV,8760,8760,7655,0,2018-01-01T00:00:00,2018-12-31T23:00:00,0.0,-17.29722221,-54.83722221
2019,A933,,,MT,-17.175051,-54.50169,593.12,14/08/08,2019/INMET_CO_MT_A933_ITIQUIRA_01-01-2019_A_31-12-2019.CSV,8760,8760,7839,0,2019-01-01T00:00:00,2019-12-31T23:00:00,38.13568421451241,-17.29722221,-54.83722221
2020,A933,ITIQUIRA,CO,MT,-17.175051,-54.50169,593.12,14/08/08,INMET_CO_MT_A933_ITIQUIRA_01-01-2020_A_31-12-2020.CSV,8784,8784,0,0,2020-01-01T00:00:00,2020-12-31T23:00:00,38.13568421451241,-17.29722221,-54.83722221
2021,A933,ITIQUIRA,CO,MT,-17.17499999,-54.50166666,593.12,14/08/08,INMET_CO_MT_A933_ITIQUIRA_01-01-2021_A_31-12-2021.CSV,8760,8760,0,0,2021-01-01T00:00:00,2021-12-31T23:00:00,38.140025722573974,-17.29722221,-54.83722221
2022,A933,ITIQUIRA,CO,MT,-17.17499999,-54.50166666,593.12,14/08/08,INMET_CO_MT_A933_ITIQUIRA_01-01-2022_A_31-12-2022.CSV,8760,8760,7108,0,2022-01-01T00:00:00,2022-12-31T23:00:00,38.140025722573974,-17.29722221,-54.83722221
2023,A933,ITIQUIRA,CO,MT,-17.17499999,-54.50166666,593.12,14/08/08,INMET_CO_MT_A933_ITIQUIRA_01-01-2023_A_31-12-2023.CSV,8760,8760,4900,0,2023-01-01T00:00:00,2023-12-31T23:00:00,38.140025722573974,-17.29722221,-54.83722221
2024,A933,ITIQUIRA,CO,MT,-17.17499999,-54.50166666,593.12,14/08/08,INMET_CO_MT_A933_ITIQUIRA_01-01-2024_A_31-12-2024.CSV,8784,8784,4407,0,2024-01-01T00:00:00,2024-12-31T23:00:00,38.140025722573974,-17.29722221,-54.83722221
2025,A933,ITIQUIRA,CO,MT,-17.17499999,-54.50166666,593.12,14/08/08,2025/INMET_CO_MT_A933_ITIQUIRA_01-01-2025_A_31-12-2025.CSV,8760,8760,3430,0,2025-01-01T00:00:00,2025-12-31T23:00:00,38.140025722573974,-17.29722221,-54.83722221
2008,A935,PORTO ESTRELA,CO,MT,-15.54638888,-57.38166666,145.0,2008-05-30,2008/INMET_CO_MT_A935_PORTO ESTRELA_30-05-2008_A_31-12-2008.CSV,5184,5184,5177,0,2008-05-30T00:00:00,2008-12-31T23:00:00,0.0,-15.54638888,-57.38166666
2009,A935,PORTO ESTRELA,CO,MT,-15.54638888,-57.38166666,145.0,2008-05-30,2009/INMET_CO_MT_A935_PORTO ESTRELA_01-01-2009_A_31-12-2009.CSV,8760,8760,3639,0,2009-01-01T00:00:00,2009-12-31T23:00:00,0.0,-15.54638888,-57.38166666
2010,A935,PORTO ESTRELA,CO,MT,-15.54638888,-57.38166666,145.0,2008-05-30,2010/INMET_CO_MT_A935_PORTO ESTRELA_01-01-2010_A_31-12-2010.CSV,8760,8760,4846,0,2010-01-01T00:00:00,2010-12-31T23:00:00,0.0,-15.54638888,-57.38166666
2011,A935,PORTO ESTRELA,CO,MT,-15.54638888,-57.38166666,145.0,2008-05-30,2011/INMET_CO_MT_A935_PORTO ESTRELA_01-01-2011_A_31-12-2011.CSV,8760,8760,8752,0,2011-01-01T00:00:00,2011-12-31T23:00:00,0.0,-15.54638888,-57.38166666
2012,A935,PORTO ESTRELA,CO,MT,-15.54638888,-57.38166666,145.0,2008-05-30,2012/INMET_CO_MT_A935_PORTO ESTRELA_01-01-2012_A_31-12-2012.CSV,8784,8784,8780,0,2012-01-01T00:00:00,2012-12-31T23:00:00,0.0,-15.54638888,-57.38166666
2013,A935,PORTO ESTRELA,CO,MT,-15.54638888,-57.38166666,145.0,2008-05-30,2013/INMET_CO_MT_A935_PORTO ESTRELA_01-01-2013_A_31-12-2013.CSV,8760,8760,8718,0,2013-01-01T00:00:00,2013-12-31T23:00:00,0.0,-15.54638888,-57.38166666
2014,A935,PORTO ESTRELA,CO,MT,-15.54638888,-57.38166666,145.0,2008-05-30,2014/INMET_CO_MT_A935_PORTO ESTRELA_01-01-2014_A_31-12-2014.CSV,8760,8760,6130,0,2014-01-01T00:00:00,2014-12-31T23:00:00,0.0,-15.54638888,-57.38166666
2015,A935,PORTO ESTRELA,CO,MT,-15.54638888,-57.38166666,145.0,2008-05-30,2015/INMET_CO_MT_A935_PORTO ESTRELA_01-01-2015_A_31-12-2015.CSV,8760,8760,7216,0,2015-01-01T00:00:00,2015-12-31T23:00:00,0.0,-15.54638888,-57.38166666
2016,A935,PORTO ESTRELA,CO,MT,-15.54638888,-57.38166666,145.0,2008-05-30,2016/INMET_CO_MT_A935_PORTO ESTRELA_01-01-2016_A_31-12-2016.CSV,8784,8784,7194,0,2016-01-01T00:00:00,2016-12-31T23:00:00,0.0,-15.54638888,-57.38166666
2017,A935,PORTO ESTRELA,CO,MT,-15.54638888,-57.38166666,145.0,2008-05-30,2017/INMET_CO_MT_A935_PORTO ESTRELA_01-01-2017_A_31-12-2017.CSV,8760,8760,8554,0,2017-01-01T00:00:00,2017-12-31T23:00:00,0.0,-15.54638888,-57.38166666
2018,A935,PORTO ESTRELA,CO,MT,-15.54638888,-57.38166666,145.0,2008-05-30,2018/INMET_CO_MT_A935_PORTO ESTRELA_01-01-2018_A_31-12-2018.CSV,8760,8760,6831,0,2018-01-01T00:00:00,2018-12-31T23:00:00,0.0,-15.54638888,-57.38166666
2019,A935,,,MT,-15.32472221,-57.22583332,147.75,30/05/08,2019/INMET_CO_MT_A935_PORTO ESTRELA_01-01-2019_A_31-12-2019.CSV,8760,8760,2990,0,2019-01-01T00:00:00,2019-12-31T23:00:00,29.774519466611512,-15.54638888,-57.38166666
2020,A935,PORTO ESTRELA,CO,MT,-15.32472221,-57.22583332,147.75,30/05/08,INMET_CO_MT_A935_PORTO ESTRELA_01-01-2020_A_31-12-2020.CSV,8784,8784,8784,0,2020-01-01T00:00:00,2020-12-31T23:00:00,29.774519466611512,-15.54638888,-57.38166666
2021,A935,PORTO ESTRELA,CO,MT,-15.32472221,-57.22583332,147.75,30/05/08,INMET_CO_MT_A935_PORTO ESTRELA_01-01-2021_A_31-12-2021.CSV,8760,8760,8745,0,2021-01-01T00:00:00,2021-12-31T23:00:00,29.774519466611512,-15.54638888,-57.38166666
2022,A935,PORTO ESTRELA,CO,MT,-15.32472221,-57.22583332,147.75,30/05/08,INMET_CO_MT_A935_PORTO ESTRELA_01-01-2022_A_31-12-2022.CSV,8760,8760,6400,0,2022-01-01T00:00:00,2022-12-31T23:00:00,29.774519466611512,-15.54638888,-57.38166666
2023,A935,PORTO ESTRELA,CO,MT,-15.32472221,-57.22583332,147.75,30/05/08,INMET_CO_MT_A935_PORTO ESTRELA_01-01-2023_A_31-12-2023.CSV,8760,8760,8746,0,2023-01-01T00:00:00,2023-12-31T23:00:00,29.774519466611512,-15.54638888,-57.38166666
2024,A935,PORTO ESTRELA,CO,MT,-15.32472221,-57.22583332,147.75,30/05/08,INMET_CO_MT_A935_PORTO ESTRELA_01-01-2024_A_31-12-2024.CSV,8784,8784,1695,0,2024-01-01T00:00:00,2024-12-31T23:00:00,29.774519466611512,-15.54638888,-57.38166666
2025,A935,PORTO ESTRELA,CO,MT,-15.32472221,-57.22583332,147.75,30/05/08,2025/INMET_CO_MT_A935_PORTO ESTRELA_01-01-2025_A_31-12-2025.CSV,8760,8760,0,0,2025-01-01T00:00:00,2025-12-31T23:00:00,29.774519466611512,-15.54638888,-57.38166666
2020,C891,CRIOSFERA,SE,SP,-84.0,-79.49416666,1285.0,09/01/12,INMET_SE_SP_C891_CRIOSFERA_01-01-2020_A_31-12-2020.CSV,8784,8784,7217,0,2020-01-01T00:00:00,2020-12-31T23:00:00,0.0,-84.0,-79.49416666
