codigo,estacao,uf,regiao,latitude,longitude,altitude_m,n_pares,anos_com_dados,primeiro_ano,ultimo_ano,media_inmet_c,media_era5_c,bias_c,mae_c,rmse_c,correlacao_pearson,desvio_erro_c,erro_min_c,erro_p05_c,erro_mediana_c,erro_p95_c,erro_max_c,erro_abs_max_c,pct_abs_erro_gt5,pct_abs_erro_gt10,pct_abs_erro_gt20,n_celulas_era5_historico,mudou_celula_era5,deslocamento_max_coord_km,amostra_interpretavel,pares_removidos_qc,pct_pares_removidos_qc,delta_bias_qc_c,delta_mae_qc_c,delta_rmse_qc_c,delta_correlacao_qc,n_abs_erro_gt5,n_abs_erro_gt10,n_abs_erro_gt20,n_pares_completa,anos_com_dados_completa,primeiro_ano_completa,ultimo_ano_completa,media_inmet_c_completa,media_era5_c_completa,bias_c_completa,mae_c_completa,rmse_c_completa,correlacao_pearson_completa,desvio_erro_c_completa,erro_min_c_completa,erro_p05_c_completa,erro_mediana_c_completa,erro_p95_c_completa,erro_max_c_completa,erro_abs_max_c_completa,n_abs_erro_gt5_completa,n_abs_erro_gt10_completa,n_abs_erro_gt20_completa,pct_abs_erro_gt5_completa,pct_abs_erro_gt10_completa,pct_abs_erro_gt20_completa,anos_presentes,anos_cobertura_80,anos_cobertura_90,cobertura_mediana,coordenada_suspeita,dentro_dominio_era5
A001,BRASILIA,DF,CO,-15.78944444,-47.92583332,1159.54,219705,26,2000,2025,22.130404406483066,22.031664564334925,-0.09873984159319499,0.9899889019381574,1.3350847090958105,0.9398441350839652,1.3314314449998073,-7.953661918640137,-2.0933492183685303,-0.1601894348859787,2.1248734474182083,13.11875057220459,13.11875057220459,0.47154138503902965,0.005006713547711704,0.0,1,False,0.0139884202775015,True,0,0.0,0.0,0.0,4.285460875053104e-14,-7.549516567451064e-15,1036.0,11.0,0.0,219705,26,2000,2025,22.130404406483066,22.031664564334925,-0.09873984159319499,0.9899889019381574,1.3350847090957676,0.9398441350839728,1.3314314449998166,-7.953661918640137,-2.0933492183685303,-0.1601894348859787,2.1248734474182083,13.11875057220459,13.11875057220459,1036.0,11.0,0.0,0.47154138503902965,0.005006713547711704,0.0,26,26,25,0.997321406292886,False,True
A002,GOIANIA,GO,CO,-16.64277777,-49.21999999,770.0,207094,25,2001,2025,24.448010562125386,23.761594809335687,-0.6864157559817783,1.6708906821292344,2.0959558641954934,0.9286467493953214,1.9803745434366875,-24.75615119934082,-3.552594912052154,-0.8275874853134155,2.751814377307882,30.54536247253418,30.54536247253418,1.3897070895342212,0.057461828927926444,0.010623195263986402,1,False,0.0295938501110867,True,0,0.0,0.0,0.0,-4.884981308350689e-15,6.439293542825908e-15,2878.0,119.0,22.0,207094,25,2001,2025,24.448010562125386,23.761594809335687,-0.6864157559817783,1.6708906821292344,2.0959558641954983,0.928646749395315,1.980374543436687,-24.75615119934082,-3.552594912052154,-0.8275874853134155,2.751814377307882,30.54536247253418,30.54536247253418,2878.0,119.0,22.0,1.3897070895342212,0.057461828927926444,0.010623195263986402,25,24,22,0.9930365296803652,False,True
A003,MORRINHOS,GO,CO,-17.71666667,-49.1,771.42,183769,24,2001,2025,23.629288397401037,23.899494914975747,0.2702065149190925,1.4748153287415486,1.88967214683655,0.9412818810138305,1.8702588847203847,-12.928661346435547,-2.4600679874420166,0.06626319885253906,3.5862150192260747,15.034177780151367,15.034177780151367,1.2325256163988485,0.01632484260130925,0.0,1,False,3.162982582999043,True,0,0.0,-5.551115123125783e-17,0.0,-5.573319583618286e-14,2.220446049250313e-15,2265.0,30.0,0.0,183769,24,2001,2025,23.629288397401037,23.899494914975747,0.27020651491909253,1.4748153287415486,1.8896721468366058,0.9412818810138283,1.8702588847203836,-12.928661346435547,-2.4600679874420166,0.06626319885253906,3.5862150192260747,15.034177780151367,15.034177780151367,2265.0,30.0,0.0,1.2325256163988485,0.01632484260130925,0.0,25,19,17,0.9920309653916212,False,True
A005,PORANGATU,GO,CO,-13.30944444,-49.11749999,365.0,51278,8,2018,2025,27.683474385471953,27.036849808277264,-0.6466245860860395,1.509405554376229,1.903389738430647,0.9218554697913387,1.790204357101884,-10.19853687286377,-3.1759151458740233,-0.7500240504741669,2.369910144805907,21.437646865844727,21.437646865844727,1.1876438238620852,0.021451694683880026,0.0019501540621709114,2,True,24.414217027042948,True,0,0.0,0.0,0.0,-2.6645352591003757e-15,-6.217248937900877e-15,609.0,11.0,1.0,51278,8,2018,2025,27.683474385471953,27.036849808277264,-0.6466245860860395,1.509405554376229,1.9033897384306497,0.9218554697913449,1.7902043571018822,-10.19853687286377,-3.1759151458740233,-0.7500240504741669,2.369910144805907,21.437646865844727,21.437646865844727,609.0,11.0,1.0,1.1876438238620852,0.021451694683880026,0.0019501540621709114,8,5,5,0.9589119070788732,True,True
A009,PALMAS,TO,N,-10.18333333,-48.3,280.0,158598,22,2004,2025,28.082112001665294,26.601403913446333,-1.4807080928953322,1.9602409232792761,2.4167538876962844,0.8928090298608499,1.9100329579106436,-10.541698455810547,-4.358036756515503,-1.5270748138427734,1.5902535319328301,12.947606086730957,12.947606086730957,3.1002913025384937,0.009457874626413953,0.0,1,False,4.257973878614599,True,0,0.0,2.220446049250313e-16,0.0,4.75175454539567e-14,2.55351295663786e-15,4917.0,15.0,0.0,158598,22,2004,2025,28.082112001665294,26.601403913446333,-1.4807080928953325,1.9602409232792761,2.416753887696237,0.8928090298608473,1.910032957910644,-10.541698455810547,-4.358036756515503,-1.5270748138427734,1.5902535319328301,12.947606086730957,12.947606086730957,4917.0,15.0,0.0,3.1002913025384937,0.009457874626413953,0.0,22,20,13,0.9453767123287672,False,True
A010,PARANA,TO,N,-12.615,-47.87194443,280.0,165287,21,2005,2025,26.923461608712703,26.74673482064541,-0.17672679467079197,1.7959958722247111,2.2103714250039332,0.9300309106269333,2.203301805672698,-12.012828826904297,-3.3526705503463745,-0.3010738492012024,3.733030486106871,12.59931468963623,12.59931468963623,1.9602267570952343,0.012100165167254533,0.0,1,False,0.0122645285149314,True,0,0.0,-2.7755575615628914e-17,0.0,-5.551115123125783e-14,4.773959005888173e-15,3240.0,20.0,0.0,165287,21,2005,2025,26.923461608712703,26.74673482064541,-0.17672679467079194,1.7959958722247111,2.2103714250039888,0.9300309106269286,2.2033018056726994,-12.012828826904297,-3.3526705503463745,-0.3010738492012024,3.733030486106871,12.59931468963623,12.59931468963623,3240.0,20.0,0.0,1.9602267570952343,0.012100165167254533,0.0,21,18,16,0.9565068493150684,False,True
A011,SAO SIMAO,GO,CO,-18.96666666,-50.61666666,488.51,146795,20,2006,2025,25.436637485673323,25.39682719717153,-0.03981029030692855,1.3817508259557987,1.7773527818519432,0.9354218655870304,1.7769129300511708,-9.015819549560547,-2.724745678901672,-0.11489219963550568,2.8819971084594713,14.837547302246094,14.837547302246094,1.0463571647535679,0.021799107599032665,0.0,2,True,1.7861206140485693,True,0,0.0,0.0,2.220446049250313e-16,2.2870594307278225e-14,8.659739592076221e-15,1536.0,32.0,0.0,146795,20,2006,2025,25.436637485673323,25.39682719717153,-0.03981029030692855,1.3817508259557985,1.7773527818519204,0.9354218655870218,1.7769129300511772,-9.015819549560547,-2.724745678901672,-0.11489219963550568,2.8819971084594713,14.837547302246094,14.837547302246094,1536.0,32.0,0.0,1.0463571647535679,0.021799107599032665,0.0,20,17,13,0.9685502283105024,False,True
A012,LUZIANIA,GO,CO,-16.27222222,-47.96638889,959.5,162561,20,2006,2025,23.19213279986509,22.73230070829657,-0.4598320910317224,1.2209289854310406,1.6069446781502128,0.9315083110596583,1.5397533019948417,-7.945653915405273,-2.8323237895965576,-0.5241695642471313,2.0708987712860107,12.09311580657959,12.09311580657959,0.8224604917538647,0.004921229569207867,0.0,1,False,1.2986309587468912,True,0,0.0,0.0,0.0,1.0347278589506459e-13,-2.220446049250313e-16,1337.0,8.0,0.0,162561,20,2006,2025,23.19213279986509,22.73230070829657,-0.4598320910317224,1.2209289854310406,1.6069446781501093,0.9315083110596585,1.5397533019948455,-7.945653915405273,-2.8323237895965576,-0.5241695642471313,2.0708987712860107,12.09311580657959,12.09311580657959,1337.0,8.0,0.0,0.8224604917538647,0.004921229569207867,0.0,20,18,18,0.9960681937270754,False,True
A013,ARAGARCAS,GO,CO,-15.90583333,-52.24388888,347.0,121851,19,2007,2025,27.015612505826304,26.296047018206913,-0.7195654923809363,1.734899440804195,2.1327900372067097,0.9251574201146338,2.007747973923901,-10.768896102905273,-3.5624507665634155,-0.9009212255477905,2.8878848552703857,10.524998664855957,10.768896102905273,1.5748742316435649,0.0024620232907403305,0.0,1,False,0.378806325528851,True,0,0.0,-1.1102230246251565e-16,-2.220446049250313e-16,1.0658141036401503e-14,1.1102230246251565e-16,1919.0,3.0,0.0,121851,19,2007,2025,27.015612505826304,26.296047018206913,-0.7195654923809361,1.7348994408041951,2.132790037206699,0.9251574201146336,2.00774797392391,-10.768896102905273,-3.5624507665634155,-0.9009212255477905,2.8878848552703857,10.524998664855957,10.768896102905273,1919.0,3.0,0.0,1.5748742316435649,0.0024620232907403305,0.0,19,12,12,0.9114155251141552,False,True
A014,GOIAS,GO,CO,-15.93916666,-50.14138888,512.0,155698,19,2007,2025,26.55176687655886,25.53605386571349,-1.0157130165023,1.814389678662118,2.3003670289104337,0.9038102006761592,2.0639871357985204,-18.531494140625,-4.1012615442276,-1.0850845575332642,2.3611064195632925,11.242820739746094,18.531494140625,2.5536615756143304,0.1400146437333813,0.0,1,False,0.062707128950565,True,0,0.0,-2.220446049250313e-16,-4.440892098500626e-16,-1.021405182655144e-13,2.55351295663786e-15,3976.0,218.0,0.0,155698,19,2007,2025,26.55176687655886,25.53605386571349,-1.0157130165022998,1.8143896786621185,2.300367028910536,0.9038102006761567,2.063987135798512,-18.531494140625,-4.1012615442276,-1.0850845575332642,2.3611064195632925,11.242820739746094,18.531494140625,3976.0,218.0,0.0,2.5536615756143304,0.1400146437333813,0.0,19,19,16,0.992579908675799,False,True
A015,ITAPACI,GO,CO,-14.98027777,-49.53944444,522.0,153648,19,2007,2025,24.922947901190042,25.11321655266188,0.1902686460631612,1.7313798472540496,2.214601800637652,0.920857014912691,2.206420327682981,-9.641551971435547,-3.069350206851959,-0.03609123267233372,4.234298443794249,11.86064338684082,11.86064338684082,3.0257471623451004,0.005857544517338332,0.0,1,False,0.0858914067507043,True,0,0.0,-2.7755575615628914e-17,0.0,-5.240252676230739e-14,-6.439293542825908e-15,4649.0,9.0,0.0,153648,19,2007,2025,24.922947901190042,25.11321655266188,0.19026864606316124,1.7313798472540496,2.2146018006377046,0.9208570149126974,2.206420327682974,-9.641551971435547,-3.069350206851959,-0.03609123267233372,4.234298443794249,11.86064338684082,11.86064338684082,4649.0,9.0,0.0,3.0257471623451004,0.005857544517338332,0.0,19,16,14,0.9670091324200912,False,True
A016,JATAI,GO,CO,-17.92388888,-51.71777777,582.0,156048,19,2007,2025,23.833120575390307,23.30097608830053,-0.5321444900962008,1.788184290395864,2.2544766485750536,0.9269261070696494,2.190780216568594,-12.343361854553223,-3.7352439403533935,-0.6083003878593445,3.2067533731460567,11.311328887939453,12.343361854553223,2.5287091151440584,0.041013021634368915,0.0,1,False,0.0442908237389662,True,0,0.0,1.1102230246251565e-16,0.0,-1.4788170688007085e-13,-7.771561172376096e-16,3946.0,64.0,0.0,156048,19,2007,2025,23.833120575390307,23.30097608830053,-0.5321444900962009,1.788184290395864,2.2544766485752015,0.9269261070696502,2.190780216568588,-12.343361854553223,-3.7352439403533935,-0.6083003878593445,3.2067533731460567,11.311328887939453,12.343361854553223,3946.0,64.0,0.0,2.5287091151440584,0.041013021634368915,0.0,19,17,17,0.9907534246575342,False,True
A017,POSSE,GO,CO,-14.08916666,-46.36638888,834.0,150702,19,2007,2025,25.292155376146823,23.82613896100365,-1.4660164184595235,1.7458994230282074,2.0669664719926795,0.9323857288784066,1.4571068408382695,-8.986773490905762,-3.662304401397705,-1.52371484041214,0.9255863428115845,10.026219367980957,10.026219367980957,0.9196958235458056,0.000663561200249499,0.0,1,False,0.0126173614617089,True,0,0.0,0.0,0.0,-6.217248937900877e-14,-7.771561172376096e-16,1386.0,1.0,0.0,150702,19,2007,2025,25.292155376146823,23.82613896100365,-1.4660164184595235,1.7458994230282074,2.0669664719927416,0.9323857288784074,1.4571068408382721,-8.986773490905762,-3.662304401397705,-1.52371484041214,0.9255863428115845,10.026219367980957,10.026219367980957,1386.0,1.0,0.0,0.9196958235458056,0.000663561200249499,0.0,19,17,14,0.9714147286821704,False,True
A018,PEIXE,TO,N,-12.01666666,-48.55,242.0,140388,20,2006,2025,27.34462702582391,27.346739713713006,0.002112679934341136,1.5469535985109726,1.930695251596862,0.927712033481285,1.930700972003131,-9.903661727905273,-2.7858540654182433,-0.10339317098259926,3.330373549461361,14.026023864746094,14.026023864746094,1.2230390061828647,0.01994472462033792,0.0,1,False,0.6236406923019483,True,0,0.0,0.0,0.0,5.129230373768223e-14,-2.3314683517128287e-15,1717.0,28.0,0.0,140388,20,2006,2025,27.34462702582391,27.346739713713006,0.002112679934341136,1.5469535985109726,1.9306952515968108,0.9277120334812873,1.930700972003124,-9.903661727905273,-2.7858540654182433,-0.10339317098259926,3.330373549461361,14.026023864746094,14.026023864746094,1717.0,28.0,0.0,1.2230390061828647,0.01994472462033792,0.0,20,16,8,0.8791666666666667,False,True
A019,GURUPI,TO,N,-11.74583333,-49.04972221,287.0,152045,19,2007,2025,26.72141733861706,27.068508286999716,0.34709094363961634,1.90764244809171,2.426827499828345,0.9001732365660882,2.401886244987411,-10.830907821655273,-2.932490301132202,0.027881240472197533,4.861473655700681,13.446043014526367,13.446043014526367,4.786083067512907,0.022361800782663026,0.0,1,False,0.2310790211970803,True,0,0.0,0.0,0.0,-8.08242361927114e-14,-1.3322676295501878e-15,7277.0,34.0,0.0,152045,19,2007,2025,26.72141733861706,27.068508286999716,0.34709094363961634,1.90764244809171,2.4268274998284256,0.9001732365660895,2.401886244987414,-10.830907821655273,-2.932490301132202,0.027881240472197533,4.861473655700681,13.446043014526367,13.446043014526367,7277.0,34.0,0.0,4.786083067512907,0.022361800782663026,0.0,20,16,16,0.9919634391296754,False,True
A020,PEDRO AFONSO,TO,N,-8.9686111,-48.19416666,189.0,143430,19,2007,2025,27.673622667421267,27.413593529248633,-0.2600291439945025,1.5575882320900272,1.958360665868396,0.9176032885868463,1.9410274623697983,-12.909252166748047,-3.1921870708465576,-0.3524547517299652,3.0705351233482356,14.29340648651123,14.29340648651123,1.1252875967370841,0.015338492644495572,0.0,1,False,1.861103786957858,True,0,0.0,0.0,2.220446049250313e-16,2.6423307986078726e-14,-4.773959005888173e-15,1614.0,22.0,0.0,143430,19,2007,2025,27.673622667421267,27.413593529248633,-0.2600291439945025,1.557588232090027,1.9583606658683697,0.917603288586851,1.9410274623697934,-12.909252166748047,-3.1921870708465576,-0.3524547517299652,3.0705351233482356,14.29340648651123,14.29340648651123,1614.0,22.0,0.0,1.1252875967370841,0.015338492644495572,0.0,19,15,13,0.9534246575342464,False,True
A021,ARAGUAINA,TO,N,-7.10416666,-48.20111111,226.0,134528,19,2007,2025,26.421266943712556,26.83936178658714,0.41809483826163696,1.7830576198694263,2.271291198638665,0.8967366399104699,2.2324868338387747,-7.190673351287842,-2.834423542022705,0.19052772223949432,4.508402824401853,10.586326599121094,10.586326599121094,3.4535561370123693,0.0022300190294957186,0.0,1,False,0.0308877693871967,True,0,0.0,0.0,-2.220446049250313e-16,-6.217248937900877e-15,-2.1094237467877974e-15,4646.0,3.0,0.0,134528,19,2007,2025,26.421266943712556,26.83936178658714,0.41809483826163696,1.7830576198694266,2.271291198638671,0.896736639910472,2.232486833838776,-7.190673351287842,-2.834423542022705,0.19052772223949432,4.508402824401853,10.586326599121094,10.586326599121094,4646.0,3.0,0.0,3.4535561370123693,0.0022300190294957186,0.0,19,14,12,0.9526411657559198,False,True
A022,GOIANESIA,GO,CO,-15.22027777,-48.99027777,667.0,142224,19,2007,2025,25.520725049687822,25.043745901550025,-0.4769791519653723,1.1947451019654387,1.55311530603988,0.9387991361596775,1.4780640727785561,-8.20034122467041,-2.674301302433014,-0.5543941259384155,1.967034059762955,10.91215705871582,10.91215705871582,0.6981943975700303,0.0035155810552368093,0.0,1,False,0.0298043389191997,True,0,0.0,1.1102230246251565e-16,0.0,-4.1522341120980855e-14,-8.770761894538737e-15,993.0,5.0,0.0,142224,19,2007,2025,25.520725049687822,25.043745901550025,-0.47697915196537244,1.1947451019654387,1.5531153060399214,0.9387991361596862,1.4780640727785543,-8.20034122467041,-2.674301302433014,-0.5543941259384155,1.967034059762955,10.91215705871582,10.91215705871582,993.0,5.0,0.0,0.6981943975700303,0.0035155810552368093,0.0,19,15,11,0.9375570776255708,False,True
A023,CAIAPONIA,GO,CO,-16.96666666,-51.81749999,737.0,152295,19,2007,2025,24.593156698345844,23.858388515241845,-0.7347681872049293,1.5030166430747107,1.877485567870071,0.9281177296216921,1.727740538774349,-12.802831649780273,-3.2002437114715576,-0.9092769622802734,2.386147856712341,12.042722702026367,12.802831649780273,1.099839128008142,0.005909583374372107,0.0,1,False,0.0308866574364536,True,0,0.0,1.1102230246251565e-16,0.0,-8.171241461241152e-14,7.105427357601002e-15,1675.0,9.0,0.0,152295,19,2007,2025,24.593156698345844,23.858388515241845,-0.7347681872049294,1.5030166430747107,1.8774855678701527,0.928117729621685,1.7277405387743463,-12.802831649780273,-3.2002437114715576,-0.9092769622802734,2.386147856712341,12.042722702026367,12.802831649780273,1675.0,9.0,0.0,1.099839128008142,0.005909583374372107,0.0,19,16,15,0.996917808219178,False,True
A024,ALTO PARAISO DE GOIAS,GO,CO,-14.13305554,-47.52305554,1260.0,154509,19,2007,2025,21.376682264668478,22.55060171792902,1.173919453785221,1.519626136692782,1.961598015315195,0.9167007650369975,1.5715584222408518,-14.690521240234375,-1.1806148052215575,1.0567386150360107,3.9135574817657477,11.411865234375,14.690521240234375,1.5403633445300922,0.011002595318072086,0.0,1,False,0.0299528369338477,True,0,0.0,0.0,0.0,-4.196643033083092e-14,3.3306690738754696e-16,2380.0,17.0,0.0,154509,19,2007,2025,21.376682264668478,22.55060171792902,1.173919453785221,1.519626136692782,1.961598015315237,0.9167007650369972,1.5715584222408512,-14.690521240234375,-1.1806148052215575,1.0567386150360107,3.9135574817657477,11.411865234375,14.690521240234375,2380.0,17.0,0.0,1.5403633445300922,0.011002595318072086,0.0,19,17,15,0.9813296903460836,False,True
A025,RIO VERDE,GO,CO,-17.78583333,-50.98138888,782.0,140771,19,2007,2025,23.943037271044037,23.50418979399384,-0.4388474794034023,1.416916408389171,1.8080662782190544,0.9300919466853144,1.7540063885775232,-13.709228515625,-3.0068843364715576,-0.5690852999687195,2.5562260150909424,14.143064498901367,14.143064498901367,1.0591670159336795,0.02486307549140093,0.0,1,False,1.750129615303654,True,0,0.0,5.551115123125783e-17,2.220446049250313e-16,-7.926992395823618e-14,2.220446049250313e-15,1491.0,35.0,0.0,140771,19,2007,2025,23.943037271044037,23.50418979399384,-0.43884747940340235,1.4169164083891708,1.8080662782191337,0.9300919466853121,1.7540063885775259,-13.709228515625,-3.0068843364715576,-0.5690852999687195,2.5562260150909424,14.143064498901367,14.143064498901367,1491.0,35.0,0.0,1.0591670159336795,0.02486307549140093,0.0,19,16,14,0.9611872146118722,False,True
A026,MINEIROS,GO,CO,-17.45472222,-52.60111111,862.0,130052,19,2007,2025,23.6493079646451,23.31679157261421,-0.332516396754221,1.7435349841459329,2.313460216063094,0.916329529681193,2.28944782007659,-8.942577362060547,-3.549355161190033,-0.48166465759277344,3.4961623549461365,34.18485641479492,34.18485641479492,2.4136499246455263,0.1399440223910436,0.07381662719527574,1,False,0.0,True,0,0.0,5.551115123125783e-17,0.0,3.090860900556436e-13,-5.440092820663267e-15,3139.0,182.0,96.0,130052,19,2007,2025,23.6493079646451,23.31679157261421,-0.33251639675422107,1.7435349841459329,2.313460216062785,0.9163295296811984,2.289447820076592,-8.942577362060547,-3.549355161190033,-0.48166465759277344,3.4961623549461365,34.18485641479492,34.18485641479492,3139.0,182.0,96.0,2.4136499246455263,0.1399440223910436,0.07381662719527574,19,12,10,0.930365296803653,False,True
A027,PARAUNA,GO,CO,-16.94583333,-50.42527777,678.0,143430,18,2008,2025,25.160195912083413,24.334077431249177,-0.826118482897384,1.458534504303975,1.8254165330420304,0.9361245621585788,1.6277875306945628,-8.118990898132324,-3.2694263458251953,-0.9223629236221313,1.9121854245662684,11.642332077026367,11.642332077026367,0.8854493481140625,0.009760858955588092,0.0,1,False,1.8573450710344608,True,0,0.0,-1.1102230246251565e-16,0.0,-5.0182080713057076e-14,-3.3306690738754696e-15,1270.0,14.0,0.0,143430,18,2008,2025,25.160195912083413,24.334077431249177,-0.8261184828973839,1.458534504303975,1.8254165330420806,0.9361245621585821,1.6277875306945662,-8.118990898132324,-3.2694263458251953,-0.9223629236221313,1.9121854245662684,11.642332077026367,11.642332077026367,1270.0,14.0,0.0,0.8854493481140625,0.009760858955588092,0.0,18,15,13,0.997035706265439,False,True
A028,IPORA,GO,CO,-16.42305554,-51.148801,610.41,93555,13,2013,2025,25.40573672822193,25.18518979348464,-0.220546938839643,1.2794253893503824,1.6707878420260667,0.9363094715271535,1.6561764337265108,-7.047802448272705,-2.6372797966003416,-0.3573726713657379,2.722651767730713,13.850193977355957,13.850193977355957,0.940623162845385,0.011757789535567314,0.0,1,False,0.0795084689046222,True,0,0.0,0.0,0.0,-6.217248937900877e-15,1.7763568394002505e-15,880.0,11.0,0.0,93555,13,2013,2025,25.40573672822193,25.18518979348464,-0.220546938839643,1.2794253893503824,1.670787842026073,0.9363094715271517,1.6561764337265141,-7.047802448272705,-2.6372797966003416,-0.3573726713657379,2.722651767730713,13.850193977355957,13.850193977355957,880.0,11.0,0.0,0.940623162845385,0.011757789535567314,0.0,13,10,10,0.962785388127854,False,True
A029,EDEIA,GO,CO,-17.33694444,-49.91472222,608.0,61268,9,2017,2025,26.041023040009268,25.432212524542635,-0.6088105215810033,1.4127424604103616,1.7862240540903997,0.9368025805723129,1.6792832242909999,-9.667962074279785,-3.1329562067985535,-0.7107906341552734,2.2284185051917995,12.57587718963623,12.57587718963623,0.8536266892994712,0.016321734021022393,0.0,1,False,0.0,True,0,0.0,0.0,0.0,2.4424906541753444e-15,1.1102230246251565e-15,523.0,10.0,0.0,61268,9,2017,2025,26.041023040009268,25.432212524542635,-0.6088105215810033,1.4127424604103616,1.7862240540903973,0.9368025805723118,1.6792832242909972,-9.667962074279785,-3.1329562067985535,-0.7107906341552734,2.2284185051917995,12.57587718963623,12.57587718963623,523.0,10.0,0.0,0.8536266892994712,0.016321734021022393,0.0,9,6,6,0.9480593607305936,False,True
A031,SAO MIGUEL DO ARAGUAIA,GO,CO,-12.82055554,-50.33583333,210.0,58553,9,2017,2025,28.313502290288653,28.239494993401934,-0.07400730377461416,1.5073028808522593,1.9131428462884377,0.9301103228624599,1.9117271997498377,-8.88466739654541,-2.7485553741455075,-0.29150351881980896,3.3705961227416945,11.800046920776367,11.800046920776367,1.506327600635322,0.006831417689956108,0.0,1,False,0.6392198635609405,True,0,0.0,1.3877787807814457e-17,0.0,-1.0436096431476471e-14,-3.219646771412954e-15,882.0,4.0,0.0,58553,9,2017,2025,28.313502290288653,28.239494993401934,-0.07400730377461417,1.5073028808522593,1.913142846288448,0.9301103228624631,1.9117271997498368,-8.88466739654541,-2.7485553741455075,-0.29150351881980896,3.3705961227416945,11.800046920776367,11.800046920776367,882.0,4.0,0.0,1.506327600635322,0.006831417689956108,0.0,9,5,5,0.9353881278538811,False,True
A032,MONTE ALEGRE DE GOIAS,GO,CO,-13.24805555,-46.88972221,1253.0,149840,19,2007,2025,26.51679123909284,25.50781570443226,-1.008975539603364,1.707450757057093,2.073872266808963,0.9065894212147432,1.811887537662051,-12.82930850982666,-3.6535162687301637,-1.2268794775009155,2.26929734945297,10.229148864746094,12.82930850982666,1.314735718099306,0.005339028296849973,0.0,1,False,0.6206705563925294,True,0,0.0,0.0,0.0,3.1086244689504383e-15,-2.220446049250313e-15,1970.0,8.0,0.0,149840,19,2007,2025,26.51679123909284,25.50781570443226,-1.008975539603364,1.707450757057093,2.07387226680896,0.9065894212147454,1.8118875376620494,-12.82930850982666,-3.6535162687301637,-1.2268794775009155,2.26929734945297,10.229148864746094,12.82930850982666,1970.0,8.0,0.0,1.314735718099306,0.005339028296849973,0.0,19,17,12,0.9569310897435898,False,True
A033,PIRES DO RIO,GO,CO,-17.30416666,-48.28416666,752.0,154155,19,2007,2025,24.12517465670803,23.44033847456952,-0.6848361874171661,1.4771508110891458,1.8415936292572057,0.9474457015904147,1.7095278441201571,-8.677490234375,-3.2120273351669315,-0.794430136680603,2.2698637008666958,11.693408966064453,11.693408966064453,0.7901138464532451,0.0038921864357302715,0.0,1,False,0.0,True,0,0.0,-1.1102230246251565e-16,0.0,-6.417089082333405e-14,1.9984014443252818e-15,1218.0,6.0,0.0,154155,19,2007,2025,24.12517465670803,23.44033847456952,-0.684836187417166,1.4771508110891458,1.8415936292572699,0.9474457015904127,1.709527844120156,-8.677490234375,-3.2120273351669315,-0.794430136680603,2.2698637008666958,11.693408966064453,11.693408966064453,1218.0,6.0,0.0,0.7901138464532451,0.0038921864357302715,0.0,19,19,15,0.9978310502283104,False,True
A034,CATALAO,GO,CO,-18.15777777,-47.92638888,890.0,152746,18,2008,2025,23.773810114833125,23.68512766618439,-0.0886824500890267,1.186552714501334,1.551108190406335,0.9286918737778802,1.5485760366323384,-7.67397403717041,-2.461074471473694,-0.15908165276050568,2.4673465490341187,11.89018440246582,11.89018440246582,0.6775954853154911,0.005237453026593168,0.0,1,False,0.3594728060848124,True,0,0.0,0.0,0.0,-6.994405055138486e-14,-4.3298697960381105e-15,1035.0,8.0,0.0,152746,18,2008,2025,23.773810114833125,23.68512766618439,-0.0886824500890267,1.186552714501334,1.551108190406405,0.9286918737778845,1.5485760366323422,-7.67397403717041,-2.461074471473694,-0.15908165276050568,2.4673465490341187,11.89018440246582,11.89018440246582,1035.0,8.0,0.0,0.6775954853154911,0.005237453026593168,0.0,18,18,16,0.9987461636350026,False,True
A035,ITUMBIARA,GO,CO,-18.40972222,-49.19194444,488.0,148871,19,2007,2025,25.12191830254033,25.22791815965493,0.10599985438659008,1.4022773853030788,1.8197557621540874,0.9405694685098523,1.816672021472919,-13.42275333404541,-2.6312506198883057,-0.012453841976821423,3.2992252111434937,16.074851989746094,16.074851989746094,1.1721557590128366,0.021495119936052017,0.0,1,False,0.0130317042363399,True,0,0.0,0.0,2.220446049250313e-16,-9.103828801926284e-14,-1.3322676295501878e-15,1745.0,32.0,0.0,148871,19,2007,2025,25.12191830254033,25.22791815965493,0.10599985438659008,1.4022773853030785,1.8197557621541784,0.9405694685098537,1.8166720214729202,-13.42275333404541,-2.6312506198883057,-0.012453841976821423,3.2992252111434937,16.074851989746094,16.074851989746094,1745.0,32.0,0.0,1.1721557590128366,0.021495119936052017,0.0,19,17,15,0.9714611872146118,False,True
A036,CRISTALINA,GO,CO,-16.78805555,-47.61166666,1202.0,157463,19,2007,2025,21.769931984731464,22.39079998092524,0.6208679967701005,1.2715748973460599,1.6614150565088857,0.9257592224417384,1.541050940903988,-7.047118663787842,-1.8785628914833068,0.6204593777656555,3.1117680072784424,13.230809211730957,13.230809211730957,0.9056095717724163,0.015241675822256657,0.0,1,False,0.377576036468232,True,0,0.0,0.0,2.220446049250313e-16,-2.731148640577885e-14,-4.773959005888173e-15,1426.0,24.0,0.0,157463,19,2007,2025,21.769931984731464,22.39079998092524,0.6208679967701005,1.2715748973460597,1.661415056508913,0.9257592224417431,1.5410509409039852,-7.047118663787842,-1.8785628914833068,0.6204593777656555,3.1117680072784424,13.230809211730957,13.230809211730957,1426.0,24.0,0.0,0.9056095717724163,0.015241675822256657,0.0,19,19,18,0.9986301369863012,False,True
A037,SILVANIA,GO,CO,-16.67694443,-48.61805554,949.0,131958,16,2010,2025,22.90468103309036,22.87909337283572,-0.02558766191053976,1.0982321884699071,1.4583473884529135,0.9508299399232959,1.4581284199966018,-8.237646102905273,-2.246930778026581,-0.09555625915527344,2.347768902778625,13.354785919189453,13.354785919189453,0.6130738568332348,0.008335985692417284,0.0,1,False,0.3162078609573251,True,0,0.0,-6.938893903907228e-18,0.0,2.5979218776228663e-14,-6.772360450213455e-15,809.0,11.0,0.0,131958,16,2010,2025,22.90468103309036,22.87909337283572,-0.025587661910539752,1.0982321884699071,1.4583473884528875,0.9508299399233027,1.4581284199965996,-8.237646102905273,-2.246930778026581,-0.09555625915527344,2.347768902778625,13.354785919189453,13.354785919189453,809.0,11.0,0.0,0.6130738568332348,0.008335985692417284,0.0,16,16,16,0.9978881278538814,False,True
A038,DIANOPOLIS,TO,N,-11.59416666,-46.84722221,732.0,132550,18,2008,2025,25.661980380846483,25.30569297764626,-0.35628740704243017,1.2471585449913354,1.689850741360866,0.9068654759010293,1.6518702726513725,-9.001317977905273,-2.982990324497223,-0.36337947845458984,2.3244378685951212,11.862937927246094,11.862937927246094,1.2161448509996227,0.016597510373443983,0.0,1,False,0.0313166983911232,True,0,0.0,5.551115123125783e-17,0.0,2.531308496145357e-14,-3.4416913763379853e-15,1612.0,22.0,0.0,132550,18,2008,2025,25.661980380846483,25.30569297764626,-0.3562874070424302,1.2471585449913354,1.6898507413608408,0.9068654759010327,1.6518702726513834,-9.001317977905273,-2.982990324497223,-0.36337947845458984,2.3244378685951212,11.862937927246094,11.862937927246094,1612.0,22.0,0.0,1.2161448509996227,0.016597510373443983,0.0,18,16,13,0.9701737185152453,False,True
A039,FORMOSO DO ARAGUAIA,TO,N,-11.98722221,-49.60833333,220.0,141971,18,2008,2025,27.682920451673795,27.423284251720258,-0.2596362040422942,1.4847367477643485,1.8688645775949888,0.9237546216604933,1.850747950822269,-10.27968692779541,-3.016382336616516,-0.3259761929512024,2.839673161506653,27.546289443969727,27.546289443969727,1.041057680793965,0.01831359925618612,0.0007043692021610048,1,False,11.102303600135691,True,0,0.0,0.0,0.0,-6.8833827526759706e-15,7.105427357601002e-15,1478.0,26.0,1.0,141971,18,2008,2025,27.682920451673795,27.423284251720258,-0.2596362040422942,1.4847367477643485,1.8688645775949957,0.9237546216604862,1.8507479508222708,-10.27968692779541,-3.016382336616516,-0.3259761929512024,2.839673161506653,27.546289443969727,27.546289443969727,1478.0,26.0,1.0,1.041057680793965,0.01831359925618612,0.0007043692021610048,18,15,13,0.9577533560396236,True,True
A040,MATEIROS,TO,N,-10.432220495,-45.920970495,794.5,93527,13,2012,2025,24.87593528613532,24.796288438811864,-0.07964685275986483,1.4107031193936452,1.7906402676538877,0.9309321343606791,1.7888776265012933,-7.156493663787842,-2.669032883644104,-0.2955562472343445,3.232705426216125,12.005223274230957,12.005223274230957,0.8125995701775958,0.004276839843039977,0.0,1,False,0.2692522674942745,True,0,0.0,0.0,0.0,3.5083047578154947e-14,3.6637359812630166e-15,760.0,4.0,0.0,93527,13,2012,2025,24.87593528613532,24.796288438811864,-0.07964685275986483,1.4107031193936452,1.7906402676538526,0.9309321343606755,1.7888776265012931,-7.156493663787842,-2.669032883644104,-0.2955562472343445,3.232705426216125,12.005223274230957,12.005223274230957,760.0,4.0,0.0,0.8125995701775958,0.004276839843039977,0.0,14,10,9,0.9491438356164384,False,True
A041,MARIANOPOLIS DO TO,TO,N,-9.57652783,-49.72333332,194.845,93258,14,2012,2025,27.25493040152127,27.490460151427424,0.2355297433909639,1.7378560620824608,2.1713911427352963,0.9192446202869552,2.158591021576912,-8.642187118530273,-2.9721261501312255,0.1977054625749588,3.9850857496261596,10.96064281463623,10.96064281463623,2.341890239979412,0.009650646593321752,0.0,1,False,0.0154505563984988,True,0,0.0,0.0,0.0,8.304468224196171e-14,2.1094237467877974e-15,2184.0,9.0,0.0,93258,14,2012,2025,27.25493040152127,27.490460151427424,0.2355297433909639,1.7378560620824608,2.1713911427352133,0.9192446202869531,2.1585910215769153,-8.642187118530273,-2.9721261501312255,0.1977054625749588,3.9850857496261596,10.96064281463623,10.96064281463623,2184.0,9.0,0.0,2.341890239979412,0.009650646593321752,0.0,14,11,8,0.9080794881038212,False,True
A042,BRAZLANDIA,DF,CO,-15.59972221,-48.1311111,1143.0,72475,9,2017,2025,22.717298378788136,23.492219630166062,0.7749212513004242,1.3434967575292744,1.7651538074049717,0.9246174325424872,1.5859696478293808,-6.775845050811768,-1.791068923473358,0.7649887204170227,3.3197758197784424,11.356592178344727,11.356592178344727,1.3922042083477062,0.012418075198344258,0.0,1,False,0.0,True,0,0.0,1.1102230246251565e-16,0.0,4.218847493575595e-15,-1.1102230246251565e-16,1009.0,9.0,0.0,72475,9,2017,2025,22.717298378788136,23.492219630166062,0.7749212513004241,1.3434967575292744,1.7651538074049675,0.9246174325424873,1.5859696478293777,-6.775845050811768,-1.791068923473358,0.7649887204170227,3.3197758197784424,11.356592178344727,11.356592178344727,1009.0,9.0,0.0,1.3922042083477062,0.012418075198344258,0.0,9,9,9,0.9764840182648402,False,True
A043,CAMPOS LINDOS,TO,N,-8.15472222,-46.63930555,425.78,66295,11,2012,2023,26.405722897825434,26.501112358760164,0.09538945346470933,1.323029807863475,1.7049657756716383,0.9223608876247719,1.702308097808299,-7.385790824890137,-2.374428391456604,-0.0562007911503315,3.0349818468093863,12.243748664855957,12.243748664855957,0.8477260728561732,0.013575684440757222,0.0,1,False,0.0152877259209112,True,0,0.0,0.0,2.220446049250313e-16,8.881784197001252e-16,3.6637359812630166e-15,562.0,9.0,0.0,66295,11,2012,2023,26.405722897825434,26.501112358760164,0.09538945346470933,1.3230298078634748,1.7049657756716374,0.9223608876247682,1.7023080978082985,-7.385790824890137,-2.374428391456604,-0.0562007911503315,3.0349818468093863,12.243748664855957,12.243748664855957,562.0,9.0,0.0,0.8477260728561732,0.013575684440757222,0.0,14,7,6,0.7399248633879781,False,True
A044,ARAGUATINS,TO,N,-5.6436111,-48.11166666,117.0,107506,16,2009,2025,28.030372252125517,27.16870493047273,-0.8616673278322365,1.3679258823202824,1.7225818488099087,0.9329152828910401,1.491589198476343,-17.336328506469727,-3.229674816131592,-0.8576686978340149,1.5521160364151,10.622556686401367,17.336328506469727,0.4362547206667535,0.0027905419232414934,0.0,1,False,0.0307380512960297,True,0,0.0,0.0,-4.440892098500626e-16,1.1102230246251565e-14,-5.773159728050814e-15,469.0,3.0,0.0,107506,16,2009,2025,28.030372252125517,27.16870493047273,-0.8616673278322365,1.367925882320283,1.7225818488098976,0.9329152828910459,1.4915891984763414,-17.336328506469727,-3.229674816131592,-0.8576686978340149,1.5521160364151,10.622556686401367,17.336328506469727,469.0,3.0,0.0,0.4362547206667535,0.0027905419232414934,0.0,17,11,7,0.879337899543379,False,True
A045,AGUAS EMENDADAS,DF,CO,-15.59638888,-47.62583332,1200.0,148696,18,2008,2025,22.2260800550058,22.420884720199865,0.19480466417265882,1.5724375225655158,2.070945857401434,0.9155783172139258,2.0617702284538133,-8.446337699890137,-2.5817988514900208,-0.06613731384277344,3.8981434106826782,11.915539741516113,11.915539741516113,2.702829934900737,0.0773390003766073,0.0,1,False,0.0118711195053935,True,0,0.0,0.0,2.220446049250313e-16,1.7319479184152442e-14,-5.88418203051333e-15,4019.0,115.0,0.0,148696,18,2008,2025,22.2260800550058,22.420884720199865,0.19480466417265882,1.5724375225655156,2.0709458574014166,0.9155783172139317,2.0617702284538146,-8.446337699890137,-2.5817988514900208,-0.06613731384277344,3.8981434106826782,11.915539741516113,11.915539741516113,4019.0,115.0,0.0,2.702829934900737,0.0773390003766073,0.0,18,18,18,0.990296803652968,False,True
A046,GAMA (PONTE ALTA),DF,CO,-15.93527777,-48.13749999,990.0,97294,12,2014,2025,23.13432071786144,22.611874139950714,-0.5224465787932784,1.3642813338684658,1.6986499582187504,0.9334129434302517,1.6163193076697069,-7.444579601287842,-2.8345260143280027,-0.7166011929512024,2.376775205135345,10.600828170776367,10.600828170776367,0.5909922502929266,0.004111250436820359,0.0,1,False,0.0,True,0,0.0,0.0,0.0,-3.774758283725532e-15,1.6653345369377348e-15,575.0,4.0,0.0,97294,12,2014,2025,23.13432071786144,22.611874139950714,-0.5224465787932784,1.3642813338684658,1.6986499582187542,0.93341294343025,1.6163193076697022,-7.444579601287842,-2.8345260143280027,-0.7166011929512024,2.376775205135345,10.600828170776367,10.600828170776367,575.0,4.0,0.0,0.5909922502929266,0.004111250436820359,0.0,12,12,11,0.9924863387978142,False,True
A047,PARANOA (COOPA-DF),DF,CO,-16.012222,-47.557417,1043.0,76212,9,2017,2025,22.602697736671487,22.87525481983901,0.2725570817942253,1.034888870595015,1.4054840471461518,0.947117755957419,1.3788121660104131,-7.066503524780273,-1.8081741392612456,0.17165565490722656,2.630774211883544,10.163818359375,10.163818359375,0.5904581955597543,0.0013121293234661208,0.0,1,False,0.1238436398013669,True,0,0.0,0.0,0.0,1.2212453270876722e-14,7.771561172376096e-16,450.0,1.0,0.0,76212,9,2017,2025,22.602697736671487,22.87525481983901,0.2725570817942253,1.034888870595015,1.4054840471461396,0.9471177559574182,1.3788121660104145,-7.066503524780273,-1.8081741392612456,0.17165565490722656,2.630774211883544,10.163818359375,10.163818359375,450.0,1.0,0.0,0.5904581955597543,0.0013121293234661208,0.0,9,9,9,0.9765981735159818,False,True
A048,SANTA FE DO ARAGUAIA,TO,N,-7.124191,-48.781267,171.0,69334,10,2016,2025,27.21526667223558,27.282789068562888,0.06752238854314248,1.4650320903665057,1.8406782240810042,0.9208380853245846,1.8394525959918746,-6.758105278015137,-2.765654730796814,0.05129432678222656,3.1866897702217085,9.724170684814453,9.724170684814453,0.839415005624946,0.0,0.0,1,False,0.0137174755451055,True,0,0.0,0.0,2.220446049250313e-16,-1.7985612998927536e-14,-8.881784197001252e-15,582.0,0.0,0.0,69334,10,2016,2025,27.21526667223558,27.282789068562888,0.06752238854314248,1.4650320903665055,1.8406782240810222,0.9208380853245934,1.8394525959918802,-6.758105278015137,-2.765654730796814,0.05129432678222656,3.1866897702217085,9.724170684814453,9.724170684814453,582.0,0.0,0.0,0.839415005624946,0.0,0.0,10,8,6,0.971175799086758,False,True
A049,COLINAS DO TOCANTINS,TO,N,-8.092708,-48.478605,200.0,45698,7,2016,2023,26.920707678679037,26.684167841904177,-0.23653984768273814,1.6177972850906357,2.0335244215059025,0.9168567257038124,2.0197424937637645,-7.631200790405273,-3.079849791526794,-0.41772422194480896,3.476146245002747,12.17475414276123,12.17475414276123,1.533983981793514,0.013129677447590703,0.0,1,False,0.0077870903720803,True,0,0.0,0.0,0.0,-1.3322676295501878e-15,3.1086244689504383e-15,701.0,6.0,0.0,45698,7,2016,2023,26.920707678679037,26.684167841904177,-0.23653984768273814,1.6177972850906357,2.033524421505904,0.9168567257038093,2.0197424937637622,-7.631200790405273,-3.079849791526794,-0.41772422194480896,3.476146245002747,12.17475414276123,12.17475414276123,701.0,6.0,0.0,1.533983981793514,0.013129677447590703,0.0,10,5,4,0.7936643835616438,False,True
A050,RIO SONO,TO,N,-9.793363,-47.132732,291.0,67320,10,2016,2025,27.19751485258217,27.328660570519776,0.1311457159834779,1.7973365834090205,2.305196057292258,0.9027065812280459,2.301479599037504,-8.366747856140137,-3.149220764636993,-0.16579551249742508,4.410266685485839,13.047215461730957,13.047215461730957,3.967617349970291,0.026737967914438502,0.0,2,True,70.42684978085688,True,0,0.0,0.0,0.0,0.0,-1.6653345369377348e-15,2671.0,18.0,0.0,67320,10,2016,2025,27.19751485258217,27.328660570519776,0.1311457159834779,1.7973365834090205,2.305196057292258,0.9027065812280476,2.301479599037508,-8.366747856140137,-3.149220764636993,-0.16579551249742508,4.410266685485839,13.047215461730957,13.047215461730957,2671.0,18.0,0.0,3.967617349970291,0.026737967914438502,0.0,10,6,5,0.8789388240137734,True,True
A051,PIUM,TO,N,-10.47694443,-49.62944443,161.0,60358,9,2016,2024,26.90641670940592,27.88864857613509,0.9822318622812408,2.2323612143512657,2.867462307618864,0.8859957916812837,2.6940083329915074,-8.452441215515137,-2.767265284061432,0.7281177639961243,5.996227645874024,12.441746711730957,12.441746711730957,9.3690977169555,0.049703436164220155,0.0,1,False,0.0033429040829124,True,0,0.0,0.0,0.0,3.4638958368304884e-14,8.881784197001252e-16,5655.0,30.0,0.0,60358,9,2016,2024,26.90641670940592,27.88864857613509,0.9822318622812408,2.2323612143512657,2.8674623076188293,0.8859957916812828,2.694008332991501,-8.452441215515137,-2.767265284061432,0.7281177639961243,5.996227645874024,12.441746711730957,12.441746711730957,5655.0,30.0,0.0,9.3690977169555,0.049703436164220155,0.0,10,6,6,0.9665884491797734,False,True
A052,SANTA ROSA DO TOCANTINS,TO,N,-11.42888888,-48.18499999,306.0,81211,11,2015,2025,27.21469627933521,27.476069981768457,0.26137369667635596,1.6814257245389164,2.0726699461518026,0.9323341191030583,2.056136317111029,-8.662402153015137,-2.8687968254089355,0.25039100646972656,3.6485217809677124,11.53071117401123,11.53071117401123,1.482557781581313,0.01600768368817032,0.0,2,True,42.53216134810872,True,0,0.0,0.0,0.0,1.8207657603852567e-14,7.771561172376096e-16,1204.0,13.0,0.0,81211,11,2015,2025,27.21469627933521,27.476069981768457,0.26137369667635596,1.6814257245389164,2.0726699461517843,0.9323341191030575,2.056136317111032,-8.662402153015137,-2.8687968254089355,0.25039100646972656,3.6485217809677124,11.53071117401123,11.53071117401123,1204.0,13.0,0.0,1.482557781581313,0.01600768368817032,0.0,11,9,7,0.9098173515981736,True,True
A053,ALMAS,TO,N,-11.28416666,-47.21222222,503.0,66244,10,2016,2025,26.67106001777757,26.533637960610285,-0.13742205965552176,1.532570763099668,1.974075395850556,0.9110143545377372,1.9693012439437392,-18.612890243530273,-2.935475766658783,-0.2824520170688629,3.151185309886931,10.84443187713623,18.612890243530273,1.582030070647908,0.11019865950123785,0.0,1,False,0.0130643720014942,True,0,0.0,0.0,0.0,1.532107773982716e-14,7.771561172376096e-16,1048.0,73.0,0.0,66244,10,2016,2025,26.67106001777757,26.533637960610285,-0.13742205965552176,1.532570763099668,1.9740753958505406,0.9110143545377364,1.9693012439437398,-18.612890243530273,-2.935475766658783,-0.2824520170688629,3.151185309886931,10.84443187713623,18.612890243530273,1048.0,73.0,0.0,1.582030070647908,0.11019865950123785,0.0,10,6,5,0.9078656398932056,False,True
A054,ARAGUACU,TO,N,-12.59222221,-49.5286111,231.0,76554,11,2015,2025,27.432281780801016,27.627494359230067,0.19521257117329316,1.851647392100223,2.3199163531527662,0.9215360445433992,2.3117036454252284,-8.953710556030273,-3.0674800872802734,0.024338150396943092,4.35296025276184,12.260740280151367,12.260740280151367,3.456383729132377,0.006531337356637146,0.0,1,False,0.0138092700228602,True,0,0.0,0.0,2.220446049250313e-16,3.774758283725532e-14,-3.4416913763379853e-15,2646.0,5.0,0.0,76554,11,2015,2025,27.432281780801016,27.627494359230067,0.19521257117329316,1.8516473921002228,2.3199163531527285,0.9215360445434027,2.3117036454252267,-8.953710556030273,-3.0674800872802734,0.024338150396943092,4.35296025276184,12.260740280151367,12.260740280151367,2646.0,5.0,0.0,3.456383729132377,0.006531337356637146,0.0,11,7,6,0.9173497267759564,False,True
A055,LAGOA DA CONFUSAO,TO,N,-10.828286,-49.847882,178.0,69024,10,2016,2025,26.890385949147426,28.018839521158277,1.1284535687636683,2.0751893442019655,2.7659787366794593,0.8914336055737284,2.5253362761712403,-7.975585460662842,-2.2040377855300903,0.6838870942592621,5.917236256599424,12.343527793884277,12.343527793884277,9.308356513676403,0.044911914696337506,0.0,1,False,2.218667946790798,True,0,0.0,0.0,0.0,6.572520305780927e-14,-3.3306690738754696e-16,6425.0,31.0,0.0,69024,10,2016,2025,26.890385949147426,28.018839521158277,1.1284535687636683,2.0751893442019655,2.7659787366793935,0.8914336055737287,2.5253362761712324,-7.975585460662842,-2.2040377855300903,0.6838870942592621,5.917236256599424,12.343527793884277,12.343527793884277,6425.0,31.0,0.0,9.308356513676403,0.044911914696337506,0.0,10,7,7,0.964719165606208,False,True
A056,CRISTALINA (FAZENDA SANTA MONICA),GO,CO,-16.39944444,-47.62583332,932.0,66843,8,2018,2025,22.661143273284136,23.27516483680947,0.6140215607786914,1.2926438126266429,1.6990807020973862,0.9548497025378586,1.5842633317021637,-7.008837699890137,-1.6980366826057434,0.45546913146972656,3.4055040121078486,11.075342178344727,11.075342178344727,0.7854225573358466,0.0029920859327079875,0.0,1,False,0.0,True,0,0.0,0.0,0.0,5.551115123125783e-15,3.3306690738754696e-15,525.0,2.0,0.0,66843,8,2018,2025,22.661143273284136,23.27516483680947,0.6140215607786914,1.2926438126266429,1.6990807020973806,0.9548497025378553,1.5842633317021648,-7.008837699890137,-1.6980366826057434,0.45546913146972656,3.4055040121078486,11.075342178344727,11.075342178344727,525.0,2.0,0.0,0.7854225573358466,0.0029920859327079875,0.0,8,8,8,0.965296803652968,False,True
A101,MANAUS,AM,N,-3.10333333,-60.01638888,61.25,189545,26,2000,2025,28.248649652181157,26.743310094261457,-1.5053395667467255,1.7875197221140602,2.1473371194436894,0.8676729485169105,1.5313464223277746,-13.792675018310547,-3.871806192398071,-1.5399410724639893,0.9751035451889012,8.98178768157959,13.792675018310547,1.2134321665039964,0.008968846448073017,0.0,1,False,0.0975457325471828,True,0,0.0,4.440892098500626e-16,0.0,-9.103828801926284e-14,-2.3314683517128287e-15,2300.0,17.0,0.0,189545,26,2000,2025,28.248649652181157,26.743310094261457,-1.505339566746726,1.7875197221140602,2.1473371194437805,0.8676729485169128,1.5313464223277735,-13.792675018310547,-3.871806192398071,-1.5399410724639893,0.9751035451889012,8.98178768157959,13.792675018310547,2300.0,17.0,0.0,1.2134321665039964,0.008968846448073017,0.0,26,19,18,0.9850456621004566,False,True
A102,PARQUE ESTADUAL CHANDLESS,AC,N,-9.3575,-69.92722221,187.0,88303,15,2008,2023,25.64985674009136,25.61809316037912,-0.0317635826436704,1.7654349391667667,2.229297317426691,0.8735159779038335,2.229083640052434,-9.795083045959473,-3.9538753509521483,0.23208045959472656,3.324313044548034,11.261181831359863,11.261181831359863,2.450652865701052,0.0033973930670532144,0.0,1,False,0.1301750780715527,True,0,0.0,0.0,4.440892098500626e-16,7.238654120556021e-14,8.215650382226158e-15,2164.0,3.0,0.0,88303,15,2008,2023,25.64985674009136,25.61809316037912,-0.0317635826436704,1.7654349391667663,2.2292973174266186,0.8735159779038253,2.2290836400524356,-9.795083045959473,-3.9538753509521483,0.23208045959472656,3.324313044548034,11.261181831359863,11.261181831359863,2164.0,3.0,0.0,2.450652865701052,0.0033973930670532144,0.0,18,7,7,0.7476598173515983,False,True
A104,RIO BRANCO,AC,N,-9.95777777,-68.165,220.0,101113,17,2008,2025,26.12055422436271,25.808123596512992,-0.3124306349356593,1.2506074733293275,1.6853079067374837,0.9103489099733405,1.6561029447879825,-11.917577743530273,-3.083320665359497,-0.28808555006980896,2.331562900543213,12.819578170776367,12.819578170776367,1.1086606074392018,0.010878917646593416,0.0,3,True,32.420128059047016,True,0,0.0,5.551115123125783e-17,0.0,4.6629367034256575e-15,7.771561172376096e-16,1121.0,11.0,0.0,101113,17,2008,2025,26.12055422436271,25.808123596512992,-0.31243063493565937,1.2506074733293275,1.685307906737479,0.9103489099733397,1.6561029447879803,-11.917577743530273,-3.083320665359497,-0.28808555006980896,2.331562900543213,12.819578170776367,12.819578170776367,1121.0,11.0,0.0,1.1086606074392018,0.010878917646593416,0.0,18,9,8,0.7284003831417625,True,True
A108,CRUZEIRO DO SUL,AC,N,-7.61055555,-72.6811111,220.0,53099,9,2015,2025,26.351313582113065,25.765516943504036,-0.5857966405564752,1.428712754150082,2.0637561736434678,0.8571938866716878,1.9788899891869727,-17.425975799560547,-4.028603029251099,-0.29721641540527344,2.0556852817535396,9.460447311401367,17.425975799560547,2.7721802670483435,0.3182734138119362,0.0,2,True,30.431744607080052,True,0,0.0,0.0,0.0,-1.3322676295501878e-15,4.9960036108132044e-15,1472.0,169.0,0.0,53099,9,2015,2025,26.351313582113065,25.765516943504036,-0.5857966405564752,1.428712754150082,2.063756173643469,0.8571938866716828,1.9788899891869716,-17.425975799560547,-4.028603029251099,-0.29721641540527344,2.0556852817535396,9.460447311401367,17.425975799560547,1472.0,169.0,0.0,2.7721802670483435,0.3182734138119362,0.0,11,4,4,0.6364155251141552,True,True
A109,EIRUNEPE,AM,N,-6.65027777,-69.867777215,132.27,43806,8,2012,2020,26.11407340779531,25.74581090447043,-0.368262509673111,1.4130770197039473,1.8712912680573148,0.867270658923774,1.834718119226098,-7.930907726287842,-3.6592281460762024,-0.13300742954015732,2.3608188033103943,9.305810928344727,9.305810928344727,1.3171711637675203,0.0,0.0,1,False,0.0921000189119945,True,0,0.0,0.0,0.0,-1.0436096431476471e-14,-2.9976021664879227e-15,577.0,0.0,0.0,43806,8,2012,2020,26.11407340779531,25.74581090447043,-0.368262509673111,1.4130770197039473,1.8712912680573253,0.867270658923777,1.8347181192260953,-7.930907726287842,-3.6592281460762024,-0.13300742954015732,2.3608188033103943,9.305810928344727,9.305810928344727,577.0,0.0,0.0,1.3171711637675203,0.0,0.0,14,5,3,0.248815561294508,False,True
A110,BOCA DO ACRE,AM,N,-8.77666666,-67.33222221,111.0,115327,17,2008,2025,26.855342629472116,26.156756428342455,-0.6985862059140869,1.5109191233384167,2.0169292569001422,0.8915080707409557,1.8920919593184757,-10.650243759155273,-4.0100483894348145,-0.5499019622802734,2.1729081630706784,11.33915901184082,11.33915901184082,2.473835268410693,0.004335498192097253,0.0,1,False,0.0398347069793726,True,0,0.0,0.0,2.220446049250313e-16,-7.815970093361102e-14,-3.774758283725532e-15,2853.0,5.0,0.0,115327,17,2008,2025,26.855342629472116,26.156756428342455,-0.6985862059140869,1.5109191233384165,2.0169292569002204,0.8915080707409595,1.8920919593184766,-10.650243759155273,-4.0100483894348145,-0.5499019622802734,2.1729081630706784,11.33915901184082,11.33915901184082,2853.0,5.0,0.0,2.473835268410693,0.004335498192097253,0.0,18,12,9,0.9184931506849314,False,True
A111,LABREA,AM,N,-7.43527777,-64.7886111,64.0,118481,18,2008,2025,27.187706041078084,26.57255457230806,-0.615151473386877,1.4719863518110654,1.927150268243091,0.8734337087309663,1.8263419651269193,-8.835790634155273,-3.7872066497802734,-0.5283412933349609,2.279834270477295,10.326902389526367,10.326902389526367,1.6281091483022596,0.0008440171841898701,0.0,2,True,19.42825127148091,True,0,0.0,0.0,2.220446049250313e-16,-3.375077994860476e-14,-1.3322676295501878e-15,1929.0,1.0,0.0,118481,18,2008,2025,27.187706041078084,26.57255457230806,-0.615151473386877,1.4719863518110652,1.9271502682431247,0.8734337087309676,1.8263419651269204,-8.835790634155273,-3.7872066497802734,-0.5283412933349609,2.279834270477295,10.326902389526367,10.326902389526367,1929.0,1.0,0.0,1.6281091483022596,0.0008440171841898701,0.0,18,12,9,0.910190523669152,True,True
A112,HUMAITA,AM,N,-7.92277777,-63.12138888,72.0,103501,17,2008,2025,27.167008041578796,26.954520061337863,-0.21248798680971245,1.9279702831838588,2.4278434841586085,0.8209054248648239,2.418538681465865,-10.147753715515137,-4.221923351287842,-0.029610823839902878,3.7886722087860107,9.24472713470459,10.147753715515137,3.639578361561724,0.0009661742398624168,0.0,2,True,41.54000263606823,True,0,0.0,0.0,2.220446049250313e-16,1.7319479184152442e-14,3.4416913763379853e-15,3767.0,1.0,0.0,103501,17,2008,2025,27.167008041578796,26.954520061337863,-0.21248798680971245,1.9279702831838585,2.427843484158591,0.8209054248648204,2.418538681465869,-10.147753715515137,-4.221923351287842,-0.029610823839902878,3.7886722087860107,9.24472713470459,10.147753715515137,3767.0,1.0,0.0,3.639578361561724,0.0009661742398624168,0.0,18,9,8,0.7450747935224693,True,True
A113,APUI,AM,N,-7.21527777,-59.8886111,160.0,90104,16,2008,2024,26.63424597742883,26.411775184717037,-0.22247079791707575,1.6255177660842786,2.1619907812748753,0.8509339138650425,2.150526030841676,-9.61782169342041,-3.9773629069328305,-0.1104000099003315,3.143800914287564,13.221433639526367,13.221433639526367,3.0209535647695995,0.03440468791618574,0.0,1,False,1.0900338081180636,True,0,0.0,0.0,0.0,-8.348877145181177e-14,-2.3314683517128287e-15,2722.0,31.0,0.0,90104,16,2008,2024,26.63424597742883,26.411775184717037,-0.22247079791707575,1.6255177660842786,2.161990781274959,0.8509339138650448,2.150526030841678,-9.61782169342041,-3.9773629069328305,-0.1104000099003315,3.143800914287564,13.221433639526367,13.221433639526367,2722.0,31.0,0.0,3.0209535647695995,0.03440468791618574,0.0,18,7,6,0.6226598173515981,False,True
A117,COARI,AM,N,-4.09749999,-63.14527777,53.0,99605,18,2008,2025,27.58468750750263,26.97672408056884,-0.6079634348041508,1.8491378245635999,2.3065481249835096,0.7816904098641285,2.2249931274218095,-8.31396484375,-4.443046569824219,-0.18281212449073792,2.534023761749267,8.974217414855957,8.974217414855957,2.6093067617087495,0.0,0.0,1,False,0.0052567935706246,True,0,0.0,0.0,0.0,2.4424906541753444e-14,-1.7763568394002505e-15,2599.0,0.0,0.0,99605,18,2008,2025,27.58468750750263,26.97672408056884,-0.6079634348041508,1.8491378245635999,2.306548124983485,0.7816904098641303,2.224993127421802,-8.31396484375,-4.443046569824219,-0.18281212449073792,2.534023761749267,8.974217414855957,8.974217414855957,2599.0,0.0,0.0,2.6093067617087495,0.0,0.0,18,9,8,0.7547945205479452,False,True
A119,MANACAPURU,AM,N,-3.29472221,-60.62833332,55.0,144255,18,2008,2025,27.76521644950603,27.119060108615457,-0.646156348141606,1.504874571331003,1.916422574501697,0.8188404941537069,1.8042117456866231,-13.22231388092041,-3.7325343847274777,-0.4420894682407379,1.9868607163429244,10.969090461730957,13.22231388092041,0.8970226335309001,0.0027728674915947454,0.0,1,False,0.0,True,0,0.0,1.1102230246251565e-16,2.220446049250313e-16,-4.8183679268731794e-14,-1.4432899320127035e-15,1294.0,4.0,0.0,144255,18,2008,2025,27.76521644950603,27.119060108615457,-0.6461563481416062,1.5048745713310028,1.9164225745017451,0.8188404941537083,1.80421174568662,-13.22231388092041,-3.7325343847274777,-0.4420894682407379,1.9868607163429244,10.969090461730957,13.22231388092041,1294.0,4.0,0.0,0.8970226335309001,0.0027728674915947454,0.0,18,16,16,0.9904837006900814,False,True
A120,AUTAZES,AM,N,-2.05638888,-60.02555554,78.0,119380,17,2008,2024,27.741719711036573,26.65827809255673,-1.0834416258435828,1.695759317466151,2.1697807948617327,0.8403592463183526,1.8799288670584133,-9.774267196655273,-4.276481556892395,-0.9807689785957336,1.7986844182014459,9.322117805480957,9.774267196655273,2.307756743173061,0.0,0.0,2,True,196.80555734772392,True,0,0.0,0.0,2.220446049250313e-16,-8.43769498715119e-15,-1.3322676295501878e-15,2755.0,0.0,0.0,119380,17,2008,2024,27.741719711036573,26.65827809255673,-1.0834416258435828,1.6957593174661507,2.169780794861741,0.8403592463183539,1.8799288670584204,-9.774267196655273,-4.276481556892395,-0.9807689785957336,1.7986844182014459,9.322117805480957,9.774267196655273,2755.0,0.0,0.0,2.307756743173061,0.0,0.0,18,11,10,0.934417808219178,True,True
A121,ITACOATIARA,AM,N,-3.13305554,-58.48277777,74.0,140135,18,2008,2025,27.6407135933258,27.559610111550846,-0.0811034861159284,1.3388706527712233,1.6612458542197317,0.8290853591779326,1.6592708215737753,-13.9853515625,-2.8965086936950684,0.09629249572753906,2.370063829421995,7.787158489227295,13.9853515625,0.34395404431441107,0.0014271952046241124,0.0,1,False,0.0308888813380724,True,0,0.0,0.0,0.0,3.5083047578154947e-14,-1.176836406102666e-14,482.0,2.0,0.0,140135,18,2008,2025,27.6407135933258,27.559610111550846,-0.0811034861159284,1.3388706527712233,1.6612458542196966,0.8290853591779443,1.6592708215737717,-13.9853515625,-2.8965086936950684,0.09629249572753906,2.370063829421995,7.787158489227295,13.9853515625,482.0,2.0,0.0,0.34395404431441107,0.0014271952046241124,0.0,18,15,12,0.9861301369863014,False,True
A122,MAUES,AM,N,-3.39888888,-57.6736111,35.0,91954,14,2008,2022,26.900259907669767,26.688106221767107,-0.2121536907016374,1.6191438257570205,2.0328691725431636,0.809476467362289,2.0217794975653955,-11.489110946655273,-3.7452486753463745,-0.018746566027402878,2.8714554309844953,6.94638729095459,11.489110946655273,1.3017378254344565,0.0032625008156252043,0.0,1,False,0.0308334371160554,True,0,0.0,0.0,0.0,-1.1546319456101628e-14,4.884981308350689e-15,1197.0,3.0,0.0,91954,14,2008,2022,26.900259907669767,26.688106221767107,-0.2121536907016374,1.6191438257570205,2.032869172543175,0.8094764673622841,2.0217794975653973,-11.489110946655273,-3.7452486753463745,-0.018746566027402878,2.8714554309844953,6.94638729095459,11.489110946655273,1197.0,3.0,0.0,1.3017378254344565,0.0032625008156252043,0.0,18,8,7,0.7609018264840182,False,True
A123,PARINTINS,AM,N,-2.64055555,-56.75472222,52.0,118286,18,2008,2025,28.014287397620937,27.215140926949385,-0.7991464780778426,1.3576450822225867,1.7252180500245475,0.862692249492719,1.5289741627466806,-15.189403533935547,-3.3415161967277527,-0.72746542096138,1.5871135890483856,8.09223461151123,15.189403533935547,0.4869553455184891,0.0025362257579087974,0.0,1,False,0.2246539101763975,True,0,0.0,1.1102230246251565e-16,-2.220446049250313e-16,3.8413716652030416e-14,-2.55351295663786e-15,576.0,3.0,0.0,118286,18,2008,2025,28.014287397620937,27.215140926949385,-0.7991464780778427,1.357645082222587,1.7252180500245091,0.8626922494927216,1.5289741627466789,-15.189403533935547,-3.3415161967277527,-0.72746542096138,1.5871135890483856,8.09223461151123,15.189403533935547,576.0,3.0,0.0,0.4869553455184891,0.0025362257579087974,0.0,18,12,8,0.8493150684931507,False,True
A124,URUCARA,AM,N,-2.89638888,-57.75833333,17.0,123987,17,2008,2025,27.81942380308135,27.11301978220328,-0.7064040283566474,1.6500582276244116,2.090428620481664,0.838555548298888,1.9674644561952053,-9.2646484375,-4.055634260177612,-0.5495601892471313,2.2771341323852536,10.110547065734863,10.110547065734863,1.9243952995072064,0.000806536169114504,0.0,2,True,40.21556622353534,True,0,0.0,0.0,2.220446049250313e-16,4.884981308350689e-14,2.1094237467877974e-15,2386.0,1.0,0.0,123987,17,2008,2025,27.81942380308135,27.11301978220328,-0.7064040283566474,1.6500582276244113,2.090428620481615,0.8385555482988859,1.9674644561952073,-9.2646484375,-4.055634260177612,-0.5495601892471313,2.2771341323852536,10.110547065734863,10.110547065734863,2386.0,1.0,0.0,1.9243952995072064,0.000806536169114504,0.0,18,13,11,0.9878424657534246,True,True
A125,RIO URUBU,AM,N,-2.7211111,-59.94333333,59.0,128139,17,2008,2024,26.441741383594177,26.60960810828199,0.16786671828505317,1.488910852409133,1.9263167105418957,0.8618534520393631,1.9189959804241834,-9.721240043640137,-3.0918012857437134,0.22392615675926208,3.299580550193785,12.15131664276123,12.15131664276123,1.407846167052966,0.005462817721380688,0.0,2,True,39.297111671976424,True,0,0.0,0.0,0.0,3.3084646133829665e-14,1.609823385706477e-14,1804.0,7.0,0.0,128139,17,2008,2024,26.441741383594177,26.60960810828199,0.16786671828505317,1.488910852409133,1.9263167105418626,0.861853452039347,1.9189959804241845,-9.721240043640137,-3.0918012857437134,0.22392615675926208,3.299580550193785,12.15131664276123,12.15131664276123,1804.0,7.0,0.0,1.407846167052966,0.005462817721380688,0.0,18,14,12,0.9733037340619308,True,True
A126,PRESIDENTE FIGUEIREDO,AM,N,-2.08499999,-60.04888888,92.0,113282,16,2008,2023,27.049503003024434,26.26927534259878,-0.7802276675643968,1.6997820479622368,2.2298037262806436,0.8548748686579,2.088853264766264,-9.862548828125,-4.446525406837464,-0.4318263977766037,2.2210916876792903,9.16777229309082,9.862548828125,2.879539556151904,0.0,0.0,1,False,4.075535906259142,True,0,0.0,0.0,-2.220446049250313e-16,-1.021405182655144e-14,0.0,3262.0,0.0,0.0,113282,16,2008,2023,27.049503003024434,26.26927534259878,-0.7802276675643968,1.699782047962237,2.229803726280654,0.8548748686579,2.0888532647662648,-9.862548828125,-4.446525406837464,-0.4318263977766037,2.2210916876792903,9.16777229309082,9.862548828125,3262.0,0.0,0.0,2.879539556151904,0.0,0.0,18,10,10,0.9833915214185456,False,True
A128,BARCELOS,AM,N,-0.95861111,-62.94222221,42.0,110823,17,2008,2025,26.944288637842405,26.53273008314253,-0.41155855734885954,1.489371434258743,1.9566444535561094,0.8402704164444464,1.9128800508945576,-13.042678833007812,-3.9260591506958007,-0.14990195631980896,2.347146773338317,12.15873908996582,13.042678833007812,1.8091912328668236,0.0045116988350793604,0.0,1,False,3.763365764350155,True,0,0.0,0.0,-4.440892098500626e-16,4.6629367034256575e-14,-4.884981308350689e-15,2005.0,5.0,0.0,110823,17,2008,2025,26.944288637842405,26.53273008314253,-0.41155855734885954,1.4893714342587434,1.9566444535560628,0.8402704164444513,1.912880050894561,-13.042678833007812,-3.9260591506958007,-0.14990195631980896,2.347146773338317,12.15873908996582,13.042678833007812,2005.0,5.0,0.0,1.8091912328668236,0.0045116988350793604,0.0,18,11,10,0.9834725849723718,False,True
A133,MANICORE,AM,N,-5.81055555,-61.29194444,71.0,91394,13,2011,2025,27.43892377072498,26.853805462959325,-0.5851183178722252,1.5858003182121336,2.064620505383585,0.8642801337135908,1.9799841616157874,-9.44399356842041,-4.041310596466063,-0.3578609526157379,2.392905211448666,10.517576217651367,10.517576217651367,1.9607414053438958,0.002188327461321312,0.0,1,False,2.472599196047748,True,0,0.0,-1.1102230246251565e-16,0.0,3.3306690738754696e-14,-3.219646771412954e-15,1792.0,2.0,0.0,91394,13,2011,2025,27.43892377072498,26.853805462959325,-0.5851183178722251,1.5858003182121336,2.0646205053835516,0.864280133713594,1.9799841616157836,-9.44399356842041,-4.041310596466063,-0.3578609526157379,2.392905211448666,10.517576217651367,10.517576217651367,1792.0,2.0,0.0,1.9607414053438958,0.002188327461321312,0.0,15,10,8,0.9175799086757992,False,True
A134,S. G. DA CACHOEIRA,AM,N,-0.12499999,-67.06111111,90.0,105663,15,2011,2025,26.55293716583811,26.121384287774482,-0.43155288044768253,1.333124040278687,1.7705738077425992,0.8592851524172519,1.7171842146062073,-10.236132621765137,-3.523642110824585,-0.2922847867012024,2.1544877290725704,11.11884593963623,11.11884593963623,1.1186508049175208,0.006624835562117298,0.0,2,True,0.0308877693872713,True,0,0.0,0.0,0.0,-1.3322676295501878e-15,-1.1102230246251565e-15,1182.0,7.0,0.0,105663,15,2011,2025,26.55293716583811,26.121384287774482,-0.43155288044768253,1.333124040278687,1.7705738077426005,0.859285152417253,1.7171842146062049,-10.236132621765137,-3.523642110824585,-0.2922847867012024,2.1544877290725704,11.11884593963623,11.11884593963623,1182.0,7.0,0.0,1.1186508049175208,0.006624835562117298,0.0,15,11,10,0.9786585365853658,False,True
A135,BOA VISTA,RR,N,2.81694443,-60.69083333,94.0,109060,16,2010,2025,28.432963501832123,27.397169631165408,-1.0357938753367535,1.4283690034992813,1.854897959518486,0.9031301465382567,1.5387654788882619,-9.900341033935547,-3.6875526547431945,-0.9086208343505859,1.2005033314228024,11.648582458496094,11.648582458496094,1.0361269026224096,0.003667705849990831,0.0,1,False,0.0054488614402448,True,0,0.0,0.0,0.0,1.887379141862766e-14,2.1094237467877974e-15,1130.0,4.0,0.0,109060,16,2010,2025,28.432963501832123,27.397169631165408,-1.0357938753367535,1.4283690034992813,1.8548979595184671,0.9031301465382546,1.538765478888259,-9.900341033935547,-3.6875526547431945,-0.9086208343505859,1.2005033314228024,11.648582458496094,11.648582458496094,1130.0,4.0,0.0,1.0361269026224096,0.003667705849990831,0.0,16,10,8,0.8956072061282032,False,True
A136,PORTO WALTER,AC,N,-8.26694443,-72.74777777,204.0,73967,12,2009,2020,26.114069778177505,25.50506676211499,-0.6090030255854895,1.4450838594521591,1.9420495951100165,0.8913294188750954,1.8441035548051898,-9.034862518310547,-3.969257426261902,-0.3285152316093445,2.0224454879760736,8.76054573059082,9.034862518310547,1.8359538713209944,0.0,0.0,1,False,0.0308877693871967,True,0,0.0,-1.1102230246251565e-16,0.0,5.551115123125783e-15,-1.6653345369377348e-15,1358.0,0.0,0.0,73967,12,2009,2020,26.114069778177505,25.50506676211499,-0.6090030255854894,1.4450838594521591,1.942049595110011,0.8913294188750971,1.8441035548051847,-9.034862518310547,-3.969257426261902,-0.3285152316093445,2.0224454879760736,8.76054573059082,9.034862518310547,1358.0,0.0,0.0,1.8359538713209944,0.0,0.0,17,7,4,0.7928082191780822,False,True
A137,MARECHAL THAUMATURGO,AC,N,-8.95,-72.78666666,230.0,57802,13,2009,2021,25.86818794484642,25.18686020045556,-0.6813277513414946,1.4976349107687512,2.1013165863600447,0.8871102852861891,1.9878109196264353,-13.294775009155273,-4.405692887306214,-0.3158443421125412,1.961985856294631,9.828369140625,13.294775009155273,3.4237569634268707,0.0847721532126916,0.0,1,False,0.0,True,0,0.0,0.0,2.220446049250313e-16,1.0658141036401503e-14,-5.551115123125783e-15,1979.0,49.0,0.0,57802,13,2009,2021,25.86818794484642,25.18686020045556,-0.6813277513414946,1.497634910768751,2.101316586360034,0.8871102852861946,1.9878109196264329,-13.294775009155273,-4.405692887306214,-0.3158443421125412,1.961985856294631,9.828369140625,13.294775009155273,1979.0,49.0,0.0,3.4237569634268707,0.0847721532126916,0.0,17,4,2,0.3470319634703196,False,True
A138,FEIJO,AC,N,-8.24194444,-70.57527777,163.0,106299,16,2009,2025,25.8746291058316,25.5955239930262,-0.2791051194343015,1.3197582275949187,1.776254943375639,0.8912532530766617,1.754198080265325,-10.5,-3.4018745422363277,-0.19799765944480896,2.449048137664793,9.858787536621094,10.5,1.397002794005588,0.0009407426222259852,0.0,2,True,27.786763272644155,True,0,0.0,-5.551115123125783e-17,0.0,-1.0658141036401503e-14,3.9968028886505635e-15,1485.0,1.0,0.0,106299,16,2009,2025,25.8746291058316,25.5955239930262,-0.27910511943430144,1.3197582275949187,1.7762549433756496,0.8912532530766577,1.7541980802653216,-10.5,-3.4018745422363277,-0.19799765944480896,2.449048137664793,9.858787536621094,10.5,1485.0,1.0,0.0,1.397002794005588,0.0009407426222259852,0.0,17,11,10,0.9452861952861952,True,True
A140,EPITACIOLANDIA,AC,N,-11.0236111,-68.73499999,217.0,107145,15,2009,2025,25.413218531376494,25.39785308909097,-0.015365446488389408,1.3815454085532384,1.8170920995951894,0.9189924144653816,1.8170356121866251,-11.720077514648438,-3.016845321655273,-0.025536727160215378,2.975312948226927,13.302000045776367,13.302000045776367,1.2889075551822295,0.0065332026692799475,0.0,1,False,0.0432807696256658,True,0,0.0,-3.469446951953614e-18,0.0,2.6423307986078726e-14,-3.219646771412954e-15,1381.0,7.0,0.0,107145,15,2009,2025,25.413218531376494,25.39785308909097,-0.015365446488389405,1.3815454085532384,1.817092099595163,0.9189924144653848,1.8170356121866196,-11.720077514648438,-3.016845321655273,-0.025536727160215378,2.975312948226927,13.302000045776367,13.302000045776367,1381.0,7.0,0.0,1.2889075551822295,0.0065332026692799475,0.0,17,13,11,0.9598173515981736,False,True
A144,NOVO ARIPUANA,AM,N,-8.0911111,-60.38055554,45.0,35951,7,2019,2025,27.92484770351443,27.32362817377677,-0.6012195357670231,1.5597470794209456,2.0961970326251533,0.8458931879346873,2.0081556815203623,-9.8349609375,-3.9403133392333984,-0.6029292941093445,2.5740970373153687,12.078025817871094,12.078025817871094,3.29337153347612,0.03894189313231899,0.0,1,False,0.0,True,0,0.0,0.0,0.0,-6.217248937900877e-15,-8.881784197001252e-16,1184.0,14.0,0.0,35951,7,2019,2025,27.92484770351443,27.32362817377677,-0.6012195357670231,1.5597470794209456,2.0961970326251596,0.8458931879346882,2.0081556815203583,-9.8349609375,-3.9403133392333984,-0.6029292941093445,2.5740970373153687,12.078025817871094,12.078025817871094,1184.0,14.0,0.0,3.29337153347612,0.03894189313231899,0.0,7,4,1,0.8006487025948104,False,True
A201,BELEM,PA,N,-1.41027777,-48.43833333,24.0,182022,23,2003,2025,27.524849185258716,26.96543784006942,-0.5594113539146652,1.3949058873998463,1.8293171641709012,0.8664491113232918,1.7416879426817993,-18.658153533935547,-3.5386690497398376,-0.21218223124742508,1.7800247728824599,22.668848037719727,22.668848037719727,0.7691377965300897,0.06372856028392172,0.0005493841403786355,1,False,0.1683185732488342,True,0,0.0,0.0,0.0,-5.284661597215745e-14,-2.4424906541753444e-15,1400.0,116.0,1.0,182022,23,2003,2025,27.524849185258716,26.96543784006942,-0.5594113539146652,1.3949058873998463,1.829317164170954,0.8664491113232943,1.7416879426818004,-18.658153533935547,-3.5386690497398376,-0.21218223124742508,1.7800247728824599,22.668848037719727,22.668848037719727,1400.0,116.0,1.0,0.7691377965300897,0.06372856028392172,0.0005493841403786355,23,18,17,0.968607305936073,False,True
A202,CASTANHAL,PA,N,-1.30083333,-47.93083332,65.0,174952,23,2003,2025,27.247866264111963,26.799872866971615,-0.44799340505490015,1.0369096951892538,1.3938299409879094,0.9183034022192966,1.3198764225715227,-9.568359375,-2.645551323890686,-0.3932124972343445,1.5191498696804024,10.84453010559082,10.84453010559082,0.4464081576661027,0.0011431706982486624,0.0,1,False,1.914533704378214,True,0,0.0,0.0,2.220446049250313e-16,5.995204332975845e-15,1.1102230246251565e-15,781.0,2.0,0.0,174952,23,2003,2025,27.247866264111963,26.799872866971615,-0.44799340505490015,1.0369096951892536,1.3938299409879034,0.9183034022192955,1.3198764225715256,-9.568359375,-2.645551323890686,-0.3932124972343445,1.5191498696804024,10.84453010559082,10.84453010559082,781.0,2.0,0.0,0.4464081576661027,0.0011431706982486624,0.0,23,15,15,0.9695205479452056,False,True
A203,SAO LUIS,MA,NE,-2.52694443,-44.21305555,56.0,182073,23,2003,2025,27.259258096911196,27.139363810471515,-0.11989428935382422,1.4175451401218915,1.7318441901210326,0.7674358849390919,1.7276938537697306,-7.42838716506958,-3.1050777435302734,0.17338904738426208,2.471950435638427,6.572754383087158,7.42838716506958,0.09172145238448315,0.0,0.0,1,False,0.0690129366816504,True,0,0.0,0.0,-2.220446049250313e-16,2.042810365310288e-14,1.6209256159527285e-14,167.0,0.0,0.0,182073,23,2003,2025,27.259258096911196,27.139363810471515,-0.11989428935382422,1.4175451401218917,1.7318441901210122,0.7674358849390757,1.727693853769731,-7.42838716506958,-3.1050777435302734,0.17338904738426208,2.471950435638427,6.572754383087158,7.42838716506958,167.0,0.0,0.0,0.09172145238448315,0.0,0.0,23,20,14,0.917351598173516,False,True
A204,BALSAS,MA,NE,-7.45527777,-46.02749999,254.0,117170,18,2007,2025,27.42994451500851,27.14917060726381,-0.28077391773208316,1.6241629202820074,2.0245973222956666,0.9269315887087485,2.0050423026342994,-10.217089653015137,-3.1707037448883058,-0.4136470854282379,3.3172879576682983,10.268017768859863,10.268017768859863,1.4261329691900657,0.0017069215669539984,0.0,1,False,0.0371788514863071,True,0,0.0,0.0,0.0,-4.884981308350689e-15,-4.440892098500626e-16,1671.0,2.0,0.0,117170,18,2007,2025,27.42994451500851,27.14917060726381,-0.28077391773208316,1.6241629202820074,2.0245973222956715,0.9269315887087489,2.005042302634301,-10.217089653015137,-3.1707037448883058,-0.4136470854282379,3.3172879576682983,10.268017768859863,10.268017768859863,1671.0,2.0,0.0,1.4261329691900657,0.0017069215669539984,0.0,19,12,7,0.876027397260274,False,True
A205,CAROLINA,MA,NE,-7.33722221,-47.45972222,192.0,135650,19,2007,2025,28.075206773408524,27.23439049711976,-0.8408162847150835,1.480816758070829,1.8409762007190136,0.9282573649387061,1.637754902364874,-7.613574028015137,-3.2257417321205137,-0.9321285486221313,1.9147440552711437,10.33784008026123,10.33784008026123,0.7150755621083671,0.005160339107998526,0.0,1,False,0.0138902409301475,True,0,0.0,0.0,0.0,1.9539925233402755e-14,1.4432899320127035e-15,970.0,7.0,0.0,135650,19,2007,2025,28.075206773408524,27.23439049711976,-0.8408162847150835,1.480816758070829,1.840976200718994,0.9282573649387047,1.6377549023648756,-7.613574028015137,-3.2257417321205137,-0.9321285486221313,1.9147440552711437,10.33784008026123,10.33784008026123,970.0,7.0,0.0,0.7150755621083671,0.005160339107998526,0.0,19,14,11,0.9598214285714286,False,True
A206,CHAPADINHA,MA,NE,-3.74277777,-43.35194444,91.0,123957,17,2008,2025,28.204716147829604,28.011983312489885,-0.19273283894036633,1.0942390558917445,1.418809698135224,0.9428628401874234,1.4056638831700357,-9.846874237060547,-2.5226168632507324,-0.13710899651050568,1.9587503671646116,9.11967658996582,9.846874237060547,0.39449163822938604,0.0,0.0,1,False,0.0308218907014441,True,0,0.0,0.0,0.0,1.9539925233402755e-14,2.6645352591003757e-15,489.0,0.0,0.0,123957,17,2008,2025,28.204716147829604,28.011983312489885,-0.19273283894036633,1.0942390558917445,1.4188096981352045,0.9428628401874207,1.4056638831700368,-9.846874237060547,-2.5226168632507324,-0.13710899651050568,1.9587503671646116,9.11967658996582,9.846874237060547,489.0,0.0,0.0,0.39449163822938604,0.0,0.0,18,13,12,0.9816743129146204,False,True
A207,GRAJAU,MA,NE,-5.82472221,-46.15944444,230.0,117117,18,2008,2025,27.935325349347355,27.098681770761885,-0.8366435877836899,1.3841118279859261,1.7400264225634785,0.9280354925453369,1.5256930666330597,-10.43408203125,-3.2834877967834473,-0.8472164273262024,1.6593973875045775,9.11699104309082,10.43408203125,0.422654268808115,0.0008538470076931616,0.0,1,False,1.0076288044647568,True,0,0.0,-1.1102230246251565e-16,0.0,8.881784197001252e-15,-1.7763568394002505e-15,495.0,1.0,0.0,117117,18,2008,2025,27.935325349347355,27.098681770761885,-0.8366435877836897,1.3841118279859261,1.7400264225634696,0.9280354925453387,1.5256930666330593,-10.43408203125,-3.2834877967834473,-0.8472164273262024,1.6593973875045775,9.11699104309082,10.43408203125,495.0,1.0,0.0,0.422654268808115,0.0008538470076931616,0.0,18,13,10,0.9496938705491929,False,True
A209,MEDICILANDIA,PA,N,-3.51083333,-52.96361111,251.0,118803,18,2008,2025,26.494552322741797,26.28309478914533,-0.21145753696384922,1.0919851628392683,1.4713964380118287,0.884926471122298,1.4561287838444743,-11.009471893310547,-2.4626948833465576,-0.23775596916675568,2.0872740507125838,10.73832893371582,11.009471893310547,0.8173194279605734,0.0058921071016725165,0.0,1,False,0.0308298003866075,True,0,0.0,0.0,0.0,1.687538997430238e-14,4.440892098500626e-16,971.0,7.0,0.0,118803,18,2008,2025,26.494552322741797,26.28309478914533,-0.21145753696384922,1.0919851628392683,1.4713964380118119,0.8849264711222976,1.4561287838444728,-11.009471893310547,-2.4626948833465576,-0.23775596916675568,2.0872740507125838,10.73832893371582,11.009471893310547,971.0,7.0,0.0,0.8173194279605734,0.0058921071016725165,0.0,18,11,9,0.9108303213023394,False,True
A210,PACAJA,PA,N,-3.8436111,-50.63805555,108.0,99554,17,2008,2025,27.407076551007183,26.914238302389204,-0.49283825921555097,1.2961712976454574,1.6709561484070394,0.8973261018402431,1.596630986378136,-8.884575843811035,-3.114396059513092,-0.4818599671125412,2.1252665281295746,8.97162914276123,8.97162914276123,0.6057014283705326,0.0,0.0,1,False,0.0,True,0,0.0,0.0,0.0,1.4654943925052066e-14,6.661338147750939e-15,603.0,0.0,0.0,99554,17,2008,2025,27.407076551007183,26.914238302389204,-0.49283825921555097,1.2961712976454574,1.6709561484070248,0.8973261018402364,1.5966309863781318,-8.884575843811035,-3.114396059513092,-0.4818599671125412,2.1252665281295746,8.97162914276123,8.97162914276123,603.0,0.0,0.0,0.6057014283705326,0.0,0.0,18,7,5,0.7296220400728597,False,True
A211,PLACAS,PA,N,-3.8811111,-54.2461111,96.0,118572,17,2008,2025,27.276501194521817,25.9674675082829,-1.3090336892749483,1.688842482962978,2.129199534929492,0.9058263312750152,1.6792692584703646,-9.908251762390137,-4.199360013008118,-1.2422603368759155,1.3238964319229118,9.954442024230957,9.954442024230957,2.2711938737644637,0.0,0.0,2,True,3.802155121006431,True,0,0.0,0.0,0.0,5.861977570020827e-14,1.0769163338864018e-14,2693.0,0.0,0.0,118572,17,2008,2025,27.276501194521817,25.9674675082829,-1.3090336892749483,1.688842482962978,2.1291995349294335,0.9058263312750044,1.6792692584703564,-9.908251762390137,-4.199360013008118,-1.2422603368759155,1.3238964319229118,9.954442024230957,9.954442024230957,2693.0,0.0,0.0,2.2711938737644637,0.0,0.0,18,12,9,0.922244990892532,False,True
A212,PARAGOMINAS,PA,N,-3.01027777,-47.34305555,101.0,125375,19,2007,2025,27.33839999048874,26.757925206436354,-0.5804747934384612,1.2273000391046256,1.609169637409139,0.9191271232826332,1.5008310705056502,-8.69814395904541,-3.1434078216552734,-0.5290035009384155,1.7500687599182083,8.339940071105957,8.69814395904541,0.844666001994018,0.0,0.0,2,True,20.821912943512057,True,0,0.0,0.0,2.220446049250313e-16,9.325873406851315e-15,1.0880185641326534e-14,1059.0,0.0,0.0,125375,19,2007,2025,27.33839999048874,26.757925206436354,-0.5804747934384612,1.2273000391046254,1.6091696374091298,0.9191271232826224,1.500831070505648,-8.69814395904541,-3.1434078216552734,-0.5290035009384155,1.7500687599182083,8.339940071105957,8.69814395904541,1059.0,0.0,0.0,0.844666001994018,0.0,0.0,19,14,12,0.9294171220400728,True,True
A213,TOME ACU,PA,N,-2.6,-48.36666666,38.0,131375,18,2007,2025,27.061131866295376,27.127726413381996,0.06659453899387537,1.21012180966506,1.5756991978398216,0.9010110256919294,1.574297301852947,-7.75307559967041,-2.655541706085205,0.08286170661449432,2.528545308113097,9.987401008605957,9.987401008605957,0.5488106565176023,0.0,0.0,1,False,1.075315568134532,True,0,0.0,0.0,-2.220446049250313e-16,4.884981308350689e-15,-1.0658141036401503e-14,721.0,0.0,0.0,131375,18,2007,2025,27.061131866295376,27.127726413381996,0.06659453899387537,1.2101218096650603,1.5756991978398167,0.90101102569194,1.5742973018529447,-7.75307559967041,-2.655541706085205,0.08286170661449432,2.528545308113097,9.987401008605957,9.987401008605957,721.0,0.0,0.0,0.5488106565176023,0.0,0.0,19,13,11,0.9391552511415524,False,True
A214,RONDON DO PARA,PA,N,-4.82749999,-48.17333332,203.0,122085,18,2008,2025,27.012066994028967,26.630055442776,-0.382011559809674,1.498219570609895,1.9368196310238037,0.8893359832483636,1.8987803935432839,-10.323339462280273,-3.4222652912139893,-0.44946250319480896,3.05154395103454,11.762402534484863,11.762402534484863,1.3220297333824795,0.0016382028914281035,0.0,1,False,0.0307781975584113,True,0,0.0,0.0,0.0,6.8833827526759706e-15,8.43769498715119e-15,1614.0,2.0,0.0,122085,18,2008,2025,27.012066994028967,26.630055442776,-0.382011559809674,1.498219570609895,1.9368196310237968,0.8893359832483552,1.898780393543284,-10.323339462280273,-3.4222652912139893,-0.44946250319480896,3.05154395103454,11.762402534484863,11.762402534484863,1614.0,2.0,0.0,1.3220297333824795,0.0016382028914281035,0.0,18,13,12,0.9718036529680364,False,True
A215,SALINOPOLIS,PA,N,-0.6186111,-47.35666666,41.0,123487,18,2008,2025,27.689158369690176,26.859446457373046,-0.8297119155993052,1.512111584045576,1.8986189037993286,0.5951558512989795,1.7077340236926508,-15.583105087280273,-3.5642324686050415,-0.7373043298721313,2.00716712474823,6.321026802062988,15.583105087280273,0.21621709167766648,0.011337225780851425,0.0,1,False,0.0313457064140775,True,0,0.0,-1.1102230246251565e-16,-2.220446049250313e-16,4.374278717023117e-14,3.086420008457935e-14,267.0,14.0,0.0,123487,18,2008,2025,27.689158369690176,26.859446457373046,-0.8297119155993051,1.5121115840455763,1.8986189037992849,0.5951558512989487,1.7077340236926482,-15.583105087280273,-3.5642324686050415,-0.7373043298721313,2.00716712474823,6.321026802062988,15.583105087280273,267.0,14.0,0.0,0.21621709167766648,0.011337225780851425,0.0,18,12,10,0.9105763592584276,False,True
A216,SAO FELIX DO XINGU,PA,N,-6.63972221,-51.95694444,211.0,49997,9,2016,2025,26.902522146590943,26.13370530472795,-0.7688168465266221,1.4527749248157515,1.8937968941232872,0.9093962672393996,1.7307360414654618,-8.03759765625,-3.6903414249420163,-0.6783687472343445,1.9212406635284403,9.854588508605957,9.854588508605957,1.4480868852131128,0.0,0.0,1,False,0.0113944650003204,True,0,0.0,0.0,0.0,-1.0436096431476471e-14,-5.551115123125783e-16,724.0,0.0,0.0,49997,9,2016,2025,26.902522146590943,26.13370530472795,-0.7688168465266221,1.4527749248157515,1.8937968941232977,0.9093962672394001,1.7307360414654638,-8.03759765625,-3.6903414249420163,-0.6783687472343445,1.9212406635284403,9.854588508605957,9.854588508605957,724.0,0.0,0.0,1.4480868852131128,0.0,0.0,10,4,4,0.700513698630137,False,True
A217,FAROL de SANTANA,MA,NE,-2.27083332,-43.62388888,8.0,76468,12,2008,2019,28.181579222681382,27.033081536887423,-1.1484976858198697,1.355106292162736,1.8166524278853602,0.619811813268186,1.4075528474450796,-6.547656059265137,-3.6002267003059387,-0.8091548681259155,0.6467899322509751,4.620850086212158,6.547656059265137,0.15954386148454255,0.0,0.0,1,False,0.0308635130645547,True,0,0.0,0.0,2.220446049250313e-16,1.887379141862766e-14,-6.5503158452884236e-15,122.0,0.0,0.0,76468,12,2008,2019,28.181579222681382,27.033081536887423,-1.1484976858198697,1.3551062921627357,1.8166524278853413,0.6198118132681926,1.407552847445077,-6.547656059265137,-3.6002267003059387,-0.8091548681259155,0.6467899322509751,4.620850086212158,6.547656059265137,122.0,0.0,0.0,0.15954386148454255,0.0,0.0,18,8,5,0.7909778364149014,False,True
A218,PREGUICAS,MA,NE,-2.59249999,-42.70722222,0.1,109589,17,2008,2025,27.8038845131352,27.162648303127447,-0.6412362109746467,1.0318477046202814,1.3651199147182413,0.7599741241410385,1.2051480225614604,-7.54677677154541,-2.7461225986480713,-0.5356929898262024,1.1092093467712398,5.491409778594971,7.54677677154541,0.02828751060781648,0.0,0.0,1,False,0.0436595562651705,True,0,0.0,1.1102230246251565e-16,0.0,3.1086244689504383e-15,-3.352873534367973e-14,31.0,0.0,0.0,109589,17,2008,2025,27.8038845131352,27.162648303127447,-0.6412362109746468,1.0318477046202814,1.3651199147182382,0.759974124141072,1.20514802256146,-7.54677677154541,-2.7461225986480713,-0.5356929898262024,1.1092093467712398,5.491409778594971,7.54677677154541,31.0,0.0,0.0,0.02828751060781648,0.0,0.0,18,12,9,0.9047517123287672,False,True
A219,TURIACU,MA,NE,-1.66166666,-45.37277777,41.0,121135,17,2008,2025,27.404584957608872,26.799316396802613,-0.6052685703417021,0.9340475762625531,1.230168185999195,0.90756839037925,1.0709683432082806,-13.98681640625,-2.3221920013427733,-0.5773922204971313,1.0513333916664118,7.091992378234863,13.98681640625,0.0974119783712387,0.004127626202171132,0.0,1,False,0.0690603515377186,True,0,0.0,-1.1102230246251565e-16,0.0,-1.0436096431476471e-14,1.887379141862766e-15,118.0,5.0,0.0,121135,17,2008,2025,27.404584957608872,26.799316396802613,-0.605268570341702,0.9340475762625531,1.2301681859992055,0.9075683903792481,1.0709683432082824,-13.98681640625,-2.3221920013427733,-0.5773922204971313,1.0513333916664118,7.091992378234863,13.98681640625,118.0,5.0,0.0,0.0974119783712387,0.004127626202171132,0.0,18,14,11,0.9888072168392916,False,True
A220,BACABAL,MA,NE,-4.24305555,-44.79499999,28.0,136444,18,2008,2025,28.468603228485463,27.854218715427734,-0.6143845209844616,1.2325794504683356,1.582554345167982,0.9265694476797328,1.4584325506463185,-13.097850799560547,-2.9639012455940246,-0.6044918298721313,1.6704447448253623,11.883984565734863,13.097850799560547,0.552607663217144,0.0036645070505115654,0.0,1,False,0.0007767366888395,True,0,0.0,0.0,2.220446049250313e-16,7.327471962526033e-15,9.992007221626409e-16,754.0,5.0,0.0,136444,18,2008,2025,28.468603228485463,27.854218715427734,-0.6143845209844616,1.2325794504683354,1.5825543451679747,0.9265694476797318,1.458432550646318,-13.097850799560547,-2.9639012455940246,-0.6044918298721313,1.6704447448253623,11.883984565734863,13.097850799560547,754.0,5.0,0.0,0.552607663217144,0.0036645070505115654,0.0,18,13,13,0.9500584811737406,False,True
A221,BARRA DO CORDA,MA,NE,-5.50666666,-45.23694444,153.0,119308,17,2008,2024,27.976741703579684,26.859472945233108,-1.117268765242869,1.6004929188851509,1.9965630856516574,0.9288027645896434,1.6546895812162503,-11.925390243530273,-3.7142021298408507,-1.1294429302215576,1.5852201402187343,11.62382698059082,11.925390243530273,1.04351761826533,0.0050290005699533975,0.0,1,False,0.0,True,0,0.0,0.0,-2.220446049250313e-16,5.551115123125783e-15,2.3314683517128287e-15,1245.0,6.0,0.0,119308,17,2008,2024,27.976741703579684,26.859472945233108,-1.117268765242869,1.600492918885151,1.9965630856516519,0.9288027645896411,1.6546895812162528,-11.925390243530273,-3.7142021298408507,-1.1294429302215576,1.5852201402187343,11.62382698059082,11.925390243530273,1245.0,6.0,0.0,1.04351761826533,0.0050290005699533975,0.0,18,12,10,0.9305432355216208,False,True
A222,COLINAS,MA,NE,-6.03333333,-44.23333333,179.0,126062,18,2008,2025,27.748955268517616,26.725267777686,-1.0236874985060385,1.7575366413629425,2.1798261846003584,0.9225552966939546,1.9245091531975866,-9.475927352905273,-3.9938400387763977,-1.1213862895965576,2.452603316307068,10.679539680480957,10.679539680480957,1.9307959575447002,0.0015865209182783077,0.0,1,False,0.0308888813379398,True,0,0.0,0.0,-2.220446049250313e-16,1.2878587085651816e-14,7.549516567451064e-15,2434.0,2.0,0.0,126062,18,2008,2025,27.748955268517616,26.725267777686,-1.0236874985060385,1.7575366413629427,2.1798261846003455,0.9225552966939471,1.9245091531975862,-9.475927352905273,-3.9938400387763977,-1.1213862895965576,2.452603316307068,10.679539680480957,10.679539680480957,2434.0,2.0,0.0,1.9307959575447002,0.0015865209182783077,0.0,18,14,10,0.9237598872171072,False,True
A223,ALTO PARNAIBA,MA,NE,-9.10805555,-45.93194443,281.0,132357,18,2008,2025,27.26550843310963,27.109886289618302,-0.15562214577573452,1.9859016455339649,2.443995801743017,0.902153184223179,2.4390453404696064,-9.249560356140137,-3.5299996376037597,-0.4832027554512024,4.416605758666992,10.409910202026367,10.409910202026367,3.778417461864503,0.004533194315374329,0.0,1,False,0.0308877693873735,True,0,0.0,0.0,0.0,8.260059303211165e-14,-4.884981308350689e-15,5001.0,6.0,0.0,132357,18,2008,2025,27.26550843310963,27.109886289618302,-0.15562214577573452,1.9859016455339649,2.4439958017429344,0.9021531842231839,2.4390453404696077,-9.249560356140137,-3.5299996376037597,-0.4832027554512024,4.416605758666992,10.409910202026367,10.409910202026367,5001.0,6.0,0.0,3.778417461864503,0.004533194315374329,0.0,18,14,12,0.966984901352632,False,True
A224,ESTREITO,MA,NE,-6.65333333,-47.41833332,180.0,138177,18,2008,2025,27.032694290373048,27.226339607876774,0.19364531016828074,1.7615999348582487,2.2355532697958393,0.8947170616969183,2.227158686227793,-9.2119140625,-2.9903526782989505,-0.0483882911503315,4.335904979705806,11.97685432434082,11.97685432434082,3.1387278635373472,0.006513385006187716,0.0,1,False,0.0,True,0,0.0,-2.7755575615628914e-17,0.0,1.1146639167236572e-13,-9.658940314238862e-15,4337.0,9.0,0.0,138177,18,2008,2025,27.032694290373048,27.226339607876774,0.19364531016828077,1.7615999348582487,2.235553269795728,0.894717061696928,2.227158686227798,-9.2119140625,-2.9903526782989505,-0.0483882911503315,4.335904979705806,11.97685432434082,11.97685432434082,4337.0,9.0,0.0,3.1387278635373472,0.006513385006187716,0.0,18,14,12,0.9909957736696664,False,True
A225,IMPERATRIZ,MA,NE,-5.55555555,-47.45972222,126.0,145369,18,2008,2025,27.976203309090575,27.16948073574989,-0.8067225812688535,1.5155917766032607,1.9013814677854104,0.9301249270698491,1.7217637920567512,-8.071483612060547,-3.549707841873169,-0.7726558446884155,2.00176010131836,11.10956859588623,11.10956859588623,0.7154207568326122,0.0013758091477550235,0.0,1,False,0.0308877693871967,True,0,0.0,-1.1102230246251565e-16,0.0,-3.086420008457935e-14,-5.10702591327572e-15,1040.0,2.0,0.0,145369,18,2008,2025,27.976203309090575,27.16948073574989,-0.8067225812688534,1.5155917766032607,1.9013814677854413,0.9301249270698542,1.7217637920567568,-8.071483612060547,-3.549707841873169,-0.7726558446884155,2.00176010131836,11.10956859588623,11.10956859588623,1040.0,2.0,0.0,0.7154207568326122,0.0013758091477550235,0.0,18,15,15,0.9978310502283104,False,True
A226,BRAGANCA,PA,N,-1.04527777,-46.78277777,33.0,140896,18,2008,2025,27.43451835762336,26.456061560323015,-0.9784568077945778,1.4744441336216998,1.9477007951577476,0.8973064112118426,1.684096432020337,-19.536474227905273,-3.8676875233650208,-0.6357173919677734,1.3191531896591187,8.7783203125,19.536474227905273,0.9318930274812627,0.01987281399046105,0.0,1,False,1.1737263411098746,True,0,0.0,0.0,0.0,1.0436096431476471e-14,-2.7755575615628914e-15,1313.0,28.0,0.0,140896,18,2008,2025,27.43451835762336,26.456061560323015,-0.9784568077945778,1.4744441336216998,1.9477007951577372,0.8973064112118454,1.6840964320203347,-19.536474227905273,-3.8676875233650208,-0.6357173919677734,1.3191531896591187,8.7783203125,19.536474227905273,1313.0,28.0,0.0,0.9318930274812627,0.01987281399046105,0.0,18,15,13,0.9860159817351598,False,True
A227,SOURE,PA,N,-0.81111111,-48.51583333,11.0,109670,15,2008,2025,27.900072945815403,26.878534301851033,-1.0215386444277783,1.3324298353152284,1.5895165330628616,0.8129962334883284,1.2177992977196532,-6.001025199890137,-2.8946436047554016,-1.0751461386680603,1.132285529375074,6.959619522094727,6.959619522094727,0.05015045135406219,0.0,0.0,1,False,9.26625742742828,True,0,0.0,0.0,-2.220446049250313e-16,8.881784197001252e-16,3.3306690738754696e-15,55.0,0.0,0.0,109670,15,2008,2025,27.900072945815403,26.878534301851033,-1.0215386444277783,1.3324298353152286,1.5895165330628607,0.8129962334883251,1.2177992977196501,-6.001025199890137,-2.8946436047554016,-1.0751461386680603,1.132285529375074,6.959619522094727,6.959619522094727,55.0,0.0,0.0,0.05015045135406219,0.0,0.0,18,12,9,0.8777322404371585,True,True
A228,BREVES,PA,N,-1.68027777,-50.47805554,11.0,22059,5,2017,2022,26.96792692039791,26.815543328868905,-0.1523835948527025,1.5985849780149175,1.9745895596986471,0.8255338520355507,1.968745508698585,-8.8759765625,-3.527948832511902,0.10771522670984268,2.739007902145383,7.10898494720459,8.8759765625,0.8567931456548347,0.0,0.0,1,False,0.009742247453732,True,0,0.0,0.0,0.0,-6.661338147750939e-15,-3.1086244689504383e-15,189.0,0.0,0.0,22059,5,2017,2022,26.96792692039791,26.815543328868905,-0.1523835948527025,1.5985849780149175,1.9745895596986538,0.8255338520355539,1.9687455086985834,-8.8759765625,-3.527948832511902,0.10771522670984268,2.739007902145383,7.10898494720459,8.8759765625,189.0,0.0,0.0,0.8567931456548347,0.0,0.0,9,3,3,0.0166666666666666,False,True
A229,TUCURUI,PA,N,-3.82277777,-49.67499999,148.0,133603,18,2008,2025,27.447486952720027,27.27382186166471,-0.17366509582080042,1.1948892492931227,1.48318104330115,0.8724627315558949,1.472984277403053,-7.101818561553955,-2.5573190450668335,-0.1411617249250412,2.1467923402786235,8.91391658782959,8.91391658782959,0.15269118208423463,0.0,0.0,1,False,0.0052654028948017,True,0,0.0,-2.7755575615628914e-17,0.0,1.0880185641326534e-14,8.548717289613705e-15,204.0,0.0,0.0,133603,18,2008,2025,27.447486952720027,27.27382186166471,-0.1736650958208004,1.1948892492931227,1.4831810433011392,0.8724627315558864,1.4729842774030546,-7.101818561553955,-2.5573190450668335,-0.1411617249250412,2.1467923402786235,8.91391658782959,8.91391658782959,204.0,0.0,0.0,0.15269118208423463,0.0,0.0,18,14,12,0.99486301369863,False,True
A230,SERRA DOS CARAJAS,PA,N,-6.07749999,-50.14222221,719.0,89811,15,2008,2023,24.693174555485076,25.269224972679307,0.5760504174209278,1.366042917112746,1.808998429487336,0.8100411580106647,1.7148393444845784,-5.953963756561279,-1.9152340292930603,0.4326663911342621,3.632324695587158,11.48041820526123,11.48041820526123,1.6445646969747583,0.005567246773780495,0.0,1,False,0.0093945041161385,True,0,0.0,0.0,0.0,-2.2648549702353193e-14,6.661338147750939e-16,1477.0,5.0,0.0,89811,15,2008,2023,24.693174555485076,25.269224972679307,0.5760504174209278,1.366042917112746,1.8089984294873587,0.810041158010664,1.7148393444845784,-5.953963756561279,-1.9152340292930603,0.4326663911342621,3.632324695587158,11.48041820526123,11.48041820526123,1477.0,5.0,0.0,1.6445646969747583,0.005567246773780495,0.0,18,8,7,0.7385947675724231,False,True
A231,ITAITUBA,PA,N,-4.27638888,-55.99305555,13.0,123379,17,2008,2025,28.029173511025302,26.9229850970168,-1.106188425070147,1.4363436259448716,1.8106434285420843,0.9033923957922256,1.4334550735493448,-8.588817596435547,-3.481396198272705,-1.0608901977539062,1.1008499741554243,24.936914443969727,24.936914443969727,0.8007845743603045,0.002431532108381491,0.0008105107027938304,1,False,0.0617744268238272,True,0,0.0,0.0,0.0,-2.531308496145357e-14,-2.7755575615628914e-15,988.0,3.0,1.0,123379,17,2008,2025,28.029173511025302,26.9229850970168,-1.106188425070147,1.4363436259448716,1.8106434285421096,0.9033923957922284,1.4334550735493483,-8.588817596435547,-3.481396198272705,-1.0608901977539062,1.1008499741554243,24.936914443969727,24.936914443969727,988.0,3.0,1.0,0.8007845743603045,0.002431532108381491,0.0008105107027938304,18,10,9,0.893158014571949,False,True
A232,OBIDOS,PA,N,-3.623333325,-52.32249999,92.82,92783,14,2012,2025,27.089300836552194,27.47210943779698,0.3828085957439558,1.8963419948401157,2.3408635756357996,0.7942238404758492,2.3093629724797746,-11.14077091217041,-3.378529930114746,0.3515354096889496,4.041193151473998,11.021629333496094,11.14077091217041,2.40237974628973,0.00970005281139864,0.0,2,True,404.5297895094936,True,0,0.0,0.0,0.0,-4.440892098500626e-16,-1.887379141862766e-15,2229.0,9.0,0.0,92783,14,2012,2025,27.089300836552194,27.47210943779698,0.3828085957439558,1.8963419948401157,2.3408635756358,0.794223840475851,2.3093629724797737,-11.14077091217041,-3.378529930114746,0.3515354096889496,4.041193151473998,11.021629333496094,11.14077091217041,2229.0,9.0,0.0,2.40237974628973,0.00970005281139864,0.0,14,10,7,0.927668378995434,True,True
A233,SANTANA DO ARAGUAIA,PA,N,-9.3386111,-50.35027777,168.0,117272,18,2008,2025,27.470236708436577,26.770953277585548,-0.6992834372170385,1.6980753292486963,2.1570036023617263,0.918646314448502,2.040515307391215,-13.243945121765137,-3.915496277809143,-0.6673824191093445,2.7331917405128476,11.356687545776367,13.243945121765137,1.9595470359506106,0.011085340064124429,0.0,1,False,0.2162132737601645,True,0,0.0,0.0,0.0,-6.128431095930864e-14,-4.9960036108132044e-15,2298.0,13.0,0.0,117272,18,2008,2025,27.470236708436577,26.770953277585548,-0.6992834372170385,1.6980753292486963,2.1570036023617876,0.918646314448507,2.040515307391207,-13.243945121765137,-3.915496277809143,-0.6673824191093445,2.7331917405128476,11.356687545776367,13.243945121765137,2298.0,13.0,0.0,1.9595470359506106,0.011085340064124429,0.0,18,10,8,0.8779036292636675,False,True
A234,TUCUMA,PA,N,-6.7436111,-51.14222221,317.0,64053,11,2008,2025,26.28140757981801,26.34040875560165,0.059001171362682694,1.4402850749836622,1.83139410517439,0.9036717407493162,1.8304577404762388,-7.09536075592041,-2.7220308780670166,0.022119522094726562,3.024619483947753,13.657078742980957,13.657078742980957,1.1443648228810517,0.02497931400558912,0.0,1,False,0.0572966500797983,True,0,0.0,0.0,0.0,1.7319479184152442e-14,1.4432899320127035e-15,733.0,16.0,0.0,64053,11,2008,2025,26.28140757981801,26.34040875560165,0.059001171362682694,1.4402850749836622,1.8313941051743727,0.9036717407493148,1.8304577404762377,-7.09536075592041,-2.7220308780670166,0.022119522094726562,3.024619483947753,13.657078742980957,13.657078742980957,733.0,16.0,0.0,1.1443648228810517,0.02497931400558912,0.0,18,6,5,0.1332536429872495,False,True
A235,NOVO REPARTIMENTO,PA,N,-4.23444444,-49.94277777,106.0,124521,17,2008,2025,27.157115655586374,26.85415342223419,-0.30296224489234924,1.4156168650752627,1.805141324022679,0.8656003292465477,1.7795433429715304,-12.789989471435547,-3.1839840412139893,-0.31986045837402344,2.7479007244110107,7.310498237609863,12.789989471435547,0.7356188915925828,0.0008030773925683218,0.0,1,False,1.1289019568887826,True,0,0.0,0.0,0.0,3.9968028886505635e-15,2.220446049250313e-16,916.0,1.0,0.0,124521,17,2008,2025,27.157115655586374,26.85415342223419,-0.30296224489234924,1.4156168650752627,1.805141324022675,0.8656003292465475,1.779543342971527,-12.789989471435547,-3.1839840412139893,-0.31986045837402344,2.7479007244110107,7.310498237609863,12.789989471435547,916.0,1.0,0.0,0.7356188915925828,0.0008030773925683218,0.0,18,12,10,0.9505961440892948,False,True
A236,CAMETA,PA,N,-2.2486111,-49.49305555,22.0,95471,13,2008,2020,28.206276239016614,27.2775236285132,-0.9287526229348562,1.3304475265751652,1.7004284623656847,0.8741247094468397,1.4243934752941931,-9.745540618896484,-3.389158248901367,-0.8517574071884155,1.2437326312065125,8.295408248901367,9.745540618896484,0.5687590996218748,0.0,0.0,1,False,1.2483091948204317,True,0,0.0,0.0,0.0,1.3322676295501878e-15,-1.1102230246251565e-16,543.0,0.0,0.0,95471,13,2008,2020,28.206276239016614,27.2775236285132,-0.9287526229348562,1.3304475265751652,1.7004284623656833,0.8741247094468398,1.4243934752941962,-9.745540618896484,-3.389158248901367,-0.8517574071884155,1.2437326312065125,8.295408248901367,9.745540618896484,543.0,0.0,0.0,0.5687590996218748,0.0,0.0,18,10,5,0.8239726027397261,False,True
A237,CAXIAS,MA,NE,-4.82138888,-43.3436111,76.0,121889,17,2008,2025,27.80824848315539,27.86908932916906,0.06084084088441012,1.5108873965239136,1.9866102735822466,0.9045346712701929,1.9856865613400996,-10.967867851257324,-2.8664449214935304,-0.10742149502038956,3.667777442932129,13.382469177246094,13.382469177246094,2.1142186743676623,0.025432975904306376,0.0,1,False,0.0067071338215735,True,0,0.0,6.938893903907228e-18,0.0,3.1530333899354446e-14,2.4424906541753444e-15,2577.0,31.0,0.0,121889,17,2008,2025,27.80824848315539,27.86908932916906,0.060840840884410115,1.5108873965239136,1.986610273582215,0.9045346712701905,1.9856865613400947,-10.967867851257324,-2.8664449214935304,-0.10742149502038956,3.667777442932129,13.382469177246094,13.382469177246094,2577.0,31.0,0.0,2.1142186743676623,0.025432975904306376,0.0,18,11,8,0.8947488584474885,False,True
A238,BURITICUPU,MA,NE,-4.32055554,-46.44972221,175.0,125615,17,2008,2025,27.44710821938193,26.644866155927996,-0.8022420717031284,1.214702562151905,1.5862845477519734,0.934891172420653,1.3684740528218382,-12.192138671875,-3.140360999107361,-0.7294937372207642,1.2960941791534424,8.257664680480957,12.192138671875,0.5421327070811607,0.0015921665406201488,0.0,1,False,0.0307988828012542,True,0,0.0,0.0,0.0,-3.1086244689504383e-15,1.9984014443252818e-15,681.0,2.0,0.0,125615,17,2008,2025,27.44710821938193,26.644866155927996,-0.8022420717031284,1.214702562151905,1.5862845477519765,0.934891172420651,1.3684740528218389,-12.192138671875,-3.140360999107361,-0.7294937372207642,1.2960941791534424,8.257664680480957,12.192138671875,681.0,2.0,0.0,0.5421327070811607,0.0015921665406201488,0.0,18,13,12,0.9941108121330724,False,True
A239,MONTE ALEGRE,PA,N,-2.0,-54.076111100000006,98.265,78293,13,2012,2025,28.183694576371447,27.83705886301063,-0.34663572012927446,1.040520969658742,1.3343835692615773,0.9015689144166612,1.2885823200432804,-6.33486270904541,-2.495497703552246,-0.2980464994907379,1.657598042488097,6.864793300628662,6.864793300628662,0.12133907245858506,0.0,0.0,1,False,0.041322334827939,True,0,0.0,0.0,0.0,1.0880185641326534e-14,1.7763568394002505e-15,95.0,0.0,0.0,78293,13,2012,2025,28.183694576371447,27.83705886301063,-0.34663572012927446,1.040520969658742,1.3343835692615664,0.9015689144166594,1.28858232004328,-6.33486270904541,-2.495497703552246,-0.2980464994907379,1.657598042488097,6.864793300628662,6.864793300628662,95.0,0.0,0.0,0.12133907245858506,0.0,0.0,14,6,3,0.7761415525114155,False,True
A240,MARABA,PA,N,-5.16722221,-49.37916666,116.0,95348,13,2009,2021,26.992197001155912,26.83457163281702,-0.15762537180748531,1.2403995049423862,1.5987879664239388,0.8964723283099054,1.5910071501402838,-14.769824028015137,-2.674184203147888,-0.2076900526881218,2.5529421806335435,8.686230659484863,14.769824028015137,0.4551747283634685,0.008390317573520158,0.0,2,True,42.542963765158675,True,0,0.0,0.0,0.0,-1.6431300764452317e-14,7.549516567451064e-15,434.0,8.0,0.0,95348,13,2009,2021,26.992197001155912,26.83457163281702,-0.15762537180748531,1.2403995049423862,1.5987879664239553,0.8964723283098979,1.591007150140284,-14.769824028015137,-2.674184203147888,-0.2076900526881218,2.5529421806335435,8.686230659484863,14.769824028015137,434.0,8.0,0.0,0.4551747283634685,0.008390317573520158,0.0,17,10,8,0.8333333333333334,True,True
A241,CONCEICAO DO ARAGUAIA,PA,N,-8.25916666,-49.27416666,180.0,136986,18,2008,2025,27.244417669923024,27.503775134255154,0.2593574566272605,1.7400282823362623,2.232907938474185,0.8981654208417542,2.2178023982309596,-9.653216361999512,-3.0542843341827393,0.13632850348949432,4.224798083305359,11.62421703338623,11.62421703338623,3.3003372607419736,0.008030017666038865,0.0,1,False,5.032019076110311,True,0,0.0,0.0,0.0,-3.907985046680551e-14,9.547918011776346e-15,4521.0,11.0,0.0,136986,18,2008,2025,27.244417669923024,27.503775134255154,0.2593574566272605,1.7400282823362623,2.232907938474224,0.8981654208417447,2.217802398230962,-9.653216361999512,-3.0542843341827393,0.13632850348949432,4.224798083305359,11.62421703338623,11.62421703338623,4521.0,11.0,0.0,3.3003372607419736,0.008030017666038865,0.0,18,14,10,0.9184360730593608,True,True
A242,OIAPOQUE,AP,N,3.81361111,-51.8625,21.0,94281,16,2008,2025,26.309251060258855,25.94007957216459,-0.3691714963940134,1.1854487026000469,1.5431537181458772,0.9129077088174846,1.498352300531026,-9.049901962280273,-2.9996089935302734,-0.2638179659843445,1.7610843181610107,8.615867614746094,9.049901962280273,0.6682152289432653,0.0,0.0,1,False,0.0031256937053525,True,0,0.0,0.0,-2.220446049250313e-16,6.439293542825908e-15,-2.7755575615628914e-15,630.0,0.0,0.0,94281,16,2008,2025,26.309251060258855,25.94007957216459,-0.3691714963940134,1.185448702600047,1.5431537181458708,0.9129077088174874,1.4983523005310213,-9.049901962280273,-2.9996089935302734,-0.2638179659843445,1.7610843181610107,8.615867614746094,9.049901962280273,630.0,0.0,0.0,0.6682152289432653,0.0,0.0,18,9,8,0.7647831050228311,False,True
A244,PORTO GRANDE,AP,N,0.69416666,-51.40388888,84.8,50596,7,2019,2025,26.92050952057149,26.377863904781254,-0.5426456215185037,1.0694916697239407,1.4514178661501458,0.9185547899898211,1.3461743454687165,-6.817480087280273,-2.8214351534843445,-0.46057090163230896,1.4102786779403687,9.184324264526367,9.184324264526367,0.5198039370701241,0.0,0.0,1,False,0.0436802988224529,True,0,0.0,0.0,0.0,9.769962616701378e-15,3.1086244689504383e-15,263.0,0.0,0.0,50596,7,2019,2025,26.92050952057149,26.377863904781254,-0.5426456215185037,1.0694916697239407,1.451417866150136,0.918554789989818,1.3461743454687156,-6.817480087280273,-2.8214351534843445,-0.46057090163230896,1.4102786779403687,9.184324264526367,9.184324264526367,263.0,0.0,0.0,0.5198039370701241,0.0,0.0,7,4,4,0.9536657559198544,False,True
A245,PORTO DE MOZ,PA,N,-1.82194443,-52.11166666,19.0,31824,4,2022,2025,27.804235795024894,27.379860846465288,-0.4243749505851901,1.2417974336146256,1.6037906986185038,0.8853462321024973,1.546649822564505,-8.45375919342041,-3.048673927783966,-0.4094570130109787,2.071267545223236,7.682713508605957,8.45375919342041,0.5593262946204123,0.0,0.0,1,False,0.0,True,0,0.0,0.0,0.0,-8.215650382226158e-15,-6.661338147750939e-16,178.0,0.0,0.0,31824,4,2022,2025,27.804235795024894,27.379860846465288,-0.4243749505851901,1.2417974336146256,1.603790698618512,0.885346232102498,1.5466498225645064,-8.45375919342041,-3.048673927783966,-0.4094570130109787,2.071267545223236,7.682713508605957,8.45375919342041,178.0,0.0,0.0,0.5593262946204123,0.0,0.0,4,4,4,0.9917693639557976,False,True
A246,MINA DO PALITO,PA,N,-6.31972221,-55.78722221,261.0,67183,12,2011,2025,26.153626655521947,26.06350038662814,-0.09012627512166062,1.2378838582385048,1.6624015813408892,0.8772003967195043,1.6599690620541927,-7.744628429412842,-2.5607028245925902,-0.1941402405500412,2.727103400230407,12.50239086151123,12.50239086151123,1.1237961984430584,0.019350133218224846,0.0,1,False,0.0728777337528381,True,0,0.0,0.0,-2.220446049250313e-16,1.9984014443252818e-15,4.9960036108132044e-15,755.0,13.0,0.0,67183,12,2011,2025,26.153626655521947,26.06350038662814,-0.09012627512166062,1.237883858238505,1.6624015813408872,0.8772003967194993,1.6599690620541914,-7.744628429412842,-2.5607028245925902,-0.1941402405500412,2.727103400230407,12.50239086151123,12.50239086151123,755.0,13.0,0.0,1.1237961984430584,0.019350133218224846,0.0,16,5,4,0.5351027397260274,False,True
A247,XINGUARA,PA,N,-7.110518,-49.926072,245.0,67332,10,2016,2025,27.18147982855868,26.538316607425706,-0.6431632241759078,1.4869615218630279,1.8625970387618571,0.9158504805995448,1.7480429565011675,-6.90981388092041,-3.213666558265686,-0.7520976960659027,2.4515174269676177,10.045361518859863,10.045361518859863,0.7128854036713598,0.002970355848630666,0.0,1,False,0.0375117779980484,True,0,0.0,1.1102230246251565e-16,0.0,-1.5543122344752192e-15,-2.4424906541753444e-15,480.0,2.0,0.0,67332,10,2016,2025,27.18147982855868,26.538316607425706,-0.6431632241759079,1.4869615218630279,1.8625970387618587,0.9158504805995472,1.7480429565011697,-6.90981388092041,-3.213666558265686,-0.7520976960659027,2.4515174269676177,10.045361518859863,10.045361518859863,480.0,2.0,0.0,0.7128854036713598,0.002970355848630666,0.0,10,6,6,0.9419912956621004,False,True
A248,CAPITAO POCO,PA,N,-1.73472221,-47.0575,81.0,102686,15,2011,2025,26.634084482246674,26.634422302468987,0.0003378118512437681,1.1733394884270183,1.4933530785213147,0.9222797361843426,1.4933603118201215,-6.631054401397705,-2.4332027435302734,0.026123428717255592,2.3120486736297607,7.9147443771362305,7.9147443771362305,0.3720078686481117,0.0,0.0,1,False,0.0048692325634375,True,0,0.0,0.0,0.0,-7.771561172376096e-15,-5.329070518200751e-15,382.0,0.0,0.0,102686,15,2011,2025,26.634084482246674,26.634422302468987,0.0003378118512437681,1.1733394884270183,1.4933530785213225,0.9222797361843479,1.4933603118201197,-6.631054401397705,-2.4332027435302734,0.026123428717255592,2.3120486736297607,7.9147443771362305,7.9147443771362305,382.0,0.0,0.0,0.3720078686481117,0.0,0.0,15,8,6,0.8724885844748859,False,True
A249,MACAPA,AP,N,0.03502,-51.088763,16.62,88315,13,2013,2025,27.886224300356663,26.903633453251654,-0.9825908576046573,1.2799748758089913,1.6279471687707099,0.9068980802996508,1.297977760756642,-7.740478038787842,-3.1910591602325438,-0.9014644622802734,0.9619236111640945,5.224560737609863,7.740478038787842,0.2298590273452981,0.0,0.0,1,False,0.0332692584673843,True,0,0.0,0.0,0.0,-3.774758283725532e-15,-4.3298697960381105e-15,203.0,0.0,0.0,88315,13,2013,2025,27.886224300356663,26.903633453251654,-0.9825908576046573,1.2799748758089913,1.6279471687707137,0.9068980802996551,1.2979777607566434,-7.740478038787842,-3.1910591602325438,-0.9014644622802734,0.9619236111640945,5.224560737609863,7.740478038787842,203.0,0.0,0.0,0.2298590273452981,0.0,0.0,13,7,5,0.8441780821917808,False,True
A250,SANTAREM,PA,N,-2.502572,-54.72027777,137.0,64438,10,2015,2025,27.172596910767297,27.912055383962443,0.7394584689284723,1.2155570354105987,1.527117057593535,0.8572941989315411,1.3361569467182592,-5.732519149780273,-1.4511592626571654,0.7320117950439453,2.9701246738433813,6.42856502532959,6.42856502532959,0.10863155281045345,0.0,0.0,1,False,0.0228806116596361,True,0,0.0,-1.1102230246251565e-16,2.220446049250313e-16,4.884981308350689e-15,5.551115123125783e-16,70.0,0.0,0.0,64438,10,2015,2025,27.172596910767297,27.912055383962443,0.7394584689284724,1.2155570354105985,1.5271170575935302,0.8572941989315406,1.3361569467182588,-5.732519149780273,-1.4511592626571654,0.7320117950439453,2.9701246738433813,6.42856502532959,6.42856502532959,70.0,0.0,0.0,0.10863155281045345,0.0,0.0,11,7,6,0.9209927140255008,False,True
A251,ITAUBAL,AP,N,0.56777777,-50.8236111,21.0,16361,6,2017,2024,27.47810645820707,26.62899297100212,-0.8491135013669642,1.2987378434486065,1.7200418710483503,0.9146553737032711,1.495890059307212,-8.075243949890137,-3.523876667022705,-0.6298335790634155,1.2837406396865845,5.734521865844727,8.075243949890137,0.8679176089481082,0.0,0.0,1,False,0.0110946195766173,True,0,0.0,0.0,0.0,-2.19824158875781e-14,-1.2212453270876722e-15,142.0,0.0,0.0,16361,6,2017,2024,27.47810645820707,26.62899297100212,-0.8491135013669642,1.2987378434486065,1.7200418710483723,0.9146553737032723,1.495890059307214,-8.075243949890137,-3.523876667022705,-0.6298335790634155,1.2837406396865845,5.734521865844727,8.075243949890137,142.0,0.0,0.0,0.8679176089481082,0.0,0.0,9,1,1,0.0990867579908675,False,True
A252,DOM ELISEU,PA,N,-4.28055554,-47.56388888,251.0,66111,8,2018,2025,26.82069246219093,27.02543126776017,0.2047387961453604,1.0052535571595032,1.333921157661378,0.9286184034594571,1.3181251689691933,-7.149755477905273,-1.8730953335762024,0.18491248786449432,2.3402836322784424,8.222898483276367,8.222898483276367,0.332773668527174,0.0,0.0,1,False,0.0092168951446254,True,0,0.0,0.0,0.0,-7.771561172376096e-15,-2.220446049250313e-15,220.0,0.0,0.0,66111,8,2018,2025,26.82069246219093,27.02543126776017,0.2047387961453604,1.0052535571595032,1.3339211576613859,0.9286184034594593,1.3181251689691975,-7.149755477905273,-1.8730953335762024,0.18491248786449432,2.3402836322784424,8.222898483276367,8.222898483276367,220.0,0.0,0.0,0.332773668527174,0.0,0.0,8,7,7,0.9994292237442922,False,True
A253,ALTAMIRA,PA,N,-3.27027777,-52.39472221,191.0,42385,7,2018,2025,27.07199479917936,26.795139145252065,-0.2768556640369874,1.0025734348141482,1.3380015440762372,0.9249445044800194,1.3090605423624504,-8.095067977905273,-2.46828088760376,-0.2332027405500412,1.7020121097564689,8.432812690734863,8.432812690734863,0.3562581101804884,0.0,0.0,1,False,0.0308877693872409,True,0,0.0,0.0,0.0,-9.547918011776346e-15,3.219646771412954e-15,151.0,0.0,0.0,42385,7,2018,2025,27.07199479917936,26.795139145252065,-0.2768556640369874,1.0025734348141482,1.3380015440762467,0.9249445044800162,1.3090605423624506,-8.095067977905273,-2.46828088760376,-0.2332027405500412,1.7020121097564689,8.432812690734863,8.432812690734863,151.0,0.0,0.0,0.3562581101804884,0.0,0.0,8,5,5,0.9341005237711524,False,True
A254,REDENCAO,PA,N,-8.04333333,-50.00694444,199.0,52693,7,2019,2025,28.274142666947874,27.237887919151607,-1.036254756305931,1.6073838615785716,1.970547287681267,0.9175071451948109,1.6760924817078917,-8.117284774780273,-3.3968623638153073,-1.1834957599639893,1.8093131065368646,13.307762145996094,13.307762145996094,0.9071413660258478,0.01138671170743742,0.0,1,False,0.0,True,0,0.0,0.0,0.0,-8.881784197001252e-16,1.6653345369377348e-15,478.0,6.0,0.0,52693,7,2019,2025,28.274142666947874,27.237887919151607,-1.036254756305931,1.6073838615785716,1.970547287681268,0.9175071451948092,1.676092481707895,-8.117284774780273,-3.3968623638153073,-1.1834957599639893,1.8093131065368646,13.307762145996094,13.307762145996094,478.0,6.0,0.0,0.9071413660258478,0.01138671170743742,0.0,7,6,5,0.983675799086758,False,True
A255,ZE DOCA,MA,NE,-3.26916666,-45.65111111,45.5,49869,7,2019,2025,28.13371231563158,27.26558359631819,-0.8681287302674321,1.1832773370403002,1.5441044826098451,0.9383707603345512,1.2769666634049166,-8.350634574890137,-2.9805562496185303,-0.7962398529052734,0.938337779045104,6.884228706359863,8.350634574890137,0.5955603681645912,0.0,0.0,1,False,0.0,True,0,0.0,0.0,0.0,2.4424906541753444e-15,-6.439293542825908e-15,297.0,0.0,0.0,49869,7,2019,2025,28.13371231563158,27.26558359631819,-0.8681287302674321,1.1832773370403002,1.5441044826098427,0.9383707603345577,1.2769666634049184,-8.350634574890137,-2.9805562496185303,-0.7962398529052734,0.938337779045104,6.884228706359863,8.350634574890137,297.0,0.0,0.0,0.5955603681645912,0.0,0.0,7,5,5,0.987785388127854,False,True
A256,SANTA MARIA DAS BARREIRAS,PA,N,-8.72972221,-49.85638888,165.0,35159,5,2021,2025,28.166480839477945,27.800776170753213,-0.36570467356620523,1.3928714296003641,1.7670334769577745,0.9348129358135272,1.7288008581596963,-7.469775199890137,-2.865922546386719,-0.4005061984062195,2.383378720283508,11.423337936401367,11.423337936401367,0.9329048038908957,0.034130663556983985,0.0,1,False,0.0,True,0,0.0,0.0,0.0,5.10702591327572e-15,-2.220446049250313e-16,328.0,12.0,0.0,35159,5,2021,2025,28.166480839477945,27.800776170753213,-0.36570467356620523,1.3928714296003641,1.7670334769577694,0.9348129358135274,1.7288008581596972,-7.469775199890137,-2.865922546386719,-0.4005061984062195,2.383378720283508,11.423337936401367,11.423337936401367,328.0,12.0,0.0,0.9329048038908957,0.034130663556983985,0.0,5,3,3,0.9075342465753424,False,True
A301,RECIFE,PE,NE,-8.05916666,-34.95944444,10.0,136799,18,2004,2021,26.357695593659745,25.796210567193363,-0.5614850298384995,1.0680064705882721,1.2964607979581477,0.9166765739401124,1.1685697001509026,-10.509600639343262,-2.291518092155456,-0.6595699191093445,1.519933545589446,6.562646865844727,10.509600639343262,0.02339198385953114,0.0014619989912206962,0.0,1,False,0.0305827163166764,True,0,0.0,-1.1102230246251565e-16,2.220446049250313e-16,1.5543122344752192e-15,-2.4424906541753444e-15,32.0,2.0,0.0,136799,18,2004,2021,26.357695593659745,25.796210567193363,-0.5614850298384993,1.068006470588272,1.2964607979581462,0.9166765739401148,1.1685697001509037,-10.509600639343262,-2.291518092155456,-0.6595699191093445,1.519933545589446,6.562646865844727,10.509600639343262,32.0,2.0,0.0,0.02339198385953114,0.0014619989912206962,0.0,20,16,15,0.9730459490480824,False,True
A303,MACEIO,AL,NE,-9.55111111,-35.77027777,80.0,173823,22,2003,2025,26.08080978698822,25.419535789957852,-0.6612739992550623,1.3016219900542767,1.721138411670095,0.894620892983553,1.589040168336414,-11.757762908935547,-3.0971139669418335,-0.5222652554512024,1.67586703300476,6.553467273712158,11.757762908935547,1.3197332919118874,0.017834233674484966,0.0,1,False,0.0110630591144965,True,0,0.0,0.0,0.0,2.4202861936828413e-14,6.994405055138486e-15,2294.0,31.0,0.0,173823,22,2003,2025,26.08080978698822,25.419535789957852,-0.6612739992550623,1.3016219900542767,1.7211384116700708,0.894620892983546,1.589040168336416,-11.757762908935547,-3.0971139669418335,-0.5222652554512024,1.67586703300476,6.553467273712158,11.757762908935547,2294.0,31.0,0.0,1.3197332919118874,0.017834233674484966,0.0,23,19,18,0.9977150537634408,False,True
A304,NATAL,RN,NE,-5.9,-35.2,48.6,168676,23,2003,2025,26.987458796590378,26.00632849198493,-0.9811303047794604,1.1918516659719047,1.4262756604036917,0.8848856784400115,1.0352062296080737,-6.521923542022705,-2.6204708218574524,-1.0238277912139893,0.8187519162893295,5.30722713470459,6.521923542022705,0.03912826958192037,0.0,0.0,2,True,7.037220622176299,True,0,0.0,0.0,0.0,1.0436096431476471e-14,5.329070518200751e-15,66.0,0.0,0.0,168676,23,2003,2025,26.987458796590378,26.00632849198493,-0.9811303047794604,1.1918516659719047,1.4262756604036813,0.8848856784400062,1.0352062296080746,-6.521923542022705,-2.6204708218574524,-1.0238277912139893,0.8187519162893295,5.30722713470459,6.521923542022705,66.0,0.0,0.0,0.03912826958192037,0.0,0.0,23,15,14,0.9276255707762556,True,True
A305,FORTALEZA,CE,NE,-3.83222221,-38.53777777,26.45,155193,23,2003,2025,27.756770593421805,26.928480419928228,-0.8282901819003431,1.1807437190533292,1.4815417774156567,0.9063283697766354,1.2283774402029515,-7.253368854522705,-2.885487937927246,-0.7226070165634155,1.279973530769348,5.441943645477295,7.253368854522705,0.09472076704490537,0.0,0.0,1,False,1.8370779499076888,True,0,0.0,0.0,0.0,5.329070518200751e-15,-4.773959005888173e-15,147.0,0.0,0.0,155193,23,2003,2025,27.756770593421805,26.928480419928228,-0.8282901819003431,1.1807437190533292,1.4815417774156514,0.9063283697766402,1.2283774402029461,-7.253368854522705,-2.885487937927246,-0.7226070165634155,1.279973530769348,5.441943645477295,7.253368854522705,147.0,0.0,0.0,0.09472076704490537,0.0,0.0,23,15,12,0.9003424657534247,False,True
A306,SOBRAL,CE,NE,-3.73166666,-40.34555555,109.62,143243,22,2003,2024,28.37921992070831,27.71518472619432,-0.6640352006868789,1.2325033347012804,1.6838413006134694,0.9430184258212189,1.5473834345501545,-15.28497314453125,-3.07079074382782,-0.5715816617012024,1.5229254961013794,12.703514099121094,15.28497314453125,1.0241338145668548,0.1242643619583505,0.0,1,False,1.8226245690124117,True,0,0.0,0.0,-2.220446049250313e-16,4.773959005888173e-14,-1.1435297153639112e-14,1467.0,178.0,0.0,143243,22,2003,2024,28.37921992070831,27.71518472619432,-0.6640352006868789,1.2325033347012806,1.6838413006134216,0.9430184258212303,1.547383434550142,-15.28497314453125,-3.07079074382782,-0.5715816617012024,1.5229254961013794,12.703514099121094,15.28497314453125,1467.0,178.0,0.0,1.0241338145668548,0.1242643619583505,0.0,23,13,8,0.8178506375227687,False,True
A307,PETROLINA,PE,NE,-9.38805555,-40.48944444,370.46,171837,22,2003,2024,27.731882529859032,26.868253850672993,-0.8636286891055917,1.2209873007401295,1.5224655271494303,0.9522348286907003,1.2538165405042363,-19.15074348449707,-2.851376533508301,-0.9038082361221313,1.1881042957305892,10.994481086730957,19.15074348449707,0.2851539540378382,0.00232778737990072,0.0,1,False,3.7179319584217754,True,0,0.0,0.0,2.220446049250313e-16,6.816769371198461e-14,-4.9960036108132044e-15,490.0,4.0,0.0,171837,22,2003,2024,27.731882529859032,26.868253850672993,-0.8636286891055917,1.2209873007401293,1.5224655271493621,0.9522348286907053,1.253816540504243,-19.15074348449707,-2.851376533508301,-0.9038082361221313,1.1881042957305892,10.994481086730957,19.15074348449707,490.0,4.0,0.0,0.2851539540378382,0.00232778737990072,0.0,23,17,16,0.995787795992714,False,True
A308,PARNAIBA,PI,NE,-3.08638888,-41.78333333,79.5,162795,22,2003,2024,27.71171963974454,28.061719004453746,0.3499993571090571,1.260190068678136,1.5980866709573422,0.9071622883676045,1.5592935558261016,-9.165966033935547,-2.3220503330230713,0.43188515305519104,2.832365703582762,9.71454906463623,9.71454906463623,0.3280199023311527,0.0,0.0,1,False,0.0436510150520628,True,0,0.0,5.551115123125783e-17,0.0,1.5987211554602254e-13,4.884981308350689e-15,534.0,0.0,0.0,162795,22,2003,2024,27.71171963974454,28.061719004453746,0.34999935710905705,1.260190068678136,1.5980866709571824,0.9071622883675996,1.559293555826105,-9.165966033935547,-2.3220503330230713,0.43188515305519104,2.832365703582762,9.71454906463623,9.71454906463623,534.0,0.0,0.0,0.3280199023311527,0.0,0.0,23,15,11,0.8957762557077625,False,True
A309,ARCO VERDE,PE,NE,-8.41694443,-37.08333333,680.7,164348,22,2004,2025,24.315065588348666,23.887625710777993,-0.4274398817732027,0.9259430115265024,1.2299455054255284,0.967705022779767,1.1532862553551888,-8.528026580810547,-2.2562496662139893,-0.42333945631980896,1.4050296545028687,10.335400581359863,10.335400581359863,0.21539659746391804,0.0012169299291746782,0.0,1,False,3.5770653217145747,True,0,0.0,0.0,0.0,2.6867397195928788e-14,-5.218048215738236e-15,354.0,2.0,0.0,164348,22,2004,2025,24.315065588348666,23.887625710777993,-0.4274398817732027,0.9259430115265024,1.2299455054255015,0.9677050227797722,1.1532862553551848,-8.528026580810547,-2.2562496662139893,-0.42333945631980896,1.4050296545028687,10.335400581359863,10.335400581359863,354.0,2.0,0.0,0.21539659746391804,0.0012169299291746782,0.0,22,19,16,0.9609018264840185,False,True
A310,AREIA,PB,NE,-6.97499999,-35.68499999,574.62,171891,22,2004,2025,22.95472188640077,23.730936943664627,0.7762150559128375,0.9924305762100079,1.3175175204075524,0.9410277703681448,1.0645887454660687,-9.013427734375,-0.6875728368759155,0.7212894558906555,2.3513431549072266,9.997852325439453,9.997852325439453,0.610270462095165,0.0,0.0,1,False,3.656751876229205,True,0,0.0,0.0,0.0,3.9968028886505635e-15,-1.021405182655144e-14,1049.0,0.0,0.0,171891,22,2004,2025,22.95472188640077,23.730936943664627,0.7762150559128375,0.9924305762100079,1.3175175204075484,0.941027770368155,1.0645887454660683,-9.013427734375,-0.6875728368759155,0.7212894558906555,2.3513431549072266,9.997852325439453,9.997852325439453,1049.0,0.0,0.0,0.610270462095165,0.0,0.0,22,19,18,0.9976092896174864,False,True
A311,FLORIANO,PI,NE,-6.76666666,-43.01666666,123.27,142875,21,2004,2024,29.10209903226437,28.184620710304507,-0.917478327477363,1.5755393309991763,1.9281120228906332,0.9283027217262295,1.695838913339425,-10.382421493530273,-3.3785149335861204,-1.0682613849639893,2.0830276966094923,10.208057403564453,10.382421493530273,0.7531058617672791,0.002099737532808399,0.0,1,False,1.5849355023441047,True,0,0.0,-2.220446049250313e-16,2.220446049250313e-16,2.7533531010703882e-14,-3.4416913763379853e-15,1076.0,3.0,0.0,142875,21,2004,2024,29.10209903226437,28.184620710304507,-0.9174783274773628,1.575539330999176,1.9281120228906057,0.928302721726233,1.6958389133394234,-10.382421493530273,-3.3785149335861204,-1.0682613849639893,2.0830276966094923,10.208057403564453,10.382421493530273,1076.0,3.0,0.0,0.7531058617672791,0.002099737532808399,0.0,22,14,11,0.918519038351174,False,True
A312,TERESINA,PI,NE,-5.07388888,-42.80694444,74.36,143525,20,2005,2024,28.529160763252655,28.095501990837413,-0.43365878235469796,1.29025335482629,1.6632695605988255,0.9245192132813745,1.6057470712041615,-10.549688339233398,-2.8967280864715574,-0.49121055006980896,2.2999906539916988,9.01762580871582,10.549688339233398,0.766417000522557,0.0006967427277477791,0.0,1,False,4.398398288341996,True,0,0.0,0.0,-2.220446049250313e-16,1.7763568394002505e-15,1.3322676295501878e-15,1100.0,1.0,0.0,143525,20,2005,2024,28.529160763252655,28.095501990837413,-0.43365878235469796,1.2902533548262902,1.6632695605988237,0.9245192132813732,1.6057470712041577,-10.549688339233398,-2.8967280864715574,-0.49121055006980896,2.2999906539916988,9.01762580871582,10.549688339233398,1100.0,1.0,0.0,0.766417000522557,0.0006967427277477791,0.0,22,14,12,0.9095890410958904,False,True
A313,CAMPINA GRANDE,PB,NE,-7.24249999,-35.88888888,547.56,152955,20,2006,2025,24.251149682929135,23.858777218208537,-0.39237246639009815,0.7662460112300035,1.0152117973535197,0.9636499019189376,0.9363250359174422,-7.693212509155273,-1.8709825992584228,-0.4112789034843445,1.0914402484893788,7.917529582977295,7.917529582977295,0.08368474387891864,0.0,0.0,1,False,2.57581760023346,True,0,0.0,0.0,1.1102230246251565e-16,1.3988810110276972e-14,-1.454392162258955e-14,128.0,0.0,0.0,152955,20,2006,2025,24.251149682929135,23.858777218208537,-0.39237246639009815,0.7662460112300034,1.0152117973535058,0.9636499019189522,0.9363250359174403,-7.693212509155273,-1.8709825992584228,-0.4112789034843445,1.0914402484893788,7.917529582977295,7.917529582977295,128.0,0.0,0.0,0.08368474387891864,0.0,0.0,20,15,14,0.9876712328767124,False,True
A314,GUARAMIRANGA,CE,NE,-4.26111111,-38.19749999,38.2,112778,18,2007,2024,21.683557964322176,26.993103846733472,5.309545883632078,5.309928445879359,5.466605686181558,0.8848929419171216,1.3009670423545898,-2.3802731037139893,3.1367459058761598,5.379272937774658,7.508353543281555,12.035545349121094,12.035545349121094,62.91563957509443,0.07714270513752682,0.0,2,True,84.50510577067672,True,0,0.0,0.0,0.0,2.6290081223123707e-13,-2.3314683517128287e-15,70955.0,87.0,0.0,112778,18,2007,2024,21.683557964322176,26.993103846733472,5.309545883632078,5.309928445879359,5.466605686181295,0.884892941917124,1.300967042354593,-2.3802731037139893,3.1367459058761598,5.379272937774658,7.508353543281555,12.035545349121094,12.035545349121094,70955.0,87.0,0.0,62.91563957509443,0.07714270513752682,0.0,19,11,11,0.9323770491803278,True,True
A315,BARBALHA,CE,NE,-7.31805554,-39.30166666,409.0,117557,17,2007,2024,27.07395816108294,25.829412986516346,-1.2445451784275374,1.7164347854553115,2.0207870234515704,0.9178034165623552,1.5920769625038373,-9.566414833068848,-3.474931240081787,-1.4683589935302734,1.7173539161682125,7.998486518859863,9.566414833068848,0.6082155890334051,0.0,0.0,1,False,3.876123809556372,True,0,0.0,0.0,0.0,6.439293542825908e-14,3.885780586188048e-15,715.0,0.0,0.0,117557,17,2007,2024,27.07395816108294,25.829412986516346,-1.2445451784275374,1.7164347854553115,2.020787023451506,0.9178034165623513,1.5920769625038467,-9.566414833068848,-3.474931240081787,-1.4683589935302734,1.7173539161682125,7.998486518859863,9.566414833068848,715.0,0.0,0.0,0.6082155890334051,0.0,0.0,19,13,10,0.9410958904109588,False,True
A316,CAICO,RN,NE,-6.45972222,-37.08888888,169.85,124874,17,2007,2025,29.24440074747873,28.25671615715448,-0.9876845988041124,1.3169494569804392,1.5984503378204873,0.9564465485658202,1.256795633663647,-8.156307220458984,-2.838378429412842,-1.095827341079712,1.1408542454242698,11.48466682434082,11.48466682434082,0.32672934317792335,0.0016016144273427613,0.0,1,False,0.9665430202892098,True,15449,11.00959928165732,0.016490470800231027,-0.5171787822750176,-1.2422758984171027,0.15193140003512273,408.0,2.0,0.0,140323,19,2007,2025,29.246535485788648,28.24236042328293,-1.0041750696043434,1.8341282392554568,2.84072623623759,0.8045151485306975,2.65733104850766,-17.00468635559082,-3.7124849796295165,-1.0929702520370483,2.2547023296356152,13.025144577026367,17.00468635559082,9136.0,3052.0,0.0,6.510693186434155,2.174982005800902,0.0,19,13,11,0.9608447488584476,False,True
A317,MACAU,RN,NE,-5.15111111,-36.57305554,32.0,130827,18,2007,2025,28.44251414895175,28.07604996351294,-0.36646419643558503,1.211109260049811,1.5497497548765997,0.9029079773708821,1.5058039803057044,-13.103631019592285,-2.522564435005188,-0.5442379117012024,2.4424154996871934,7.49252986907959,13.103631019592285,0.4540347176041643,0.009936786748912687,0.0,1,False,0.0,True,0,0.0,0.0,0.0,1.6431300764452317e-14,0.0,594.0,13.0,0.0,130827,18,2007,2025,28.44251414895175,28.07604996351294,-0.36646419643558503,1.211109260049811,1.5497497548765833,0.9029079773708821,1.5058039803057006,-13.103631019592285,-2.522564435005188,-0.5442379117012024,2.4424154996871934,7.49252986907959,13.103631019592285,594.0,13.0,0.0,0.4540347176041643,0.009936786748912687,0.0,19,13,9,0.8689663023679417,False,True
A318,MOSSORO,RN,NE,-4.90388888,-37.36694443,36.0,129244,18,2007,2025,27.910908040058526,27.182410431079393,-0.7284976187473026,1.3899939346823178,1.7936604306867188,0.9103123670170898,1.6390636798446268,-9.212450981140137,-3.4673927664756774,-0.4698726534843445,1.7940156877040856,6.113574504852295,9.212450981140137,0.3698430874934233,0.0,0.0,1,False,0.0308877693871967,True,0,0.0,-1.1102230246251565e-16,-2.220446049250313e-16,2.842170943040401e-14,-3.3306690738754696e-15,478.0,0.0,0.0,129244,18,2007,2025,27.910908040058526,27.182410431079393,-0.7284976187473025,1.389993934682318,1.7936604306866903,0.9103123670170932,1.6390636798446245,-9.212450981140137,-3.4673927664756774,-0.4698726534843445,1.7940156877040856,6.113574504852295,9.212450981140137,478.0,0.0,0.0,0.3698430874934233,0.0,0.0,19,14,11,0.9593607305936072,False,True
A319,IGUATU,CE,NE,-6.39666666,-39.27027777,233.0,134248,19,2007,2025,28.258572934047663,27.919955659016374,-0.33861728071514646,1.080035857394725,1.3941679133090152,0.9387629669249533,1.352426017258888,-12.974706649780273,-2.3474092721939086,-0.4221920073032379,1.9319156527519223,8.99531078338623,12.974706649780273,0.33818008461951016,0.015642691138787915,0.0,1,False,0.1565536070501996,True,0,0.0,0.0,-2.220446049250313e-16,5.10702591327572e-15,9.325873406851315e-15,454.0,21.0,0.0,134248,19,2007,2025,28.258572934047663,27.919955659016374,-0.33861728071514646,1.0800358573947253,1.3941679133090101,0.938762966924944,1.352426017258886,-12.974706649780273,-2.3474092721939086,-0.4221920073032379,1.9319156527519223,8.99531078338623,12.974706649780273,454.0,21.0,0.0,0.33818008461951016,0.015642691138787915,0.0,19,13,7,0.8703196347031964,False,True
A320,JOAO PESSOA,PB,NE,-7.16583333,-34.81527777,47.0,129221,19,2007,2025,27.04466533624726,26.168572767492986,-0.8760925732452519,1.3454536266698747,1.7072398554401682,0.8624909375693648,1.4653144178594957,-6.913769245147705,-3.301757335662842,-0.7121089696884155,1.6089847087860107,4.892529487609863,6.913769245147705,0.15554747293396584,0.0,0.0,1,False,0.0689596048787868,True,0,0.0,-1.1102230246251565e-16,-2.220446049250313e-16,4.440892098500626e-16,5.773159728050814e-15,201.0,0.0,0.0,129221,19,2007,2025,27.04466533624726,26.168572767492986,-0.8760925732452518,1.345453626669875,1.7072398554401678,0.862490937569359,1.4653144178594966,-6.913769245147705,-3.301757335662842,-0.7121089696884155,1.6089847087860107,4.892529487609863,6.913769245147705,201.0,0.0,0.0,0.15554747293396584,0.0,0.0,19,14,11,0.920433789954338,False,True
A321,PATOS,PB,NE,-7.07972221,-37.27249999,249.0,134798,19,2007,2025,28.72253222524873,27.250955607530656,-1.4715766258913183,1.6496099397098996,1.900952547209319,0.9604452482595685,1.203367592868165,-8.924022674560547,-3.2257070779800414,-1.5507808923721313,0.5918604671955103,7.646191596984863,8.924022674560547,0.3835368477277111,0.0,0.0,1,False,0.0306522692972083,True,0,0.0,0.0,0.0,-3.907985046680551e-14,2.6645352591003757e-15,517.0,0.0,0.0,134798,19,2007,2025,28.72253222524873,27.250955607530656,-1.4715766258913183,1.6496099397098996,1.900952547209358,0.9604452482595658,1.2033675928681644,-8.924022674560547,-3.2257070779800414,-1.5507808923721313,0.5918604671955103,7.646191596984863,8.924022674560547,517.0,0.0,0.0,0.3835368477277111,0.0,0.0,19,14,9,0.8968036529680365,False,True
A322,GARANHUNS,PE,NE,-8.90694444,-36.49472221,822.76,149434,19,2007,2025,21.95776396149245,22.152518802455806,0.19475483981731742,0.7396582401235523,0.9772710462078221,0.9699374882604828,0.9576718579546424,-6.685107231140137,-1.5121919691562653,0.2950016111135483,1.5390141010284424,8.344532012939453,8.344532012939453,0.054873723516736486,0.0,0.0,1,False,0.4691353693340703,True,0,0.0,0.0,0.0,1.1102230246251565e-16,2.55351295663786e-15,82.0,0.0,0.0,149434,19,2007,2025,21.95776396149245,22.152518802455806,0.19475483981731742,0.7396582401235523,0.977271046207822,0.9699374882604802,0.9576718579546438,-6.685107231140137,-1.5121919691562653,0.2950016111135483,1.5390141010284424,8.344532012939453,8.344532012939453,82.0,0.0,0.0,0.054873723516736486,0.0,0.0,19,16,14,0.996689497716895,False,True
A323,PAO DE ACUCAR,AL,NE,-9.76583333,-37.44777777,19.0,131336,17,2007,2025,27.86448041319651,26.485704584694478,-1.3787758319479888,1.544140407242964,1.8626205048968254,0.9664439904707771,1.252335534896131,-10.499804496765137,-3.494640827178955,-1.3415035009384155,0.6033141165971756,10.442771911621094,10.499804496765137,0.5284156666869708,0.0038070292988974844,0.0,1,False,2.624589318282305,True,0,0.0,0.0,0.0,3.6637359812630166e-14,-9.992007221626409e-16,694.0,5.0,0.0,131336,17,2007,2025,27.86448041319651,26.485704584694478,-1.3787758319479888,1.544140407242964,1.8626205048967888,0.9664439904707781,1.252335534896128,-10.499804496765137,-3.494640827178955,-1.3415035009384155,0.6033141165971756,10.442771911621094,10.499804496765137,694.0,5.0,0.0,0.5284156666869708,0.0038070292988974844,0.0,19,15,12,0.9332191780821918,False,True
A324,TAUA,CE,NE,-6.01666666,-40.28166666,415.0,117745,16,2007,2023,27.804017146824627,26.38295867628664,-1.4210584793770884,1.6537297922458607,1.9752135197825669,0.9457816232647408,1.3718881992611334,-12.723796844482422,-3.5827827930450438,-1.4597164392471313,0.86241209506988,8.8017578125,12.723796844482422,0.6480105312327488,0.0025478788908233894,0.0,1,False,0.0976209684998051,True,0,0.0,0.0,0.0,5.262457136723242e-14,8.881784197001252e-16,763.0,3.0,0.0,117745,16,2007,2023,27.804017146824627,26.38295867628664,-1.4210584793770884,1.6537297922458607,1.9752135197825142,0.9457816232647399,1.3718881992611311,-12.723796844482422,-3.5827827930450438,-1.4597164392471313,0.86241209506988,8.8017578125,12.723796844482422,763.0,3.0,0.0,0.6480105312327488,0.0025478788908233894,0.0,19,13,13,0.9445205479452056,False,True
A325,QUIXERAMOBIM,CE,NE,-5.17305554,-39.28722221,232.0,120424,19,2007,2025,28.312627871852378,27.58421096289854,-0.7284169185045115,1.1096371230851894,1.4247143932354533,0.9548640208691359,1.2244314373385443,-9.842041015625,-2.6928965568542482,-0.7277669906616211,1.2280945956706943,8.18930721282959,9.842041015625,0.274031754467548,0.0,0.0,1,False,0.2933853060771133,True,0,0.0,-1.1102230246251565e-16,0.0,9.992007221626409e-15,2.220446049250313e-15,330.0,0.0,0.0,120424,19,2007,2025,28.312627871852378,27.58421096289854,-0.7284169185045114,1.1096371230851894,1.4247143932354434,0.9548640208691337,1.2244314373385479,-9.842041015625,-2.6928965568542482,-0.7277669906616211,1.2280945956706943,8.18930721282959,9.842041015625,330.0,0.0,0.0,0.274031754467548,0.0,0.0,19,12,9,0.8794398907103825,False,True
A326,BOM JESUS DO PIAUI,PI,NE,-9.08333333,-44.31666666,415.0,142963,19,2007,2025,28.321368461885537,27.152698975168118,-1.1686694910947066,1.8182564233126801,2.200165697598117,0.9331545534198818,1.8641258069712012,-10.301366806030273,-3.835567784309387,-1.3532222509384155,2.047150993347167,10.44536018371582,10.44536018371582,1.3199219378440576,0.0020984450522163077,0.0,1,False,1.275074052221295,True,0,0.0,2.220446049250313e-16,-2.220446049250313e-16,4.618527782440651e-14,2.220446049250313e-15,1887.0,3.0,0.0,142963,19,2007,2025,28.321368461885537,27.152698975168118,-1.1686694910947069,1.8182564233126803,2.200165697598071,0.9331545534198796,1.8641258069712057,-10.301366806030273,-3.835567784309387,-1.3532222509384155,2.047150993347167,10.44536018371582,10.44536018371582,1887.0,3.0,0.0,1.3199219378440576,0.0020984450522163077,0.0,19,16,13,0.9761904761904762,False,True
A327,PALMEIRA DOS INDIOS,AL,NE,-9.42055554,-36.62027777,275.0,145904,19,2007,2025,25.76359592277317,24.32113959324152,-1.4424563329736813,1.543485930326123,1.8821317991209257,0.9653818355178808,1.2090284758017713,-8.904882431030273,-3.5617940187454225,-1.3000804781913757,0.2926470294594768,9.83344554901123,9.83344554901123,0.4893628687356069,0.0,0.0,1,False,0.0308866574364536,True,0,0.0,0.0,0.0,-3.5083047578154947e-14,3.6637359812630166e-15,714.0,0.0,0.0,145904,19,2007,2025,25.76359592277317,24.32113959324152,-1.4424563329736813,1.543485930326123,1.8821317991209607,0.9653818355178772,1.2090284758017702,-8.904882431030273,-3.5617940187454225,-1.3000804781913757,0.2926470294594768,9.83344554901123,9.83344554901123,714.0,0.0,0.0,0.4893628687356069,0.0,0.0,19,15,13,0.9736590038314176,False,True
A328,SURUBIM,PE,NE,-7.83694444,-35.7961111,418.0,130063,18,2008,2025,25.066053371937286,24.639775835903055,-0.42627753818869984,1.0054059197326448,1.32652018481007,0.9581589304262594,1.2561669448696908,-7.756396293640137,-2.664506363868713,-0.28662070631980896,1.3965760231018065,8.432812690734863,8.432812690734863,0.11609758347877568,0.0,0.0,1,False,0.8913571828600324,True,0,0.0,0.0,-2.220446049250313e-16,8.215650382226158e-15,4.551914400963142e-15,151.0,0.0,0.0,130063,18,2008,2025,25.066053371937286,24.639775835903055,-0.42627753818869984,1.005405919732645,1.3265201848100618,0.9581589304262549,1.2561669448696924,-7.756396293640137,-2.664506363868713,-0.28662070631980896,1.3965760231018065,8.432812690734863,8.432812690734863,151.0,0.0,0.0,0.11609758347877568,0.0,0.0,18,13,12,0.9389224180951669,False,True
A329,CABROBO,PE,NE,-8.50305555,-39.31388888,337.0,150582,19,2007,2025,27.863935918785565,27.028913608997446,-0.8350223194613714,1.1439943025522583,1.4268584719969792,0.9599120353268477,1.157009816335149,-7.948095321655273,-2.619872570037842,-0.8666021227836609,1.0317239940166423,11.756688117980957,11.756688117980957,0.23375967911171322,0.00332044998738229,0.0,1,False,0.1855621010246442,True,0,0.0,0.0,0.0,-1.2434497875801753e-14,5.773159728050814e-15,352.0,5.0,0.0,150582,19,2007,2025,27.863935918785565,27.028913608997446,-0.8350223194613714,1.1439943025522583,1.4268584719969917,0.9599120353268419,1.157009816335151,-7.948095321655273,-2.619872570037842,-0.8666021227836609,1.0317239940166423,11.756688117980957,11.756688117980957,352.0,5.0,0.0,0.23375967911171322,0.00332044998738229,0.0,19,18,16,0.997488584474886,False,True
A330,PAULISTANA,PI,NE,-8.07999999,-41.07999999,374.22,144521,19,2007,2025,28.68291458429049,27.690948871939298,-0.9919657217259392,1.3177600480076879,1.627635290992489,0.9460144524910054,1.2904310015224667,-9.06826114654541,-2.9404537677764893,-1.0486812591552734,1.0929691791534424,10.306736946105957,10.306736946105957,0.48643449740868105,0.0013838819271939718,0.0,2,True,9.050015201446447,True,0,0.0,1.1102230246251565e-16,0.0,-5.3734794391857577e-14,-3.3306690738754696e-16,703.0,2.0,0.0,144521,19,2007,2025,28.68291458429049,27.690948871939298,-0.9919657217259393,1.3177600480076879,1.6276352909925427,0.9460144524910057,1.290431001522467,-9.06826114654541,-2.9404537677764893,-1.0486812591552734,1.0929691791534424,10.306736946105957,10.306736946105957,703.0,2.0,0.0,0.48643449740868105,0.0013838819271939718,0.0,19,17,14,0.9644308943089432,True,True
A331,SAO JOAO DO PIAUI,PI,NE,-8.36472222,-42.25083333,235.0,127073,18,2007,2025,29.312847731061332,28.386767826796444,-0.9260799067595387,1.5719249447691164,1.9216715456273805,0.9278861892430929,1.6838111079665603,-11.39492130279541,-3.404784679412842,-1.1155269145965576,2.080898761749267,12.40937328338623,12.40937328338623,0.9726692531064821,0.0070825431051442875,0.0,1,False,0.1859375648413552,True,0,0.0,0.0,0.0,-5.972999872483342e-14,-6.661338147750939e-15,1236.0,9.0,0.0,127073,18,2007,2025,29.312847731061332,28.386767826796444,-0.9260799067595387,1.5719249447691164,1.9216715456274402,0.9278861892430995,1.6838111079665583,-11.39492130279541,-3.404784679412842,-1.1155269145965576,2.080898761749267,12.40937328338623,12.40937328338623,1236.0,9.0,0.0,0.9726692531064821,0.0070825431051442875,0.0,19,15,13,0.9212328767123288,False,True
A332,MORADA NOVA,CE,NE,-5.13638888,-38.35638888,43.6,151418,19,2007,2025,28.60282066561221,28.526981424842255,-0.07583924392518486,1.0369922009379702,1.3768369314325362,0.9442881459425709,1.3747511871063354,-9.44838809967041,-2.258403992652893,-0.11412162706255913,2.2734274387359616,10.202488899230957,10.202488899230957,0.2780382781439459,0.0006604234635248121,0.0,2,True,5.118562333573931,True,0,0.0,0.0,0.0,-5.728750807065808e-14,-2.3314683517128287e-15,421.0,1.0,0.0,151418,19,2007,2025,28.60282066561221,28.526981424842255,-0.07583924392518486,1.0369922009379702,1.3768369314325934,0.9442881459425733,1.3747511871063318,-9.44838809967041,-2.258403992652893,-0.11412162706255913,2.2734274387359616,10.202488899230957,10.202488899230957,421.0,1.0,0.0,0.2780382781439459,0.0006604234635248121,0.0,19,18,15,0.9823059360730594,True,True
A333,SAO GONCALO,PB,NE,-6.75666666,-38.22749999,233.06,145019,19,2007,2025,28.300732305343377,27.95209337561374,-0.34863894205876633,1.3630905094376755,1.729480245164017,0.9101743767929991,1.6939812850371614,-8.924999237060547,-2.525429224967956,-0.6410640478134155,2.93320529460907,9.01416015625,9.01416015625,1.16812279770237,0.0,0.0,1,False,12.800569415575085,True,0,0.0,0.0,0.0,-6.328271240363392e-14,4.3298697960381105e-15,1694.0,0.0,0.0,145019,19,2007,2025,28.300732305343377,27.95209337561374,-0.34863894205876633,1.3630905094376755,1.7294802451640803,0.9101743767929947,1.6939812850371583,-8.924999237060547,-2.525429224967956,-0.6410640478134155,2.93320529460907,9.01416015625,9.01416015625,1694.0,0.0,0.0,1.16812279770237,0.0,0.0,19,16,14,0.997945205479452,True,True
A334,MONTEIRO,PB,NE,-7.89138888,-37.11527777,603.66,140565,19,2007,2025,25.582834979419506,24.895686740405072,-0.6871482469549574,1.0659349217128886,1.3605325093127785,0.9655392743009834,1.1742596838856718,-9.776464462280273,-2.5549214363098143,-0.6928707361221313,1.1882236242294306,9.953857421875,9.953857421875,0.2205385408885569,0.0,0.0,1,False,1.0943079849683188,True,0,0.0,0.0,0.0,7.549516567451064e-15,9.103828801926284e-15,310.0,0.0,0.0,140565,19,2007,2025,25.582834979419506,24.895686740405072,-0.6871482469549574,1.0659349217128886,1.360532509312771,0.9655392743009743,1.1742596838856725,-9.776464462280273,-2.5549214363098143,-0.6928707361221313,1.1882236242294306,9.953857421875,9.953857421875,310.0,0.0,0.0,0.2205385408885569,0.0,0.0,19,15,12,0.9691780821917808,False,True
A335,PIRIPIRI,PI,NE,-4.26388888,-41.77805554,161.2,140617,19,2007,2025,28.681268261884167,28.319089825110268,-0.3621784426258793,1.4643458082873375,1.8408982945975936,0.9223968395148683,1.8049256146268493,-10.068896293640137,-3.1380535125732423,-0.479012668132782,2.836526775360103,10.868162155151367,10.868162155151367,0.7616433290427189,0.0014223031354672622,0.0,1,False,2.2760241265283856,True,0,0.0,0.0,0.0,-7.083222897108499e-14,1.5543122344752192e-15,1071.0,2.0,0.0,140617,19,2007,2025,28.681268261884167,28.319089825110268,-0.3621784426258793,1.4643458082873375,1.8408982945976644,0.9223968395148667,1.804925614626845,-10.068896293640137,-3.1380535125732423,-0.479012668132782,2.836526775360103,10.868162155151367,10.868162155151367,1071.0,2.0,0.0,0.7616433290427189,0.0014223031354672622,0.0,19,14,10,0.9155251141552512,False,True
A336,ALVORADA DO GURGUEIA,PI,NE,-8.44305555,-43.86472222,270.0,139118,19,2007,2025,28.04997052228321,27.31251735601155,-0.737453172670213,1.631815109370167,2.0060945417002762,0.9258522363752951,1.8656374640936904,-10.270214080810547,-3.4293200731277462,-0.9285930693149567,2.5112602353096,12.079099655151367,12.079099655151367,1.158728561365172,0.006469328196207536,0.0,1,False,7.435704100918986,True,0,0.0,1.1102230246251565e-16,0.0,-6.128431095930864e-14,6.661338147750939e-16,1612.0,9.0,0.0,139118,19,2007,2025,28.04997052228321,27.31251735601155,-0.7374531726702132,1.631815109370167,2.0060945417003375,0.9258522363752945,1.8656374640936904,-10.270214080810547,-3.4293200731277462,-0.9285930693149567,2.5112602353096,12.079099655151367,12.079099655151367,1612.0,9.0,0.0,1.158728561365172,0.006469328196207536,0.0,19,13,12,0.9339041095890412,True,True
A337,CARACOL,PI,NE,-9.2861111,-43.32444443,523.0,118735,17,2007,2023,26.689987780395526,25.845750006837445,-0.8442377810985229,1.7485868141760035,2.128265762449857,0.9278190332005073,1.953665751913526,-10.487841606140137,-3.7182313680648806,-1.0474116802215576,2.7385890245437596,11.192380905151367,11.192380905151367,1.211942561165621,0.0033688465911483555,0.0,1,False,0.0308866574362768,True,0,0.0,1.1102230246251565e-16,0.0,-3.952393967665557e-14,1.0436096431476471e-14,1439.0,4.0,0.0,118735,17,2007,2023,26.689987780395526,25.845750006837445,-0.844237781098523,1.7485868141760035,2.1282657624498964,0.9278190332004969,1.953665751913526,-10.487841606140137,-3.7182313680648806,-1.0474116802215576,2.7385890245437596,11.192380905151367,11.192380905151367,1439.0,4.0,0.0,1.211942561165621,0.0033688465911483555,0.0,19,14,8,0.8488584474885845,False,True
A338,ESPERANTINA,PI,NE,-3.90083333,-42.23694444,65.0,82548,11,2007,2017,28.2939441272118,28.651848456792234,0.3579043272123239,1.5963470900364438,2.0027783922224294,0.9170412579911947,1.9705514002675453,-8.806200981140137,-2.6612802028656004,0.29162634909152985,3.663842165470122,10.86308479309082,10.86308479309082,1.251393128846247,0.00484566555216359,0.0,1,False,0.0,True,0,0.0,0.0,0.0,-2.708944180085382e-14,-1.1102230246251565e-15,1033.0,4.0,0.0,82548,11,2007,2017,28.2939441272118,28.651848456792234,0.3579043272123239,1.5963470900364438,2.0027783922224565,0.9170412579911958,1.9705514002675464,-8.806200981140137,-2.6612802028656004,0.29162634909152985,3.663842165470122,10.86308479309082,10.86308479309082,1033.0,4.0,0.0,1.251393128846247,0.00484566555216359,0.0,11,10,8,0.9714253187613844,False,True
A339,JAGUARUANA,CE,NE,-4.85333333,-37.77694443,12.0,136826,19,2007,2025,28.47327700010172,27.59102858780278,-0.8822484209725939,1.2095817272029092,1.5744908789391168,0.9480691412451098,1.3040980335090497,-10.462011337280273,-3.1826670169830322,-0.7692378759384155,1.083713948726654,7.021679878234863,10.462011337280273,0.4896730153625773,0.0007308552468098168,0.0,1,False,8.729130749793704,True,0,0.0,0.0,0.0,-1.9984014443252818e-15,-3.552713678800501e-15,670.0,1.0,0.0,136826,19,2007,2025,28.47327700010172,27.59102858780278,-0.8822484209725939,1.2095817272029092,1.5744908789391188,0.9480691412451133,1.304098033509047,-10.462011337280273,-3.1826670169830322,-0.7692378759384155,1.083713948726654,7.021679878234863,10.462011337280273,670.0,1.0,0.0,0.4896730153625773,0.0007308552468098168,0.0,19,14,12,0.9278846153846154,True,True
A340,APODI,RN,NE,-5.62638888,-37.815,150.0,126024,18,2007,2024,28.56344743010461,28.454282778918095,-0.10916465966869783,1.0795337062729766,1.4074806879259665,0.9411851564959303,1.403246446199075,-7.270849227905273,-2.127004384994507,-0.2407720535993576,2.433077085018156,10.613279342651367,10.613279342651367,0.33644385196470517,0.0007934996508601537,0.0,1,False,0.0308877693871967,True,0,0.0,0.0,2.220446049250313e-16,-2.353672812205332e-14,-1.887379141862766e-15,424.0,1.0,0.0,126024,18,2007,2024,28.56344743010461,28.454282778918095,-0.10916465966869783,1.0795337062729764,1.40748068792599,0.9411851564959322,1.403246446199074,-7.270849227905273,-2.127004384994507,-0.2407720535993576,2.433077085018156,10.613279342651367,10.613279342651367,424.0,1.0,0.0,0.33644385196470517,0.0007934996508601537,0.0,19,13,11,0.906164383561644,False,True
A341,CARUARU,PE,NE,-8.2361111,-35.98583333,550.0,133939,19,2007,2025,23.107360812338364,23.239506037678368,0.13214522426944036,1.344832969187673,1.6705963170042204,0.9072297052854817,1.6653679476044165,-9.419677734375,-2.4952633380889893,-0.0454586036503315,2.854243850708006,8.701416015625,9.419677734375,0.30834932319936686,0.0,0.0,1,False,15.104790953245802,True,0,0.0,-2.7755575615628914e-17,0.0,-1.3100631690576847e-14,9.880984919163893e-15,413.0,0.0,0.0,133939,19,2007,2025,23.107360812338364,23.239506037678368,0.1321452242694404,1.344832969187673,1.6705963170042335,0.9072297052854719,1.6653679476044143,-9.419677734375,-2.4952633380889893,-0.0454586036503315,2.854243850708006,8.701416015625,9.419677734375,413.0,0.0,0.0,0.30834932319936686,0.0,0.0,19,13,12,0.9420537340619308,True,True
A342,CRATEUS,CE,NE,-5.1861111,-40.66999999,291.0,138958,18,2008,2025,28.6487283896634,27.509913866184224,-1.138814526710333,1.4420471169582578,1.7888073985539406,0.9517687587832876,1.379473478280646,-11.562746047973633,-3.3319602608680725,-1.1289546489715576,1.0585673093795769,8.552392959594727,11.562746047973633,0.6181723974150463,0.0007196419061874811,0.0,1,False,0.253723586930601,True,0,0.0,-2.220446049250313e-16,0.0,4.440892098500626e-15,2.220446049250313e-16,859.0,1.0,0.0,138958,18,2008,2025,28.6487283896634,27.509913866184224,-1.1388145267103327,1.4420471169582578,1.7888073985539361,0.9517687587832874,1.3794734782806461,-11.562746047973633,-3.3319602608680725,-1.1289546489715576,1.0585673093795769,8.552392959594727,11.562746047973633,859.0,1.0,0.0,0.6181723974150463,0.0007196419061874811,0.0,18,14,14,0.998176167128278,False,True
A343,PICOS,PI,NE,-7.07083332,-41.40416666,233.0,119132,18,2008,2025,29.33929506281771,28.18807383595154,-1.151221231825333,1.7262322308315918,2.0737290950464122,0.9329707596701642,1.7248382555761785,-11.639745712280273,-3.656641149520874,-1.3363765478134155,1.94722933769226,9.444822311401367,11.639745712280273,1.0551321223516772,0.0033576201188597523,0.0,1,False,0.0308877693872851,True,0,0.0,0.0,0.0,-1.1546319456101628e-14,8.548717289613705e-15,1257.0,4.0,0.0,119132,18,2008,2025,29.33929506281771,28.18807383595154,-1.151221231825333,1.7262322308315918,2.0737290950464238,0.9329707596701556,1.7248382555761759,-11.639745712280273,-3.656641149520874,-1.3363765478134155,1.94722933769226,9.444822311401367,11.639745712280273,1257.0,4.0,0.0,1.0551321223516772,0.0033576201188597523,0.0,18,11,7,0.8382702360456122,False,True
A344,CALCANHAR,RN,NE,-5.16,-35.45416666,17.0,90010,15,2008,2025,27.196475947744222,26.235801194861338,-0.9606747521640109,1.3150051495725694,1.5268825412256688,0.8896466922173335,1.1867981982646227,-6.97011661529541,-2.7265889048576355,-1.0733394622802734,1.2852944552898413,4.015649795532227,6.97011661529541,0.017775802688590157,0.0,0.0,1,False,3.7043385117608185,True,0,0.0,0.0,0.0,7.771561172376096e-15,-2.220446049250313e-15,16.0,0.0,0.0,90010,15,2008,2025,27.196475947744222,26.235801194861338,-0.9606747521640109,1.3150051495725694,1.526882541225661,0.8896466922173357,1.1867981982646274,-6.97011661529541,-2.7265889048576355,-1.0733394622802734,1.2852944552898413,4.015649795532227,6.97011661529541,16.0,0.0,0.0,0.017775802688590157,0.0,0.0,18,6,4,0.7722031963470319,False,True
A345,SAO RAIMUNDO NONATO,PI,NE,-9.03305554,-42.70055555,402.0,124081,18,2008,2025,27.996274204516855,26.65774158867274,-1.3385326194404963,2.1256654259517678,2.4850019539560604,0.9082391929425222,2.0937049616405705,-9.767431259155273,-4.203906059265137,-1.704159140586853,2.7806155681610107,8.58906078338623,9.767431259155273,2.1429550051982176,0.0,0.0,1,False,0.0683832308764542,True,0,0.0,-2.220446049250313e-16,0.0,6.838973831690964e-14,-1.6653345369377348e-15,2659.0,0.0,0.0,124081,18,2008,2025,27.996274204516855,26.65774158867274,-1.338532619440496,2.1256654259517678,2.485001953955992,0.9082391929425239,2.0937049616405696,-9.767431259155273,-4.203906059265137,-1.704159140586853,2.7806155681610107,8.58906078338623,9.767431259155273,2659.0,0.0,0.0,2.1429550051982176,0.0,0.0,18,12,11,0.9598173515981736,False,True
A346,URUCUI,PI,NE,-7.47472221,-44.34472221,393.0,138345,18,2008,2025,27.297579956771607,26.879703286923828,-0.41787667631262465,1.5647172118432624,1.9332262225409378,0.9119620265437689,1.8875297252480592,-8.35439395904541,-3.317275047302246,-0.45004844665527344,2.7438480854034424,10.183008193969727,10.183008193969727,0.7452383533918826,0.0007228306046478007,0.0,1,False,3.706628833363251,True,0,0.0,-5.551115123125783e-17,0.0,-3.3084646133829665e-14,3.219646771412954e-15,1031.0,1.0,0.0,138345,18,2008,2025,27.297579956771607,26.879703286923828,-0.4178766763126246,1.5647172118432624,1.9332262225409709,0.9119620265437657,1.8875297252480647,-8.35439395904541,-3.317275047302246,-0.45004844665527344,2.7438480854034424,10.183008193969727,10.183008193969727,1031.0,1.0,0.0,0.7452383533918826,0.0007228306046478007,0.0,18,15,14,0.997945205479452,False,True
A347,CAMPOS SALES,CE,NE,-7.07805554,-40.36305555,572.0,109350,15,2008,2024,26.32238042454661,25.604625596289335,-0.7177548334962692,1.3233857724205464,1.6858172521570103,0.9356578755003664,1.5253947310099283,-9.71337890625,-3.13634238243103,-0.7617183923721313,1.8130912125110614,9.70029354095459,9.71337890625,0.7389117512574304,0.0,0.0,1,False,0.0551908661770048,True,0,0.0,0.0,0.0,-7.682743330406083e-14,-3.219646771412954e-15,808.0,0.0,0.0,109350,15,2008,2024,26.32238042454661,25.604625596289335,-0.7177548334962692,1.3233857724205464,1.685817252157087,0.9356578755003696,1.5253947310099245,-9.71337890625,-3.13634238243103,-0.7617183923721313,1.8130912125110614,9.70029354095459,9.71337890625,808.0,0.0,0.0,0.7389117512574304,0.0,0.0,18,13,8,0.8628995433789954,False,True
A348,CABACEIRAS,PB,NE,-7.48333333,-36.28638888,436.0,137074,18,2008,2025,26.1472430908087,24.876360480176636,-1.270882614975465,1.4502405430217322,1.7309486068573776,0.9661982590137697,1.1751810642421807,-9.062694549560547,-3.1933760046958923,-1.2641841769218445,0.6137869954109187,7.325928211212158,9.062694549560547,0.3596597458307192,0.0,0.0,1,False,0.0166878823151213,True,0,0.0,0.0,0.0,-1.1102230246251565e-14,2.9976021664879227e-15,493.0,0.0,0.0,137074,18,2008,2025,26.1472430908087,24.876360480176636,-1.270882614975465,1.4502405430217322,1.7309486068573887,0.9661982590137667,1.175181064242182,-9.062694549560547,-3.1933760046958923,-1.2641841769218445,0.6137869954109187,7.325928211212158,9.062694549560547,493.0,0.0,0.0,0.3596597458307192,0.0,0.0,18,15,12,0.9981164383561644,False,True
A349,IBIMIRIM,PE,NE,-8.50944444,-37.71138888,448.0,142380,18,2008,2025,26.655126417224068,25.93634718352279,-0.7187792389577533,1.100141942474638,1.4134876918430304,0.9654737152225836,1.2170925456119346,-12.700384140014648,-2.6117232918739317,-0.7429439723491669,1.1842411041259737,10.32719612121582,12.700384140014648,0.3799690967832561,0.004214075010535188,0.0,1,False,0.0305477409303883,True,0,0.0,0.0,0.0,-7.771561172376096e-15,-5.218048215738236e-15,541.0,6.0,0.0,142380,18,2008,2025,26.655126417224068,25.93634718352279,-0.7187792389577533,1.100141942474638,1.4134876918430381,0.9654737152225888,1.2170925456119355,-12.700384140014648,-2.6117232918739317,-0.7429439723491669,1.1842411041259737,10.32719612121582,12.700384140014648,541.0,6.0,0.0,0.3799690967832561,0.004214075010535188,0.0,18,17,15,0.9981735159817352,False,True
A350,SERRA TALHADA,PE,NE,-7.95361111,-38.29472221,461.0,124077,17,2008,2025,26.752967908182825,26.298241961994535,-0.45472595311331204,1.058329138711579,1.3781345132159857,0.953194108774078,1.3009583716423785,-9.17934513092041,-2.3466500759124758,-0.5474605560302734,1.7653128385543813,9.45566463470459,9.45566463470459,0.37799108618035576,0.0,0.0,1,False,0.0839783956274399,True,0,0.0,-5.551115123125783e-17,2.220446049250313e-16,4.440892098500626e-15,1.1102230246251565e-15,469.0,0.0,0.0,124077,17,2008,2025,26.752967908182825,26.298241961994535,-0.454725953113312,1.0583291387115787,1.3781345132159812,0.9531941087740768,1.3009583716423805,-9.17934513092041,-2.3466500759124758,-0.5474605560302734,1.7653128385543813,9.45566463470459,9.45566463470459,469.0,0.0,0.0,0.37799108618035576,0.0,0.0,18,13,10,0.910041607405744,False,True
A351,FLORESTA,PE,NE,-8.5936111,-38.58388888,332.0,130619,18,2008,2025,27.966987951011447,27.07773104980673,-0.8892569075409521,1.1920922959319291,1.5047725245294115,0.9611837555018784,1.213908474488576,-9.36245059967041,-2.7983004808425904,-0.8941219449043274,1.0042044997215267,10.685447692871094,10.685447692871094,0.39963558134727717,0.0007655854048798413,0.0,1,False,0.5876573153432179,True,0,0.0,1.1102230246251565e-16,0.0,-1.2212453270876722e-14,1.9984014443252818e-15,522.0,1.0,0.0,130619,18,2008,2025,27.966987951011447,27.07773104980673,-0.8892569075409522,1.1920922959319291,1.5047725245294237,0.9611837555018764,1.2139084744885744,-9.36245059967041,-2.7983004808425904,-0.8941219449043274,1.0042044997215267,10.685447692871094,10.685447692871094,522.0,1.0,0.0,0.39963558134727717,0.0007655854048798413,0.0,18,14,13,0.9792805100182148,False,True
A352,CAMARATUBA,PB,NE,-6.56083333,-35.13472221,136.0,126264,17,2008,2025,25.632018626072345,25.604234755194053,-0.027783872271485592,0.8727991515368709,1.0994662702485425,0.9435809365248925,1.0991195128903597,-6.341845512390137,-1.9775749802589415,0.1240665428340435,1.5344657301902767,7.167871475219727,7.167871475219727,0.030095672559082555,0.0,0.0,1,False,0.1379528268410425,True,0,0.0,-3.469446951953614e-18,0.0,1.1102230246251565e-15,-8.881784197001252e-15,38.0,0.0,0.0,126264,17,2008,2025,25.632018626072345,25.604234755194053,-0.02778387227148559,0.8727991515368709,1.0994662702485414,0.9435809365249014,1.0991195128903584,-6.341845512390137,-1.9775749802589415,0.1240665428340435,1.5344657301902767,7.167871475219727,7.167871475219727,38.0,0.0,0.0,0.030095672559082555,0.0,0.0,18,15,8,0.8918949771689497,False,True
A353,ARAPIRACA,AL,NE,-9.80416666,-36.61888888,241.0,111940,18,2008,2025,25.406732174650312,24.850973966587265,-0.555758211484566,1.1201948850884218,1.5549810530547823,0.9430919246654489,1.4522801820684734,-10.736135482788086,-3.0170517683029177,-0.35792960226535797,1.276661187410354,12.992429733276367,12.992429733276367,0.9165624441665178,0.021440057173485794,0.0,1,False,0.04336409081914,True,0,0.0,0.0,0.0,-1.865174681370263e-14,8.215650382226158e-15,1026.0,24.0,0.0,111940,18,2008,2025,25.406732174650312,24.850973966587265,-0.555758211484566,1.1201948850884218,1.554981053054801,0.9430919246654407,1.452280182068471,-10.736135482788086,-3.0170517683029177,-0.35792960226535797,1.276661187410354,12.992429733276367,12.992429733276367,1026.0,24.0,0.0,0.9165624441665178,0.021440057173485794,0.0,18,12,9,0.929345112691202,False,True
A354,OEIRAS,PI,NE,-6.97416666,-42.14694444,156.0,126670,17,2008,2025,28.52286571194155,28.806409202235983,0.2835434882064639,2.111570745547497,2.706600623830658,0.8636121744175025,2.6917182664276385,-10.963183403015137,-3.1799630403518675,-0.2678951323032379,5.642081952095031,11.140281677246094,11.140281677246094,7.630851819688955,0.026051946001421016,0.0,1,False,0.0130061480065851,True,0,0.0,0.0,0.0,1.98507876802978e-13,-1.9984014443252818e-15,9666.0,33.0,0.0,126670,17,2008,2025,28.52286571194155,28.806409202235983,0.2835434882064639,2.111570745547497,2.7066006238304596,0.8636121744175045,2.6917182664276376,-10.963183403015137,-3.1799630403518675,-0.2678951323032379,5.642081952095031,11.140281677246094,11.140281677246094,9666.0,33.0,0.0,7.630851819688955,0.026051946001421016,0.0,18,15,13,0.9790350029414236,False,True
A355,CORURIPE,AL,NE,-10.14527777,-36.28638888,74.0,124515,16,2008,2025,26.26291852185981,25.63797868600654,-0.6249398379652156,1.6492711338289052,2.0488636336047676,0.8271209085724152,1.9512362658725242,-12.530956268310547,-3.8989741802215576,-0.25341758131980896,2.079702496528625,5.548291206359863,12.530956268310547,1.128378107055375,0.0016062321808617435,0.0,1,False,1.8532517078756807,True,8758,6.571473591800289,0.3343005637671038,-0.2699823176236609,-0.5007861250654191,0.07080494201366305,1405.0,2.0,0.0,133273,17,2008,2025,26.601965886468,25.64272548784334,-0.9592404017323194,1.919253451452566,2.5496497586701867,0.7563159665587521,2.362332241053452,-12.896777153015137,-4.997235870361329,-0.4937984347343445,2.0435611248016348,5.548291206359863,12.896777153015137,6660.0,316.0,0.0,4.997261260720476,0.23710729104919975,0.0,18,15,14,0.9908675799086758,False,True
A356,SAO LUIS DO QUITUNDE,AL,NE,-9.28749999,-35.56583333,19.0,120517,17,2008,2024,25.921986936297333,25.48608673971725,-0.4359001998358088,1.7603336067523438,2.073623433675368,0.8872274759983579,2.0272985135494612,-9.514766693115234,-3.512321996688843,-0.44003868103027344,2.7795023918151855,6.241141319274902,9.514766693115234,0.22071574964527824,0.0,0.0,1,False,0.0053374289216466,True,0,0.0,0.0,0.0,-8.570921750106208e-14,-1.7763568394002505e-15,266.0,0.0,0.0,120517,17,2008,2024,25.921986936297333,25.48608673971725,-0.4359001998358088,1.7603336067523438,2.0736234336754538,0.8872274759983597,2.0272985135494626,-9.514766693115234,-3.512321996688843,-0.44003868103027344,2.7795023918151855,6.241141319274902,9.514766693115234,266.0,0.0,0.0,0.22071574964527824,0.0,0.0,18,12,10,0.943093607305936,False,True
A357,PALMARES,PE,NE,-8.66638888,-35.56805554,180.0,136973,18,2008,2025,25.395922550646098,24.701056122138425,-0.6948664319783663,1.1051489335288651,1.5144767449787504,0.9505190060913765,1.3456647699240671,-13.54384708404541,-3.19496054649353,-0.4175289273262024,1.0931601762771601,7.284814834594727,13.54384708404541,0.27450665459616125,0.002920283559533631,0.0,1,False,0.0308877693873735,True,0,0.0,0.0,0.0,-6.639133687258436e-14,4.884981308350689e-15,376.0,4.0,0.0,136973,18,2008,2025,25.395922550646098,24.701056122138425,-0.6948664319783663,1.1051489335288651,1.5144767449788168,0.9505190060913716,1.345664769924065,-13.54384708404541,-3.19496054649353,-0.4175289273262024,1.0931601762771601,7.284814834594727,13.54384708404541,376.0,4.0,0.0,0.27450665459616125,0.002920283559533631,0.0,18,14,12,0.9978310502283104,False,True
A358,JAGUARIBE,CE,NE,-5.90527777,-38.62777777,184.0,118656,17,2008,2025,29.913545873976577,28.204624540308146,-1.7089213402404826,1.8686722524370982,2.224952700193306,0.9454226255725696,1.424787520794576,-10.231151580810547,-4.032189607620239,-1.674512267112732,0.557373434305191,7.440428256988525,10.231151580810547,1.3349514563106795,0.0033710895361380795,0.0,1,False,0.0308877693872851,True,0,0.0,-2.220446049250313e-16,-2.220446049250313e-16,2.531308496145357e-14,1.2212453270876722e-15,1584.0,4.0,0.0,118656,17,2008,2025,29.913545873976577,28.204624540308146,-1.7089213402404824,1.8686722524370984,2.2249527001932807,0.9454226255725684,1.4247875207945784,-10.231151580810547,-4.032189607620239,-1.674512267112732,0.557373434305191,7.440428256988525,10.231151580810547,1584.0,4.0,0.0,1.3349514563106795,0.0033710895361380795,0.0,18,12,11,0.9844748858447488,False,True
A359,ITAPIPOCA,CE,NE,-3.48388888,-39.58833333,102.0,101215,15,2008,2024,28.216402698296932,26.726044677111,-1.4903580298548718,1.6030165443594668,1.8154660129460967,0.9437257674175544,1.03670651854703,-10.5361328125,-3.0780904769897464,-1.495509386062622,0.17732459604740028,6.926170349121094,10.5361328125,0.26478288791187077,0.000987995850417428,0.0,1,False,0.0621612495910439,True,0,0.0,0.0,0.0,-6.94999613415348e-14,1.1102230246251565e-16,268.0,1.0,0.0,101215,15,2008,2024,28.216402698296932,26.726044677111,-1.4903580298548718,1.6030165443594668,1.8154660129461662,0.9437257674175543,1.0367065185470312,-10.5361328125,-3.0780904769897464,-1.495509386062622,0.17732459604740028,6.926170349121094,10.5361328125,268.0,1.0,0.0,0.26478288791187077,0.000987995850417428,0.0,18,12,8,0.8829908675799087,False,True
A360,ACARAU,CE,NE,-3.12083332,-40.08694444,76.0,106130,15,2009,2024,27.366988593388783,27.4176851439002,0.050696545105326486,1.1877794990724388,1.4574274521959,0.946294109664483,1.4565523089764116,-7.90151309967041,-2.4660738587379454,0.20190220326185226,2.190918445587158,7.164990425109863,7.90151309967041,0.13474041270140394,0.0,0.0,1,False,0.04615465858037,True,0,0.0,0.0,2.220446049250313e-16,-1.021405182655144e-14,1.865174681370263e-14,143.0,0.0,0.0,106130,15,2009,2024,27.366988593388783,27.4176851439002,0.050696545105326486,1.1877794990724386,1.4574274521959103,0.9462941096644644,1.4565523089764134,-7.90151309967041,-2.4660738587379454,0.20190220326185226,2.190918445587158,7.164990425109863,7.90151309967041,143.0,0.0,0.0,0.13474041270140394,0.0,0.0,17,10,8,0.8769406392694064,False,True
A361,CASTELO DO PIAUI,PI,NE,-5.34916666,-41.51222222,286.0,113240,15,2009,2025,28.65140850933901,28.810173827992948,0.15876531487914297,1.5055162079035367,1.9457590841192487,0.911873907120287,1.9392795567296814,-8.745214462280273,-2.4960958123207093,-0.1212642677128315,3.852539539337158,10.52543830871582,10.52543830871582,1.94012716354645,0.003532320734722713,0.0,1,False,0.0089098155055468,True,0,0.0,0.0,-2.220446049250313e-16,-1.7319479184152442e-14,-2.1094237467877974e-15,2197.0,4.0,0.0,113240,15,2009,2025,28.65140850933901,28.810173827992948,0.15876531487914297,1.505516207903537,1.945759084119266,0.9118739071202892,1.9392795567296814,-8.745214462280273,-2.4960958123207093,-0.1212642677128315,3.852539539337158,10.52543830871582,10.52543830871582,2197.0,4.0,0.0,1.94012716354645,0.003532320734722713,0.0,17,11,10,0.9082191780821918,False,True
A362,SAO PEDRO DO PIAUI,PI,NE,-5.91111111,-42.7186111,287.0,80223,10,2009,2018,27.89832964772417,27.750044757868743,-0.1482848982627778,1.2836506669749526,1.621456881015129,0.9324110971952557,1.6146722592925538,-9.470507621765137,-2.679975152015686,-0.18500939011573792,2.5511576175689687,10.282468795776367,10.282468795776367,0.4188325043940017,0.0012465253106964337,0.0,1,False,0.0,True,0,0.0,2.7755575615628914e-17,0.0,-5.995204332975845e-15,1.3322676295501878e-15,336.0,1.0,0.0,80223,10,2009,2018,27.89832964772417,27.750044757868743,-0.14828489826277783,1.2836506669749526,1.621456881015135,0.9324110971952544,1.6146722592925515,-9.470507621765137,-2.679975152015686,-0.18500939011573792,2.5511576175689687,10.282468795776367,10.282468795776367,336.0,1.0,0.0,0.4188325043940017,0.0012465253106964337,0.0,10,9,8,0.98545076170849,False,True
A363,VALENCA DO PIAUI,PI,NE,-6.39916666,-41.73999999,301.0,126534,16,2009,2025,28.26782840449171,27.813054998416128,-0.4547734112858521,1.410718494979196,1.7657056641754374,0.9363411120834894,1.7061420345142093,-10.666210174560547,-3.108935785293579,-0.5094066560268402,2.3480375528335538,9.203221321105957,10.666210174560547,0.6456762609259171,0.0007903014209619548,0.0,1,False,2.8901262907225593,True,0,0.0,-5.551115123125783e-17,2.220446049250313e-16,-6.372680161348399e-14,4.6629367034256575e-15,817.0,1.0,0.0,126534,16,2009,2025,28.26782840449171,27.813054998416128,-0.454773411285852,1.4107184949791958,1.7657056641755011,0.9363411120834847,1.7061420345142149,-10.666210174560547,-3.108935785293579,-0.5094066560268402,2.3480375528335538,9.203221321105957,10.666210174560547,817.0,1.0,0.0,0.6456762609259171,0.0007903014209619548,0.0,17,14,12,0.9982876712328768,False,True
A364,GILBUES,PI,NE,-9.87472221,-45.34638888,425.0,116198,17,2009,2025,28.376144158347536,26.66912122410393,-1.7070229436239752,2.0692134624718324,2.525231930754013,0.9057646092219206,1.8608865563886752,-13.770214080810547,-4.56304624080658,-1.7436275482177734,1.3153397440910337,10.032322883605957,13.770214080810547,3.537066042444793,0.11101740133220882,0.0,2,True,0.0867182707983081,True,0,0.0,-2.220446049250313e-16,0.0,-4.884981308350689e-15,7.327471962526033e-15,4110.0,129.0,0.0,116198,17,2009,2025,28.376144158347536,26.66912122410393,-1.707022943623975,2.0692134624718324,2.525231930754018,0.9057646092219133,1.860886556388675,-13.770214080810547,-4.56304624080658,-1.7436275482177734,1.3153397440910337,10.032322883605957,13.770214080810547,4110.0,129.0,0.0,3.537066042444793,0.11101740133220882,0.0,17,11,10,0.9515981735159816,False,True
A365,CANTO DO BURITI,PI,NE,-8.11777777,-42.00888888,308.0,127087,16,2010,2025,28.27581026551725,28.01537561931783,-0.26043465254500026,1.361695229354958,1.7404040179590827,0.9196120397525633,1.7208147018436786,-10.851366996765137,-2.815385293960571,-0.40732383728027344,2.773901653289794,13.130223274230957,13.130223274230957,0.859253896936744,0.00865548797280603,0.0,2,True,106.44205033655231,True,0,0.0,0.0,0.0,-9.459100169806334e-14,-1.5543122344752192e-15,1092.0,11.0,0.0,127087,16,2010,2025,28.27581026551725,28.01537561931783,-0.26043465254500026,1.361695229354958,1.7404040179591773,0.9196120397525649,1.7208147018436777,-10.851366996765137,-2.815385293960571,-0.40732383728027344,2.773901653289794,13.130223274230957,13.130223274230957,1092.0,11.0,0.0,0.859253896936744,0.00865548797280603,0.0,16,14,13,0.9555415200738576,True,True
A366,OURICURI,PE,NE,-7.88472221,-40.10111111,464.0,107475,16,2010,2025,27.350122350207815,26.90026934735302,-0.4498530067557402,1.0954734313183119,1.4102654641198091,0.9461212598284232,1.3365992570885603,-9.557323455810547,-2.4890523910522457,-0.5082027316093445,1.7783270716667172,9.861473083496094,9.861473083496094,0.3684577808792743,0.0,0.0,1,False,0.2212771698986134,True,0,0.0,0.0,0.0,-9.992007221626409e-15,3.885780586188048e-15,396.0,0.0,0.0,107475,16,2010,2025,27.350122350207815,26.90026934735302,-0.4498530067557402,1.0954734313183119,1.4102654641198191,0.9461212598284193,1.3365992570885576,-9.557323455810547,-2.4890523910522457,-0.5082027316093445,1.7783270716667172,9.861473083496094,9.861473083496094,396.0,0.0,0.0,0.3684577808792743,0.0,0.0,16,11,7,0.8845319634703197,False,True
A367,SANTA CRUZ,RN,NE,-6.22777777,-36.02638888,237.0,95145,14,2010,2025,27.171260699146313,25.886738977036828,-1.2845217303368182,1.4273340554639409,1.6511942713157801,0.9641137067643236,1.0375248236954493,-9.287059783935547,-2.875566005706787,-1.3233394622802734,0.44429726004600584,8.434961318969727,9.287059783935547,0.2806243102632824,0.0,0.0,1,False,0.0435524041538118,True,0,0.0,0.0,0.0,2.6645352591003757e-15,5.551115123125783e-16,267.0,0.0,0.0,95145,14,2010,2025,27.171260699146313,25.886738977036828,-1.2845217303368182,1.4273340554639409,1.6511942713157775,0.9641137067643231,1.0375248236954484,-9.287059783935547,-2.875566005706787,-1.3233394622802734,0.44429726004600584,8.434961318969727,9.287059783935547,267.0,0.0,0.0,0.2806243102632824,0.0,0.0,16,11,9,0.9118768246126208,False,True
A368,TIANGUA,CE,NE,-3.73222221,-41.01194444,756.0,44441,7,2018,2024,23.789043898039644,25.191517392103123,1.4024734910695478,1.4927224013380243,1.8271310445982925,0.9367834834607873,1.1711134967531245,-5.487890243530273,-0.24858665466308594,1.2780765295028687,3.525635242462158,9.405323028564453,9.405323028564453,0.5692941202943228,0.0,0.0,1,False,0.0091955607952218,True,0,0.0,0.0,0.0,-1.6209256159527285e-14,2.7755575615628914e-15,253.0,0.0,0.0,44441,7,2018,2024,23.789043898039644,25.191517392103123,1.4024734910695478,1.4927224013380243,1.8271310445983087,0.9367834834607845,1.17111349675312,-5.487890243530273,-0.24858665466308594,1.2780765295028687,3.525635242462158,9.405323028564453,9.405323028564453,253.0,0.0,0.0,0.5692941202943228,0.0,0.0,8,4,4,0.7526714200164684,False,True
A369,QUIXADA,CE,NE,-4.97888888,-39.05722222,193.0,37973,6,2018,2025,28.160395537943916,27.67829227138601,-0.4821032727065003,1.012802539262642,1.3083938284703727,0.9554737821281654,1.2163510212834523,-7.513525009155273,-2.3575007438659665,-0.5231460332870483,1.6145902395248433,7.376025676727295,7.513525009155273,0.20540910647038688,0.0,0.0,1,False,0.0125493867214844,True,0,0.0,0.0,0.0,-1.3322676295501878e-15,-1.5543122344752192e-15,78.0,0.0,0.0,37973,6,2018,2025,28.160395537943916,27.67829227138601,-0.4821032727065003,1.012802539262642,1.308393828470374,0.9554737821281669,1.2163510212834545,-7.513525009155273,-2.3575007438659665,-0.5231460332870483,1.6145902395248433,7.376025676727295,7.513525009155273,78.0,0.0,0.0,0.20540910647038688,0.0,0.0,8,4,4,0.6470319634703197,False,True
A370,SALGUEIRO,PE,NE,-8.05805555,-39.0961111,447.0,53556,9,2017,2025,27.829578380640275,26.76972951532185,-1.0598488699740483,1.4776245416933653,1.7922478284267638,0.9416477767798244,1.445306768670904,-9.141063690185547,-3.2430416345596313,-1.1586666107177734,1.4987289309501648,7.832520008087158,9.141063690185547,0.4574650832773172,0.0,0.0,1,False,5.123469494945768e-05,True,0,0.0,0.0,0.0,9.103828801926284e-15,1.1102230246251565e-16,245.0,0.0,0.0,53556,9,2017,2025,27.829578380640275,26.76972951532185,-1.0598488699740483,1.4776245416933653,1.7922478284267547,0.9416477767798243,1.4453067686709076,-9.141063690185547,-3.2430416345596313,-1.1586666107177734,1.4987289309501648,7.832520008087158,9.141063690185547,245.0,0.0,0.0,0.4574650832773172,0.0,0.0,9,5,4,0.8496575342465753,False,True
A371,PIRANHAS,AL,NE,-9.62222221,-37.76722221,187.0,62202,9,2017,2025,27.557851830171522,26.62752882835815,-0.9303230092129756,1.172441079733569,1.5078341440557994,0.967132726089577,1.1866278025618286,-8.9609375,-2.9600998520851136,-0.851458340883255,0.7962258845567695,6.920799255371094,8.9609375,0.35368637664383784,0.0,0.0,1,False,0.0127260120685853,True,0,0.0,0.0,0.0,4.6629367034256575e-15,-2.4424906541753444e-15,220.0,0.0,0.0,62202,9,2017,2025,27.557851830171522,26.62752882835815,-0.9303230092129756,1.172441079733569,1.5078341440557947,0.9671327260895795,1.1866278025618278,-8.9609375,-2.9600998520851136,-0.851458340883255,0.7962258845567695,6.920799255371094,8.9609375,220.0,0.0,0.0,0.35368637664383784,0.0,0.0,9,6,5,0.9604963570127504,False,True
A372,IPANGUACU,RN,NE,-5.53499999,-36.87222221,19.0,49043,9,2017,2025,29.401113299702878,29.00418332409509,-0.39692998461202594,1.1993557609784975,1.5258669306436572,0.9416379141144078,1.4733501755335914,-9.760107040405273,-2.5233931303024293,-0.5498043298721313,2.232251405715944,23.130126953125,23.130126953125,0.4261566380523214,0.008156107905307587,0.004078053952653793,1,False,0.0178787306030276,True,0,0.0,0.0,0.0,-1.0658141036401503e-14,2.220446049250313e-16,209.0,4.0,2.0,49043,9,2017,2025,29.401113299702878,29.00418332409509,-0.39692998461202594,1.1993557609784975,1.5258669306436679,0.9416379141144076,1.4733501755335883,-9.760107040405273,-2.5233931303024293,-0.5498043298721313,2.232251405715944,23.130126953125,23.130126953125,209.0,4.0,2.0,0.4261566380523214,0.008156107905307587,0.004078053952653793,9,4,2,0.7168715846994536,False,True
A373,ITAPORANGA,PB,NE,-7.31833332,-38.14083333,292.0,32002,6,2017,2024,28.732388588750553,27.851455535242597,-0.8809330655242956,1.4021856508756918,1.694526276448702,0.9452921366981758,1.4475640621755628,-9.74501895904541,-2.8829293489456176,-1.0549724102020264,1.7570951282978038,11.374852180480957,11.374852180480957,0.3874757827635773,0.0031248046997062683,0.0,1,False,0.0308877693871967,True,0,0.0,0.0,0.0,-1.4210854715202004e-14,-4.9960036108132044e-15,124.0,1.0,0.0,32002,6,2017,2024,28.732388588750553,27.851455535242597,-0.8809330655242956,1.4021856508756918,1.6945262764487161,0.9452921366981808,1.4475640621755597,-9.74501895904541,-2.8829293489456176,-1.0549724102020264,1.7570951282978038,11.374852180480957,11.374852180480957,124.0,1.0,0.0,0.3874757827635773,0.0031248046997062683,0.0,9,3,3,0.6534608378870674,False,True
A374,CORRENTE,PI,NE,-10.42916666,-45.17305554,452.0,55576,8,2018,2025,27.011334029911268,26.283516886046556,-0.7278171432032589,1.9781256054709255,2.3663264831920645,0.921640199395355,2.251638171484311,-9.256152153015137,-3.7564327120780945,-1.1087398529052734,3.5662052035331726,10.153076171875,10.153076171875,2.3355405210882396,0.0017993378436735282,0.0,1,False,0.0,True,0,0.0,0.0,0.0,1.1723955140041653e-13,0.0,1298.0,1.0,0.0,55576,8,2018,2025,27.011334029911268,26.283516886046556,-0.7278171432032589,1.9781256054709255,2.3663264831919473,0.921640199395355,2.251638171484311,-9.256152153015137,-3.7564327120780945,-1.1087398529052734,3.5662052035331726,10.153076171875,10.153076171875,1298.0,1.0,0.0,2.3355405210882396,0.0017993378436735282,0.0,8,6,6,0.9600456621004566,False,True
A375,BAIXA GRANDE DO RIBEIRO,PI,NE,-8.333531,-45.094625,519.0,51014,8,2018,2025,27.239606768090297,27.042205526056033,-0.1974012484941576,1.170012217264884,1.5359980850084072,0.9301623945039795,1.5232755329141963,-6.97011661529541,-2.3296090722084046,-0.3744625002145767,2.486476242542266,10.174267768859863,10.174267768859863,0.7860587289763594,0.00392049241384718,0.0,1,False,0.4414617329194043,True,0,0.0,0.0,-2.220446049250313e-16,1.7763568394002505e-15,2.1094237467877974e-15,401.0,2.0,0.0,51014,8,2018,2025,27.239606768090297,27.042205526056033,-0.1974012484941576,1.1700122172648841,1.5359980850084054,0.9301623945039774,1.5232755329141998,-6.97011661529541,-2.3296090722084046,-0.3744625002145767,2.486476242542266,10.174267768859863,10.174267768859863,401.0,2.0,0.0,0.7860587289763594,0.00392049241384718,0.0,8,4,4,0.8809931506849316,False,True
A376,CAMPO MAIOR,PI,NE,-4.86416666,-42.14555555,125.0,34138,7,2018,2025,29.657194322676236,29.44669789545523,-0.21049643347337868,1.3702544935291934,1.994146822638722,0.8945997611279946,1.9830350460437,-13.60302734375,-2.6987917542457582,-0.3156255632638931,2.7636991858482323,11.952781677246094,13.60302734375,3.2515085828109442,0.2314136739117699,0.0,1,False,0.0,True,0,0.0,0.0,0.0,1.6209256159527285e-14,-6.661338147750939e-16,1110.0,79.0,0.0,34138,7,2018,2025,29.657194322676236,29.44669789545523,-0.21049643347337868,1.3702544935291934,1.9941468226387058,0.8945997611279952,1.9830350460437018,-13.60302734375,-2.6987917542457582,-0.3156255632638931,2.7636991858482323,11.952781677246094,13.60302734375,1110.0,79.0,0.0,3.2515085828109442,0.2314136739117699,0.0,8,1,1,0.4917524390548194,False,True
A377,ANGICAL DO PIAUI,PI,NE,-6.08944444,-42.72749999,183.0,19458,4,2019,2023,27.365068349751017,27.24862363711206,-0.11644471532538897,1.840885311881703,2.3021946488644467,0.8981590297544191,2.2993069680519937,-8.53041934967041,-3.326576793193817,-0.3347652405500412,4.345165443420407,9.20868968963623,9.20868968963623,3.4381745297563984,0.0,0.0,1,False,0.0,True,0,0.0,0.0,0.0,1.687538997430238e-14,-8.881784197001252e-16,669.0,0.0,0.0,19458,4,2019,2023,27.365068349751017,27.24862363711206,-0.11644471532538897,1.840885311881703,2.30219464886443,0.89815902975442,2.2993069680519924,-8.53041934967041,-3.326576793193817,-0.3347652405500412,4.345165443420407,9.20868968963623,9.20868968963623,669.0,0.0,0.0,3.4381745297563984,0.0,0.0,7,2,2,0.411986301369863,False,True
A401,SALVADOR,BA,NE,-13.01666666,-38.51666666,51.41,203736,26,2000,2025,26.459347389020248,25.680668432468117,-0.7786789584833309,1.6489613934855654,2.2517843150707284,0.6183000857124387,2.1128685697339984,-21.703609466552734,-4.4173702001571655,-0.2133052870631218,1.7695316076278687,5.04990291595459,21.703609466552734,2.635273098519653,0.1997683276396906,0.025523226135783564,1,False,1.7128560530155543,True,0,0.0,0.0,-2.220446049250313e-16,-9.325873406851315e-15,-2.220446049250313e-15,5369.0,407.0,52.0,203736,26,2000,2025,26.459347389020248,25.680668432468117,-0.7786789584833309,1.6489613934855656,2.2517843150707377,0.6183000857124409,2.112868569733998,-21.703609466552734,-4.4173702001571655,-0.2133052870631218,1.7695316076278687,5.04990291595459,21.703609466552734,5369.0,407.0,52.0,2.635273098519653,0.1997683276396906,0.025523226135783564,26,22,19,0.994473763006213,False,True
A402,BARREIRAS,BA,NE,-12.15,-45.01666666,470.37,176068,23,2001,2025,26.44251538553088,25.48985514295343,-0.9526602487581451,1.8661496220111047,2.2637674349334476,0.921286809423298,2.053559203303838,-10.816015243530273,-3.8967379570007323,-1.1485103368759155,2.7180608034133895,9.985349655151367,10.816015243530273,1.7896494536201921,0.0011359247563441398,0.0,2,True,3.029650583876989,True,1153,0.6506000981824953,-0.11504149991340618,-0.09670232012660374,-0.38490139423463177,0.034473271187571486,3151.0,2.0,0.0,177221,24,2001,2025,26.315424238032993,25.47780549551574,-0.837618748844739,1.9628519421377084,2.6486688291680793,0.8868135382357265,2.5127429286198257,-10.816015243530273,-3.8907711505889893,-1.1314449310302734,2.879068374633789,25.15161895751953,25.15161895751953,4296.0,1102.0,267.0,2.424091952985256,0.621822470249011,0.1506593462400054,25,18,17,0.9466894977168948,False,True
A404,LUIZ EDUARDO MAGALHAES,BA,NE,-12.15222222,-45.82972221,754.04,186267,24,2002,2025,24.59075251500965,24.152155053473685,-0.4385974685126048,1.4264370156905586,1.7955545806903428,0.9408914731203342,1.7411676509635556,-9.897069931030273,-3.062524032592773,-0.5641841888427734,2.541468238830565,11.20829963684082,11.20829963684082,0.8487815877208524,0.006979228741537686,0.0,1,False,0.0308877693871967,True,0,0.0,0.0,0.0,3.397282455352979e-14,3.4416913763379853e-15,1581.0,13.0,0.0,186267,24,2002,2025,24.59075251500965,24.152155053473685,-0.4385974685126048,1.4264370156905586,1.7955545806903088,0.9408914731203307,1.7411676509635503,-9.897069931030273,-3.062524032592773,-0.5641841888427734,2.541468238830565,11.20829963684082,11.20829963684082,1581.0,13.0,0.0,0.8487815877208524,0.006979228741537686,0.0,24,19,17,0.9588470319634704,False,True
A405,CARAVELAS,BA,NE,-17.73333333,-39.26666666,2.88,156413,23,2002,2025,25.34538433200333,24.903887949357344,-0.44149638558442034,1.7440608960261559,2.1715021828730876,0.7846687662608188,2.1261541743229873,-11.022167205810547,-3.841308116912842,-0.26767539978027344,3.0357609272003168,8.084912300109863,11.022167205810547,1.2096181263705703,0.000639333047764572,0.0,1,False,1.0907058639320626,True,0,0.0,0.0,0.0,4.884981308350689e-14,-2.886579864025407e-15,1892.0,1.0,0.0,156413,23,2002,2025,25.34538433200333,24.903887949357344,-0.44149638558442034,1.7440608960261559,2.1715021828730388,0.7846687662608217,2.1261541743229846,-11.022167205810547,-3.841308116912842,-0.26767539978027344,3.0357609272003168,8.084912300109863,11.022167205810547,1892.0,1.0,0.0,1.2096181263705703,0.000639333047764572,0.0,24,15,11,0.8558219178082191,False,True
A406,CRUZ DAS ALMAS,BA,NE,-12.65,-39.15,225.87,170758,23,2003,2025,24.633888308554205,24.197595206015066,-0.4362931037581152,0.9045687562316044,1.2065621606346126,0.9546763157947709,1.1249213242964027,-10.34731388092041,-2.3653316497802734,-0.3643062710762024,1.234724462032318,8.630664825439453,10.34731388092041,0.15460476229517797,0.0005856240996029469,0.0,2,True,7.157930775331779,True,0,0.0,-5.551115123125783e-17,0.0,-1.9984014443252818e-15,-1.4876988529977098e-14,264.0,1.0,0.0,170758,23,2003,2025,24.633888308554205,24.197595206015066,-0.43629310375811514,0.9045687562316044,1.2065621606346146,0.9546763157947857,1.1249213242964042,-10.34731388092041,-2.3653316497802734,-0.3643062710762024,1.234724462032318,8.630664825439453,10.34731388092041,264.0,1.0,0.0,0.15460476229517797,0.0005856240996029469,0.0,23,15,12,0.9098173515981736,True,True
A407,ITIRUCU,BA,NE,-13.52833332,-40.11972221,755.61,177490,23,2003,2025,21.565150713129402,21.4428619038737,-0.12228880883120437,0.9902506513316667,1.340002676193611,0.9500401021723351,1.334414722606234,-25.51806640625,-2.5700947642326355,0.08898963779211044,1.6735404074192037,10.833740234375,25.51806640625,0.3262155614400811,0.015212124626739536,0.0005634120232125753,1,False,0.0617744268238272,True,0,0.0,0.0,-1.1102230246251565e-16,-3.3084646133829665e-14,1.2656542480726785e-14,579.0,27.0,1.0,177490,23,2003,2025,21.565150713129402,21.4428619038737,-0.12228880883120437,0.9902506513316668,1.340002676193644,0.9500401021723225,1.3344147226062368,-25.51806640625,-2.5700947642326355,0.08898963779211044,1.6735404074192037,10.833740234375,25.51806640625,579.0,27.0,1.0,0.3262155614400811,0.015212124626739536,0.0005634120232125753,23,17,14,0.9895264116575592,False,True
A408,ITABERABA,BA,NE,-12.51666666,-40.3,249.89,194577,23,2003,2025,26.136820380842362,25.44863908344299,-0.6881813012888909,1.166301789943963,1.4854155452074898,0.9508195608229002,1.316387004021488,-8.043163299560547,-2.801708698272705,-0.7162472009658813,1.5274890899658202,10.212547302246094,10.212547302246094,0.27855296360823734,0.0005139353572107701,0.0,1,False,0.8345080810445551,True,0,0.0,0.0,0.0,-5.1958437552457326e-14,1.0103029524088925e-14,542.0,1.0,0.0,194577,23,2003,2025,26.136820380842362,25.44863908344299,-0.6881813012888909,1.166301789943963,1.4854155452075417,0.9508195608228901,1.3163870040214831,-8.043163299560547,-2.801708698272705,-0.7162472009658813,1.5274890899658202,10.212547302246094,10.212547302246094,542.0,1.0,0.0,0.27855296360823734,0.0005139353572107701,0.0,23,22,20,0.9990867579908675,False,True
A409,ARACAJU,SE,NE,-10.95027777,-37.05,4.72,164736,22,2003,2024,27.124694659067107,25.778351824322502,-1.3463428388512377,1.6353723182359885,2.1747714108728404,0.6115640291895198,1.7079254541694542,-14.830663681030273,-4.357140779495239,-0.9430660307407379,0.9798320978879929,5.745456218719482,14.830663681030273,2.077870046620047,0.002428127428127428,0.0,1,False,0.544497767517889,True,0,0.0,0.0,-2.220446049250313e-16,1.2434497875801753e-14,5.10702591327572e-15,3423.0,4.0,0.0,164736,22,2003,2024,27.124694659067107,25.778351824322502,-1.3463428388512377,1.6353723182359887,2.174771410872828,0.6115640291895147,1.7079254541694509,-14.830663681030273,-4.357140779495239,-0.9430660307407379,0.9798320978879929,5.745456218719482,14.830663681030273,3423.0,4.0,0.0,2.077870046620047,0.002428127428127428,0.0,23,16,12,0.98824200913242,False,True
A410,ILHEUS,BA,NE,-14.65944444,-39.1811111,78.0,156544,23,2003,2025,23.998977923962247,23.775897403281924,-0.22308051977276744,1.0953096020700595,1.371464120950482,0.9246338165019087,1.35320383319384,-14.915233612060547,-2.4051831483840944,-0.26037558913230896,2.04025435447693,7.833935737609863,14.915233612060547,0.04854865085854456,0.002555192150449714,0.0,1,False,0.0795231410288498,True,0,0.0,5.551115123125783e-17,2.220446049250313e-16,-1.2656542480726785e-14,1.887379141862766e-15,76.0,4.0,0.0,156544,23,2003,2025,23.998977923962247,23.775897403281924,-0.2230805197727675,1.0953096020700592,1.3714641209504947,0.9246338165019068,1.3532038331938343,-14.915233612060547,-2.4051831483840944,-0.26037558913230896,2.04025435447693,7.833935737609863,14.915233612060547,76.0,4.0,0.0,0.04854865085854456,0.002555192150449714,0.0,23,16,10,0.8703196347031964,False,True
A412,MACAJUBA,BA,NE,-12.11666666,-40.18333333,380.0,151611,21,2003,2024,25.348613883991845,24.613142788800577,-0.7354710981222086,1.2512458291560027,1.6100390017063229,0.947888918214963,1.4322434782552222,-18.000926971435547,-3.1128170490264893,-0.7241817712783813,1.6297855377197266,11.630271911621094,18.000926971435547,0.4241117069341934,0.0026383309918145783,0.0,2,True,18.653128063246083,True,0,0.0,0.0,0.0,-4.374278717023117e-14,-6.328271240363392e-15,643.0,4.0,0.0,151611,21,2003,2024,25.348613883991845,24.613142788800577,-0.7354710981222086,1.2512458291560027,1.6100390017063666,0.9478889182149693,1.4322434782552182,-18.000926971435547,-3.1128170490264893,-0.7241817712783813,1.6297855377197266,11.630271911621094,18.000926971435547,643.0,4.0,0.0,0.4241117069341934,0.0026383309918145783,0.0,23,16,14,0.926571038251366,True,True
A413,FEIRA DE SANTANA,BA,NE,-12.19583333,-38.96722221,231.0,135176,18,2007,2024,25.2800349147671,24.866503174716836,-0.41353174264590553,0.9444993738664144,1.2564048800738863,0.9601476207738298,1.186404287440385,-8.125097274780273,-2.4619938731193542,-0.3548091948032379,1.3763431310653687,9.46415901184082,9.46415901184082,0.1842042966207019,0.0,0.0,1,False,0.0444021701915749,True,0,0.0,-5.551115123125783e-17,1.1102230246251565e-16,9.103828801926284e-15,1.2989609388114332e-14,249.0,0.0,0.0,135176,18,2007,2024,25.2800349147671,24.866503174716836,-0.4135317426459055,0.9444993738664142,1.2564048800738772,0.9601476207738168,1.18640428744038,-8.125097274780273,-2.4619938731193542,-0.3548091948032379,1.3763431310653687,9.46415901184082,9.46415901184082,249.0,0.0,0.0,0.1842042966207019,0.0,0.0,19,13,11,0.9297945205479452,False,True
A414,VITORIA DA CONQUISTA,BA,NE,-14.8861111,-40.80138888,874.81,149548,19,2007,2025,21.146119639500256,20.951869818680066,-0.1942498218184473,0.9067157371451288,1.2060917660757704,0.9617625084274545,1.190350297053562,-8.102977752685547,-2.202829146385193,-0.13137168437242508,1.6244034886360157,11.089502334594727,11.089502334594727,0.18188140262658142,0.0006686816273036082,0.0,1,False,0.035801303375294,True,0,0.0,0.0,0.0,-8.881784197001252e-16,-4.884981308350689e-15,272.0,1.0,0.0,149548,19,2007,2025,21.146119639500256,20.951869818680066,-0.1942498218184473,0.9067157371451288,1.2060917660757713,0.9617625084274594,1.190350297053561,-8.102977752685547,-2.202829146385193,-0.13137168437242508,1.6244034886360157,11.089502334594727,11.089502334594727,272.0,1.0,0.0,0.18188140262658142,0.0006686816273036082,0.0,19,17,15,0.9963470319634704,False,True
A415,SANTA RITA DE CASSIA,BA,NE,-11.01999999,-44.52499999,450.0,117792,18,2007,2025,27.224398935207105,27.058424057713736,-0.1659748827204282,1.6958049671177229,2.1002854782392055,0.9366548889346987,2.0937260193045524,-8.641942977905273,-2.996264362335205,-0.4954494535923004,3.8088983058929435,11.205662727355957,11.205662727355957,2.0425835370823147,0.0008489540885628905,0.0,1,False,2.2315389790023836,True,0,0.0,0.0,0.0,-6.52811138479592e-14,3.885780586188048e-15,2406.0,1.0,0.0,117792,18,2007,2025,27.224398935207105,27.058424057713736,-0.1659748827204282,1.6958049671177229,2.100285478239271,0.9366548889346948,2.093726019304549,-8.641942977905273,-2.996264362335205,-0.4954494535923004,3.8088983058929435,11.205662727355957,11.205662727355957,2406.0,1.0,0.0,2.0425835370823147,0.0008489540885628905,0.0,19,11,11,0.9232876712328768,False,True
A416,CORRENTINA,BA,NE,-13.33222221,-44.61722221,549.0,140385,19,2007,2025,25.3574263559412,25.712949380794132,0.3555230175876198,2.058766682225811,2.53626923557318,0.9211712335202371,2.51123673531929,-9.103271484375,-3.130556344985962,-0.0427730567753315,4.872490501403807,11.46674633026123,11.46674633026123,4.790397834526481,0.004986287708800798,0.0,1,False,0.0430972823095975,True,0,0.0,5.551115123125783e-17,0.0,5.595524044110789e-14,3.3306690738754696e-15,6725.0,7.0,0.0,140385,19,2007,2025,25.3574263559412,25.712949380794132,0.3555230175876197,2.058766682225811,2.536269235573124,0.9211712335202338,2.5112367353192915,-9.103271484375,-3.130556344985962,-0.0427730567753315,4.872490501403807,11.46674633026123,11.46674633026123,6725.0,7.0,0.0,4.790397834526481,0.004986287708800798,0.0,19,14,11,0.9987442922374428,False,True
A417,ITABAIANINHA,SE,NE,-11.27249999,-37.79472221,208.0,144663,19,2007,2025,25.263961754270557,25.020888546278975,-0.2430732131216745,0.7853203551773501,1.0476948069860779,0.9600383523712728,1.0191108874912123,-8.149706840515137,-1.973920476436615,-0.16733360290527344,1.2294389009475704,11.127293586730957,11.127293586730957,0.10438052577369474,0.0020737852802720806,0.0,1,False,0.0302929913765586,True,0,0.0,0.0,0.0,1.5543122344752192e-15,2.220446049250313e-16,151.0,3.0,0.0,144663,19,2007,2025,25.263961754270557,25.020888546278975,-0.2430732131216745,0.7853203551773501,1.0476948069860763,0.9600383523712726,1.01911088749121,-8.149706840515137,-1.973920476436615,-0.16733360290527344,1.2294389009475704,11.127293586730957,11.127293586730957,151.0,3.0,0.0,0.10438052577369474,0.0020737852802720806,0.0,19,15,13,0.9918032786885246,False,True
A418,BOM JESUS DA LAPA,BA,NE,-13.41666666,-43.18416666,440.0,124631,18,2007,2024,27.698420125928845,27.04672202401609,-0.6516981122132357,1.2820753853325215,1.5967206642596505,0.9575839369665945,1.4576774331545652,-11.107958793640137,-2.8075979948043823,-0.7378414273262024,1.7363529205322266,10.82206916809082,11.107958793640137,0.4388956198698558,0.0016047371841676629,0.0,2,True,30.195259461655365,True,0,0.0,0.0,0.0,-6.394884621840902e-14,1.2212453270876722e-15,547.0,2.0,0.0,124631,18,2007,2024,27.698420125928845,27.04672202401609,-0.6516981122132357,1.2820753853325215,1.5967206642597145,0.9575839369665933,1.4576774331545685,-11.107958793640137,-2.8075979948043823,-0.7378414273262024,1.7363529205322266,10.82206916809082,11.107958793640137,547.0,2.0,0.0,0.4388956198698558,0.0016047371841676629,0.0,19,13,9,0.8976548269581056,True,True
A419,POCO VERDE,SE,NE,-10.73749999,-38.10777777,362.0,122237,16,2008,2023,24.951154719535232,24.375482167894685,-0.575672556070802,1.0020752149157517,1.3533232829950803,0.9647017247118301,1.224784588620803,-9.646190643310547,-2.7522553920745847,-0.42956504225730896,1.178711318969726,10.337059020996094,10.337059020996094,0.2020664774168214,0.004908497427129265,0.0,1,False,0.0866023194875861,True,0,0.0,0.0,0.0,-1.9095836023552692e-14,2.7755575615628914e-15,247.0,6.0,0.0,122237,16,2008,2023,24.951154719535232,24.375482167894685,-0.575672556070802,1.0020752149157517,1.3533232829950994,0.9647017247118274,1.2247845886208029,-9.646190643310547,-2.7522553920745847,-0.42956504225730896,1.178711318969726,10.337059020996094,10.337059020996094,247.0,6.0,0.0,0.2020664774168214,0.004908497427129265,0.0,18,13,9,0.9106164383561643,False,True
A420,CARIRA,SE,NE,-10.39944444,-37.74722221,308.0,106777,14,2008,2021,25.217899919166904,25.09130118106837,-0.12659874121755318,0.9527884173889398,1.2566395718072978,0.9666808334811602,1.2502521391140784,-10.279052734375,-2.392529010772705,0.010449600405991077,1.6886332035064695,9.412449836730957,10.279052734375,0.14609887897206328,0.002809593826385832,0.0,1,False,0.0433238092434037,True,0,0.0,0.0,2.220446049250313e-16,4.218847493575595e-15,-1.3766765505351941e-14,156.0,3.0,0.0,106777,14,2008,2021,25.217899919166904,25.09130118106837,-0.12659874121755318,0.9527884173889396,1.2566395718072936,0.966680833481174,1.250252139114077,-10.279052734375,-2.392529010772705,0.010449600405991077,1.6886332035064695,9.412449836730957,10.279052734375,156.0,3.0,0.0,0.14609887897206328,0.002809593826385832,0.0,15,11,10,0.9821917808219178,False,True
A421,BREJO GRANDE,SE,NE,-10.47944443,-36.48194443,6.11,117765,18,2008,2025,26.794364194651752,26.175875622367865,-0.6184885776174793,1.1061744507191513,1.4153230600008495,0.9091173076239674,1.273037707628302,-6.807778358459473,-2.7311665534973146,-0.5599605441093445,1.4614212989807114,5.997070789337158,6.807778358459473,0.04925062624718719,0.0,0.0,1,False,0.6177498279912804,True,0,0.0,0.0,0.0,6.661338147750939e-15,-3.4416913763379853e-15,58.0,0.0,0.0,117765,18,2008,2025,26.794364194651752,26.175875622367865,-0.6184885776174793,1.1061744507191513,1.4153230600008428,0.9091173076239708,1.2730377076283006,-6.807778358459473,-2.7311665534973146,-0.5599605441093445,1.4614212989807114,5.997070789337158,6.807778358459473,58.0,0.0,0.0,0.04925062624718719,0.0,0.0,18,12,11,0.9659348499673842,False,True
A422,ABROLHOS,BA,NE,-17.96416666,-38.6961111,25.0,83825,13,2008,2020,25.94345123675557,25.17601561419188,-0.7674356237808837,0.9337452025769278,1.3231606522814927,0.7398593819813066,1.0778731535068335,-6.95742130279541,-2.902294635772705,-0.4818355441093445,0.5325980424880984,4.184619426727295,6.95742130279541,0.09662988368625113,0.0,0.0,1,False,0.7738549032089217,True,0,0.0,0.0,0.0,-4.884981308350689e-15,-4.440892098500626e-16,81.0,0.0,0.0,83825,13,2008,2020,25.94345123675557,25.17601561419188,-0.7674356237808837,0.9337452025769278,1.3231606522814976,0.7398593819813071,1.0778731535068307,-6.95742130279541,-2.902294635772705,-0.4818355441093445,0.5325980424880984,4.184619426727295,6.95742130279541,81.0,0.0,0.0,0.09662988368625113,0.0,0.0,18,7,3,0.7053716907453152,False,True
A423,REMANSO,BA,NE,-9.60277777,-42.10277777,401.0,132986,18,2008,2025,27.9298414790822,26.709290849463848,-1.2205506377133262,1.475035732152083,1.7432174891106467,0.9277801052365194,1.2446184168353112,-9.466357231140137,-3.089354991912842,-1.3052730560302734,0.9488651305437088,9.190770149230957,9.466357231140137,0.2210759027266028,0.0,0.0,2,True,3.787797140517616,True,0,0.0,0.0,0.0,-1.2878587085651816e-14,-8.104628079763643e-15,294.0,0.0,0.0,132986,18,2008,2025,27.9298414790822,26.709290849463848,-1.2205506377133262,1.475035732152083,1.7432174891106595,0.9277801052365275,1.2446184168353123,-9.466357231140137,-3.089354991912842,-1.3052730560302734,0.9488651305437088,9.190770149230957,9.466357231140137,294.0,0.0,0.0,0.2210759027266028,0.0,0.0,18,14,11,0.9952129073242194,False,True
A424,IRECE,BA,NE,-11.32888888,-41.86444444,755.0,146963,18,2008,2025,24.735200011222332,24.164803272169262,-0.5703967440399437,1.1144617280150022,1.4230485133382453,0.9621915809856251,1.3037354759985345,-8.509960174560547,-2.634902000427246,-0.5751460790634155,1.4808548688888548,12.11625862121582,12.11625862121582,0.28442533154603544,0.0034022168845219544,0.0,1,False,0.0137620148531174,True,0,0.0,0.0,0.0,9.992007221626409e-15,3.3306690738754696e-15,418.0,5.0,0.0,146963,18,2008,2025,24.735200011222332,24.164803272169262,-0.5703967440399437,1.1144617280150022,1.4230485133382353,0.9621915809856217,1.3037354759985322,-8.509960174560547,-2.634902000427246,-0.5751460790634155,1.4808548688888548,12.11625862121582,12.11625862121582,418.0,5.0,0.0,0.28442533154603544,0.0034022168845219544,0.0,18,17,15,0.9974315068493153,False,True
A425,LENCOIS,BA,NE,-12.55722222,-41.38888888,438.74,137232,18,2008,2025,25.290058439298015,22.322539441969422,-2.9675189992529414,3.01258721202601,3.382400899969076,0.9168178016616919,1.6231099884178248,-27.348388671875,-5.389057278633118,-2.949413776397705,-0.5226827263832093,7.248974800109863,27.348388671875,7.910691383933777,0.24921301154249736,0.02914772064824531,1,False,0.0707971586471331,True,0,0.0,0.0,0.0,-3.219646771412954e-13,8.770761894538737e-15,10856.0,342.0,40.0,137232,18,2008,2025,25.290058439298015,22.322539441969422,-2.9675189992529414,3.01258721202601,3.3824008999693977,0.9168178016616831,1.6231099884178284,-27.348388671875,-5.389057278633118,-2.949413776397705,-0.5226827263832093,7.248974800109863,27.348388671875,10856.0,342.0,40.0,7.910691383933777,0.24921301154249736,0.02914772064824531,18,15,15,0.9880419215151056,False,True
A426,GUANAMBI,BA,NE,-14.20805555,-42.74944444,882.0,139240,18,2008,2025,26.537494253769786,24.604730233718733,-1.932764020736782,2.0514371360626327,2.3062362329196215,0.9522638097319547,1.2582369300679954,-8.584325790405273,-3.8567891716957092,-1.9586269855499268,0.026174697559326318,9.96054744720459,9.96054744720459,1.1490950876185004,0.0,0.0,1,False,0.0299418608740429,True,0,0.0,0.0,4.440892098500626e-16,9.50350909079134e-14,4.218847493575595e-15,1600.0,0.0,0.0,139240,18,2008,2025,26.537494253769786,24.604730233718733,-1.932764020736782,2.0514371360626322,2.3062362329195265,0.9522638097319505,1.2582369300679952,-8.584325790405273,-3.8567891716957092,-1.9586269855499268,0.026174697559326318,9.96054744720459,9.96054744720459,1600.0,0.0,0.0,1.1490950876185004,0.0,0.0,18,14,12,0.957648401826484,False,True
A427,PORTO SEGURO,BA,NE,-16.38916666,-39.18249999,85.0,116040,16,2008,2024,23.952286279057684,24.271661175534216,0.3193748948859649,1.3291576279395767,1.6574297061473398,0.9294067935146022,1.626375018876494,-12.074356079101562,-2.2565035700798033,0.3137699067592621,3.0737435579299928,6.994385242462158,12.074356079101562,0.2490520510168907,0.0017235436056532228,0.0,1,False,0.0308877693873735,True,0,0.0,0.0,0.0,-1.0902390101819037e-13,6.439293542825908e-15,289.0,2.0,0.0,116040,16,2008,2024,23.952286279057684,24.271661175534216,0.3193748948859649,1.3291576279395767,1.6574297061474488,0.9294067935145958,1.626375018876494,-12.074356079101562,-2.2565035700798033,0.3137699067592621,3.0737435579299928,6.994385242462158,12.074356079101562,289.0,2.0,0.0,0.2490520510168907,0.0017235436056532228,0.0,18,13,9,0.9081865845746936,False,True
A428,SENHOR DO BONFIM,BA,NE,-10.44305555,-40.14833333,539.0,138632,18,2008,2025,24.798081246716475,22.897050784184383,-1.9010304667776983,1.9870436547889114,2.3746279762294273,0.9474531620254565,1.423009415489932,-9.144824028015137,-4.485374236106873,-1.7259960174560547,0.1382389128208139,8.58774471282959,9.144824028015137,2.536932310000577,0.0,0.0,1,False,0.0099383004819412,True,0,0.0,0.0,0.0,5.10702591327572e-14,2.1094237467877974e-15,3517.0,0.0,0.0,138632,18,2008,2025,24.798081246716475,22.897050784184383,-1.9010304667776983,1.9870436547889114,2.3746279762293763,0.9474531620254544,1.4230094154899324,-9.144824028015137,-4.485374236106873,-1.7259960174560547,0.1382389128208139,8.58774471282959,9.144824028015137,3517.0,0.0,0.0,2.536932310000577,0.0,0.0,18,16,11,0.971753710045662,False,True
A429,BARRA,BA,NE,-11.08472221,-43.13916666,403.0,141629,18,2008,2025,28.25939319572268,27.286275154800435,-0.9731180486749434,1.5148858978876247,1.8289614271348498,0.9491142574529722,1.548598753056315,-10.089941024780273,-3.202939033508301,-1.1182632446289062,1.8205783843994143,10.758054733276367,10.758054733276367,0.4419998729073848,0.0021182102535497673,0.0,1,False,0.0303115260698934,True,0,0.0,0.0,-2.220446049250313e-16,-8.681944052568724e-14,1.7763568394002505e-15,626.0,3.0,0.0,141629,18,2008,2025,28.25939319572268,27.286275154800435,-0.9731180486749434,1.514885897887625,1.8289614271349366,0.9491142574529704,1.5485987530563154,-10.089941024780273,-3.202939033508301,-1.1182632446289062,1.8205783843994143,10.758054733276367,10.758054733276367,626.0,3.0,0.0,0.4419998729073848,0.0021182102535497673,0.0,18,15,12,0.983948087431694,False,True
A430,PIATA,BA,NE,-13.15583333,-41.77416666,1290.0,144075,17,2008,2024,20.1979184446545,20.344146822933187,0.14622837757136575,1.0434573166567576,1.3667603436486049,0.9359934457825511,1.3589201286104493,-7.126025199890137,-2.042260456085205,0.1410648375749588,2.390898871421813,9.541699409484863,9.541699409484863,0.29984383133784487,0.0,0.0,1,False,0.0308877693871967,True,0,0.0,0.0,2.220446049250313e-16,-2.220446049250313e-14,-5.551115123125783e-15,432.0,0.0,0.0,144075,17,2008,2024,20.1979184446545,20.344146822933187,0.14622837757136575,1.0434573166567573,1.366760343648627,0.9359934457825566,1.358920128610447,-7.126025199890137,-2.042260456085205,0.1410648375749588,2.390898871421813,9.541699409484863,9.541699409484863,432.0,0.0,0.0,0.29984383133784487,0.0,0.0,18,17,16,0.9972072510417448,False,True
A431,CONDE,BA,NE,-11.8,-37.59972221,31.9,120553,18,2008,2025,26.334950601778804,25.6490081273918,-0.6859424753346209,1.4354401915000692,1.8272811550568426,0.8019599146134149,1.693653782319662,-10.023290634155273,-3.283524990081787,-0.6760738492012024,2.510957384109495,6.631982803344727,10.023290634155273,0.34258790739342865,0.0008295106716547909,0.0,2,True,27.776359294507728,True,0,0.0,0.0,0.0,-3.419486915845482e-14,2.4424906541753444e-15,413.0,1.0,0.0,120553,18,2008,2025,26.334950601778804,25.6490081273918,-0.6859424753346209,1.4354401915000692,1.8272811550568768,0.8019599146134124,1.6936537823196591,-10.023290634155273,-3.283524990081787,-0.6760738492012024,2.510957384109495,6.631982803344727,10.023290634155273,413.0,1.0,0.0,0.34258790739342865,0.0008295106716547909,0.0,18,12,10,0.944634703196347,True,True
A432,BURITIRAMA,BA,NE,-10.72305554,-43.65111111,506.5,110665,16,2008,2024,27.240990369999526,26.384215612458465,-0.8567747638329186,1.6073392873419057,1.9435117415537322,0.9305679889301745,1.7444776848236296,-9.19384765625,-3.2386715412139893,-1.1195796728134155,2.453213357925406,11.441258430480957,11.441258430480957,0.9108570912212532,0.0018072561333755026,0.0,1,False,0.0176489228227048,True,0,0.0,1.1102230246251565e-16,2.220446049250313e-16,-8.193445921733655e-14,-9.992007221626409e-16,1008.0,2.0,0.0,110665,16,2008,2024,27.240990369999526,26.384215612458465,-0.8567747638329187,1.6073392873419055,1.9435117415538141,0.9305679889301754,1.744477684823622,-9.19384765625,-3.2386715412139893,-1.1195796728134155,2.453213357925406,11.441258430480957,11.441258430480957,1008.0,2.0,0.0,0.9108570912212532,0.0018072561333755026,0.0,18,10,6,0.8505849676872022,False,True
A433,BRUMADO,BA,NE,-14.18166666,-41.67222221,470.0,151335,18,2008,2025,25.886840449183936,24.545974309707447,-1.3408661434058202,1.637695185331785,1.979532647504443,0.9480523520842008,1.4562422535073076,-9.675487518310547,-3.6299312114715576,-1.3744137287139893,1.0759476542472795,9.681004524230957,9.681004524230957,0.8088016651798989,0.0,0.0,1,False,0.0308866574366304,True,0,0.0,2.220446049250313e-16,-2.220446049250313e-16,-1.3677947663381929e-13,3.4416913763379853e-15,1224.0,0.0,0.0,151335,18,2008,2025,25.886840449183936,24.545974309707447,-1.3408661434058204,1.6376951853317852,1.9795326475045798,0.9480523520841974,1.4562422535073034,-9.675487518310547,-3.6299312114715576,-1.3744137287139893,1.0759476542472795,9.681004524230957,9.681004524230957,1224.0,0.0,0.0,0.8088016651798989,0.0,0.0,18,18,16,0.9981164383561644,False,True
A434,AMARGOSA,BA,NE,-13.00944444,-39.61694443,407.0,142980,18,2008,2025,23.459766398371308,23.02047821624677,-0.4392881847394822,0.9563197572433689,1.2634525279891118,0.947326336078066,1.1846298984178658,-7.625725746154785,-2.4991255998611446,-0.37644004821777344,1.3489261865615845,8.906787872314453,8.906787872314453,0.12449293607497552,0.0,0.0,1,False,0.0073544875542345,True,0,0.0,0.0,-2.220446049250313e-16,-2.4424906541753444e-14,-9.992007221626409e-16,178.0,0.0,0.0,142980,18,2008,2025,23.459766398371308,23.02047821624677,-0.4392881847394822,0.9563197572433692,1.2634525279891362,0.947326336078067,1.184629898417864,-7.625725746154785,-2.4991255998611446,-0.37644004821777344,1.3489261865615845,8.906787872314453,8.906787872314453,178.0,0.0,0.0,0.12449293607497552,0.0,0.0,18,16,15,0.998458904109589,False,True
A435,UAUA,BA,NE,-9.8336111,-39.49555555,453.0,106775,14,2008,2021,25.95401732396309,25.493960993594182,-0.46005633258705625,0.993773235895491,1.299046823467566,0.9609902296153977,1.2148599272294345,-7.924413681030273,-2.44654266834259,-0.45507773756980896,1.4463382959365845,9.419921875,9.419921875,0.22945446031374384,0.0,0.0,1,False,0.0082923990953854,True,0,0.0,5.551115123125783e-17,-2.220446049250313e-16,-2.6645352591003757e-15,1.2323475573339238e-14,245.0,0.0,0.0,106775,14,2008,2021,25.95401732396309,25.493960993594182,-0.4600563325870563,0.9937732358954913,1.2990468234675687,0.9609902296153854,1.2148599272294327,-7.924413681030273,-2.44654266834259,-0.45507773756980896,1.4463382959365845,9.419921875,9.419921875,245.0,0.0,0.0,0.22945446031374384,0.0,0.0,14,13,12,0.9726964655538088,False,True
A436,QUEIMADAS,BA,NE,-10.98472221,-39.61694443,315.0,124470,18,2008,2025,26.5308218798542,25.640072433362576,-0.8907494515211032,1.2687517073588692,1.6562466995797032,0.9560705617306389,1.3963288326085914,-8.493212699890137,-3.3304195404052734,-0.7763912379741669,1.1611868679523456,11.449705123901367,11.449705123901367,0.46597573712541174,0.002410219329959026,0.0,1,False,0.011107988144967,True,0,0.0,0.0,0.0,-8.260059303211165e-14,-2.6645352591003757e-15,580.0,3.0,0.0,124470,18,2008,2025,26.5308218798542,25.640072433362576,-0.8907494515211032,1.2687517073588692,1.6562466995797858,0.9560705617306415,1.3963288326085939,-8.493212699890137,-3.3304195404052734,-0.7763912379741669,1.1611868679523456,11.449705123901367,11.449705123901367,580.0,3.0,0.0,0.46597573712541174,0.002410219329959026,0.0,18,14,13,0.963013698630137,False,True
A437,UNA,BA,NE,-15.27999999,-39.0911111,74.0,135714,18,2008,2025,24.423479521135956,24.47590968296748,0.052430160008708586,1.3103492116585116,1.5664481945410134,0.921721855916694,1.5655762788042513,-7.03969669342041,-2.5779226541519162,0.26281777024269104,2.3832358241081217,5.818310737609863,7.03969669342041,0.023578997008414752,0.0,0.0,1,False,0.0429167451079116,True,0,0.0,-6.938893903907228e-18,-2.220446049250313e-16,-1.0436096431476471e-14,-3.3306690738754696e-15,32.0,0.0,0.0,135714,18,2008,2025,24.423479521135956,24.47590968296748,0.05243016000870859,1.3103492116585118,1.5664481945410238,0.9217218559166973,1.5655762788042484,-7.03969669342041,-2.5779226541519162,0.26281777024269104,2.3832358241081217,5.818310737609863,7.03969669342041,32.0,0.0,0.0,0.023578997008414752,0.0,0.0,18,14,13,0.9810046909698832,False,True
A438,MARAU,BA,NE,-13.90722222,-38.97222221,10.0,117319,17,2008,2024,25.83548870951097,24.70936110338357,-1.1261276069620942,1.4115721859611183,1.7190514463372923,0.8937281586147403,1.298841355784013,-6.328466415405273,-3.247957944869995,-1.1601558923721313,1.0368988633155807,4.502588272094727,6.328466415405273,0.05966637969979287,0.0,0.0,1,False,0.0313823821194575,True,0,0.0,0.0,0.0,-3.3084646133829665e-14,-6.772360450213455e-15,70.0,0.0,0.0,117319,17,2008,2024,25.83548870951097,24.70936110338357,-1.1261276069620942,1.4115721859611183,1.7190514463373254,0.8937281586147471,1.2988413557840064,-6.328466415405273,-3.247957944869995,-1.1601558923721313,1.0368988633155807,4.502588272094727,6.328466415405273,70.0,0.0,0.0,0.05966637969979287,0.0,0.0,18,13,8,0.8931221461187215,False,True
A439,IBOTIRAMA,BA,NE,-12.19249999,-43.2125,430.0,140972,18,2008,2025,28.289060939864534,26.810576698611815,-1.4784842496548443,2.0422734651498353,2.395211471702417,0.9293806284030578,1.8844488605805518,-10.05043888092041,-4.061771893501282,-1.7874507904052734,1.925825542211531,12.158445358276367,12.158445358276367,1.2747212212354226,0.006384246517038845,0.0,1,False,0.1177963005791662,True,0,0.0,0.0,0.0,8.260059303211165e-14,4.107825191113079e-15,1797.0,9.0,0.0,140972,18,2008,2025,28.289060939864534,26.810576698611815,-1.4784842496548443,2.0422734651498353,2.3952114717023343,0.9293806284030537,1.8844488605805567,-10.05043888092041,-4.061771893501282,-1.7874507904052734,1.925825542211531,12.158445358276367,12.158445358276367,1797.0,9.0,0.0,1.2747212212354226,0.006384246517038845,0.0,18,16,14,0.961472602739726,False,True
A440,JACOBINA,BA,NE,-11.205,-40.465,453.0,111255,16,2008,2024,24.92351354457819,22.941046106850163,-1.982467443215529,2.3751699405874342,2.728643441417532,0.9031492763380975,1.8749265223491927,-13.841958045959473,-4.754345417022705,-2.1455471515655518,1.5851663827896094,10.936474800109863,13.841958045959473,3.9521819244078915,0.005393016044222732,0.0,1,False,0.0,True,0,0.0,0.0,0.0,1.687538997430238e-14,-3.885780586188048e-15,4397.0,6.0,0.0,111255,16,2008,2024,24.92351354457819,22.941046106850163,-1.982467443215529,2.3751699405874342,2.728643441417515,0.9031492763381014,1.8749265223491967,-13.841958045959473,-4.754345417022705,-2.1455471515655518,1.5851663827896094,10.936474800109863,13.841958045959473,4397.0,6.0,0.0,3.9521819244078915,0.005393016044222732,0.0,18,11,11,0.9711664802907464,False,True
A441,SERRINHA,BA,NE,-11.66444444,-39.02305554,339.0,127296,17,2008,2024,25.127161886792138,25.220771151879973,0.09360926129725126,0.8030869439654476,1.0930734746916704,0.9666443765875506,1.0890620939981102,-7.081884384155273,-1.6765742897987366,0.10695743560791016,1.7736178934574127,10.68744945526123,10.68744945526123,0.19639265962795374,0.0031422825540472596,0.0,1,False,0.0308877693871967,True,0,0.0,0.0,1.1102230246251565e-16,9.103828801926284e-15,-1.7763568394002505e-15,250.0,4.0,0.0,127296,17,2008,2024,25.127161886792138,25.220771151879973,0.09360926129725126,0.8030869439654474,1.0930734746916613,0.9666443765875524,1.089062093998112,-7.081884384155273,-1.6765742897987366,0.10695743560791016,1.7736178934574127,10.68744945526123,10.68744945526123,250.0,4.0,0.0,0.19639265962795374,0.0031422825540472596,0.0,18,13,13,0.9829915900814982,False,True
A442,EUCLIDES DA CUNHA,BA,NE,-10.53722221,-38.99666666,430.0,134527,18,2008,2025,25.207472842601707,24.417226243536785,-0.7902466058272763,1.1897150777028174,1.5697385357547151,0.9595130551707722,1.3563196699940672,-8.46639633178711,-3.1927437782287598,-0.6708980798721313,1.2253750324249266,10.706883430480957,10.706883430480957,0.3850528146766076,0.0022300356062351797,0.0,1,False,0.0068466114806197,True,0,0.0,-1.1102230246251565e-16,2.220446049250313e-16,6.661338147750939e-16,2.55351295663786e-15,518.0,3.0,0.0,134527,18,2008,2025,25.207472842601707,24.417226243536785,-0.7902466058272762,1.1897150777028171,1.5697385357547144,0.9595130551707697,1.3563196699940718,-8.46639633178711,-3.1927437782287598,-0.6708980798721313,1.2253750324249266,10.706883430480957,10.706883430480957,518.0,3.0,0.0,0.3850528146766076,0.0022300356062351797,0.0,18,15,11,0.974962104199416,False,True
A443,DELFINO,BA,NE,-10.455,-41.20722222,637.0,125231,16,2008,2025,24.87246687605253,22.866933004319858,-2.0055338768911155,2.2871512117933097,2.611460944431033,0.9327343903595429,1.6725981203874545,-10.321386337280273,-4.44838809967041,-2.185790538787842,1.1805423498153687,10.265576362609863,10.321386337280273,2.2039271426404006,0.00239557298113087,0.0,1,False,0.0303749623539192,True,0,0.0,0.0,0.0,2.4424906541753444e-14,-6.439293542825908e-15,2760.0,3.0,0.0,125231,16,2008,2025,24.87246687605253,22.866933004319858,-2.0055338768911155,2.2871512117933097,2.6114609444310086,0.9327343903595493,1.6725981203874565,-10.321386337280273,-4.44838809967041,-2.185790538787842,1.1805423498153687,10.265576362609863,10.321386337280273,2760.0,3.0,0.0,2.2039271426404006,0.00239557298113087,0.0,18,14,12,0.9829908675799086,False,True
A444,VALENCA,BA,NE,-13.3436111,-39.12666666,105.0,115028,16,2009,2024,24.30502920746534,24.01253561556213,-0.2924935946577472,1.150691731619941,1.4572813799352373,0.9224244000177767,1.4276323882507111,-8.865038871765137,-2.627165973186493,-0.29211387038230896,2.0497081279754634,10.34330940246582,10.34330940246582,0.16778523489932887,0.0017387070974023715,0.0,1,False,0.0003815045637121,True,0,0.0,0.0,0.0,1.554312234475219e-14,2.6645352591003757e-15,193.0,2.0,0.0,115028,16,2009,2024,24.30502920746534,24.01253561556213,-0.2924935946577472,1.150691731619941,1.4572813799352218,0.922424400017774,1.4276323882507107,-8.865038871765137,-2.627165973186493,-0.29211387038230896,2.0497081279754634,10.34330940246582,10.34330940246582,193.0,2.0,0.0,0.16778523489932887,0.0017387070974023715,0.0,17,13,10,0.9478310502283104,False,True
A445,IPIAU,BA,NE,-14.17138888,-39.69249999,125.0,112060,15,2009,2025,24.73980367562823,24.030225941931885,-0.7095777347112618,1.3146238118167315,1.7104474979549689,0.9482048085291829,1.5563263463803145,-15.461669921875,-3.3879511833190916,-0.6097652316093445,1.6918485701084132,10.159421920776367,15.461669921875,0.7647688738175977,0.015170444404783153,0.0,1,False,0.0094407257869681,True,0,0.0,0.0,0.0,-1.1102230246251565e-15,-1.6653345369377348e-15,857.0,17.0,0.0,112060,15,2009,2025,24.73980367562823,24.030225941931885,-0.7095777347112618,1.3146238118167315,1.71044749795497,0.9482048085291845,1.5563263463803156,-15.461669921875,-3.3879511833190916,-0.6097652316093445,1.6918485701084132,10.159421920776367,15.461669921875,857.0,17.0,0.0,0.7647688738175977,0.015170444404783153,0.0,17,12,11,0.9833788706739528,False,True
A446,ITAPETINGA,BA,NE,-15.24472221,-40.22944443,269.0,122368,16,2009,2024,24.952655922808532,23.803774522142056,-1.1488814010669863,1.4617998195691715,1.8636871687180487,0.9543367643100465,1.4674532316294804,-9.91103458404541,-3.6858394145965576,-1.0297603607177734,1.0943168044090261,12.75175666809082,12.75175666809082,0.8498953974895397,0.003268828451882845,0.0,1,False,0.0160450153813214,True,0,0.0,0.0,0.0,8.881784197001252e-16,-3.4416913763379853e-15,1040.0,4.0,0.0,122368,16,2009,2024,24.952655922808532,23.803774522142056,-1.1488814010669863,1.4617998195691715,1.8636871687180478,0.95433676431005,1.4674532316294766,-9.91103458404541,-3.6858394145965576,-1.0297603607177734,1.0943168044090261,12.75175666809082,12.75175666809082,1040.0,4.0,0.0,0.8498953974895397,0.003268828451882845,0.0,17,14,12,0.9577625570776256,False,True
A447,BELMONTE,BA,NE,-16.08805555,-39.21555555,88.0,123397,17,2009,2025,24.073084431635447,24.115648101852024,0.04256366702858608,1.2819635209158118,1.6043571773361878,0.9425561065515403,1.6037989685120868,-7.640820026397705,-2.4911715507507326,0.012109756469726562,2.78923864364624,8.003125190734863,8.003125190734863,0.17342398923798796,0.0,0.0,1,False,0.0296781099771924,True,0,0.0,6.938893903907228e-18,0.0,-3.552713678800501e-15,2.9976021664879227e-15,214.0,0.0,0.0,123397,17,2009,2025,24.073084431635447,24.115648101852024,0.04256366702858607,1.2819635209158118,1.6043571773361913,0.9425561065515373,1.6037989685120868,-7.640820026397705,-2.4911715507507326,0.012109756469726562,2.78923864364624,8.003125190734863,8.003125190734863,214.0,0.0,0.0,0.17342398923798796,0.0,0.0,17,14,12,0.9858447488584476,False,True
A448,CURACA,BA,NE,-9.00138888,-39.9125,370.0,75899,11,2015,2025,28.295615219913135,27.543475732434057,-0.7521394928229149,1.200593208800985,1.794391529035923,0.9219178856066472,1.6291599407273656,-15.243846893310547,-2.8713862895965576,-0.6666988134384155,1.3235582590103128,10.411863327026367,15.243846893310547,1.9736755424972658,0.4558689837810775,0.0,1,False,0.030506274296401,True,0,0.0,1.1102230246251565e-16,-2.220446049250313e-16,-6.727951529228449e-14,3.3306690738754696e-15,1498.0,346.0,0.0,75899,11,2015,2025,28.295615219913135,27.543475732434057,-0.752139492822915,1.2005932088009852,1.7943915290359902,0.9219178856066439,1.629159940727371,-15.243846893310547,-2.8713862895965576,-0.6666988134384155,1.3235582590103128,10.411863327026367,15.243846893310547,1498.0,346.0,0.0,1.9736755424972658,0.4558689837810775,0.0,11,8,6,0.9542237442922374,False,True
A449,PILAO ARCADO,BA,NE,-10.018333,-42.50027777,385.0,29147,6,2016,2021,28.148828343821254,27.63386760132797,-0.5149607513867229,1.326323766702721,1.6394374156703433,0.9381245727318858,1.5564875787764143,-7.967480182647705,-2.743838000297546,-0.6852535009384155,2.264136028289794,8.093555450439453,8.093555450439453,0.41170617902357015,0.0,0.0,1,False,3.4517510025420823,True,0,0.0,0.0,0.0,-2.353672812205332e-14,1.1102230246251565e-15,120.0,0.0,0.0,29147,6,2016,2021,28.148828343821254,27.63386760132797,-0.5149607513867229,1.326323766702721,1.6394374156703668,0.9381245727318847,1.5564875787764147,-7.967480182647705,-2.743838000297546,-0.6852535009384155,2.264136028289794,8.093555450439453,8.093555450439453,120.0,0.0,0.0,0.41170617902357015,0.0,0.0,7,2,0,0.5860091743119266,False,True
A450,JEREMOABO,BA,NE,-10.08083332,-38.34583333,261.0,72072,10,2015,2024,26.81354617066859,25.20275622033983,-1.6107899560560686,1.728381563154634,2.003401066754331,0.9627988509752944,1.1912141874005393,-9.873583793640137,-3.534235441684723,-1.6018306612968445,0.2579105496406555,12.21830940246582,12.21830940246582,0.5036630036630036,0.002775002775002775,0.0,1,False,0.0,True,0,0.0,0.0,0.0,5.773159728050814e-15,1.887379141862766e-15,363.0,2.0,0.0,72072,10,2015,2024,26.81354617066859,25.20275622033983,-1.6107899560560686,1.728381563154634,2.0034010667543254,0.9627988509752925,1.1912141874005384,-9.873583793640137,-3.534235441684723,-1.6018306612968445,0.2579105496406555,12.21830940246582,12.21830940246582,363.0,2.0,0.0,0.5036630036630036,0.002775002775002775,0.0,11,8,8,0.9732468123861566,False,True
A451,ITABAIANA,SE,NE,-10.67166666,-37.47138888,213.0,25118,5,2017,2021,25.36575762008119,25.073099957215614,-0.29265766665148324,0.8592143289362327,1.1530006317337878,0.9655682928658026,1.11526295807708,-6.534423351287842,-2.3247774243354797,-0.17099571228027344,1.3254398107528687,6.710742473602295,6.710742473602295,0.09554900867903496,0.0,0.0,1,False,0.0,True,0,0.0,-5.551115123125783e-17,0.0,-6.661338147750939e-15,-3.3306690738754696e-16,24.0,0.0,0.0,25118,5,2017,2021,25.36575762008119,25.073099957215614,-0.2926576666514832,0.8592143289362327,1.1530006317337944,0.9655682928658029,1.1152629580770792,-6.534423351287842,-2.3247774243354797,-0.17099571228027344,1.3254398107528687,6.710742473602295,6.710742473602295,24.0,0.0,0.0,0.09554900867903496,0.0,0.0,9,3,3,0.0001141552511415,False,True
A452,FORMOSA DO RIO PRETO,BA,NE,-11.05222222,-45.20083333,488.0,60913,10,2016,2025,26.107264452339276,25.90848500512589,-0.19877945415501672,2.5392449340078347,3.0700829377115078,0.9113345649761585,3.063666114718381,-13.847265243530273,-4.334824752807617,-0.4886714816093445,5.483374881744383,11.724560737609863,13.847265243530273,8.817493802636548,0.0164168568285916,0.0,1,False,0.0095497301311397,True,0,0.0,0.0,0.0,-6.217248937900877e-14,-2.6645352591003757e-15,5371.0,10.0,0.0,60913,10,2016,2025,26.107264452339276,25.90848500512589,-0.19877945415501672,2.5392449340078347,3.07008293771157,0.9113345649761612,3.0636661147183757,-13.847265243530273,-4.334824752807617,-0.4886714816093445,5.483374881744383,11.724560737609863,13.847265243530273,5371.0,10.0,0.0,8.817493802636548,0.0164168568285916,0.0,10,4,4,0.7889955585497916,False,True
A453,NOSSA SENHORA DA GLORIA,SE,NE,-10.20777777,-37.43194443,271.0,59820,9,2017,2025,25.82120694964277,25.384424507111778,-0.436782447245274,0.9174236030184616,1.253598346458525,0.9630408012257448,1.1750544624898118,-8.044921875,-2.561092698574066,-0.27847403287887573,1.167585784196853,7.791308879852295,8.044921875,0.19725844199264458,0.0,0.0,1,False,0.0,True,0,0.0,0.0,0.0,8.659739592076221e-15,-7.771561172376096e-16,118.0,0.0,0.0,59820,9,2017,2025,25.82120694964277,25.384424507111778,-0.436782447245274,0.9174236030184616,1.2535983464585163,0.9630408012257455,1.175054462489812,-8.044921875,-2.561092698574066,-0.27847403287887573,1.167585784196853,7.791308879852295,8.044921875,118.0,0.0,0.0,0.19725844199264458,0.0,0.0,9,7,6,0.9567351598173516,False,True
A454,MACAUBAS,BA,NE,-13.03888888,-42.61722221,574.0,21563,3,2016,2018,26.360051937162535,25.862054368491318,-0.4979975721365327,1.322208407225296,1.6383728505059958,0.9496876467233839,1.5608898116774659,-6.069189071655273,-2.641576862335205,-0.7041012048721313,2.470351934432983,11.497459411621094,11.497459411621094,0.3710058897184993,0.018550294485924965,0.0,1,False,0.0,True,0,0.0,0.0,0.0,0.0,0.0,80.0,4.0,0.0,21563,3,2016,2018,26.360051937162535,25.862054368491318,-0.4979975721365327,1.322208407225296,1.6383728505059958,0.9496876467233839,1.5608898116774659,-6.069189071655273,-2.641576862335205,-0.7041012048721313,2.470351934432983,11.497459411621094,11.497459411621094,80.0,4.0,0.0,0.3710058897184993,0.018550294485924965,0.0,3,2,1,0.8820776255707763,False,True
A455,ITAMARAJU,BA,NE,-17.00694444,-39.55805555,110.0,48943,8,2016,2024,24.849678193641388,24.61705583674842,-0.2326223605219744,1.0210927779474386,1.3165255969946885,0.9543179125888507,1.2958243682787367,-7.355663776397705,-2.3882478713989257,-0.22114220261573792,1.8854211926460276,7.450439929962158,7.450439929962158,0.1266779723351654,0.0,0.0,2,True,47.78914398280842,True,0,0.0,0.0,0.0,-1.199040866595169e-14,-1.3322676295501878e-15,62.0,0.0,0.0,48943,8,2016,2024,24.849678193641388,24.61705583674842,-0.2326223605219744,1.0210927779474386,1.3165255969947005,0.954317912588852,1.2958243682787376,-7.355663776397705,-2.3882478713989257,-0.22114220261573792,1.8854211926460276,7.450439929962158,7.450439929962158,62.0,0.0,0.0,0.1266779723351654,0.0,0.0,10,4,3,0.7316762107942212,True,True
A456,SALVADOR (RADIO FAROL),BA,NE,-12.80833333,-38.49583333,31.0,57838,8,2018,2025,26.01949928840614,25.747172690537663,-0.2723266006991569,1.5998185279847013,2.0132421508434195,0.8275306680281694,1.9947558690143308,-8.3251953125,-4.10051703453064,0.3035160005092621,2.286455392837523,7.720945835113525,8.3251953125,1.8309761748331548,0.0,0.0,1,False,0.0,True,0,0.0,0.0,0.0,-5.773159728050814e-15,-4.3298697960381105e-15,1059.0,0.0,0.0,57838,8,2018,2025,26.01949928840614,25.747172690537663,-0.2723266006991569,1.5998185279847013,2.0132421508434253,0.8275306680281738,1.994755869014333,-8.3251953125,-4.10051703453064,0.3035160005092621,2.286455392837523,7.720945835113525,8.3251953125,1059.0,0.0,0.0,1.8309761748331548,0.0,0.0,8,7,4,0.903824200913242,False,True
A458,RIBEIRA DO AMPARO,BA,NE,-11.05861111,-38.44416666,182.0,58677,8,2018,2025,26.21726740863053,25.849750197705557,-0.36751721544663074,1.0236548350670034,1.3598527185935942,0.9643627266899645,1.3092592279998945,-8.86586856842041,-2.6544820785522463,-0.2609371244907379,1.5533207178115838,12.183690071105957,12.183690071105957,0.22325613102237674,0.006816981099919901,0.0,1,False,0.0,True,0,0.0,5.551115123125783e-17,0.0,8.43769498715119e-15,-8.548717289613705e-15,131.0,4.0,0.0,58677,8,2018,2025,26.21726740863053,25.849750197705557,-0.3675172154466308,1.0236548350670034,1.3598527185935858,0.964362726689973,1.3092592279998947,-8.86586856842041,-2.6544820785522463,-0.2609371244907379,1.5533207178115838,12.183690071105957,12.183690071105957,131.0,4.0,0.0,0.22325613102237674,0.006816981099919901,0.0,8,7,7,0.9590216957357088,False,True
A502,BARBACENA,MG,SE,-21.22888888,-43.76694443,1155.0,190419,23,2003,2025,19.181784905242885,18.869871758256004,-0.3119131476848815,1.052797445933275,1.3788738698907443,0.9517919602255132,1.3431354404083242,-15.50331974029541,-2.467659139633179,-0.30380821228027344,1.789756286144257,10.75439453125,15.50331974029541,0.3161449225129845,0.0015754730357789928,0.0,1,False,0.1061929278902358,True,0,0.0,0.0,2.220446049250313e-16,-8.926193117986259e-14,-2.4424906541753444e-15,602.0,3.0,0.0,190419,23,2003,2025,19.181784905242885,18.869871758256004,-0.3119131476848815,1.0527974459332747,1.3788738698908336,0.9517919602255156,1.3431354404083213,-15.50331974029541,-2.467659139633179,-0.30380821228027344,1.789756286144257,10.75439453125,15.50331974029541,602.0,3.0,0.0,0.3161449225129845,0.0015754730357789928,0.0,24,20,20,0.997488584474886,False,True
A505,ARAXA,MG,SE,-19.60555555,-46.94944444,1020.0,191702,24,2002,2025,22.3041371494624,21.44734122352649,-0.8567959270166794,1.3815117299417274,1.7467063604806534,0.9335609316363391,1.5221353208951565,-8.830272674560547,-3.236635661125183,-0.9071285128593445,1.6411136388778687,11.959131240844727,11.959131240844727,0.6577917809934168,0.0020865718667515206,0.0,1,False,0.0424338321828582,True,0,0.0,0.0,0.0,-1.4432899320127035e-13,-4.440892098500626e-15,1261.0,4.0,0.0,191702,24,2002,2025,22.3041371494624,21.44734122352649,-0.8567959270166794,1.3815117299417274,1.7467063604807977,0.9335609316363436,1.5221353208951611,-8.830272674560547,-3.236635661125183,-0.9071285128593445,1.6411136388778687,11.959131240844727,11.959131240844727,1261.0,4.0,0.0,0.6577917809934168,0.0020865718667515206,0.0,24,22,21,0.9929986338797814,False,True
A506,MONTES CLAROS,MG,SE,-16.71666666,-43.86666666,646.29,191750,24,2002,2025,24.40914888866877,23.180851326553267,-1.2282975652619335,1.6039397033979113,1.9425541431747202,0.9549039431007561,1.5049297331171632,-9.007030487060547,-3.492680299282074,-1.3103267550468445,1.2877811670303316,10.72577953338623,10.72577953338623,0.6529335071707952,0.0010430247718383311,0.0,1,False,4.16412602006024,True,0,0.0,0.0,0.0,7.216449660063518e-14,-5.773159728050814e-15,1252.0,2.0,0.0,191750,24,2002,2025,24.40914888866877,23.180851326553267,-1.2282975652619335,1.6039397033979113,1.942554143174648,0.9549039431007619,1.5049297331171612,-9.007030487060547,-3.492680299282074,-1.3103267550468445,1.2877811670303316,10.72577953338623,10.72577953338623,1252.0,2.0,0.0,0.6529335071707952,0.0010430247718383311,0.0,24,22,22,0.9985730593607306,False,True
A507,UBERLANDIA,MG,SE,-18.91722221,-48.25555555,869.0,185728,23,2003,2025,23.917522397444298,22.63937894705244,-1.2781434512703977,1.6304287540978797,2.0143718720813175,0.9302016135518302,1.55693815183997,-10.678643226623535,-3.788605511188507,-1.2747554779052734,1.2123368382453916,14.287839889526367,14.287839889526367,1.0396924534803584,0.00484579600275672,0.0,1,False,0.0308877693870199,True,0,0.0,0.0,0.0,8.837375276016246e-14,-1.021405182655144e-14,1931.0,9.0,0.0,185728,23,2003,2025,23.917522397444298,22.63937894705244,-1.2781434512703977,1.6304287540978797,2.014371872081229,0.9302016135518404,1.5569381518399668,-10.678643226623535,-3.788605511188507,-1.2747554779052734,1.2123368382453916,14.287839889526367,14.287839889526367,1931.0,9.0,0.0,1.0396924534803584,0.00484579600275672,0.0,24,20,19,0.9970932517403998,False,True
A508,ALMENARA,MG,SE,-16.16666666,-40.68777777,194.0,183041,24,2002,2025,25.961033861276352,23.104817471142184,-2.8562163956328064,2.919938025924234,3.2155566835451865,0.9411056972906944,1.4771068364844224,-11.587939262390137,-5.10317325592041,-2.934499740600586,-0.3713863492012024,9.279149055480957,11.587939262390137,5.745707245917582,0.013658142164870164,0.0,1,False,0.012050893115197,True,0,0.0,-8.881784197001252e-16,0.0,-7.283063041541027e-14,2.220446049250313e-15,10517.0,25.0,0.0,183041,24,2002,2025,25.961033861276352,23.104817471142184,-2.8562163956328055,2.919938025924234,3.2155566835452594,0.9411056972906922,1.4771068364844215,-11.587939262390137,-5.10317325592041,-2.934499740600586,-0.3713863492012024,9.279149055480957,11.587939262390137,10517.0,25.0,0.0,5.745707245917582,0.013658142164870164,0.0,24,21,18,0.9804223744292238,False,True
A509,MONTE VERDE,MG,SE,-22.86138888,-46.04333333,1500.0,181096,22,2004,2025,16.085036114941275,18.037268256185936,1.9522321427886773,2.161933811400394,2.697360686288568,0.9266446297011587,1.86133378620962,-8.577441215515137,-0.8081661313772202,1.7745242714881897,5.36665153503418,13.036035537719727,13.036035537719727,6.588218403498697,0.038653531828422495,0.0,1,False,0.0308877693873735,True,0,0.0,0.0,-8.881784197001252e-16,-1.021405182655144e-14,-3.219646771412954e-15,11931.0,70.0,0.0,181096,22,2004,2025,16.085036114941275,18.037268256185936,1.9522321427886773,2.1619338114003948,2.697360686288578,0.9266446297011619,1.8613337862096313,-8.577441215515137,-0.8081661313772202,1.7745242714881897,5.36665153503418,13.036035537719727,13.036035537719727,11931.0,70.0,0.0,6.588218403498697,0.038653531828422495,0.0,22,22,21,0.9970890410958904,False,True
A510,VICOSA,MG,SE,-20.76277777,-42.86388888,712.2,173646,21,2005,2025,20.654325468842558,20.798964870191195,0.1446394033052376,1.3675925341729573,1.7415247083034195,0.9433519119843944,1.735512920812421,-12.236669540405273,-2.623974323272705,0.08298378065228462,3.083150863647461,10.414060592651367,12.236669540405273,0.6138926321366458,0.0011517685405940821,0.0,1,False,0.0308866574364536,True,0,0.0,0.0,-2.220446049250313e-16,-8.881784197001252e-16,1.2212453270876722e-15,1066.0,2.0,0.0,173646,21,2005,2025,20.654325468842558,20.798964870191195,0.1446394033052376,1.3675925341729576,1.7415247083034204,0.9433519119843932,1.7355129208124216,-12.236669540405273,-2.623974323272705,0.08298378065228462,3.083150863647461,10.414060592651367,12.236669540405273,1066.0,2.0,0.0,0.6138926321366458,0.0011517685405940821,0.0,21,20,19,0.9988615664845172,False,True
A511,TIMOTEO,MG,SE,-19.5736111,-42.62222221,333.0,163456,20,2006,2025,23.182124239479364,23.67102806795222,0.48890382661399523,1.2159204349833075,1.5836991540460352,0.929270843100272,1.5063498733064609,-6.909032821655273,-1.853152096271515,0.4387943297624588,2.950195789337158,13.11078929901123,13.11078929901123,0.7280246671887236,0.0134592795614722,0.0,1,False,0.0424385097613888,True,0,0.0,5.551115123125783e-17,0.0,-1.7319479184152442e-14,-6.328271240363392e-15,1190.0,22.0,0.0,163456,20,2006,2025,23.182124239479364,23.67102806795222,0.4889038266139952,1.2159204349833075,1.5836991540460525,0.9292708431002783,1.5063498733064646,-6.909032821655273,-1.853152096271515,0.4387943297624588,2.950195789337158,13.11078929901123,13.11078929901123,1190.0,22.0,0.0,0.7280246671887236,0.0134592795614722,0.0,20,19,15,0.9941780821917808,False,True
A512,ITUIUTABA,MG,SE,-18.95277777,-49.52499999,560.0,154982,20,2006,2025,24.666389640866946,24.745448605776204,0.07905896039214992,1.6123570313361626,2.032050970527447,0.9438814236998305,2.0305190052646553,-9.04872989654541,-2.989547908306122,-0.027619552798569202,3.5879886150360107,14.98442268371582,14.98442268371582,1.6150262611141937,0.02000232285039553,0.0,1,False,0.0162431728046073,True,0,0.0,0.0,-2.220446049250313e-16,-1.2434497875801753e-14,-5.551115123125783e-15,2503.0,31.0,0.0,154982,20,2006,2025,24.666389640866946,24.745448605776204,0.07905896039214992,1.6123570313361628,2.0320509705274596,0.9438814236998361,2.0305190052646584,-9.04872989654541,-2.989547908306122,-0.027619552798569202,3.5879886150360107,14.98442268371582,14.98442268371582,2503.0,31.0,0.0,1.6150262611141937,0.02000232285039553,0.0,20,18,15,0.9770259438081692,False,True
A513,OURO BRANCO,MG,SE,-20.54583333,-43.76944443,1061.0,160601,20,2006,2025,20.46703320798474,19.050639840177574,-1.416393366467334,1.7187601977803482,2.194954832178241,0.9278831389656549,1.6768047155021462,-18.308788299560547,-3.825927257537842,-1.3864253759384155,1.0443699359893799,11.198144912719727,18.308788299560547,1.3530426336075116,0.37670998312588344,0.0,1,False,1.838019623076396,True,0,0.0,4.440892098500626e-16,2.220446049250313e-16,1.6298074001497298e-13,-8.104628079763643e-15,2173.0,605.0,0.0,160601,20,2006,2025,20.46703320798474,19.050639840177574,-1.4163933664673345,1.718760197780348,2.194954832178078,0.927883138965663,1.6768047155021495,-18.308788299560547,-3.825927257537842,-1.3864253759384155,1.0443699359893799,11.198144912719727,18.308788299560547,2173.0,605.0,0.0,1.3530426336075116,0.37670998312588344,0.0,20,17,17,0.997945205479452,False,True
A514,SAO JOAO DEL REI,MG,SE,-21.22638888,-44.97944443,991.0,163471,20,2006,2025,20.59193618625107,20.29770042046402,-0.29423576409618085,1.4260091711061067,1.8300697072790901,0.9414197907662615,1.8062669810718253,-8.167284965515137,-3.152636408805847,-0.3482906222343445,2.7476322650909424,10.24375057220459,10.24375057220459,1.0668558949293758,0.0012234585951024952,0.0,2,True,76.72132509665889,True,0,0.0,-5.551115123125783e-17,0.0,-5.3290705182007514e-14,-1.1879386363489175e-14,1744.0,2.0,0.0,163471,20,2006,2025,20.59193618625107,20.29770042046402,-0.2942357640961808,1.4260091711061067,1.8300697072791434,0.9414197907662734,1.8062669810718308,-8.167284965515137,-3.152636408805847,-0.3482906222343445,2.7476322650909424,10.24375057220459,10.24375057220459,1744.0,2.0,0.0,1.0668558949293758,0.0012234585951024952,0.0,20,19,15,0.9982876712328768,True,True
A515,VARGINHA,MG,SE,-21.56638888,-45.40416666,955.0,164699,20,2006,2025,21.019482206011794,20.835663533394456,-0.1838186735177488,1.1990822622887942,1.537854520834252,0.9472133243433721,1.5268337751543413,-8.2568359375,-2.519740915298462,-0.23334923386573792,2.3024418354034424,12.777830123901367,12.777830123901367,0.5239861808511284,0.00850035519341344,0.0,1,False,0.0,True,0,0.0,0.0,2.220446049250313e-16,-1.9984014443252818e-15,-3.3306690738754696e-16,863.0,14.0,0.0,164699,20,2006,2025,21.019482206011794,20.835663533394456,-0.1838186735177488,1.199082262288794,1.537854520834254,0.9472133243433725,1.5268337751543384,-8.2568359375,-2.519740915298462,-0.23334923386573792,2.3024418354034424,12.777830123901367,12.777830123901367,863.0,14.0,0.0,0.5239861808511284,0.00850035519341344,0.0,20,18,18,0.998972602739726,False,True
A516,PASSOS,MG,SE,-20.74499999,-46.63388888,784.0,164456,20,2006,2025,22.276700148396543,21.551377589791215,-0.7253225609483667,1.468918596438909,1.8143429461927472,0.9459249661599725,1.6630587261532255,-9.45644474029541,-3.1290157437324524,-0.8562496304512024,2.1712527871131897,11.064746856689453,11.064746856689453,0.6323879943571533,0.0030403268959478522,0.0,1,False,0.0308877693873735,True,0,0.0,-2.220446049250313e-16,2.220446049250313e-16,-5.81756864903582e-14,-4.440892098500626e-15,1040.0,5.0,0.0,164456,20,2006,2025,22.276700148396543,21.551377589791215,-0.7253225609483664,1.4689185964389089,1.8143429461928053,0.9459249661599769,1.663058726153229,-9.45644474029541,-3.1290157437324524,-0.8562496304512024,2.1712527871131897,11.064746856689453,11.064746856689453,1040.0,5.0,0.0,0.6323879943571533,0.0030403268959478522,0.0,20,20,17,0.9896118721461188,False,True
A517,MURIAE,MG,SE,-21.10472222,-42.37583332,297.0,162393,20,2006,2025,23.838688859141307,21.255607668889386,-2.5830811908047244,2.665456396598399,3.004073985801595,0.9494650105355228,1.5336774622749128,-9.505956649780273,-5.096162509918213,-2.5562496185302734,-0.14685508608818224,7.027490615844727,9.505956649780273,5.745321534795219,0.0,0.0,1,False,0.0308877693873735,True,0,0.0,0.0,0.0,-1.3633538742396922e-13,5.218048215738236e-15,9330.0,0.0,0.0,162393,20,2006,2025,23.838688859141307,21.255607668889386,-2.5830811908047244,2.665456396598399,3.0040739858017314,0.9494650105355176,1.533677462274912,-9.505956649780273,-5.096162509918213,-2.5562496185302734,-0.14685508608818224,7.027490615844727,9.505956649780273,9330.0,0.0,0.0,5.745321534795219,0.0,0.0,20,19,17,0.9921232876712328,False,True
A518,JUIZ DE FORA,MG,SE,-21.76999999,-43.36416666,950.0,160055,19,2007,2025,19.821726908226022,20.87743312439101,1.0557062177148597,1.5608794725186446,1.912115874272553,0.932254167297064,1.5942670349131394,-9.270721435546875,-1.8028915047645568,1.1815922260284424,3.3918993949890135,12.25688362121582,12.25688362121582,1.0933741526350318,0.008746993221080255,0.0,1,False,0.0286848582270454,True,0,0.0,0.0,2.220446049250313e-16,7.37188088351104e-14,-1.2434497875801753e-14,1750.0,14.0,0.0,160055,19,2007,2025,19.821726908226022,20.87743312439101,1.0557062177148597,1.5608794725186443,1.9121158742724793,0.9322541672970764,1.5942670349131294,-9.270721435546875,-1.8028915047645568,1.1815922260284424,3.3918993949890135,12.25688362121582,12.25688362121582,1750.0,14.0,0.0,1.0933741526350318,0.008746993221080255,0.0,19,19,19,0.9990867579908675,False,True
A519,CAMPINA VERDE,MG,SE,-19.53916666,-49.51805554,555.2,164002,20,2006,2025,24.789008056779757,24.760491165303204,-0.028516895448275053,1.3972078131525272,1.7993892980999295,0.9445887234659751,1.7991687998645804,-20.728221893310547,-2.7818844318389893,-0.07885704189538956,2.8974075555801377,15.06450080871582,20.728221893310547,1.0804746283581907,0.03414592504969451,0.0006097486616016878,1,False,0.0094399675740378,True,0,0.0,0.0,-2.220446049250313e-16,-3.1530333899354446e-14,7.327471962526033e-15,1772.0,56.0,1.0,164002,20,2006,2025,24.789008056779757,24.760491165303204,-0.028516895448275053,1.3972078131525274,1.799389298099961,0.9445887234659678,1.7991687998645798,-20.728221893310547,-2.7818844318389893,-0.07885704189538956,2.8974075555801377,15.06450080871582,20.728221893310547,1772.0,56.0,1.0,1.0804746283581907,0.03414592504969451,0.0006097486616016878,20,19,17,0.9898927193828352,False,True
A520,CONCEICAO DAS ALAGOAS,MG,SE,-19.98583333,-48.15138888,568.0,166359,20,2006,2025,24.174065119880854,24.371882873594178,0.197817749244432,1.6089008971315453,1.9721739768862738,0.9478346117452263,1.9622337980183435,-8.75795841217041,-2.828520178794861,0.2607913911342621,3.339985942840577,13.51078987121582,13.51078987121582,1.1042384241309458,0.0108199736713974,0.0,1,False,0.0290276201399659,True,0,0.0,0.0,0.0,1.6298074001497298e-13,-8.881784197001252e-16,1837.0,18.0,0.0,166359,20,2006,2025,24.174065119880854,24.371882873594178,0.197817749244432,1.6089008971315453,1.9721739768861108,0.9478346117452272,1.962233798018355,-8.75795841217041,-2.828520178794861,0.2607913911342621,3.339985942840577,13.51078987121582,13.51078987121582,1837.0,18.0,0.0,1.1042384241309458,0.0108199736713974,0.0,20,19,19,0.9953196347031964,False,True
A521,PAMPULHA,MG,SE,-19.88416666,-43.96944443,869.0,167663,20,2006,2025,22.677165502508277,20.460826039778556,-2.216339464877787,2.3515882125182843,2.6528290952335127,0.9431611945492194,1.4578594792673825,-12.486083984375,-4.46225061416626,-2.278759479522705,0.21530800461768962,9.46103572845459,12.486083984375,2.1549179007890826,0.0005964345144724835,0.0,1,False,0.0308877693873735,True,0,0.0,0.0,0.0,-8.570921750106208e-14,2.7755575615628914e-15,3613.0,1.0,0.0,167663,20,2006,2025,22.677165502508277,20.460826039778556,-2.216339464877787,2.3515882125182843,2.6528290952335984,0.9431611945492167,1.457859479267376,-12.486083984375,-4.46225061416626,-2.278759479522705,0.21530800461768962,9.46103572845459,12.486083984375,3613.0,1.0,0.0,2.1549179007890826,0.0005964345144724835,0.0,20,20,20,0.9980593607305936,False,True
A522,SERRA DOS AIMORES,MG,SE,-17.7986111,-40.24972221,208.0,160825,20,2006,2025,24.237223685288455,24.392650678905344,0.15542698859471785,0.9939535764220506,1.2995009862792122,0.9544295513556309,1.2901765827444167,-8.2861328125,-2.0050289630889893,0.18007850646972656,2.1650769233703606,11.63261604309082,11.63261604309082,0.24498678688014922,0.0018653816259909838,0.0,1,False,0.0426500524585968,True,0,0.0,0.0,0.0,-6.23945339839338e-14,-3.885780586188048e-15,394.0,3.0,0.0,160825,20,2006,2025,24.237223685288455,24.392650678905344,0.15542698859471785,0.9939535764220506,1.2995009862792746,0.9544295513556348,1.2901765827444176,-8.2861328125,-2.0050289630889893,0.18007850646972656,2.1650769233703606,11.63261604309082,11.63261604309082,394.0,3.0,0.0,0.24498678688014922,0.0018653816259909838,0.0,20,20,14,0.990878808294034,False,True
A523,PATROCINIO,MG,SE,-18.99638888,-46.98583333,976.0,157550,20,2006,2025,21.533536020265764,21.518153397809208,-0.015382622434791483,1.5274625329571716,1.8865232888696655,0.9425833659177283,1.8864665601279402,-9.191112518310547,-2.828764319419861,-0.09237632900476456,3.1537808895111064,12.142529487609863,12.142529487609863,0.9412884798476674,0.004443033957473818,0.0,1,False,0.0345130155212246,True,0,0.0,0.0,0.0,-6.572520305780927e-14,-9.325873406851315e-15,1483.0,7.0,0.0,157550,20,2006,2025,21.533536020265764,21.518153397809208,-0.015382622434791483,1.5274625329571716,1.8865232888697312,0.9425833659177376,1.886466560127948,-9.191112518310547,-2.828764319419861,-0.09237632900476456,3.1537808895111064,12.142529487609863,12.142529487609863,1483.0,7.0,0.0,0.9412884798476674,0.004443033957473818,0.0,20,16,16,0.99851598173516,False,True
A524,FORMIGA,MG,SE,-20.45472222,-45.45388888,873.0,165151,20,2006,2025,22.274758856553984,21.516802359458566,-0.7579564975562668,1.3505350858299325,1.6675117862497766,0.9484166374095234,1.4852982405020607,-8.221435546875,-2.947021007537842,-0.8706539273262024,1.8028079867362976,10.502002716064453,10.502002716064453,0.3639093920109476,0.0012110129517835194,0.0,1,False,0.0308877693870199,True,0,0.0,0.0,2.220446049250313e-16,-7.549516567451064e-15,2.9976021664879227e-15,601.0,2.0,0.0,165151,20,2006,2025,22.274758856553984,21.516802359458566,-0.7579564975562668,1.3505350858299323,1.6675117862497841,0.9484166374095204,1.4852982405020636,-8.221435546875,-2.947021007537842,-0.8706539273262024,1.8028079867362976,10.502002716064453,10.502002716064453,601.0,2.0,0.0,0.3639093920109476,0.0012110129517835194,0.0,20,20,18,0.996010960151708,False,True
A525,SACRAMENTO,MG,SE,-19.87527777,-47.43416666,912.0,163595,20,2006,2025,22.764320423269393,22.8133888458192,0.04906842041976794,1.1924843571035986,1.5940027355504665,0.9409070013694011,1.5932521858600308,-11.590917587280273,-2.221059203147888,-0.09194298088550568,2.804878282546995,13.16977596282959,13.16977596282959,1.084385219597176,0.014059109385983678,0.0,1,False,0.0068033847286861,True,0,0.0,0.0,-2.220446049250313e-16,-2.353672812205332e-14,-4.884981308350689e-15,1774.0,23.0,0.0,163595,20,2006,2025,22.764320423269393,22.8133888458192,0.04906842041976794,1.1924843571035988,1.59400273555049,0.940907001369406,1.5932521858600315,-11.590917587280273,-2.221059203147888,-0.09194298088550568,2.804878282546995,13.16977596282959,13.16977596282959,1774.0,23.0,0.0,1.084385219597176,0.014059109385983678,0.0,20,19,17,0.9981755433290916,False,True
A526,MONTALVANIA,MG,SE,-15.08583333,-44.01583333,512.0,149719,19,2007,2025,25.247297935241114,25.788016796656674,0.5407188586631224,2.404482384362335,3.0251694647506704,0.904038664435659,2.976463098950423,-9.868456840515137,-3.330829811096191,-0.1271011382341385,6.140283584594727,11.37509822845459,11.37509822845459,11.045358304557205,0.030056305478930533,0.0,2,True,86.14185448126315,True,0,0.0,0.0,0.0,-7.993605777301127e-15,4.440892098500626e-16,16537.0,45.0,0.0,149719,19,2007,2025,25.247297935241114,25.788016796656674,0.5407188586631224,2.404482384362335,3.0251694647506784,0.9040386644356585,2.97646309895043,-9.868456840515137,-3.330829811096191,-0.1271011382341385,6.140283584594727,11.37509822845459,11.37509822845459,16537.0,45.0,0.0,11.045358304557205,0.030056305478930533,0.0,19,17,11,0.9668949771689498,True,True
A527,TEOFILO OTONI,MG,SE,-17.9,-41.51666666,475.0,153517,20,2006,2025,23.771947731398946,23.001345416990873,-0.7706023152735479,1.168358004737537,1.4468870924973476,0.9552972572008506,1.2246077326423492,-8.278026580810547,-2.5963473320007324,-0.8501461148262024,1.313340187072753,11.643552780151367,11.643552780151367,0.22929056716845692,0.0013027873134571414,0.0,1,False,0.8116371819100219,True,0,0.0,-1.1102230246251565e-16,0.0,-6.550315845288424e-14,-8.881784197001252e-16,352.0,2.0,0.0,153517,20,2006,2025,23.771947731398946,23.001345416990873,-0.7706023152735478,1.168358004737537,1.446887092497413,0.9552972572008515,1.224607732642349,-8.278026580810547,-2.5963473320007324,-0.8501461148262024,1.313340187072753,11.643552780151367,11.643552780151367,352.0,2.0,0.0,0.22929056716845692,0.0013027873134571414,0.0,20,15,14,0.9823108031574104,False,True
A528,TRES MARIAS,MG,SE,-18.20055555,-45.45972222,921.0,164581,20,2006,2025,22.85487267743617,23.49904206669431,0.6441693899613931,1.275158884659272,1.674342831733093,0.9262398057026258,1.5454721698329494,-8.429491996765137,-1.8072261810302734,0.6395999789237976,3.0767581462860107,14.158594131469727,14.158594131469727,1.0438629003347897,0.009721656813362418,0.0,1,False,0.0354000823634706,True,0,0.0,0.0,2.220446049250313e-16,-1.0791367799356522e-13,-2.220446049250313e-15,1718.0,16.0,0.0,164581,20,2006,2025,22.85487267743617,23.49904206669431,0.6441693899613931,1.2751588846592719,1.674342831733201,0.926239805702628,1.5454721698329443,-8.429491996765137,-1.8072261810302734,0.6395999789237976,3.0767581462860107,14.158594131469727,14.158594131469727,1718.0,16.0,0.0,1.0438629003347897,0.009721656813362418,0.0,20,18,18,0.9986301369863012,False,True
A529,PASSA QUATRO,MG,SE,-22.3961111,-44.96166666,1040.0,150901,19,2007,2025,19.713492952512787,19.388325361161748,-0.32516759112041127,1.4434701153011746,1.88289620126795,0.9343623058081024,1.8546123411916406,-8.628954887390137,-3.5491206645965576,-0.22265586256980896,2.6194827556610107,10.01220703125,10.01220703125,1.2518141032862604,0.0006626861319673163,0.0,1,False,0.0427211648584315,True,0,0.0,0.0,0.0,-9.792167077193881e-14,-1.2212453270876722e-15,1889.0,1.0,0.0,150901,19,2007,2025,19.713492952512787,19.388325361161748,-0.32516759112041127,1.4434701153011746,1.882896201268048,0.9343623058081036,1.8546123411916384,-8.628954887390137,-3.5491206645965576,-0.22265586256980896,2.6194827556610107,10.01220703125,10.01220703125,1889.0,1.0,0.0,1.2518141032862604,0.0006626861319673163,0.0,19,15,14,0.9926940639269406,False,True
A530,CALDAS,MG,SE,-21.91805554,-46.38305554,1150.0,158962,20,2006,2025,18.924239756664537,19.304064158671526,0.37982440339480605,1.8461236156728338,2.3932199680803117,0.9344228534578045,2.3628944880181453,-8.24599552154541,-2.8024386763572693,-0.06850548088550568,4.9576612234115585,12.409814834594727,12.409814834594727,5.062845208288773,0.01258162328103572,0.0,1,False,0.0062511693439806,True,0,0.0,0.0,0.0,7.327471962526033e-14,2.3314683517128287e-15,8048.0,20.0,0.0,158962,20,2006,2025,18.924239756664537,19.304064158671526,0.37982440339480605,1.8461236156728338,2.3932199680802384,0.9344228534578022,2.3628944880181426,-8.24599552154541,-2.8024386763572693,-0.06850548088550568,4.9576612234115585,12.409814834594727,12.409814834594727,8048.0,20.0,0.0,5.062845208288773,0.01258162328103572,0.0,20,19,19,0.9972602739726028,False,True
A531,MARIA DA FE,MG,SE,-22.31444444,-45.37277777,1276.33,164636,20,2006,2025,17.631082513217404,18.445556077330043,0.8144735682364389,1.9218906743967303,2.590300311609481,0.9014626564819648,2.4589276598514784,-8.886767387390137,-2.3858150243759155,0.32519569993019104,5.596338391304016,11.958887100219727,11.958887100219727,7.002113753978474,0.0850360795937705,0.0,1,False,0.0310513293977534,True,0,0.0,0.0,-2.220446049250313e-16,-1.0658141036401503e-14,-5.773159728050814e-15,11528.0,140.0,0.0,164636,20,2006,2025,17.631082513217404,18.445556077330043,0.8144735682364389,1.9218906743967306,2.5903003116094916,0.9014626564819705,2.458927659851479,-8.886767387390137,-2.3858150243759155,0.32519569993019104,5.596338391304016,11.958887100219727,11.958887100219727,11528.0,140.0,0.0,7.002113753978474,0.0850360795937705,0.0,20,19,19,0.9994877049180328,False,True
A532,GOVERNADOR VALADARES,MG,SE,-18.83027777,-41.97666666,214.0,155106,19,2007,2025,25.02304359141053,24.498475266491614,-0.5245683294795663,1.4897079416590826,1.8428700653808285,0.9306488473568131,1.7666403899562548,-14.013671875,-3.134419620037079,-0.702035129070282,2.6732914447784424,10.79301643371582,14.013671875,0.6344048586128196,0.00451304269338388,0.0,1,False,0.0368079610753347,True,0,0.0,0.0,0.0,5.3512749786932545e-14,-3.1086244689504383e-15,984.0,7.0,0.0,155106,19,2007,2025,25.02304359141053,24.498475266491614,-0.5245683294795663,1.4897079416590826,1.842870065380775,0.9306488473568162,1.7666403899562502,-14.013671875,-3.134419620037079,-0.702035129070282,2.6732914447784424,10.79301643371582,14.013671875,984.0,7.0,0.0,0.6344048586128196,0.00451304269338388,0.0,19,18,16,0.9901826484018263,False,True
A533,GUANHAES,MG,SE,-18.78666666,-42.94305555,860.0,156758,19,2007,2025,21.54510009458068,21.568434579664515,0.02333448904559676,1.0514836932943354,1.3999823886647813,0.9544489312353098,1.3997923738302458,-8.057177543640137,-2.2665132761001585,0.04240760765969753,2.222705364227295,13.14326000213623,13.14326000213623,0.45803085010015443,0.005741333775628676,0.0,1,False,0.0308877693870199,True,0,0.0,-3.469446951953614e-18,0.0,1.9984014443252818e-15,9.992007221626409e-15,718.0,9.0,0.0,156758,19,2007,2025,21.54510009458068,21.568434579664515,0.023334489045596762,1.0514836932943354,1.3999823886647793,0.9544489312352998,1.399792373830243,-8.057177543640137,-2.2665132761001585,0.04240760765969753,2.222705364227295,13.14326000213623,13.14326000213623,718.0,9.0,0.0,0.45803085010015443,0.005741333775628676,0.0,19,18,18,0.9942922374429224,False,True
A534,AIMORES,MG,SE,-19.53277777,-41.09083333,83.74,138780,19,2007,2025,25.018059513015352,24.508525925160896,-0.5095335935355163,1.1232171401400473,1.4860794317610613,0.9439814941951298,1.3960020190125983,-9.279296875,-2.8229044795036313,-0.4606206864118576,1.6705619037151325,10.735447883605957,10.735447883605957,0.4006340971321516,0.0036028246144977666,0.0,1,False,0.0035579620403185,True,0,0.0,0.0,2.220446049250313e-16,-5.329070518200751e-15,5.88418203051333e-15,556.0,5.0,0.0,138780,19,2007,2025,25.018059513015352,24.508525925160896,-0.5095335935355163,1.123217140140047,1.4860794317610666,0.9439814941951239,1.3960020190125986,-9.279296875,-2.8229044795036313,-0.4606206864118576,1.6705619037151325,10.735447883605957,10.735447883605957,556.0,5.0,0.0,0.4006340971321516,0.0036028246144977666,0.0,19,14,12,0.953082191780822,False,True
A535,FLORESTAL,MG,SE,-19.88527778,-44.41694444,750.0,149783,18,2008,2025,21.4394804474384,21.372281410458495,-0.06719903813993032,2.180356707159997,2.6332434909533387,0.9323363556632898,2.6323946959998668,-10.2109375,-3.7238131761550903,-0.49462851881980896,4.711255645751953,10.853271484375,10.853271484375,4.601323247631574,0.005341060066896777,0.0,1,False,0.0148315189068965,True,0,0.0,0.0,0.0,4.4853010194856324e-14,-3.6637359812630166e-15,6892.0,8.0,0.0,149783,18,2008,2025,21.4394804474384,21.372281410458495,-0.06719903813993032,2.180356707159997,2.633243490953294,0.9323363556632934,2.632394695999859,-10.2109375,-3.7238131761550903,-0.49462851881980896,4.711255645751953,10.853271484375,10.853271484375,6892.0,8.0,0.0,4.601323247631574,0.005341060066896777,0.0,18,17,16,0.9990296803652968,False,True
A536,DORES DO INDAIA,MG,SE,-19.48166666,-45.59388888,722.0,156648,19,2007,2025,23.265714849906292,22.982192834102673,-0.28352201696746265,1.2798453549538422,1.644218784078147,0.9400176502326111,1.619594832331994,-7.895702838897705,-2.7400386333465576,-0.36752891540527344,2.392395401000975,11.35288143157959,11.35288143157959,0.7456207548133394,0.005745365405239773,0.0,1,False,0.0308866574368073,True,0,0.0,0.0,0.0,8.659739592076221e-15,-3.1086244689504383e-15,1168.0,9.0,0.0,156648,19,2007,2025,23.265714849906292,22.982192834102673,-0.28352201696746265,1.2798453549538422,1.6442187840781384,0.9400176502326142,1.6195948323319935,-7.895702838897705,-2.7400386333465576,-0.36752891540527344,2.392395401000975,11.35288143157959,11.35288143157959,1168.0,9.0,0.0,0.7456207548133394,0.005745365405239773,0.0,19,19,14,0.9914383561643836,False,True
A537,DIAMANTINA,MG,SE,-18.2311111,-43.64805555,1356.0,159903,19,2007,2025,19.18811279441695,19.95730920437431,0.7691964109259519,1.241767081281325,1.5924699022780051,0.9418921080783106,1.3943849649166005,-6.217635631561279,-1.4756804704666138,0.7628909945487976,3.0292989969253528,11.402490615844727,11.402490615844727,0.6553973346341219,0.0025015165444050454,0.0,1,False,0.0234815018045311,True,0,0.0,0.0,0.0,6.439293542825908e-15,9.992007221626409e-16,1048.0,4.0,0.0,159903,19,2007,2025,19.18811279441695,19.95730920437431,0.7691964109259519,1.241767081281325,1.5924699022779987,0.9418921080783096,1.3943849649165996,-6.217635631561279,-1.4756804704666138,0.7628909945487976,3.0292989969253528,11.402490615844727,11.402490615844727,1048.0,4.0,0.0,0.6553973346341219,0.0025015165444050454,0.0,19,19,17,0.9985159817351598,False,True
A538,CURVELO,MG,SE,-18.76444444,-44.45361111,670.0,158359,20,2006,2025,23.782228351924335,23.36292969347863,-0.4192986612498772,1.2596735013797677,1.5968870143561755,0.9568127428301283,1.540860721200186,-7.808398246765137,-2.7985543966293336,-0.48207053542137146,2.1287649869918828,11.93852424621582,11.93852424621582,0.44897984958227827,0.004420336071836776,0.0,1,False,1.86076628032482,True,0,0.0,-5.551115123125783e-17,0.0,1.1546319456101628e-14,4.551914400963142e-15,711.0,7.0,0.0,158359,20,2006,2025,23.782228351924335,23.36292969347863,-0.41929866124987714,1.2596735013797677,1.596887014356164,0.9568127428301237,1.5408607212001857,-7.808398246765137,-2.7985543966293336,-0.48207053542137146,2.1287649869918828,11.93852424621582,11.93852424621582,711.0,7.0,0.0,0.44897984958227827,0.004420336071836776,0.0,20,18,18,0.9977198580233052,False,True
A539,MOCAMBINHO,MG,SE,-15.08583333,-44.01611111,460.0,154530,19,2007,2025,25.799389758239954,26.046808095386574,0.2474183329791107,1.7205112095632504,2.1173012663996467,0.9234930739806406,2.102802281615146,-7.950976371765137,-2.7154767870903016,-0.03156700171530247,3.93692908287048,10.337644577026367,10.337644577026367,1.612631851420436,0.0006471235358830001,0.0,1,False,0.0160375425679121,True,0,0.0,0.0,0.0,8.526512829121202e-14,-7.771561172376096e-16,2492.0,1.0,0.0,154530,19,2007,2025,25.799389758239954,26.046808095386574,0.2474183329791107,1.7205112095632504,2.1173012663995614,0.9234930739806414,2.102802281615149,-7.950976371765137,-2.7154767870903016,-0.03156700171530247,3.93692908287048,10.337644577026367,10.337644577026367,2492.0,1.0,0.0,1.612631851420436,0.0006471235358830001,0.0,19,18,17,0.9982876712328768,False,True
A540,MANTENA,MG,SE,-18.78027777,-40.98583333,213.5,158301,19,2007,2025,24.69978837284772,23.119388121862652,-1.5804002561735964,1.770394288161069,2.097612251599753,0.9508372087526867,1.379247695477883,-9.900341033935547,-3.8084468841552734,-1.6049312353134155,0.675906777381897,13.06865119934082,13.06865119934082,0.8641764739325715,0.0012634158975622389,0.0,1,False,0.0802996764821041,True,0,0.0,4.440892098500626e-16,0.0,1.3322676295501878e-13,5.88418203051333e-15,1368.0,2.0,0.0,158301,19,2007,2025,24.69978837284772,23.119388121862652,-1.5804002561735968,1.770394288161069,2.0976122515996196,0.9508372087526809,1.379247695477883,-9.900341033935547,-3.8084468841552734,-1.6049312353134155,0.675906777381897,13.06865119934082,13.06865119934082,1368.0,2.0,0.0,0.8641764739325715,0.0012634158975622389,0.0,19,19,19,0.9986301369863012,False,True
A541,CAPELINHA,MG,SE,-17.70527777,-42.38916666,948.0,148829,19,2007,2025,20.85680008831349,21.260946780152235,0.404146693839914,1.1937405357712108,1.5538545033563493,0.9429941414446947,1.500381415897319,-6.73818302154541,-1.9186031818389893,0.3122074007987976,2.983232736587525,11.884617805480957,11.884617805480957,0.4495091682400607,0.0026876482405982704,0.0,1,False,0.0308877693873735,True,0,0.0,-5.551115123125783e-17,-2.220446049250313e-16,-9.725553695716371e-14,8.659739592076221e-15,669.0,4.0,0.0,148829,19,2007,2025,20.85680008831349,21.260946780152235,0.40414669383991403,1.193740535771211,1.5538545033564466,0.9429941414446861,1.5003814158973139,-6.73818302154541,-1.9186031818389893,0.3122074007987976,2.983232736587525,11.884617805480957,11.884617805480957,669.0,4.0,0.0,0.4495091682400607,0.0026876482405982704,0.0,19,16,15,0.9987442922374428,False,True
A542,UNAI,MG,SE,-16.55388888,-46.88194443,631.0,156396,19,2007,2025,24.638798942260784,23.626813949570668,-1.0119849965275751,1.6582453119772391,2.0139574430410376,0.9383660970716281,1.7412439046334867,-10.34316349029541,-3.4810787439346313,-1.1639888882637024,2.1376101970672607,10.974170684814453,10.974170684814453,0.7851863219008159,0.0031970127113225403,0.0,1,False,0.0308877693873735,True,0,0.0,-2.220446049250313e-16,0.0,5.1958437552457326e-14,8.770761894538737e-15,1228.0,5.0,0.0,156396,19,2007,2025,24.638798942260784,23.626813949570668,-1.011984996527575,1.6582453119772391,2.0139574430409857,0.9383660970716193,1.7412439046334824,-10.34316349029541,-3.4810787439346313,-1.1639888882637024,2.1376101970672607,10.974170684814453,10.974170684814453,1228.0,5.0,0.0,0.7851863219008159,0.0031970127113225403,0.0,19,18,17,0.977054794520548,False,True
A543,ESPINOSA,MG,SE,-14.91277777,-42.82972221,569.64,127004,17,2007,2025,26.18634372978322,23.296274822725657,-2.8900689143961364,2.953282902849077,3.2090332770749344,0.9482254468248437,1.3947801121092205,-17.490966796875,-4.914681553840637,-3.0230953693389893,-0.41514365971088457,9.80766487121582,17.490966796875,4.421907971402476,0.0031495071021385153,0.0,1,False,2.283887876748237,True,0,0.0,0.0,0.0,-1.4344081478157023e-13,5.88418203051333e-15,5616.0,4.0,0.0,127004,17,2007,2025,26.18634372978322,23.296274822725657,-2.8900689143961364,2.953282902849077,3.209033277075078,0.9482254468248378,1.3947801121092205,-17.490966796875,-4.914681553840637,-3.0230953693389893,-0.41514365971088457,9.80766487121582,17.490966796875,5616.0,4.0,0.0,4.421907971402476,0.0031495071021385153,0.0,19,15,12,0.9305555555555556,False,True
A544,BURITIS,MG,SE,-15.52416666,-46.43555555,894.0,141944,19,2007,2025,23.50497167688786,23.946627928171555,0.44165624910566403,1.2725145434586276,1.6992109733691056,0.9213511784717461,1.6408158509774446,-7.726934432983398,-2.1093167304992675,0.36962927877902985,3.256829082965851,11.091062545776367,11.091062545776367,1.2314715662514795,0.007045031843543933,0.0,1,False,0.0108062736863354,True,0,0.0,0.0,0.0,-2.8199664825478976e-14,-5.329070518200751e-15,1748.0,10.0,0.0,141944,19,2007,2025,23.50497167688786,23.946627928171555,0.44165624910566403,1.2725145434586276,1.6992109733691338,0.9213511784717514,1.6408158509774422,-7.726934432983398,-2.1093167304992675,0.36962927877902985,3.256829082965851,11.091062545776367,11.091062545776367,1748.0,10.0,0.0,1.2314715662514795,0.007045031843543933,0.0,19,16,12,0.9625570776255707,False,True
A545,PIRAPORA,MG,SE,-17.25777777,-44.83555555,503.0,154028,19,2007,2025,24.93635052864351,25.218269413936095,0.2819188802727752,1.6234839338767555,2.1178745833702157,0.9203067380866574,2.0990338493343077,-20.221874237060547,-2.548842394351959,-0.03258628770709038,4.093879842758178,11.199853897094727,20.221874237060547,2.698210714934947,0.05778170202820266,0.0006492326070584569,1,False,0.031827403687081,True,0,0.0,0.0,-2.220446049250313e-16,-3.419486915845482e-14,6.217248937900877e-15,4156.0,89.0,1.0,154028,19,2007,2025,24.93635052864351,25.218269413936095,0.2819188802727752,1.6234839338767557,2.11787458337025,0.9203067380866512,2.0990338493343086,-20.221874237060547,-2.548842394351959,-0.03258628770709038,4.093879842758178,11.199853897094727,20.221874237060547,4156.0,89.0,1.0,2.698210714934947,0.05778170202820266,0.0006492326070584569,19,19,16,0.9728310502283104,False,True
A546,GUARDA-MOR,MG,SE,-17.56166666,-47.19944444,616.0,141886,19,2007,2025,22.30780978881212,22.715290123203506,0.4074803322847829,1.20152561305895,1.594319838113161,0.9349195737565172,1.541373501023782,-10.3807373046875,-1.9268062710762024,0.3169925808906555,2.9908206462860107,11.603418350219727,11.603418350219727,0.8062810989103929,0.004933538192633522,0.0,1,False,0.0426761135510521,True,0,0.0,0.0,0.0,2.19824158875781e-14,6.439293542825908e-15,1144.0,7.0,0.0,141886,19,2007,2025,22.30780978881212,22.715290123203506,0.4074803322847829,1.20152561305895,1.594319838113139,0.9349195737565108,1.541373501023779,-10.3807373046875,-1.9268062710762024,0.3169925808906555,2.9908206462860107,11.603418350219727,11.603418350219727,1144.0,7.0,0.0,0.8062810989103929,0.004933538192633522,0.0,19,15,13,0.9976092896174864,False,True
A547,SAO ROMAO,MG,SE,-16.3625,-45.12388888,460.0,146580,19,2007,2025,25.525890291337348,26.028396245287848,0.5025059461236749,2.2460279512366155,2.797241853577829,0.908863500887709,2.751745158986808,-21.700780868530273,-3.430521070957184,0.1857425719499588,5.427295207977295,11.1005859375,21.700780868530273,7.589712102606086,0.012962204939282303,0.0006822213125938054,1,False,0.0308866574364536,True,0,0.0,0.0,0.0,2.5757174171303632e-14,-7.216449660063518e-15,11125.0,19.0,1.0,146580,19,2007,2025,25.525890291337348,26.028396245287848,0.5025059461236749,2.2460279512366155,2.797241853577803,0.9088635008877162,2.751745158986815,-21.700780868530273,-3.430521070957184,0.1857425719499588,5.427295207977295,11.1005859375,21.700780868530273,11125.0,19.0,1.0,7.589712102606086,0.012962204939282303,0.0006822213125938054,19,16,15,0.9920091324200914,False,True
A548,CHAPADA GAUCHA,MG,SE,-15.31,-45.61666666,880.0,141488,19,2007,2025,23.910516788311625,23.8383749237053,-0.07214186910355098,1.1549913818363222,1.5510396939529176,0.9348873436813071,1.5493665316193013,-8.811901092529297,-2.5179120302200317,-0.09352073818445206,2.4486868619918813,12.296238899230957,12.296238899230957,0.8127897772249237,0.006360963473934185,0.0,1,False,1.0973370981661374,True,0,0.0,0.0,0.0,2.886579864025407e-15,1.4432899320127035e-15,1150.0,9.0,0.0,141488,19,2007,2025,23.910516788311625,23.8383749237053,-0.07214186910355098,1.1549913818363222,1.5510396939529147,0.9348873436813057,1.5493665316193093,-8.811901092529297,-2.5179120302200317,-0.09352073818445206,2.4486868619918813,12.296238899230957,12.296238899230957,1150.0,9.0,0.0,0.8127897772249237,0.006360963473934185,0.0,19,15,13,0.9777633851468048,False,True
A549,AGUAS VERMELHAS,MG,SE,-15.75222222,-41.45833333,740.0,151631,19,2007,2025,22.0595247648232,22.155721192657698,0.09619642547740766,1.479314625613532,1.9819017826302585,0.93284256971159,1.9795723698373113,-9.956737518310547,-2.5564937591552734,-0.2482326477766037,4.086914300918579,10.305566787719727,10.305566787719727,2.6247930832085786,0.0013189914990997882,0.0,1,False,0.0961292575564982,True,0,0.0,0.0,0.0,4.440892098500626e-16,-3.6637359812630166e-15,3980.0,2.0,0.0,151631,19,2007,2025,22.0595247648232,22.155721192657698,0.09619642547740766,1.479314625613532,1.981901782630258,0.9328425697115936,1.9795723698373189,-9.956737518310547,-2.5564937591552734,-0.2482326477766037,4.086914300918579,10.305566787719727,10.305566787719727,3980.0,2.0,0.0,2.6247930832085786,0.0013189914990997882,0.0,19,18,15,0.9647260273972604,False,True
A550,ITAOBIM,MG,SE,-16.57555554,-41.48527777,266.0,153545,19,2007,2025,26.37247060689858,23.706899723464275,-2.665570887709453,2.766034987839098,3.0971157432756993,0.9427871546018068,1.5769825510216755,-14.304794311523438,-5.006198406219482,-2.8083980083465576,0.04251014813780671,9.171775817871094,14.304794311523438,5.104692435442378,0.005210198964472956,0.0,1,False,0.0353091716192577,True,0,0.0,0.0,0.0,1.1812772982011666e-13,-1.4432899320127035e-15,7838.0,8.0,0.0,153545,19,2007,2025,26.37247060689858,23.706899723464275,-2.665570887709453,2.766034987839098,3.097115743275581,0.9427871546018083,1.576982551021682,-14.304794311523438,-5.006198406219482,-2.8083980083465576,0.04251014813780671,9.171775817871094,14.304794311523438,7838.0,8.0,0.0,5.104692435442378,0.005210198964472956,0.0,19,17,17,0.997495446265938,False,True
A551,RIO PARDO DE MINAS,MG,SE,-15.72277777,-42.43527777,950.0,155069,19,2007,2025,22.163019686621183,22.316751315380944,0.15373162726915007,1.2199148453028605,1.5682166233455006,0.9467041088258568,1.5606683413279645,-7.675634384155273,-2.270390272140503,0.0695316344499588,2.7551908016204836,11.111082077026367,11.111082077026367,0.49203902778763003,0.002579496869135675,0.0,1,False,0.0670072088517033,True,0,0.0,0.0,0.0,-4.3076653355456074e-14,3.9968028886505635e-15,763.0,4.0,0.0,155069,19,2007,2025,22.163019686621183,22.316751315380944,0.15373162726915007,1.2199148453028605,1.5682166233455437,0.9467041088258528,1.5606683413279663,-7.675634384155273,-2.270390272140503,0.0695316344499588,2.7551908016204836,11.111082077026367,11.111082077026367,763.0,4.0,0.0,0.49203902778763003,0.002579496869135675,0.0,19,19,17,0.997488584474886,False,True
A552,SALINAS,MG,SE,-16.16027777,-42.31027777,495.0,152929,19,2007,2025,25.046136439089405,23.57699261188479,-1.4691438308392042,2.20840279931271,2.6049264520717466,0.9178121807749897,2.1511133123960238,-11.885302543640137,-4.58048791885376,-1.7390620708465576,2.5836235046386737,9.871482849121094,11.885302543640137,3.411386983502148,0.003269491071019885,0.0,1,False,0.0056166112420941,True,0,0.0,0.0,0.0,-1.7763568394002505e-14,3.3306690738754696e-15,5217.0,5.0,0.0,152929,19,2007,2025,25.046136439089405,23.57699261188479,-1.4691438308392042,2.20840279931271,2.6049264520717643,0.9178121807749864,2.151113312396017,-11.885302543640137,-4.58048791885376,-1.7390620708465576,2.5836235046386737,9.871482849121094,11.885302543640137,5217.0,5.0,0.0,3.411386983502148,0.003269491071019885,0.0,19,17,15,0.992351598173516,False,True
A553,JOAO PINHEIRO,MG,SE,-17.78472221,-46.11916666,877.0,151657,19,2007,2025,23.378744799918945,23.775747453661694,0.3970026544249445,1.2082939107382684,1.5967680470510175,0.9301115974817316,1.5466327493548684,-7.968319416046143,-2.136726999282837,0.40967750549316406,2.8634451866149884,12.14970588684082,12.14970588684082,0.7978530499746138,0.007253209545223761,0.0,1,False,0.0426493961566044,True,0,0.0,0.0,0.0,2.6645352591003757e-15,-6.8833827526759706e-15,1210.0,11.0,0.0,151657,19,2007,2025,23.378744799918945,23.775747453661694,0.3970026544249445,1.2082939107382684,1.5967680470510148,0.9301115974817384,1.5466327493548715,-7.968319416046143,-2.136726999282837,0.40967750549316406,2.8634451866149884,12.14970588684082,12.14970588684082,1210.0,11.0,0.0,0.7978530499746138,0.007253209545223761,0.0,19,18,14,0.9749531835205992,False,True
A554,CARATINGA,MG,SE,-19.73583333,-42.15361111,615.0,155530,19,2007,2025,24.195078760633468,22.414142777854927,-1.7809359848775175,2.101699403124109,2.4939651677014765,0.9264338716278264,1.745894863369306,-12.109569549560547,-4.466838049888611,-1.8939205408096313,1.239283061027525,8.684228897094727,12.109569549560547,2.4136822477978526,0.005143702179643799,0.0,1,False,1.7233161978577531,True,0,0.0,0.0,4.440892098500626e-16,7.149836278586008e-14,7.327471962526033e-15,3754.0,8.0,0.0,155530,19,2007,2025,24.195078760633468,22.414142777854927,-1.7809359848775175,2.1016994031241087,2.493965167701405,0.9264338716278191,1.7458948633693088,-12.109569549560547,-4.466838049888611,-1.8939205408096313,1.239283061027525,8.684228897094727,12.109569549560547,3754.0,8.0,0.0,2.4136822477978526,0.005143702179643799,0.0,19,18,17,0.9980593607305936,False,True
A555,IBIRITE (ROLA MOCA),MG,SE,-20.0311111,-44.01111111,1208.0,150505,18,2008,2025,20.70843825827389,20.478523426759892,-0.2299148311988356,1.2286065448049373,1.6420867070289904,0.9300301214631982,1.6259168148148717,-16.902441024780273,-3.085390329360962,-0.13393516838550568,2.2149613380432114,11.22226619720459,16.902441024780273,0.9009667452908541,0.00597986777847912,0.0,1,False,0.0410714363282815,True,0,0.0,0.0,0.0,-2.9976021664879227e-14,4.6629367034256575e-15,1356.0,9.0,0.0,150505,18,2008,2025,20.70843825827389,20.478523426759892,-0.2299148311988356,1.2286065448049373,1.6420867070290204,0.9300301214631935,1.6259168148148735,-16.902441024780273,-3.085390329360962,-0.13393516838550568,2.2149613380432114,11.22226619720459,16.902441024780273,1356.0,9.0,0.0,0.9009667452908541,0.00597986777847912,0.0,18,18,16,0.996237555206228,False,True
A556,MANHUACU,MG,SE,-20.26361111,-42.18277777,836.0,122571,16,2010,2025,20.944995148627296,20.615234095704164,-0.32976104979983284,1.1412052619127449,1.4533128376598972,0.9500978228772878,1.4154123776803489,-6.887255668640137,-2.5342525243759155,-0.38776206970214844,2.0825932025909424,8.70517635345459,8.70517635345459,0.23904512486640395,0.0,0.0,1,False,0.0308877693873735,True,0,0.0,0.0,0.0,-1.5543122344752192e-15,4.884981308350689e-15,293.0,0.0,0.0,122571,16,2010,2025,20.944995148627296,20.615234095704164,-0.32976104979983284,1.1412052619127449,1.4533128376598987,0.950097822877283,1.4154123776803489,-6.887255668640137,-2.5342525243759155,-0.38776206970214844,2.0825932025909424,8.70517635345459,8.70517635345459,293.0,0.0,0.0,0.23904512486640395,0.0,0.0,16,14,12,0.967579908675799,False,True
A557,CORONEL PACHECO,MG,SE,-21.546836220000003,-43.26111111,421.07,111518,14,2012,2025,23.969684713281346,21.185256942704452,-2.784427771571521,3.1189369568040513,3.6409335987043723,0.9083860584926583,2.345934527013883,-10.803417205810547,-6.324770259857178,-2.9347164630889893,1.3178838074207302,9.072509765625,10.803417205810547,18.066141788769528,0.014347459602934057,0.0,1,False,0.0188542378050039,True,0,0.0,0.0,0.0,-5.417888360170764e-14,-2.3314683517128287e-15,20147.0,16.0,0.0,111518,14,2012,2025,23.969684713281346,21.185256942704452,-2.784427771571521,3.1189369568040513,3.6409335987044265,0.9083860584926606,2.3459345270138794,-10.803417205810547,-6.324770259857178,-2.9347164630889893,1.3178838074207302,9.072509765625,10.803417205810547,20147.0,16.0,0.0,18.066141788769528,0.014347459602934057,0.0,14,13,13,0.9894977168949772,False,True
A559,JANUARIA,MG,SE,-15.44805555,-44.36638888,468.0,77057,10,2016,2025,26.023164664504545,25.956896939854317,-0.06626773062889034,1.791631642027831,2.1545345220262013,0.9264601613489123,2.15352914529593,-8.256103515625,-2.9388961315155027,-0.4316890835762024,3.8043655395507803,9.91489315032959,9.91489315032959,1.3509479995328133,0.0,0.0,1,False,0.0089428509354845,True,0,0.0,0.0,0.0,-3.952393967665557e-14,2.7755575615628914e-15,1041.0,0.0,0.0,77057,10,2016,2025,26.023164664504545,25.956896939854317,-0.06626773062889034,1.791631642027831,2.154534522026241,0.9264601613489095,2.153529145295936,-8.256103515625,-2.9388961315155027,-0.4316890835762024,3.8043655395507803,9.91489315032959,9.91489315032959,1041.0,0.0,0.0,1.3509479995328133,0.0,0.0,10,9,7,0.9551670651183972,False,True
A560,POMPEU,MG,SE,-19.23249999,-44.96416666,705.0,35826,5,2021,2025,23.846195498230482,23.52277079885252,-0.32342470155701086,1.4782637946141166,1.8470479958951327,0.9450192426596074,1.8185365189957872,-7.893115043640137,-3.008160710334778,-0.5052242279052734,2.944641590118408,8.449268341064453,8.449268341064453,0.8736671690950706,0.0,0.0,1,False,0.0,True,0,0.0,0.0,0.0,5.995204332975845e-15,-8.881784197001252e-16,313.0,0.0,0.0,35826,5,2021,2025,23.846195498230482,23.52277079885252,-0.32342470155701086,1.4782637946141166,1.8470479958951267,0.9450192426596082,1.81853651899578,-7.893115043640137,-3.008160710334778,-0.5052242279052734,2.944641590118408,8.449268341064453,8.449268341064453,313.0,0.0,0.0,0.8736671690950706,0.0,0.0,5,4,3,0.9970319634703196,False,True
A561,SAO SEBASTIAO DO PARAISO,MG,SE,-20.91,-47.11416666,845.0,74983,11,2015,2025,21.897548777384003,21.50657642531064,-0.39097235246732354,1.552833836937678,1.9326677830531738,0.9437593582939596,1.8927210981359845,-7.341991901397705,-3.128388214111328,-0.5394039154052734,3.0039533138275116,11.23271369934082,11.23271369934082,1.0415694224024112,0.004000906872224371,0.0,1,False,0.0153693029980421,True,0,0.0,0.0,0.0,9.547918011776346e-15,-3.552713678800501e-15,781.0,3.0,0.0,74983,11,2015,2025,21.897548777384003,21.50657642531064,-0.39097235246732354,1.552833836937678,1.9326677830531642,0.9437593582939632,1.892721098135986,-7.341991901397705,-3.128388214111328,-0.5394039154052734,3.0039533138275116,11.23271369934082,11.23271369934082,781.0,3.0,0.0,1.0415694224024112,0.004000906872224371,0.0,11,8,8,0.9997716894977168,False,True
A562,PATOS DE MINAS,MG,SE,-18.52055554,-46.44055555,950.0,69879,9,2017,2025,22.902107928077942,22.260183682553144,-0.6419242466971486,1.2802687660675258,1.6171273445805097,0.9444105434256906,1.4842727636640696,-11.597582817077637,-2.8669550895690916,-0.7187984585762024,1.7830179333686778,10.131299018859863,11.597582817077637,0.4922795117274145,0.010017315645615994,0.0,1,False,0.0137035475108444,True,0,0.0,0.0,0.0,4.6629367034256575e-15,-4.440892098500626e-16,344.0,7.0,0.0,69879,9,2017,2025,22.902107928077942,22.260183682553144,-0.6419242466971486,1.2802687660675258,1.617127344580505,0.9444105434256911,1.4842727636640658,-11.597582817077637,-2.8669550895690916,-0.7187984585762024,1.7830179333686778,10.131299018859863,11.597582817077637,344.0,7.0,0.0,0.4922795117274145,0.010017315645615994,0.0,9,8,7,0.981125356125356,False,True
A563,JANAUBA,MG,SE,-15.80277777,-43.29694444,532.0,73476,10,2016,2025,26.47282241507525,25.578459758712857,-0.8943626596191014,1.5155508477721586,1.8562230368149217,0.940691351807146,1.6265655238468322,-8.342333793640137,-3.163561701774597,-1.0620845556259155,2.085571587085724,9.030027389526367,9.030027389526367,0.812510207414666,0.0,0.0,1,False,0.0,True,0,0.0,0.0,0.0,-1.9761969838327786e-14,0.0,597.0,0.0,0.0,73476,10,2016,2025,26.47282241507525,25.578459758712857,-0.8943626596191014,1.5155508477721586,1.8562230368149415,0.940691351807146,1.6265655238468322,-8.342333793640137,-3.163561701774597,-1.0620845556259155,2.085571587085724,9.030027389526367,9.030027389526367,597.0,0.0,0.0,0.812510207414666,0.0,0.0,10,8,8,0.9602739726027396,False,True
A564,DIVINOPOLIS,MG,SE,-20.17333332,-44.87499999,796.0,68509,9,2017,2025,22.97441504341241,22.060441209538098,-0.9139738309700892,1.6125952033473445,1.9774984464998264,0.9451422817357176,1.753623913414096,-7.51503849029541,-3.5462496280670166,-1.0363643169403076,2.2163138389587402,9.34843635559082,9.34843635559082,0.7283714548453488,0.0,0.0,1,False,0.0423632508598072,True,0,0.0,0.0,0.0,3.9968028886505635e-15,-6.439293542825908e-15,499.0,0.0,0.0,68509,9,2017,2025,22.97441504341241,22.060441209538098,-0.9139738309700892,1.6125952033473445,1.9774984464998224,0.945142281735724,1.753623913414091,-7.51503849029541,-3.5462496280670166,-1.0363643169403076,2.2163138389587402,9.34843635559082,9.34843635559082,499.0,0.0,0.0,0.7283714548453488,0.0,0.0,9,8,8,0.9995446265938068,False,True
A565,BAMBUI,MG,SE,-20.0311111,-46.00888888,697.0,73693,10,2016,2025,21.985229258778975,22.334459996062655,0.34923073439731867,1.8462658571553097,2.410768078151382,0.9357048430442665,2.3853548649812275,-7.19106388092041,-2.7605953216552734,-0.13906212151050568,5.0645217895507795,11.86362361907959,11.86362361907959,5.337006228542738,0.01628377186435618,0.0,1,False,0.0290182237142913,True,0,0.0,0.0,0.0,-4.3076653355456074e-14,-3.6637359812630166e-15,3933.0,12.0,0.0,73693,10,2016,2025,21.985229258778975,22.334459996062655,0.34923073439731867,1.8462658571553097,2.410768078151425,0.9357048430442702,2.3853548649812253,-7.19106388092041,-2.7605953216552734,-0.13906212151050568,5.0645217895507795,11.86362361907959,11.86362361907959,3933.0,12.0,0.0,5.337006228542738,0.01628377186435618,0.0,10,8,8,0.9715753424657534,False,True
A566,ARACUAI,MG,SE,-16.84888888,-42.03527777,308.0,70947,9,2017,2025,25.668857033641494,24.822553178796184,-0.8463038555004352,1.9591879794031464,2.3894140939547213,0.9069470350050243,2.234533480394659,-11.115087509155273,-4.077816152572632,-1.1084346771240234,3.278397917747497,10.530811309814453,11.115087509155273,2.7710826391531707,0.009866520078368359,0.0,3,True,319.26220437037983,True,0,0.0,0.0,0.0,1.4654943925052066e-14,-1.6653345369377348e-15,1966.0,7.0,0.0,70947,9,2017,2025,25.668857033641494,24.822553178796184,-0.8463038555004352,1.9591879794031464,2.3894140939547066,0.9069470350050259,2.2345334803946613,-11.115087509155273,-4.077816152572632,-1.1084346771240234,3.278397917747497,10.530811309814453,11.115087509155273,1966.0,7.0,0.0,2.7710826391531707,0.009866520078368359,0.0,9,9,7,0.9803652968036528,True,True
A567,MACHADO,MG,SE,-21.680722,-45.944389,969.0,69809,9,2017,2025,21.34215359283502,20.18356468970246,-1.1585889007974177,1.561947055582741,1.9728068309570082,0.9362678133735564,1.5967702010015208,-9.340380668640137,-3.8001168251037596,-1.1415523290634155,1.3186820030212398,9.05502986907959,9.340380668640137,1.5126989356673208,0.0,0.0,1,False,0.0136395373164705,True,0,0.0,0.0,0.0,1.176836406102666e-14,-8.659739592076221e-15,1056.0,0.0,0.0,69809,9,2017,2025,21.34215359283502,20.18356468970246,-1.1585889007974177,1.561947055582741,1.9728068309569964,0.936267813373565,1.5967702010015192,-9.340380668640137,-3.8001168251037596,-1.1415523290634155,1.3186820030212398,9.05502986907959,9.340380668640137,1056.0,0.0,0.0,1.5126989356673208,0.0,0.0,9,9,7,0.9759132420091324,False,True
A568,UBERABA,MG,SE,-19.71,-47.96194444,778.0,72768,9,2017,2025,23.522208935893225,23.6092788503819,0.0870699123351703,1.2556100131672565,1.6252572807353745,0.9534614430005491,1.6229344580197882,-7.243017196655273,-2.3691060185432433,0.0038623809814453125,2.7961438894271815,13.008054733276367,13.008054733276367,0.766820580474934,0.019239226033421285,0.0,1,False,0.0290781073730519,True,0,0.0,0.0,0.0,2.6645352591003757e-15,3.1086244689504383e-15,558.0,14.0,0.0,72768,9,2017,2025,23.522208935893225,23.6092788503819,0.0870699123351703,1.2556100131672565,1.6252572807353718,0.953461443000546,1.6229344580197866,-7.243017196655273,-2.3691060185432433,0.0038623809814453125,2.7961438894271815,13.008054733276367,13.008054733276367,558.0,14.0,0.0,0.766820580474934,0.019239226033421285,0.0,9,9,8,0.9784246575342466,False,True
A569,SETE LAGOAS,MG,SE,-19.45527777,-44.17333332,719.0,78488,10,2016,2025,22.722874833531197,22.422667226803775,-0.3002076073789204,1.5015962566949066,1.8698534848657196,0.9503920097095665,1.8456085299856355,-8.834081649780273,-2.851444959640503,-0.5323696136474609,3.1448812246322606,10.438672065734863,10.438672065734863,1.0192640913260627,0.002548160228315156,0.0,1,False,0.0308866574364536,True,0,0.0,0.0,0.0,1.5543122344752192e-15,2.1094237467877974e-15,800.0,2.0,0.0,78488,10,2016,2025,22.722874833531197,22.422667226803775,-0.3002076073789204,1.5015962566949066,1.869853484865718,0.9503920097095644,1.8456085299856408,-8.834081649780273,-2.851444959640503,-0.5323696136474609,3.1448812246322606,10.438672065734863,10.438672065734863,800.0,2.0,0.0,1.0192640913260627,0.002548160228315156,0.0,10,9,8,0.9828767123287672,False,True
A570,OLIVEIRA,MG,SE,-20.715,-44.86444444,1025.0,69506,9,2017,2025,21.280075100038808,20.532043922768324,-0.7480311787996197,1.2065708791597325,1.546277476585726,0.9533505312714053,1.3533106589619535,-6.36367130279541,-2.9080927968025208,-0.7568172514438629,1.4062015414237976,9.35498046875,9.35498046875,0.3352228584582626,0.0,0.0,1,False,0.0308877693873735,True,0,0.0,0.0,0.0,-2.220446049250313e-15,2.7755575615628914e-15,233.0,0.0,0.0,69506,9,2017,2025,21.280075100038808,20.532043922768324,-0.7480311787996197,1.2065708791597325,1.5462774765857281,0.9533505312714026,1.3533106589619561,-6.36367130279541,-2.9080927968025208,-0.7568172514438629,1.4062015414237976,9.35498046875,9.35498046875,233.0,0.0,0.0,0.3352228584582626,0.0,0.0,9,8,8,0.9976027397260274,False,True
A571,PARACATU,MG,SE,-17.24444444,-46.88166666,705.0,66040,8,2018,2025,24.739822831354598,23.725172382141878,-1.0146504526278757,1.4937267750166334,1.7965175480677262,0.9414014244185681,1.4825629977342607,-8.043066024780273,-3.192836618423462,-1.1638180017471313,1.6839242875576017,9.917820930480957,9.917820930480957,0.3528164748637189,0.0,0.0,1,False,0.0308877693870199,True,0,0.0,0.0,0.0,2.4424906541753444e-15,1.5543122344752192e-15,233.0,0.0,0.0,66040,8,2018,2025,24.739822831354598,23.725172382141878,-1.0146504526278757,1.4937267750166334,1.7965175480677238,0.9414014244185666,1.4825629977342671,-8.043066024780273,-3.192836618423462,-1.1638180017471313,1.6839242875576017,9.917820930480957,9.917820930480957,233.0,0.0,0.0,0.3528164748637189,0.0,0.0,8,8,7,0.9955569902936848,False,True
A572,BELO HORIZONTE - SANTO AGOSTINHO,MG,SE,-19.93388888,-43.95222222,915.47,2892,1,2025,2025,23.65784924554627,21.606530652501277,-2.0513185869213895,2.21773820458106,2.5916139003148793,0.9272987224698565,1.5841156444540438,-7.395607948303223,-4.645333766937256,-2.055834650993347,0.5305448204278915,5.758349895477295,7.395607948303223,3.2157676348547715,0.0,0.0,1,False,0.0,True,0,0.0,0.0,0.0,0.0,0.0,93.0,0.0,0.0,2892,1,2025,2025,23.65784924554627,21.606530652501277,-2.0513185869213895,2.21773820458106,2.5916139003148793,0.9272987224698565,1.5841156444540438,-7.395607948303223,-4.645333766937256,-2.055834650993347,0.5305448204278915,5.758349895477295,7.395607948303223,93.0,0.0,0.0,3.2157676348547715,0.0,0.0,1,1,1,0.9563492063492064,False,True
A601,ECOLOGIA AGRICOLA,RJ,SE,-22.8,-43.68333333,33.0,212576,26,2000,2025,24.37079726458134,22.736046192975497,-1.6347510749081127,1.9801521555793853,2.453628605108597,0.9239882219791535,1.8297262101405747,-10.2509765625,-4.6313594579696655,-1.5054194927215576,1.2609378397464752,8.88188362121582,10.2509765625,2.916603944001204,0.0004704199909679362,0.0,1,False,4.697063047300639,True,0,0.0,0.0,0.0,-1.1057821325266559e-13,-4.773959005888173e-15,6200.0,1.0,0.0,212576,26,2000,2025,24.37079726458134,22.736046192975497,-1.6347510749081127,1.9801521555793853,2.4536286051087077,0.9239882219791583,1.829726210140572,-10.2509765625,-4.6313594579696655,-1.5054194927215576,1.2609378397464752,8.88188362121582,10.2509765625,6200.0,1.0,0.0,2.916603944001204,0.0004704199909679362,0.0,26,23,19,0.996632420091324,False,True
A602,MARAMBAIA,RJ,SE,-23.05,-43.6,9.7,184368,24,2002,2025,23.786803022628337,23.61042667465637,-0.17637634963487098,1.3317358642190893,1.8170063924910307,0.891704807131569,1.8084306323979245,-13.0576171875,-3.3549532890319824,-0.122103501111269,2.599414348602295,13.57602596282959,13.57602596282959,1.7926104313112905,0.01844137811333854,0.0,1,False,0.4557929581143368,True,0,0.0,2.7755575615628914e-17,-2.220446049250313e-16,3.175237850427948e-14,-1.2101430968414206e-14,3305.0,34.0,0.0,184368,24,2002,2025,23.786803022628337,23.61042667465637,-0.176376349634871,1.3317358642190895,1.817006392490999,0.8917048071315811,1.808430632397921,-13.0576171875,-3.3549532890319824,-0.122103501111269,2.599414348602295,13.57602596282959,13.57602596282959,3305.0,34.0,0.0,1.7926104313112905,0.01844137811333854,0.0,24,21,18,0.987917165706016,False,True
A603,XEREM,RJ,SE,-22.58972221,-43.28222221,33.0,180722,24,2002,2025,23.63148703566005,21.53497762567442,-2.096509409836184,2.3031171048783974,2.867240857592442,0.9339736175820297,1.9559497946297706,-13.29293155670166,-5.45502655506134,-1.9243404269218445,0.7805599331855739,8.77241039276123,13.29293155670166,7.344429565852526,0.2146943924923363,0.0,1,False,0.0,True,0,0.0,0.0,4.440892098500626e-16,9.50350909079134e-14,3.3306690738754696e-15,13273.0,388.0,0.0,180722,24,2002,2025,23.63148703566005,21.53497762567442,-2.096509409836184,2.303117104878397,2.867240857592347,0.9339736175820263,1.9559497946297686,-13.29293155670166,-5.45502655506134,-1.9243404269218445,0.7805599331855739,8.77241039276123,13.29293155670166,13273.0,388.0,0.0,7.344429565852526,0.2146943924923363,0.0,24,18,15,0.9801369863013698,False,True
A604,CAMBUCI,RJ,SE,-21.56666666,-41.95,35.0,173514,24,2002,2025,24.569001347268657,23.713279310353272,-0.8557220380718448,1.5728547331736915,1.915529672650139,0.9435818269325917,1.7137708852151983,-11.086462020874023,-3.258938384056091,-1.0606939792633057,2.2845292210578942,9.861424446105957,11.086462020874023,0.8206830572749173,0.0011526447433636477,0.0,1,False,2.4716348499994925,True,0,0.0,0.0,4.440892098500626e-16,-7.127631818093505e-14,-2.1094237467877974e-15,1424.0,2.0,0.0,173514,24,2002,2025,24.569001347268657,23.713279310353272,-0.8557220380718448,1.572854733173691,1.9155296726502102,0.9435818269325938,1.7137708852152005,-11.086462020874023,-3.258938384056091,-1.0606939792633057,2.2845292210578942,9.861424446105957,11.086462020874023,1424.0,2.0,0.0,0.8206830572749173,0.0011526447433636477,0.0,24,17,16,0.9644977168949772,False,True
A606,ARRAIAL DO CABO,RJ,SE,-22.98333333,-42.01666666,4.0,163659,20,2006,2025,23.706099267146037,23.159245298910758,-0.5468539687000304,1.1020959400847985,1.5144391331052995,0.809628773668436,1.4122637188764597,-10.54409122467041,-3.1488375425338746,-0.28124961256980896,1.4618803024292,5.063232898712158,10.54409122467041,0.4515486468816258,0.0018330797573002404,0.0,1,False,1.0178616806468013,True,0,0.0,0.0,-2.220446049250313e-16,-4.218847493575595e-15,-7.438494264988549e-15,739.0,3.0,0.0,163659,20,2006,2025,23.706099267146037,23.159245298910758,-0.5468539687000304,1.1020959400847987,1.5144391331053038,0.8096287736684434,1.412263718876457,-10.54409122467041,-3.1488375425338746,-0.28124961256980896,1.4618803024292,5.063232898712158,10.54409122467041,739.0,3.0,0.0,0.4515486468816258,0.0018330797573002404,0.0,20,20,18,0.9894531152531376,False,True
A607,CAMPOS,RJ,SE,-21.71666666,-41.35,25.0,165463,20,2006,2025,24.364755863737408,24.5777841587947,0.2130282918956807,0.9582178791163374,1.2480062630974027,0.9563464150589257,1.2296941564754091,-7.216601371765137,-1.7973482728004455,0.2213871031999588,2.151174044609069,10.09736156463623,10.09736156463623,0.19641853465729497,0.0006043647220224461,0.0,1,False,0.6672998411384519,True,0,0.0,0.0,2.220446049250313e-16,-2.220446049250313e-15,-1.887379141862766e-15,325.0,1.0,0.0,165463,20,2006,2025,24.364755863737408,24.5777841587947,0.2130282918956807,0.9582178791163372,1.248006263097405,0.9563464150589276,1.229694156475408,-7.216601371765137,-1.7973482728004455,0.2213871031999588,2.151174044609069,10.09736156463623,10.09736156463623,325.0,1.0,0.0,0.19641853465729497,0.0006043647220224461,0.0,20,20,19,0.998688618160042,False,True
A608,MACAE,RJ,SE,-22.38333333,-41.81666667,32.0,161403,20,2006,2025,23.99986926850035,23.57044659340502,-0.4294226779124467,1.9131776846626292,2.470068310063054,0.8448718869523608,2.432461773401149,-11.302294731140137,-4.95248498916626,0.0868656188249588,2.8806985855102534,7.820312976837158,11.302294731140137,5.199407693785122,0.004956537362998209,0.0,1,False,0.9384457270177768,True,0,0.0,0.0,0.0,-9.459100169806334e-14,-3.3306690738754696e-15,8392.0,8.0,0.0,161403,20,2006,2025,23.99986926850035,23.57044659340502,-0.4294226779124467,1.9131776846626292,2.4700683100631484,0.8448718869523641,2.432461773401157,-11.302294731140137,-4.95248498916626,0.0868656188249588,2.8806985855102534,7.820312976837158,11.302294731140137,8392.0,8.0,0.0,5.199407693785122,0.004956537362998209,0.0,20,20,17,0.9871004566210044,False,True
A609,RESENDE,RJ,SE,-22.45,-44.45,439.89,161704,20,2006,2025,22.305869984041724,19.477428461179194,-2.8284415236375042,2.950662969167566,3.3633121453164367,0.9304263685844476,1.8198372495567552,-11.5869140625,-5.810107231140137,-2.8091304302215576,0.16669227853417426,9.127685546875,11.5869140625,11.3707762331173,0.021644486221738486,0.0,1,False,0.5455918980662726,True,0,0.0,0.0,-4.440892098500626e-16,2.993161274389422e-13,2.886579864025407e-15,18387.0,35.0,0.0,161704,20,2006,2025,22.305869984041724,19.477428461179194,-2.8284415236375042,2.9506629691675665,3.3633121453161374,0.9304263685844447,1.8198372495567567,-11.5869140625,-5.810107231140137,-2.8091304302215576,0.16669227853417426,9.127685546875,11.5869140625,18387.0,35.0,0.0,11.3707762331173,0.021644486221738486,0.0,20,18,17,0.9925345272849764,False,True
A610,PICO DO COUTO,RJ,SE,-22.48166666,-43.29138888,1777.0,140650,20,2006,2025,14.641092075683703,21.415547004290165,6.774454931923266,6.786754581457712,7.08071406971983,0.8818953100326932,2.0599277370103057,-6.366262435913086,3.296186935901642,6.792725086212158,10.033257150650023,16.782859802246094,16.782859802246094,83.4319232136509,5.173124777817277,0.0,1,False,1.8841383653123116,True,0,0.0,-8.881784197001252e-16,-8.881784197001252e-16,-5.3290705182007514e-14,6.328271240363392e-15,117347.0,7276.0,0.0,140650,20,2006,2025,14.641092075683703,21.415547004290165,6.774454931923267,6.786754581457713,7.080714069719884,0.8818953100326868,2.0599277370102986,-6.366262435913086,3.296186935901642,6.792725086212158,10.033257150650023,16.782859802246094,16.782859802246094,117347.0,7276.0,0.0,83.4319232136509,5.173124777817277,0.0,20,13,11,0.9702544476882002,False,True
A611,VALENCA,RJ,SE,-22.35,-43.7,367.0,152113,20,2006,2025,22.44350252568537,20.754185678681264,-1.6893168489718913,1.91858453186981,2.2347926100268305,0.9525961861281372,1.4630518328214461,-9.069189071655273,-3.89878625869751,-1.7922359704971313,0.8364749789237962,9.57304573059082,9.57304573059082,1.0866921301926857,0.0,0.0,1,False,1.0056101914672944,True,0,0.0,0.0,-2.220446049250313e-16,-1.0169642905566434e-13,1.7763568394002505e-15,1653.0,0.0,0.0,152113,20,2006,2025,22.44350252568537,20.754185678681264,-1.6893168489718913,1.9185845318698103,2.234792610026932,0.9525961861281355,1.4630518328214468,-9.069189071655273,-3.89878625869751,-1.7922359704971313,0.8364749789237962,9.57304573059082,9.57304573059082,1653.0,0.0,0.0,1.0866921301926857,0.0,0.0,20,17,15,0.99263698630137,False,True
A612,VITORIA,ES,SE,-20.26666666,-40.3,9.0,158355,20,2006,2025,24.938223608166986,23.88940271908316,-1.0488208924126787,1.9321501909499164,2.4510709810350173,0.8748653284403626,2.2153452737247923,-8.91357421875,-4.859568786621093,-0.8456050753593445,2.415942716598508,7.69101619720459,8.91357421875,4.20447728205614,0.0,0.0,1,False,0.8019452090004253,True,0,0.0,-2.220446049250313e-16,2.220446049250313e-16,-1.6919798895287386e-13,9.992007221626409e-16,6658.0,0.0,0.0,158355,20,2006,2025,24.938223608166986,23.88940271908316,-1.0488208924126785,1.9321501909499161,2.4510709810351865,0.8748653284403616,2.2153452737247887,-8.91357421875,-4.859568786621093,-0.8456050753593445,2.415942716598508,7.69101619720459,8.91357421875,6658.0,0.0,0.0,4.20447728205614,0.0,0.0,20,18,17,0.9905949796641464,False,True
A613,SANTA TERESA,ES,SE,-19.98833333,-40.57944443,988.0,153579,19,2007,2025,18.823148348279616,22.00898896069438,3.1858406136641393,3.2340651378042646,3.488418042407506,0.9299231547170763,1.4210887278645281,-7.985293388366699,0.9055668115615845,3.1974124908447266,5.396679878234863,12.890134811401367,12.890134811401367,7.855240625345913,0.036463318552666706,0.0,1,False,0.0146513304914665,True,0,0.0,0.0,0.0,7.815970093361102e-14,-1.4432899320127035e-15,12064.0,56.0,0.0,153579,19,2007,2025,18.823148348279616,22.00898896069438,3.1858406136641393,3.2340651378042646,3.488418042407428,0.9299231547170778,1.4210887278645272,-7.985293388366699,0.9055668115615845,3.1974124908447266,5.396679878234863,12.890134811401367,12.890134811401367,12064.0,56.0,0.0,7.855240625345913,0.036463318552666706,0.0,19,19,16,0.956056466302368,False,True
A614,LINHARES,ES,SE,-19.35694444,-40.0686111,40.0,162731,20,2006,2025,24.82332745243388,24.416692478718552,-0.4066349758443092,0.8904097937545422,1.1716588459144048,0.9572610966841819,1.0988356872077008,-9.442431449890137,-2.2158931493759155,-0.3822750151157379,1.3287601470947266,9.46196174621582,9.46196174621582,0.10323785879764766,0.0,0.0,1,False,0.0084124142555212,True,0,0.0,-1.1102230246251565e-16,0.0,7.993605777301127e-15,5.440092820663267e-15,168.0,0.0,0.0,162731,20,2006,2025,24.82332745243388,24.416692478718552,-0.4066349758443091,0.8904097937545422,1.1716588459143968,0.9572610966841765,1.0988356872076974,-9.442431449890137,-2.2158931493759155,-0.3822750151157379,1.3287601470947266,9.46196174621582,9.46196174621582,168.0,0.0,0.0,0.10323785879764766,0.0,0.0,20,20,17,0.9971461187214612,False,True
A615,ALFREDO CHAVES,ES,SE,-20.63638888,-40.74138888,35.0,150752,19,2006,2024,24.9226272274129,22.712717514272406,-2.209909714775797,2.2840538838597872,2.7350805994958867,0.9454310927727493,1.6115154870891863,-10.62109375,-4.9508199930191035,-2.0675045251846313,0.14216102138161574,6.196582317352295,10.62109375,4.665941413712588,0.0006633411165357674,0.0,1,False,0.0578117663279438,True,0,0.0,4.440892098500626e-16,0.0,7.283063041541027e-14,-6.5503158452884236e-15,7034.0,1.0,0.0,150752,19,2006,2024,24.9226272274129,22.712717514272406,-2.2099097147757973,2.2840538838597872,2.735080599495814,0.9454310927727558,1.6115154870891848,-10.62109375,-4.9508199930191035,-2.0675045251846313,0.14216102138161574,6.196582317352295,10.62109375,7034.0,1.0,0.0,4.665941413712588,0.0006633411165357674,0.0,19,16,16,0.997716894977169,False,True
A616,SAO MATEUS,ES,SE,-18.71388888,-39.84833333,39.0,165122,20,2006,2025,24.535428951317396,24.535492409679215,6.345418490774204e-05,1.7874477233843928,2.165482607144798,0.8795042734524245,2.1654891634651174,-8.52944278717041,-3.610343766212463,0.24794960021972656,3.3230441093444814,8.960977554321289,8.960977554321289,0.8781385884376401,0.0,0.0,1,False,4.519637165751977,True,0,0.0,0.0,0.0,-7.283063041541027e-14,-9.992007221626409e-16,1450.0,0.0,0.0,165122,20,2006,2025,24.535428951317396,24.535492409679215,6.345418490774204e-05,1.7874477233843928,2.1654826071448707,0.8795042734524255,2.165489163465121,-8.52944278717041,-3.610343766212463,0.24794960021972656,3.3230441093444814,8.960977554321289,8.960977554321289,1450.0,0.0,0.0,0.8781385884376401,0.0,0.0,20,20,18,0.997492483219802,False,True
A617,ALEGRE,ES,SE,-20.75055555,-41.48888888,138.0,160217,20,2006,2025,24.705582426260655,21.33677841829727,-3.3688040104544146,3.4092206342949454,3.7537894120493687,0.9514436099826049,1.6559322462426342,-10.59682559967041,-5.93642520904541,-3.3894526958465576,-0.6753707170486467,7.995996475219727,10.59682559967041,16.649918547969317,0.00499322793461368,0.0,1,False,0.0,True,0,0.0,0.0,0.0,1.7719159473017498e-13,-9.103828801926284e-15,26676.0,8.0,0.0,160217,20,2006,2025,24.705582426260655,21.33677841829727,-3.3688040104544146,3.4092206342949454,3.7537894120491915,0.951443609982614,1.6559322462426276,-10.59682559967041,-5.93642520904541,-3.3894526958465576,-0.6753707170486467,7.995996475219727,10.59682559967041,26676.0,8.0,0.0,16.649918547969317,0.00499322793461368,0.0,20,19,18,0.996917808219178,False,True
A618,TERESOPOLIS,RJ,SE,-22.44888888,-42.98722221,980.0,164351,20,2006,2025,18.67925294107628,21.250262655888847,2.571009715429081,2.667631656637952,3.010088114010533,0.9319144170696546,1.565424673297713,-6.195910453796387,-0.04050254821777344,2.5912113189697266,5.056519031524658,15.03764533996582,15.03764533996582,5.394551904156349,0.019470523452853952,0.0,1,False,0.0420587065618442,True,0,0.0,0.0,0.0,3.4727776210274897e-13,2.6645352591003757e-15,8866.0,32.0,0.0,164351,20,2006,2025,18.67925294107628,21.250262655888847,2.571009715429081,2.667631656637952,3.010088114010186,0.931914417069652,1.5654246732977135,-6.195910453796387,-0.04050254821777344,2.5912113189697266,5.056519031524658,15.03764533996582,15.03764533996582,8866.0,32.0,0.0,5.394551904156349,0.019470523452853952,0.0,20,20,20,0.9980022831050228,False,True
A619,PARATI,RJ,SE,-23.22333332,-44.72666666,5.0,157423,20,2006,2025,23.28496407785539,21.475098390871768,-1.8098656864341576,2.5834327418955185,3.1328830311182996,0.8081578833949856,2.557221895718483,-11.267626762390137,-5.781342220306397,-1.8017574548721313,2.694767260551452,8.344855308532715,11.267626762390137,11.312197074125129,0.004446618346747299,0.0,1,False,0.0419488680701706,True,0,0.0,-4.440892098500626e-16,-4.440892098500626e-16,2.41140440948584e-13,-1.7763568394002505e-15,17808.0,7.0,0.0,157423,20,2006,2025,23.28496407785539,21.475098390871768,-1.8098656864341571,2.583432741895519,3.1328830311180584,0.8081578833949874,2.557221895718481,-11.267626762390137,-5.781342220306397,-1.8017574548721313,2.694767260551452,8.344855308532715,11.267626762390137,17808.0,7.0,0.0,11.312197074125129,0.004446618346747299,0.0,20,18,17,0.989863107268508,False,True
A620,SAO TOME,RJ,SE,-22.04166666,-41.05194444,8.0,144200,18,2008,2025,24.492061024902597,23.95576824003053,-0.5362927863724286,1.049920422492106,1.423908673412081,0.9080152557728812,1.3190595223524748,-8.71938419342041,-2.8577706098556517,-0.3978755921125412,1.5406038880348178,6.271973133087158,8.71938419342041,0.26629680998613037,0.0,0.0,1,False,0.0286302190132461,True,0,0.0,0.0,2.220446049250313e-16,5.5289106626332796e-14,1.0769163338864018e-14,384.0,0.0,0.0,144200,18,2008,2025,24.492061024902597,23.95576824003053,-0.5362927863724286,1.0499204224921057,1.4239086734120256,0.9080152557728705,1.3190595223524755,-8.71938419342041,-2.8577706098556517,-0.3978755921125412,1.5406038880348178,6.271973133087158,8.71938419342041,384.0,0.0,0.0,0.26629680998613037,0.0,0.0,18,16,15,0.9951074302635744,False,True
A621,VILA MILITAR,RJ,SE,-22.86083333,-43.41111111,45.0,159082,19,2007,2025,24.627649887985054,23.11907462439714,-1.5085752668186714,1.7659900991566153,2.1010666392691384,0.9542294190801859,1.4624278207736021,-13.347265243530273,-3.672409236431122,-1.5760738849639893,0.9182589173316945,9.43305492401123,13.347265243530273,0.854905017538125,0.006914672935970129,0.0,1,False,0.0680152868755843,True,0,0.0,0.0,0.0,-8.260059303211165e-14,7.771561172376096e-15,1360.0,11.0,0.0,159082,19,2007,2025,24.627649887985054,23.11907462439714,-1.5085752668186714,1.7659900991566153,2.101066639269221,0.9542294190801781,1.462427820773598,-13.347265243530273,-3.672409236431122,-1.5760738849639893,0.9182589173316945,9.43305492401123,13.347265243530273,1360.0,11.0,0.0,0.854905017538125,0.006914672935970129,0.0,19,19,17,0.9910063752276868,False,True
A622,PRES. KENNEDY,ES,SE,-21.10111111,-41.03888888,80.0,139328,18,2008,2025,24.31591998212481,23.751857221537247,-0.5640627658134545,1.104301436913727,1.4465010390316377,0.9444862132379463,1.3319951900074642,-7.091140270233154,-2.857453167438507,-0.49399375915527344,1.4936039447784424,8.392627716064453,8.392627716064453,0.2368511713367019,0.0,0.0,1,False,0.0653884929675768,True,0,0.0,0.0,0.0,3.774758283725532e-15,-3.552713678800501e-15,330.0,0.0,0.0,139328,18,2008,2025,24.31591998212481,23.751857221537247,-0.5640627658134545,1.104301436913727,1.446501039031634,0.9444862132379499,1.3319951900074676,-7.091140270233154,-2.857453167438507,-0.49399375915527344,1.4936039447784424,8.392627716064453,8.392627716064453,330.0,0.0,0.0,0.2368511713367019,0.0,0.0,18,13,13,0.9796516816169484,False,True
A623,NOVA VENECIA,ES,SE,-18.69527777,-40.4075,154.0,117378,15,2008,2022,24.589945297627626,24.357289888759308,-0.23265541612424856,1.2252144841321264,1.5776367258453121,0.9406742165923685,1.5603941295640569,-13.797167778015137,-2.9784958004951476,-0.08066368103027344,2.0730937242507896,8.91093635559082,13.797167778015137,0.4012676992281347,0.004259742030022662,0.0,1,False,1.7847260581513305,True,0,0.0,0.0,0.0,-4.884981308350689e-15,-7.771561172376096e-16,471.0,5.0,0.0,117378,15,2008,2022,24.589945297627626,24.357289888759308,-0.23265541612424856,1.2252144841321264,1.577636725845317,0.9406742165923693,1.5603941295640613,-13.797167778015137,-2.9784958004951476,-0.08066368103027344,2.0730937242507896,8.91093635559082,13.797167778015137,471.0,5.0,0.0,0.4012676992281347,0.004259742030022662,0.0,15,13,11,0.9972602739726028,False,True
A624,NOVA FRIBURGO,RJ,SE,-22.33305554,-42.67722221,1046.0,131810,16,2010,2025,17.73015325079568,19.298284169016128,1.5681309181569727,1.8219577956190876,2.4108341693050286,0.9238887559276399,1.8311505275076874,-8.400585174560547,-0.9317867159843445,1.2864505648612976,5.028591680526732,13.850926399230957,13.850926399230957,5.109627494120325,0.04096806008648813,0.0,1,False,0.1875148767805862,True,0,0.0,0.0,0.0,-1.163513729807164e-13,5.551115123125783e-16,6735.0,54.0,0.0,131810,16,2010,2025,17.73015325079568,19.298284169016128,1.5681309181569727,1.8219577956190876,2.410834169305145,0.9238887559276393,1.8311505275076942,-8.400585174560547,-0.9317867159843445,1.2864505648612976,5.028591680526732,13.850926399230957,13.850926399230957,6735.0,54.0,0.0,5.109627494120325,0.04096806008648813,0.0,16,16,15,0.9992021608403824,False,True
A625,TRES RIOS,RJ,SE,-22.09833333,-43.20833333,295.0,81779,10,2016,2025,23.0465926443219,21.285317784136808,-1.7612748623694294,2.0494034986895473,2.463903603688318,0.9497941934897065,1.7230113550939126,-10.85659122467041,-4.478187942504883,-1.8130366802215576,1.065529882907867,11.66728401184082,11.66728401184082,2.5519999021753748,0.002445615622592597,0.0,1,False,0.0286187407023602,True,0,0.0,0.0,0.0,2.9753977059954195e-14,-1.887379141862766e-15,2087.0,2.0,0.0,81779,10,2016,2025,23.0465926443219,21.285317784136808,-1.7612748623694294,2.0494034986895473,2.4639036036882884,0.9497941934897084,1.7230113550939117,-10.85659122467041,-4.478187942504883,-1.8130366802215576,1.065529882907867,11.66728401184082,11.66728401184082,2087.0,2.0,0.0,2.5519999021753748,0.002445615622592597,0.0,10,10,9,0.9984596838585722,False,True
A626,RIO CLARO,RJ,SE,-22.653579,-44.040916,516.0,81629,10,2016,2025,21.65502088666247,21.770933815238624,0.11591292813941413,1.3843878774350655,1.7953039765012773,0.9430775461341955,1.7915691116894132,-8.469482421875,-2.897314167022705,0.15087929368019104,3.073566627502441,9.949853897094727,9.949853897094727,0.8893898001935586,0.0,0.0,1,False,0.0092040562119585,True,0,0.0,0.0,0.0,3.1086244689504383e-15,-2.220446049250313e-16,726.0,0.0,0.0,81629,10,2016,2025,21.65502088666247,21.770933815238624,0.11591292813941413,1.3843878774350655,1.7953039765012742,0.9430775461341957,1.7915691116894106,-8.469482421875,-2.897314167022705,0.15087929368019104,3.073566627502441,9.949853897094727,9.949853897094727,726.0,0.0,0.0,0.8893898001935586,0.0,0.0,10,10,9,0.9816947747049194,False,True
A627,NITEROI,RJ,SE,-22.86749999,-43.10194444,6.0,63940,8,2018,2025,25.308872377301963,23.706418127681005,-1.6024542526629022,1.7545420710761057,2.045453417059807,0.9571738889724877,1.2712377133672048,-8.40200138092041,-3.584440720081329,-1.6425701379776,0.44716347903012843,8.48979377746582,8.48979377746582,0.48952142633719115,0.0,0.0,1,False,0.0168213551048749,True,0,0.0,0.0,0.0,-1.3322676295501878e-15,-2.55351295663786e-15,313.0,0.0,0.0,63940,8,2018,2025,25.308872377301963,23.706418127681005,-1.6024542526629022,1.7545420710761057,2.045453417059808,0.9571738889724902,1.2712377133672046,-8.40200138092041,-3.584440720081329,-1.6425701379776,0.44716347903012843,8.48979377746582,8.48979377746582,313.0,0.0,0.0,0.48952142633719115,0.0,0.0,8,8,7,0.997659817351598,False,True
A628,ANGRA DOS REIS,RJ,SE,-22.97555554,-44.30333333,6.0,62043,9,2017,2025,23.885119997590227,21.846231857824147,-2.0388881397156973,2.202752649724007,2.7156804452202783,0.9081492712612522,1.7938526416731573,-10.150118827819824,-5.232690238952636,-1.8558590412139893,0.6479834973812094,7.513084411621094,10.150118827819824,6.297245458794706,0.0032235707493190203,0.0,1,False,0.0308877693873735,True,0,0.0,0.0,0.0,2.708944180085382e-14,2.55351295663786e-15,3907.0,2.0,0.0,62043,9,2017,2025,23.885119997590227,21.846231857824147,-2.0388881397156973,2.202752649724007,2.715680445220251,0.9081492712612497,1.7938526416731586,-10.150118827819824,-5.232690238952636,-1.8558590412139893,0.6479834973812094,7.513084411621094,10.150118827819824,3907.0,2.0,0.0,6.297245458794706,0.0032235707493190203,0.0,9,6,6,0.9689497716894976,False,True
A629,CARMO,RJ,SE,-21.93867805,-42.600884664999995,293.0,55923,8,2018,2025,23.459624839379437,21.15674161848766,-2.3028832226149287,2.564014396041893,2.9625654563106503,0.9436962361115766,1.8637556330256546,-10.48207950592041,-5.054223251342774,-2.4508297443389893,1.0221545934677096,6.742578506469727,10.48207950592041,5.432469645762924,0.0017881730236217655,0.0,1,False,0.00913542768668,True,0,0.0,0.0,0.0,6.661338147750939e-15,-4.218847493575595e-15,3038.0,1.0,0.0,55923,8,2018,2025,23.459624839379437,21.15674161848766,-2.3028832226149287,2.564014396041893,2.9625654563106436,0.9436962361115808,1.8637556330256542,-10.48207950592041,-5.054223251342774,-2.4508297443389893,1.0221545934677096,6.742578506469727,10.48207950592041,3038.0,1.0,0.0,5.432469645762924,0.0017881730236217655,0.0,8,6,6,0.9952054794520548,False,True
A630,SANTA MARIA MADALENA,RJ,SE,-21.95055555,-42.01027777,517.0,59634,8,2018,2025,21.04336285136949,21.79606164432081,0.7526987976204408,1.286993514681999,1.7632121014441589,0.9383205408859387,1.5944917899459976,-6.786748886108398,-1.4979512870311738,0.55817911028862,3.6114025115966784,10.056009292602539,10.056009292602539,1.634973337357883,0.00335379146124694,0.0,1,False,0.0286486156171059,True,0,0.0,0.0,0.0,-7.993605777301127e-15,1.7763568394002505e-15,975.0,2.0,0.0,59634,8,2018,2025,21.04336285136949,21.79606164432081,0.7526987976204408,1.286993514681999,1.7632121014441668,0.938320540885937,1.5944917899460016,-6.786748886108398,-1.4979512870311738,0.55817911028862,3.6114025115966784,10.056009292602539,10.056009292602539,975.0,2.0,0.0,1.634973337357883,0.00335379146124694,0.0,8,7,7,0.9929223744292236,False,True
A631,ECOPORANGA,ES,SE,-18.29138888,-40.73638888,224.0,58865,9,2017,2025,25.256247346690607,24.536150769410536,-0.7200965762653236,1.2333708612658771,1.6387365999389252,0.9460712668837566,1.4720582111856535,-8.449169158935547,-3.3196578979492184,-0.6148433685302734,1.4725223541259758,11.18803596496582,11.18803596496582,0.7899430901214644,0.006795209377388941,0.0,1,False,0.0308877693873735,True,0,0.0,0.0,-2.220446049250313e-16,6.439293542825908e-15,-1.2212453270876722e-15,465.0,4.0,0.0,58865,9,2017,2025,25.256247346690607,24.536150769410536,-0.7200965762653236,1.2333708612658774,1.6387365999389187,0.9460712668837579,1.472058211185651,-8.449169158935547,-3.3196578979492184,-0.6148433685302734,1.4725223541259758,11.18803596496582,11.18803596496582,465.0,4.0,0.0,0.7899430901214644,0.006795209377388941,0.0,9,5,5,0.9858447488584476,False,True
A632,MARILANDIA,ES,SE,-19.40722222,-40.53972221,95.0,69831,9,2017,2025,25.007990716984818,23.72082190116127,-1.2871688194498048,1.6986023582577392,2.0934039425319817,0.9534158155128715,1.6509317150839011,-8.577098846435547,-3.9715572595596313,-1.3004878759384155,1.4169192910194397,8.336407661437988,8.577098846435547,1.1270066302931363,0.0,0.0,1,False,0.0117142349394945,True,0,0.0,0.0,0.0,0.0,-9.992007221626409e-16,787.0,0.0,0.0,69831,9,2017,2025,25.007990716984818,23.72082190116127,-1.2871688194498048,1.6986023582577392,2.0934039425319817,0.9534158155128725,1.6509317150838962,-8.577098846435547,-3.9715572595596313,-1.3004878759384155,1.4169192910194397,8.336407661437988,8.577098846435547,787.0,0.0,0.0,1.1270066302931363,0.0,0.0,9,7,7,0.9873287671232877,False,True
A633,VENDA NOVA DO IMIGRANTE,ES,SE,-20.38555555,-41.18999999,722.0,74954,9,2017,2025,20.679284626485178,21.15255349074986,0.4732688628675378,1.4077580658904174,1.8293272636388944,0.9320676146346989,1.7670587086369793,-6.326220512390137,-2.189176893234253,0.27221718430519104,3.6343092203140244,11.954442024230957,11.954442024230957,1.013955225871868,0.005336606451957201,0.0,2,True,14.826010327153748,True,0,0.0,-5.551115123125783e-17,2.220446049250313e-16,1.3322676295501878e-15,2.1094237467877974e-15,760.0,4.0,0.0,74954,9,2017,2025,20.679284626485178,21.15255349074986,0.47326886286753783,1.4077580658904172,1.829327263638893,0.9320676146346968,1.7670587086369813,-6.326220512390137,-2.189176893234253,0.27221718430519104,3.6343092203140244,11.954442024230957,11.954442024230957,760.0,4.0,0.0,1.013955225871868,0.005336606451957201,0.0,9,8,8,0.988812785388128,True,True
A634,VILA VELHA,ES,SE,-20.46694443,-40.40388888,25.0,72866,9,2017,2025,24.404777259257067,23.340891485717076,-1.0638857766022725,1.3874910139912173,1.767003808522565,0.9395751542593034,1.410842595978005,-8.67822265625,-3.565111994743347,-0.9424800872802734,1.1109988987445831,6.425928115844727,8.67822265625,0.28820025800785004,0.0,0.0,1,False,0.0289379504664289,True,0,0.0,0.0,0.0,2.220446049250313e-15,1.6653345369377348e-15,210.0,0.0,0.0,72866,9,2017,2025,24.404777259257067,23.340891485717076,-1.0638857766022725,1.3874910139912173,1.7670038085225628,0.9395751542593017,1.4108425959780082,-8.67822265625,-3.565111994743347,-0.9424800872802734,1.1109988987445831,6.425928115844727,8.67822265625,210.0,0.0,0.0,0.28820025800785004,0.0,0.0,9,8,7,0.9872395833333332,False,True
A635,ITATIAIA,RJ,SE,-22.37388888,-44.70305555,2450.0,36284,5,2017,2021,11.25040238334449,17.295887454094085,6.0454850732384475,6.082703000442291,6.491984255902814,0.840825428385161,2.3660355226494594,-7.107617378234863,2.4346000790596007,5.923527717590332,9.93507628440857,19.223194122314453,19.223194122314453,70.14937713592768,4.817550435453644,0.0,1,False,0.0083710112470872,True,0,0.0,0.0,0.0,1.6253665080512292e-13,-4.3298697960381105e-15,25453.0,1748.0,0.0,36284,5,2017,2021,11.25040238334449,17.295887454094085,6.0454850732384475,6.082703000442291,6.4919842559026515,0.8408254283851653,2.366035522649457,-7.107617378234863,2.4346000790596007,5.923527717590332,9.93507628440857,19.223194122314453,19.223194122314453,25453.0,1748.0,0.0,70.14937713592768,4.817550435453644,0.0,5,5,4,0.9864155251141552,False,True
A636,RIO DE JANEIRO - JACAREPAGUA,RJ,SE,-22.93999999,-43.40277777,20.0,72039,9,2017,2025,23.734578488647156,23.678891531132596,-0.05568696089275321,1.5852034497956475,1.9623992981471485,0.9188221594435814,1.9616226402541441,-10.11376953125,-3.2425191164016725,-0.014550399966537952,3.064067721366882,8.73974609375,10.11376953125,0.9841891197823402,0.0013881369813573204,0.0,1,False,0.0308877693873735,True,0,0.0,0.0,0.0,1.5987211554602254e-13,-9.103828801926284e-15,709.0,1.0,0.0,72039,9,2017,2025,23.734578488647156,23.678891531132596,-0.05568696089275321,1.5852034497956475,1.9623992981469887,0.9188221594435905,1.961622640254152,-10.11376953125,-3.2425191164016725,-0.014550399966537952,3.064067721366882,8.73974609375,10.11376953125,709.0,1.0,0.0,0.9841891197823402,0.0013881369813573204,0.0,9,9,9,0.9924657534246576,False,True
A637,Paty do Alferes - Avelar,RJ,SE,-22.34722221,-43.41777777,508.0,27367,4,2022,2025,21.701300831207313,21.59963226408963,-0.10166857254858569,1.71940827704627,2.1904977908014582,0.9308904193871417,2.188177102624373,-7.190282821655273,-3.043344283103943,-0.5256832242012024,4.344824695587157,8.582813262939453,8.582813262939453,3.0438118902327624,0.0,0.0,1,False,0.0,True,0,0.0,2.7755575615628914e-17,0.0,-2.6645352591003757e-15,1.7763568394002505e-15,833.0,0.0,0.0,27367,4,2022,2025,21.701300831207313,21.59963226408963,-0.10166857254858572,1.71940827704627,2.190497790801461,0.9308904193871399,2.188177102624373,-7.190282821655273,-3.043344283103943,-0.5256832242012024,4.344824695587157,8.582813262939453,8.582813262939453,833.0,0.0,0.0,3.0438118902327624,0.0,0.0,4,4,4,0.9925839633705118,False,True
A652,FORTE DE COPACABANA,RJ,SE,-22.98833333,-43.19027777,42.0,158316,19,2007,2025,24.032392806018198,23.741836171215386,-0.29055663801209664,1.4467415794272547,1.934490052231757,0.8409253176062608,1.9125510991975823,-11.655831336975098,-3.2661738991737366,-0.3691478669643402,3.0018191933631897,11.738767623901367,11.738767623901367,2.174764395260113,0.010106369539402209,0.0,1,False,0.028434798516772,True,0,0.0,0.0,2.220446049250313e-16,-4.04121180963557e-14,-7.549516567451064e-15,3443.0,16.0,0.0,158316,19,2007,2025,24.032392806018198,23.741836171215386,-0.29055663801209664,1.4467415794272545,1.9344900522317974,0.8409253176062683,1.9125510991975787,-11.655831336975098,-3.2661738991737366,-0.3691478669643402,3.0018191933631897,11.738767623901367,11.738767623901367,3443.0,16.0,0.0,2.174764395260113,0.010106369539402209,0.0,19,18,18,0.996689497716895,False,True
A657,AFONSO CLAUDIO,ES,SE,-20.10416666,-41.10694444,520.0,112331,15,2011,2025,22.976768655299253,21.127386682030206,-1.8493819751786214,2.050183238662619,2.5925070608065597,0.9211457895012766,1.816840266993689,-18.800537109375,-4.306199073791504,-1.7886714935302734,0.76240274310112,7.621582508087158,18.800537109375,2.7134094773481943,0.7006080244990252,0.0,1,False,0.0,True,0,0.0,0.0,0.0,-6.88338275267597e-14,1.6653345369377348e-15,3048.0,787.0,0.0,112331,15,2011,2025,22.976768655299253,21.127386682030206,-1.8493819751786214,2.050183238662619,2.5925070608066285,0.9211457895012749,1.8168402669936885,-18.800537109375,-4.306199073791504,-1.7886714935302734,0.76240274310112,7.621582508087158,18.800537109375,3048.0,787.0,0.0,2.7134094773481943,0.7006080244990252,0.0,15,14,10,0.9743150684931506,False,True
A659,SILVA JARDIM,RJ,SE,-22.64583333,-42.41555555,19.0,89749,11,2015,2025,23.879229850474914,23.30372060334926,-0.5755092485082776,1.9340322486747232,2.4743864302967786,0.9073526313680517,2.4065414687134825,-11.793017387390137,-4.692997550964355,-0.3557003140449524,3.171953439712524,8.791455268859863,11.793017387390137,4.3844499660163345,0.010027966885424908,0.0,1,False,0.0285063998209293,True,0,0.0,0.0,0.0,-3.375077994860476e-14,-2.55351295663786e-15,3935.0,9.0,0.0,89749,11,2015,2025,23.879229850474914,23.30372060334926,-0.5755092485082776,1.9340322486747232,2.4743864302968124,0.9073526313680542,2.4065414687134807,-11.793017387390137,-4.692997550964355,-0.3557003140449524,3.171953439712524,8.791455268859863,11.793017387390137,3935.0,9.0,0.0,4.3844499660163345,0.010027966885424908,0.0,11,11,11,0.9978310502283104,False,True
A667,SAQUAREMA - SAMPAIO CORREIA,RJ,SE,-22.8711111,-42.60888888,26.0,84527,11,2015,2025,24.085113627722734,23.300399657971337,-0.7847139742274196,1.775876547360598,2.4392850173539293,0.8637017560639414,2.3096316769889897,-16.037548065185547,-4.0666937828063965,-0.7961422204971313,2.46492371559143,17.287160873413086,17.287160873413086,4.08271913116519,0.621103316100181,0.0,1,False,0.0284594188955756,True,0,0.0,0.0,0.0,-1.4210854715202004e-14,-5.440092820663267e-15,3451.0,525.0,0.0,84527,11,2015,2025,24.085113627722734,23.300399657971337,-0.7847139742274196,1.775876547360598,2.4392850173539435,0.8637017560639468,2.3096316769889893,-16.037548065185547,-4.0666937828063965,-0.7961422204971313,2.46492371559143,17.287160873413086,17.287160873413086,3451.0,525.0,0.0,4.08271913116519,0.621103316100181,0.0,11,10,9,0.9788812785388128,False,True
A701,SAO PAULO - MIRANTE,SP,SE,-23.48333333,-46.61666666,792.06,169385,20,2006,2025,20.997297279839746,19.589056488862866,-1.408240792414552,1.6695024097063005,2.0146840426942947,0.9533843235662794,1.4407712925786869,-8.28125,-3.7187397956848143,-1.415639877319336,0.8988870859146096,12.042774200439453,12.042774200439453,1.0331493343566431,0.004132597337426573,0.0,1,False,1.4909814907111756,True,0,0.0,-2.220446049250313e-16,0.0,-2.842170943040401e-14,-8.992806499463768e-15,1750.0,7.0,0.0,169385,20,2006,2025,20.997297279839746,19.589056488862866,-1.4082407924145517,1.6695024097063005,2.014684042694323,0.9533843235662884,1.4407712925786826,-8.28125,-3.7187397956848143,-1.415639877319336,0.8988870859146096,12.042774200439453,12.042774200439453,1750.0,7.0,0.0,1.0331493343566431,0.004132597337426573,0.0,20,20,20,0.9964100356813136,False,True
A702,CAMPO GRANDE,MS,CO,-20.45,-54.6,530.0,202262,25,2001,2025,24.65711304693779,24.07858934719647,-0.5785237041882375,1.5141515360890327,1.9272504835440365,0.9326165600648081,1.8383746786607014,-10.71435546875,-3.2650827169418335,-0.7101070284843445,2.5978495478630057,13.686277389526367,13.686277389526367,1.333913439004855,0.031147719294776086,0.0,2,True,12.778846895826575,True,0,0.0,1.1102230246251565e-16,0.0,-2.353672812205332e-14,-5.662137425588298e-15,2698.0,63.0,0.0,202262,25,2001,2025,24.65711304693779,24.07858934719647,-0.5785237041882376,1.5141515360890327,1.92725048354406,0.9326165600648137,1.838374678660707,-10.71435546875,-3.2650827169418335,-0.7101070284843445,2.5978495478630057,13.686277389526367,13.686277389526367,2698.0,63.0,0.0,1.333913439004855,0.031147719294776086,0.0,25,23,21,0.997716894977169,True,True
A703,PONTA PORA,MS,CO,-22.5525,-55.71638888,675.0,186245,24,2001,2025,22.549739319574527,23.05151281971084,0.501773497781889,1.4151436952992915,1.8844791712480697,0.9499623472835862,1.816453362935316,-10.066162109375,-2.1513569831848143,0.362173855304718,3.5112729072570796,15.53984260559082,15.53984260559082,1.7595103224247632,0.08053907487449327,0.0,1,False,0.009376544263082,True,0,0.0,0.0,0.0,1.7541523789077473e-14,6.439293542825908e-15,3277.0,150.0,0.0,186245,24,2001,2025,22.549739319574527,23.05151281971084,0.501773497781889,1.4151436952992915,1.8844791712480522,0.9499623472835798,1.8164533629353214,-10.066162109375,-2.1513569831848143,0.362173855304718,3.5112729072570796,15.53984260559082,15.53984260559082,3277.0,150.0,0.0,1.7595103224247632,0.08053907487449327,0.0,25,22,21,0.985730593607306,False,True
A704,TRES LAGOAS,MS,CO,-20.78999999,-51.71222222,313.0,172213,25,2001,2025,25.85638540086948,25.21312608088564,-0.6432593255624899,1.5552036690175395,2.001746386351024,0.9415110999950832,1.8955808873172093,-14.984390258789062,-3.5486226081848145,-0.6707515716552734,2.360381269454955,18.912792205810547,18.912792205810547,1.5405341060198707,0.06619709313466463,0.0,1,False,0.7413364883189286,True,0,0.0,0.0,0.0,-2.531308496145357e-14,-3.4416913763379853e-15,2653.0,114.0,0.0,172213,25,2001,2025,25.85638540086948,25.21312608088564,-0.6432593255624899,1.5552036690175395,2.001746386351049,0.9415110999950866,1.8955808873172062,-14.984390258789062,-3.5486226081848145,-0.6707515716552734,2.360381269454955,18.912792205810547,18.912792205810547,2653.0,114.0,0.0,1.5405341060198707,0.06619709313466463,0.0,25,18,14,0.96324200913242,False,True
A705,BAURU,SP,SE,-22.35805555,-49.02888888,666.0,191318,25,2001,2025,22.51603455977516,23.024318451694928,0.508283891274292,1.3282999672767877,1.7710853906179045,0.9459317671161988,1.6965865706975007,-16.376611709594727,-2.1107491850852966,0.5021976232528687,3.168813824653625,17.292383193969727,17.292383193969727,1.3600393062858696,0.09826571467399826,0.0,1,False,0.0012838812990109,True,0,0.0,0.0,0.0,9.325873406851315e-15,-1.3322676295501878e-15,2602.0,188.0,0.0,191318,25,2001,2025,22.51603455977516,23.024318451694928,0.508283891274292,1.3282999672767877,1.7710853906178952,0.9459317671162001,1.696586570697499,-16.376611709594727,-2.1107491850852966,0.5021976232528687,3.168813824653625,17.292383193969727,17.292383193969727,2602.0,188.0,0.0,1.3600393062858696,0.09826571467399826,0.0,25,21,17,0.9876712328767124,False,True
A706,CAMPOS DO JORDAO,SP,SE,-22.75027777,-45.60388888,1642.0,167389,23,2002,2025,15.571892420657182,18.931949238983147,3.3600568205318306,3.430438463115145,3.8244324705554757,0.9254839151183925,1.8265601047283282,-18.159521102905273,0.4525453567504883,3.331543445587158,6.357725143432618,24.475927352905273,24.475927352905273,15.44784902233719,0.22761352299135545,0.0011948216429992413,1,False,0.0075133204713646,True,0,0.0,0.0,0.0,8.171241461241152e-14,-3.3306690738754696e-15,25858.0,381.0,2.0,167389,23,2002,2025,15.571892420657182,18.931949238983147,3.3600568205318306,3.430438463115145,3.824432470555394,0.9254839151183958,1.826560104728333,-18.159521102905273,0.4525453567504883,3.331543445587158,6.357725143432618,24.475927352905273,24.475927352905273,25858.0,381.0,2.0,15.44784902233719,0.22761352299135545,0.0011948216429992413,24,17,15,0.9711876512713028,False,True
A707,PRESIDENTE PRUDENTE,SP,SE,-22.11999999,-51.4,435.55,182903,23,2003,2025,24.471725448159713,24.23659611070001,-0.23512933949110656,1.3893568410442594,1.8025172911834073,0.9352362936444062,1.7871206563749291,-9.75576114654541,-3.0116647481918335,-0.2840816378593445,2.6663040161132807,16.611326217651367,16.611326217651367,1.122999622750857,0.03007058386139101,0.0,1,False,0.8898277258167326,True,0,0.0,-5.551115123125783e-17,-2.220446049250313e-16,3.375077994860476e-14,6.328271240363392e-15,2054.0,55.0,0.0,182903,23,2003,2025,24.471725448159713,24.23659611070001,-0.2351293394911065,1.3893568410442596,1.8025172911833736,0.9352362936443999,1.7871206563749265,-9.75576114654541,-3.0116647481918335,-0.2840816378593445,2.6663040161132807,16.611326217651367,16.611326217651367,2054.0,55.0,0.0,1.122999622750857,0.03007058386139101,0.0,23,21,20,0.9957762557077624,False,True
A708,FRANCA,SP,SE,-20.57999999,-47.37999999,1026.0,176188,24,2002,2025,22.267220809816553,22.143794804303347,-0.12342600512366894,1.2280243210143265,1.6632156819026243,0.9203334278853765,1.6586343901461813,-9.233691215515137,-2.7852022886276244,-0.1428707093000412,2.5684509754180898,12.722558975219727,12.722558975219727,1.1527459304833474,0.015324539696233569,0.0,1,False,0.5585348837112163,True,0,0.0,0.0,0.0,7.815970093361102e-14,5.10702591327572e-15,2031.0,27.0,0.0,176188,24,2002,2025,22.267220809816553,22.143794804303347,-0.12342600512366894,1.2280243210143265,1.663215681902546,0.9203334278853714,1.6586343901461829,-9.233691215515137,-2.7852022886276244,-0.1428707093000412,2.5684509754180898,12.722558975219727,12.722558975219727,2031.0,27.0,0.0,1.1527459304833474,0.015324539696233569,0.0,24,19,19,0.9946347031963472,False,True
A709,IVINHEMA,MS,CO,-22.30666666,-53.82722221,373.8,153506,21,2005,2025,24.71307570998472,24.652341031578406,-0.060734678658229735,1.3093313948159042,1.7314463069475237,0.9484365398470025,1.730386407227857,-10.902099609375,-2.4754635095596313,-0.23989315330982208,2.9061917662620544,14.54692268371582,14.54692268371582,1.3491329329146742,0.04560082342058291,0.0,1,False,0.8249152422990869,True,0,0.0,0.0,0.0,6.417089082333405e-14,-3.1086244689504383e-15,2071.0,70.0,0.0,153506,21,2005,2025,24.71307570998472,24.652341031578406,-0.060734678658229735,1.3093313948159042,1.7314463069474595,0.9484365398470056,1.7303864072278543,-10.902099609375,-2.4754635095596313,-0.23989315330982208,2.9061917662620544,14.54692268371582,14.54692268371582,2071.0,70.0,0.0,1.3491329329146742,0.04560082342058291,0.0,23,15,10,0.8848173515981735,False,True
A710,PARANAIBA,MS,CO,-19.69527777,-51.18138888,424.0,131699,20,2006,2025,25.28582524985186,25.03228703157347,-0.2535382212729534,1.374928005376189,1.7753268354535554,0.9498828737851033,1.7571360752234821,-10.556200981140137,-2.936137318611145,-0.3232906460762024,2.677132034301755,13.886326789855957,13.886326789855957,1.059992862512244,0.01974198741068649,0.0,1,False,0.0478669407554895,True,0,0.0,0.0,2.220446049250313e-16,8.126832540256146e-14,4.218847493575595e-15,1396.0,26.0,0.0,131699,20,2006,2025,25.28582524985186,25.03228703157347,-0.2535382212729534,1.3749280053761888,1.7753268354534741,0.9498828737850991,1.7571360752234781,-10.556200981140137,-2.936137318611145,-0.3232906460762024,2.677132034301755,13.886326789855957,13.886326789855957,1396.0,26.0,0.0,1.059992862512244,0.01974198741068649,0.0,20,13,11,0.9116910344221988,False,True
A711,SAO CARLOS,SP,SE,-21.97972221,-47.88333333,863.0,154054,20,2006,2025,21.744638893382874,22.02616351547515,0.2815246225085038,1.1473775972279157,1.5659449869360502,0.9492728285789502,1.540435974765347,-8.982519149780273,-2.0201192498207092,0.21074256300926208,2.8709475994110107,12.605371475219727,12.605371475219727,1.1067547742999209,0.019473691043400368,0.0,1,False,0.0930967055907842,True,0,0.0,0.0,0.0,1.6653345369377348e-14,-2.220446049250313e-16,1705.0,30.0,0.0,154054,20,2006,2025,21.744638893382874,22.02616351547515,0.2815246225085038,1.1473775972279157,1.5659449869360336,0.9492728285789505,1.5404359747653456,-8.982519149780273,-2.0201192498207092,0.21074256300926208,2.8709475994110107,12.605371475219727,12.605371475219727,1705.0,30.0,0.0,1.1067547742999209,0.019473691043400368,0.0,20,18,14,0.9981184657035208,False,True
A712,IGUAPE,SP,SE,-24.71666666,-47.55,2.66,153426,20,2006,2025,22.021817032821534,22.369629033227557,0.3478120008915156,1.7889354381203848,2.3242496459938344,0.8825646708904689,2.298085649128178,-12.516357421875,-3.262677311897278,0.2898319214582443,4.279526710510254,11.730908393859863,12.516357421875,3.8363771459856864,0.020205180347529102,0.0,1,False,5.022329499117271,True,0,0.0,5.551115123125783e-17,0.0,7.993605777301127e-14,-6.772360450213455e-15,5886.0,31.0,0.0,153426,20,2006,2025,22.021817032821534,22.369629033227557,0.34781200089151554,1.7889354381203848,2.3242496459937545,0.8825646708904756,2.2980856491281836,-12.516357421875,-3.262677311897278,0.2898319214582443,4.279526710510254,11.730908393859863,12.516357421875,5886.0,31.0,0.0,3.8363771459856864,0.020205180347529102,0.0,20,16,13,0.9528538812785388,True,True
A713,SOROCABA,SP,SE,-23.35,-47.66666666,609.0,152225,20,2006,2025,21.62361438579406,21.651362497420866,0.027748110772154392,1.1635831287100291,1.530295464398972,0.9559686860391357,1.5300488977762363,-8.067333221435547,-2.358045291900635,0.0040988922119140625,2.467500305175777,15.40424633026123,15.40424633026123,0.6753161438659878,0.017736902611266217,0.0,2,True,11.838608482795609,True,0,0.0,-1.3877787807814457e-17,2.220446049250313e-16,4.884981308350689e-15,-2.1094237467877974e-15,1028.0,27.0,0.0,152225,20,2006,2025,21.62361438579406,21.651362497420866,0.027748110772154406,1.163583128710029,1.530295464398967,0.9559686860391378,1.5300488977762423,-8.067333221435547,-2.358045291900635,0.0040988922119140625,2.467500305175777,15.40424633026123,15.40424633026123,1028.0,27.0,0.0,0.6753161438659878,0.017736902611266217,0.0,20,17,16,0.98162100456621,True,True
A714,ITAPEVA,SP,SE,-23.98138888,-48.88527777,745.0,161231,20,2006,2025,20.453507082938213,19.842404557031085,-0.6111025228458791,1.2151408254954295,1.6128481548226685,0.9562757169481773,1.4925972982750928,-12.226855278015137,-3.0848385095596313,-0.5505367517471313,1.6824954748153687,12.221631050109863,12.226855278015137,0.6456574728185027,0.007442737438830002,0.0,1,False,0.0836771740725405,True,0,0.0,1.1102230246251565e-16,0.0,3.086420008457935e-14,2.3314683517128287e-15,1041.0,12.0,0.0,161231,20,2006,2025,20.453507082938213,19.842404557031085,-0.6111025228458792,1.2151408254954295,1.6128481548226377,0.9562757169481749,1.4925972982750901,-12.226855278015137,-3.0848385095596313,-0.5505367517471313,1.6824954748153687,12.221631050109863,12.226855278015137,1041.0,12.0,0.0,0.6456574728185027,0.007442737438830002,0.0,20,19,15,0.9771457619863012,False,True
A715,SAO MIGUEL ARCANJO,SP,SE,-23.85138888,-48.16444444,678.0,144566,20,2006,2025,20.117993166233344,20.006747842014786,-0.11124532376726638,1.1669307379921285,1.5835464109137536,0.9547661389978257,1.5796395075510814,-8.55580997467041,-2.5755245089530945,-0.14614219963550568,2.5213748812675476,13.401951789855957,13.401951789855957,0.9130777637895495,0.009684158100798252,0.0,2,True,17.368885594999654,True,0,0.0,1.3877787807814457e-17,0.0,3.4638958368304884e-14,-2.7755575615628914e-15,1320.0,14.0,0.0,144566,20,2006,2025,20.117993166233344,20.006747842014786,-0.1112453237672664,1.1669307379921285,1.583546410913719,0.9547661389978285,1.5796395075510865,-8.55580997467041,-2.5755245089530945,-0.14614219963550568,2.5213748812675476,13.401951789855957,13.401951789855957,1320.0,14.0,0.0,0.9130777637895495,0.009684158100798252,0.0,20,12,12,0.9328388165281832,True,True
A716,OURINHOS,SP,SE,-22.9486111,-49.89416666,448.0,135191,18,2006,2025,22.84362124715506,22.77878515578453,-0.06483609114113083,1.4669393246064248,1.9822524499600673,0.9363865984519604,1.9811991547461008,-17.606792449951172,-3.0141353607177734,-0.09643516689538956,3.11554753780365,12.24492073059082,17.606792449951172,2.1014712517845124,0.1523770073451635,0.0,2,True,7.774573394647529,True,0,0.0,0.0,2.220446049250313e-16,2.1094237467877974e-14,4.107825191113079e-15,2841.0,206.0,0.0,135191,18,2006,2025,22.84362124715506,22.77878515578453,-0.06483609114113083,1.4669393246064246,1.9822524499600462,0.9363865984519563,1.9811991547460983,-17.606792449951172,-3.0141353607177734,-0.09643516689538956,3.11554753780365,12.24492073059082,17.606792449951172,2841.0,206.0,0.0,2.1014712517845124,0.1523770073451635,0.0,19,15,9,0.8886612021857924,True,True
A717,NHUMIRIM,MS,CO,-18.98888888,-56.62305554,91.0,125764,19,2006,2025,26.292461273964484,27.09135817226072,0.7988968953809932,1.8292375272093675,2.348783255061454,0.9395511976346291,2.208751982771376,-8.617968559265137,-2.4600454568862915,0.6440189182758331,4.674871015548701,13.96176815032959,13.96176815032959,4.131547978753856,0.023059063006901817,0.0,1,False,0.0425092678581039,True,0,0.0,0.0,0.0,3.3306690738754696e-14,1.7763568394002505e-15,5196.0,29.0,0.0,125764,19,2006,2025,26.292461273964484,27.09135817226072,0.7988968953809932,1.8292375272093675,2.3487832550614205,0.9395511976346274,2.2087519827713793,-8.617968559265137,-2.4600454568862915,0.6440189182758331,4.674871015548701,13.96176815032959,13.96176815032959,5196.0,29.0,0.0,4.131547978753856,0.023059063006901817,0.0,20,12,11,0.916400304414003,False,True
A718,RANCHARIA,SP,SE,-22.37249999,-50.97416666,398.0,152506,20,2006,2025,22.66452991674373,23.489666346967248,0.8251364268318029,2.169051325603993,2.854911996710661,0.9268033047862729,2.733079099830387,-9.025341033935547,-2.935229182243347,0.49646034836769104,6.1474491357803345,16.794139862060547,16.794139862060547,8.7485082554129,0.1776979266389519,0.0,1,False,0.0669647538007289,True,0,0.0,0.0,0.0,-3.9968028886505635e-14,-2.3314683517128287e-15,13342.0,271.0,0.0,152506,20,2006,2025,22.66452991674373,23.489666346967248,0.8251364268318029,2.169051325603993,2.854911996710701,0.9268033047862753,2.733079099830395,-9.025341033935547,-2.935229182243347,0.49646034836769104,6.1474491357803345,16.794139862060547,16.794139862060547,13342.0,271.0,0.0,8.7485082554129,0.1776979266389519,0.0,20,14,12,0.9765981735159815,False,True
A719,AQUIDAUANA,MS,CO,-20.47555554,-55.78388888,155.0,131608,20,2006,2025,26.162111720994037,25.65788415825249,-0.504227567441609,1.6278158793423414,2.0469994543629157,0.9467637340661932,1.9839332734052226,-9.593456268310547,-3.519511306285858,-0.588744729757309,2.819260895252228,11.67582893371582,11.67582893371582,1.6929062063096467,0.015956476809920368,0.0,1,False,0.0,True,0,0.0,0.0,0.0,-1.554312234475219e-14,1.5543122344752192e-15,2228.0,21.0,0.0,131608,20,2006,2025,26.162111720994037,25.65788415825249,-0.504227567441609,1.6278158793423414,2.0469994543629313,0.9467637340661916,1.9839332734052206,-9.593456268310547,-3.519511306285858,-0.588744729757309,2.819260895252228,11.67582893371582,11.67582893371582,2228.0,21.0,0.0,1.6929062063096467,0.015956476809920368,0.0,20,14,12,0.9735491990418444,False,True
A720,COXIM,MS,CO,-18.51222222,-54.73583333,252.0,154897,20,2006,2025,25.865798559421386,26.104358537189864,0.23855997411449023,1.64384729227618,2.087439046190975,0.940385186917555,2.0737691949792936,-9.8935546875,-2.99130859375,0.20659217238426208,3.7159964561462377,11.155176162719727,11.155176162719727,2.1414230101293117,0.01097503502327353,0.0,1,False,0.0292884565921721,True,0,0.0,0.0,2.220446049250313e-16,-6.439293542825908e-14,-6.106226635438361e-15,3317.0,17.0,0.0,154897,20,2006,2025,25.865798559421386,26.104358537189864,0.23855997411449023,1.6438472922761798,2.0874390461910393,0.9403851869175611,2.0737691949792936,-9.8935546875,-2.99130859375,0.20659217238426208,3.7159964561462377,11.155176162719727,11.155176162719727,3317.0,17.0,0.0,2.1414230101293117,0.01097503502327353,0.0,20,17,16,0.9769406392694064,False,True
A721,DOURADOS,MS,CO,-22.19388888,-54.91138888,469.0,137874,20,2006,2025,23.903715711159453,23.97496831138934,0.07125260008894654,1.4697635656327253,1.9363638828896133,0.9371905782778543,1.9350595113513587,-10.92236328125,-2.9107045888900753,-0.014147567562758923,3.283286452293395,13.651951789855957,13.651951789855957,1.892307469138489,0.050770993805938754,0.0,1,False,0.0049134164770102,True,0,0.0,0.0,0.0,-8.881784197001252e-15,8.881784197001252e-16,2609.0,70.0,0.0,137874,20,2006,2025,23.903715711159453,23.97496831138934,0.07125260008894654,1.4697635656327253,1.9363638828896221,0.9371905782778535,1.935059511351357,-10.92236328125,-2.9107045888900753,-0.014147567562758923,3.283286452293395,13.651951789855957,13.651951789855957,2609.0,70.0,0.0,1.892307469138489,0.050770993805938754,0.0,20,16,14,0.9790718491903088,False,True
A722,MIRANDA,MS,CO,-20.38333333,-56.41666666,140.0,135234,20,2006,2025,25.8383231961685,25.23604370540422,-0.6022794972698111,1.4160499086098544,1.8384156887257295,0.952948403276787,1.7369668855792821,-10.705370903015137,-3.2602095961570736,-0.6702388823032379,2.2902307748794555,13.02495002746582,13.02495002746582,1.3716964668648417,0.018486475294674416,0.0,1,False,2.07154877807186,True,0,0.0,-1.1102230246251565e-16,-2.220446049250313e-16,3.3306690738754696e-15,1.2212453270876722e-15,1855.0,25.0,0.0,135234,20,2006,2025,25.8383231961685,25.23604370540422,-0.602279497269811,1.4160499086098546,1.8384156887257261,0.9529484032767858,1.7369668855792877,-10.705370903015137,-3.2602095961570736,-0.6702388823032379,2.2902307748794555,13.02495002746582,13.02495002746582,1855.0,25.0,0.0,1.3716964668648417,0.018486475294674416,0.0,20,13,13,0.9679794520547944,False,True
A723,PORTO MURTINHO,MS,CO,-21.70583333,-57.88666666,85.0,134997,20,2006,2025,25.890714603707483,25.781089571209904,-0.10962503728029788,1.4554605665403173,1.8692767695546,0.9601402740134161,1.8660663940688957,-13.723583221435547,-2.9957613945007324,-0.1418941468000412,2.936713027954101,13.96489143371582,13.96489143371582,1.2874360170966763,0.030371045282487758,0.0,1,False,0.0126025421820552,True,0,0.0,0.0,-2.220446049250313e-16,1.9984014443252818e-14,2.7755575615628914e-15,1738.0,41.0,0.0,134997,20,2006,2025,25.890714603707483,25.781089571209904,-0.10962503728029788,1.4554605665403175,1.86927676955458,0.9601402740134133,1.8660663940688975,-13.723583221435547,-2.9957613945007324,-0.1418941468000412,2.936713027954101,13.96489143371582,13.96489143371582,1738.0,41.0,0.0,1.2874360170966763,0.030371045282487758,0.0,20,15,10,0.8973883087556453,False,True
A724,CORUMBA,MS,CO,-18.99666666,-57.63749999,126.0,141357,20,2006,2025,27.159701318695035,26.572521061714006,-0.5871802617888944,1.510004003481562,1.9378090752092818,0.9320203359036092,1.8467126137832626,-11.39404296875,-3.4823336601257324,-0.6490993499755859,2.4980222702026347,12.816160202026367,12.816160202026367,1.580395735619743,0.011318859341949815,0.0,1,False,0.0003713930565587,True,0,0.0,1.1102230246251565e-16,0.0,4.773959005888173e-14,-4.440892098500626e-16,2234.0,16.0,0.0,141357,20,2006,2025,27.159701318695035,26.572521061714006,-0.5871802617888945,1.510004003481562,1.937809075209234,0.9320203359036097,1.8467126137832646,-11.39404296875,-3.4823336601257324,-0.6490993499755859,2.4980222702026347,12.816160202026367,12.816160202026367,2234.0,16.0,0.0,1.580395735619743,0.011318859341949815,0.0,20,13,10,0.9283675799086758,False,True
A725,AVARE,SP,SE,-23.09972221,-48.94555555,775.0,137107,20,2006,2025,21.414078785772915,21.408853294769283,-0.0052254904481629635,1.212952516153877,1.5948136064268656,0.9501097966764582,1.59481086155293,-10.187938690185547,-2.484052324295044,-0.006396102719008923,2.5520429849624633,12.077588081359863,12.077588081359863,0.8540774723391219,0.012399075174863427,0.0,1,False,0.5033746133136823,True,0,0.0,0.0,0.0,-1.2212453270876722e-14,8.881784197001252e-16,1171.0,17.0,0.0,137107,20,2006,2025,21.414078785772915,21.408853294769283,-0.0052254904481629635,1.212952516153877,1.5948136064268779,0.9501097966764573,1.5948108615529257,-10.187938690185547,-2.484052324295044,-0.006396102719008923,2.5520429849624633,12.077588081359863,12.077588081359863,1171.0,17.0,0.0,0.8540774723391219,0.012399075174863427,0.0,20,13,11,0.9282370360323704,False,True
A726,PIRACICABA,SP,SE,-22.70277777,-47.62305554,573.0,143714,19,2006,2025,22.535476013944443,22.353851686911625,-0.18162432795717315,1.2618893697269415,1.6664880435661549,0.9523518518793866,1.6565669614628584,-9.482860565185547,-2.751416790485382,-0.20704154670238495,2.5276132941246034,13.179344177246094,13.179344177246094,0.9539780397177727,0.01809148725941801,0.0,1,False,0.0476529117013414,True,0,0.0,-2.7755575615628914e-17,-2.220446049250313e-16,-3.907985046680551e-14,-4.440892098500626e-15,1371.0,26.0,0.0,143714,19,2006,2025,22.535476013944443,22.353851686911625,-0.18162432795717312,1.2618893697269418,1.666488043566194,0.9523518518793911,1.6565669614628558,-9.482860565185547,-2.751416790485382,-0.20704154670238495,2.5276132941246034,13.179344177246094,13.179344177246094,1371.0,26.0,0.0,0.9539780397177727,0.01809148725941801,0.0,20,16,12,0.9366438356164384,False,True
A727,LINS,SP,SE,-21.66527777,-49.73416666,450.0,149302,20,2006,2025,24.190943183163526,23.693871572465405,-0.49707161637723857,1.3673883748573412,1.7451427059987537,0.9518127089658692,1.6728603098059662,-10.04995059967041,-3.051016962528229,-0.55827596783638,2.195010197162625,13.38945198059082,13.38945198059082,0.8553133916491407,0.014065451233071223,0.0,1,False,0.1110105961086904,True,0,0.0,0.0,0.0,-1.5765166949677223e-14,-1.099120794378905e-14,1277.0,21.0,0.0,149302,20,2006,2025,24.190943183163526,23.693871572465405,-0.49707161637723857,1.3673883748573412,1.7451427059987694,0.9518127089658802,1.6728603098059667,-10.04995059967041,-3.051016962528229,-0.55827596783638,2.195010197162625,13.38945198059082,13.38945198059082,1277.0,21.0,0.0,0.8553133916491407,0.014065451233071223,0.0,20,17,12,0.944406392694064,False,True
A728,TAUBATE,SP,SE,-23.04194444,-45.52027777,571.0,145545,20,2006,2025,21.702923491993086,20.02502378676175,-1.6778997075673092,2.014642152526979,2.39706793363129,0.9496955630183224,1.711901686778002,-10.394460678100586,-4.327382373809814,-1.764944076538086,1.2490531444549549,9.932324409484863,10.394460678100586,2.189700779827545,0.0006870727266481156,0.0,1,False,0.0653169615429502,True,0,0.0,0.0,0.0,8.260059303211165e-14,4.440892098500626e-15,3187.0,1.0,0.0,145545,20,2006,2025,21.702923491993086,20.02502378676175,-1.6778997075673092,2.014642152526979,2.3970679336312073,0.9496955630183179,1.7119016867780004,-10.394460678100586,-4.327382373809814,-1.764944076538086,1.2490531444549549,9.932324409484863,10.394460678100586,3187.0,1.0,0.0,2.189700779827545,0.0006870727266481156,0.0,20,17,10,0.9077054794520548,False,True
A729,VOTUPORANGA,SP,SE,-20.40305555,-49.96583333,465.0,114419,16,2006,2021,25.080983922203128,24.523122920971986,-0.5578610067325607,1.5303649931688041,1.9413072334070685,0.937427888386715,1.859434077746908,-10.000682830810547,-3.4277925491333003,-0.6219722628593445,2.5133336305618283,14.513816833496094,14.513816833496094,1.132679013100971,0.025345440879574195,0.0,1,False,0.042333838483257,True,0,0.0,0.0,0.0,1.4876988529977098e-14,1.7763568394002505e-15,1296.0,29.0,0.0,114419,16,2006,2021,25.080983922203128,24.523122920971986,-0.5578610067325607,1.5303649931688041,1.9413072334070536,0.9374278883867132,1.8594340777469076,-10.000682830810547,-3.4277925491333003,-0.6219722628593445,2.5133336305618283,14.513816833496094,14.513816833496094,1296.0,29.0,0.0,1.132679013100971,0.025345440879574195,0.0,16,14,11,0.9977739726027396,False,True
A730,CHAPADAO DO SUL,MS,CO,-18.80222222,-52.60277777,818.0,131192,20,2006,2025,23.621646897423098,23.455883856473648,-0.1657630429311614,1.3048647740342036,1.728507050913781,0.9284179005147976,1.720546948838231,-8.015429496765137,-2.58377001285553,-0.34435996413230896,2.8722122907638545,14.455418586730957,14.455418586730957,1.246265016159522,0.03734983840478078,0.0,1,False,0.0292384453331389,True,0,0.0,-2.7755575615628914e-17,-2.220446049250313e-16,-9.592326932761353e-14,3.3306690738754696e-15,1635.0,49.0,0.0,131192,20,2006,2025,23.621646897423098,23.455883856473648,-0.16576304293116137,1.3048647740342039,1.728507050913877,0.9284179005147942,1.720546948838234,-8.015429496765137,-2.58377001285553,-0.34435996413230896,2.8722122907638545,14.455418586730957,14.455418586730957,1635.0,49.0,0.0,1.246265016159522,0.03734983840478078,0.0,20,14,10,0.8959474885844749,False,True
A731,MARACAJU,MS,CO,-21.60916666,-55.17777777,400.0,131774,19,2006,2025,23.655583800598922,23.909512357763937,0.2539285553459963,1.7844926997467163,2.26638703250978,0.943298602208414,2.2521254318029538,-10.88916015625,-3.225951862335205,0.2074710875749588,4.0704642534255955,13.82084846496582,13.82084846496582,3.043088924977613,0.03946150226903638,0.0,1,False,0.0293581460072909,True,0,0.0,0.0,0.0,1.4832579608992091e-13,3.3306690738754696e-16,4010.0,52.0,0.0,131774,19,2006,2025,23.655583800598922,23.909512357763937,0.2539285553459963,1.7844926997467163,2.266387032509632,0.9432986022084137,2.252125431802947,-10.88916015625,-3.225951862335205,0.2074710875749588,4.0704642534255955,13.82084846496582,13.82084846496582,4010.0,52.0,0.0,3.043088924977613,0.03946150226903638,0.0,20,15,12,0.9393264840182648,False,True
A732,SAO GABRIEL DO OESTE,MS,CO,-19.42027777,-54.55305555,647.0,139234,20,2006,2025,23.952531708047637,24.431170754197264,0.47863904487769376,1.3502429575921335,1.7827583129402005,0.9429355636650495,1.7173098288739794,-9.576269149780273,-2.0953951239585877,0.3954349458217621,3.3536136150360107,12.310691833496094,12.310691833496094,1.4385854029906489,0.02729218438025195,0.0,1,False,0.0057991861115111,True,0,0.0,1.1102230246251565e-16,2.220446049250313e-16,-1.1834977442504169e-13,3.3306690738754696e-15,2003.0,38.0,0.0,139234,20,2006,2025,23.952531708047637,24.431170754197264,0.47863904487769365,1.3502429575921333,1.7827583129403188,0.9429355636650462,1.7173098288739739,-9.576269149780273,-2.0953951239585877,0.3954349458217621,3.3536136150360107,12.310691833496094,12.310691833496094,2003.0,38.0,0.0,1.4385854029906489,0.02729218438025195,0.0,20,14,10,0.9083702934351374,False,True
A733,JALES,SP,SE,-20.165,-50.59499999,457.0,140364,19,2007,2025,25.216680199367318,25.217073644176757,0.000393441246985599,1.3848105753402926,1.798646383235761,0.9349374049005043,1.7986527473173728,-8.81948184967041,-2.682710552215576,-0.10119590908288956,3.010056507587435,13.95991039276123,13.95991039276123,1.2788179305234961,0.03775896953634835,0.0,1,False,0.0142614155719118,True,0,0.0,0.0,0.0,-8.926193117986259e-14,2.6645352591003757e-15,1795.0,53.0,0.0,140364,19,2007,2025,25.216680199367318,25.217073644176757,0.000393441246985599,1.3848105753402926,1.7986463832358504,0.9349374049005016,1.798652747317372,-8.81948184967041,-2.682710552215576,-0.10119590908288956,3.010056507587435,13.95991039276123,13.95991039276123,1795.0,53.0,0.0,1.2788179305234961,0.03775896953634835,0.0,19,13,13,0.9409722222222222,False,True
A734,VALPARAISO,SP,SE,-21.31916666,-50.93027777,374.0,148039,19,2007,2025,24.76085288141802,24.72270988991083,-0.03814299356242763,1.5556839547132328,1.9471501297436358,0.9481257888226391,1.9467830749531667,-12.470409393310547,-2.9668569564819336,-0.0625484436750412,3.1403268814086913,14.296287536621094,14.296287536621094,1.2902005552590872,0.029046399935152224,0.0,1,False,0.0128092569394227,True,0,0.0,0.0,-2.220446049250313e-16,-3.1308289294429414e-14,9.992007221626409e-16,1910.0,43.0,0.0,148039,19,2007,2025,24.76085288141802,24.72270988991083,-0.03814299356242763,1.555683954713233,1.947150129743667,0.9481257888226381,1.9467830749531665,-12.470409393310547,-2.9668569564819336,-0.0625484436750412,3.1403268814086913,14.296287536621094,14.296287536621094,1910.0,43.0,0.0,1.2902005552590872,0.029046399935152224,0.0,19,17,14,0.9784246575342466,False,True
A735,JOSE BONIFACIO,SP,SE,-21.08555555,-49.92055554,405.0,126279,19,2007,2025,24.19169379033303,24.395790639564556,0.20409685038766892,1.4981966468161263,1.897311104229963,0.9510368981415566,1.8863091154119807,-10.943065643310547,-2.770019054412842,0.21928748488426208,3.2945550918579096,12.77582836151123,12.77582836151123,1.2163542631791509,0.022173124589203272,0.0,1,False,0.0288186184795342,True,0,0.0,0.0,0.0,-1.1968204205459188e-13,-7.771561172376096e-16,1536.0,28.0,0.0,126279,19,2007,2025,24.19169379033303,24.395790639564556,0.20409685038766892,1.4981966468161263,1.8973111042300828,0.9510368981415573,1.8863091154119802,-10.943065643310547,-2.770019054412842,0.21928748488426208,3.2945550918579096,12.77582836151123,12.77582836151123,1536.0,28.0,0.0,1.2163542631791509,0.022173124589203272,0.0,19,13,9,0.8915525114155252,False,True
A736,ARIRANHA,SP,SE,-21.13305554,-48.84027777,525.0,135653,19,2007,2025,23.86603687111278,23.85363816821975,-0.012398705277680723,1.6557654403206767,2.1269754298076835,0.9411806299128299,2.126947131501635,-11.461034774780273,-3.0952632427215576,-0.1784084290266037,3.9366409778594966,12.37895393371582,12.37895393371582,2.7046950675620884,0.01253197496553707,0.0,1,False,0.0288104336866639,True,0,0.0,0.0,-2.220446049250313e-16,5.3290705182007514e-14,-1.021405182655144e-14,3669.0,17.0,0.0,135653,19,2007,2025,23.86603687111278,23.85363816821975,-0.012398705277680723,1.655765440320677,2.12697542980763,0.9411806299128401,2.126947131501634,-11.461034774780273,-3.0952632427215576,-0.1784084290266037,3.9366409778594966,12.37895393371582,12.37895393371582,3669.0,17.0,0.0,2.7046950675620884,0.01253197496553707,0.0,19,16,11,0.953538812785388,False,True
A737,IBITINGA,SP,SE,-21.85555555,-48.66666666,492.0,142841,19,2007,2025,23.07103282385506,23.608536402298757,0.537503575541412,1.5903667194067723,1.975778212680957,0.9500543131252738,1.9012666195324026,-10.084081649780273,-2.506377696990967,0.5777347683906555,3.5335941314697266,15.294578552246094,15.294578552246094,1.1810334567806162,0.01610181950560413,0.0,1,False,13.73172716574877,True,0,0.0,0.0,2.220446049250313e-16,-4.218847493575595e-15,1.1102230246251565e-16,1687.0,23.0,0.0,142841,19,2007,2025,23.07103282385506,23.608536402298757,0.537503575541412,1.590366719406772,1.9757782126809613,0.9500543131252737,1.9012666195323988,-10.084081649780273,-2.506377696990967,0.5777347683906555,3.5335941314697266,15.294578552246094,15.294578552246094,1687.0,23.0,0.0,1.1810334567806162,0.01610181950560413,0.0,19,14,12,0.927054794520548,True,True
A738,CASA BRANCA,SP,SE,-21.77972221,-47.07972221,730.0,141597,18,2007,2025,22.75586629540415,22.121358696615964,-0.6345076000704861,1.4468559268792782,1.806113263363445,0.9406058718052241,1.6909953932353243,-10.096972465515137,-3.091747713088989,-0.7921382784843445,2.309873342514037,13.711669921875,13.711669921875,0.7952145878796868,0.015537052338679492,0.0,1,False,0.4681825639862474,True,0,0.0,0.0,0.0,-8.43769498715119e-14,4.773959005888173e-15,1126.0,22.0,0.0,141597,18,2007,2025,22.75586629540415,22.121358696615964,-0.6345076000704861,1.4468559268792782,1.8061132633635293,0.9406058718052194,1.69099539323533,-10.096972465515137,-3.091747713088989,-0.7921382784843445,2.309873342514037,13.711669921875,13.711669921875,1126.0,22.0,0.0,0.7952145878796868,0.015537052338679492,0.0,19,16,14,0.963157894736842,False,True
A739,ITAPIRA,SP,SE,-22.415,-46.80527777,633.0,134990,17,2008,2025,22.542717980798045,21.549655541498332,-0.9930624378809563,1.759789903824981,2.1516690038840096,0.9457931467821902,1.9088042036525885,-12.2861328125,-3.7502925395965576,-1.1409175395965576,2.362984621524808,11.330517768859863,12.2861328125,1.3371360841543818,0.0051855693014297355,0.0,1,False,0.0070475671038817,True,0,0.0,-2.220446049250313e-16,0.0,-2.220446049250313e-15,5.218048215738236e-15,1805.0,7.0,0.0,134990,17,2008,2025,22.542717980798045,21.549655541498332,-0.993062437880956,1.759789903824981,2.151669003884012,0.945793146782185,1.9088042036525918,-12.2861328125,-3.7502925395965576,-1.1409175395965576,2.362984621524808,11.330517768859863,12.2861328125,1805.0,7.0,0.0,1.3371360841543818,0.0051855693014297355,0.0,19,15,13,0.9511612021857924,False,True
A740,SAO LUIS DO PARAITINGA,SP,SE,-23.22833332,-45.41722221,730.0,141678,19,2007,2025,19.717819283531732,20.20673171634416,0.48891243602717116,1.349166792206863,1.7453865847934398,0.9493890084358343,1.6755174649462372,-13.283007621765137,-2.3228169679641724,0.5647464990615845,3.086187434196471,11.301513671875,13.283007621765137,0.9789805050890046,0.0183514730586259,0.0,1,False,0.0283840197352462,True,0,0.0,0.0,2.220446049250313e-16,2.220446049250313e-16,-3.6637359812630166e-15,1387.0,26.0,0.0,141678,19,2007,2025,19.717819283531732,20.20673171634416,0.48891243602717116,1.3491667922068629,1.7453865847934396,0.949389008435838,1.6755174649462419,-13.283007621765137,-2.3228169679641724,0.5647464990615845,3.086187434196471,11.301513671875,13.283007621765137,1387.0,26.0,0.0,0.9789805050890046,0.0183514730586259,0.0,19,16,12,0.9861872146118722,False,True
A741,BARRA BONITA,SP,SE,-22.37083332,-48.55722222,544.0,140246,18,2008,2025,23.162345447792973,22.725500276628193,-0.4368451738108447,1.3959036678836874,1.8222677042967996,0.9487406328710072,1.769137698735236,-11.073925018310547,-3.2958004474639893,-0.4157955199480057,2.4355159401893616,12.782422065734863,12.782422065734863,1.0830968441167663,0.011408525020321435,0.0,2,True,11.150432350360065,True,0,0.0,0.0,0.0,-5.906386491005833e-14,5.551115123125783e-16,1519.0,16.0,0.0,140246,18,2008,2025,23.162345447792973,22.725500276628193,-0.4368451738108447,1.3959036678836874,1.8222677042968587,0.9487406328710066,1.7691376987352392,-11.073925018310547,-3.2958004474639893,-0.4157955199480057,2.4355159401893616,12.782422065734863,12.782422065734863,1519.0,16.0,0.0,1.0830968441167663,0.011408525020321435,0.0,18,15,12,0.9976598173515984,True,True
A742,CASSILANDIA,MS,CO,-19.12249999,-51.72083332,516.0,132053,18,2008,2025,25.16588566271215,24.411277323869857,-0.7546083431948767,1.705363995254164,2.1235264354989996,0.9434530180852286,1.984933401112189,-10.59316349029541,-3.6638422966003414,-0.8483394384384155,2.6566758155822727,13.624656677246094,13.624656677246094,1.5811833127607855,0.01741724913481708,0.0,1,False,0.0111220101088011,True,0,0.0,0.0,0.0,8.881784197001252e-15,-3.6637359812630166e-15,2088.0,23.0,0.0,132053,18,2008,2025,25.16588566271215,24.411277323869857,-0.7546083431948767,1.705363995254164,2.1235264354989907,0.9434530180852323,1.9849334011121884,-10.59316349029541,-3.6638422966003414,-0.8483394384384155,2.6566758155822727,13.624656677246094,13.624656677246094,2088.0,23.0,0.0,1.5811833127607855,0.01741724913481708,0.0,18,14,11,0.92992941712204,False,True
A743,RIO BRILHANTE,MS,CO,-21.77472221,-54.52805554,329.0,151819,18,2008,2025,24.05072355647663,24.723156686815194,0.6724331276302806,1.619053362702852,2.0978960163968634,0.9511448656701471,1.9872159912543645,-9.82338809967041,-2.3073629856109616,0.5979007482528687,4.012925004959109,16.418455123901367,16.418455123901367,2.425256390833822,0.06586790849630152,0.0,1,False,0.0308877693873735,True,0,0.0,0.0,0.0,1.865174681370263e-14,3.885780586188048e-15,3682.0,100.0,0.0,151819,18,2008,2025,24.05072355647663,24.723156686815194,0.6724331276302806,1.619053362702852,2.0978960163968448,0.9511448656701432,1.987215991254364,-9.82338809967041,-2.3073629856109616,0.5979007482528687,4.012925004959109,16.418455123901367,16.418455123901367,3682.0,100.0,0.0,2.425256390833822,0.06586790849630152,0.0,18,18,18,0.9984612433565386,False,True
A744,BRAGANCA PAULISTA,SP,SE,-22.951944,-46.53055554,891.0,64856,9,2017,2025,21.039522944778053,20.25889039384432,-0.7806325495963503,1.8348296379642746,2.242425287993394,0.911715018152107,2.102177949805969,-10.70947265625,-3.6935306787490845,-1.0756343603134155,3.35972398519516,13.910886764526367,13.910886764526367,1.8024546688047367,0.023128160848649316,0.0,2,True,111.19819402231212,True,0,0.0,0.0,2.220446049250313e-16,-3.9968028886505635e-15,-2.886579864025407e-15,1169.0,15.0,0.0,64856,9,2017,2025,21.039522944778053,20.25889039384432,-0.7806325495963503,1.8348296379642743,2.242425287993398,0.9117150181521099,2.102177949805969,-10.70947265625,-3.6935306787490845,-1.0756343603134155,3.35972398519516,13.910886764526367,13.910886764526367,1169.0,15.0,0.0,1.8024546688047367,0.023128160848649316,0.0,9,8,6,0.967896174863388,True,True
A746,BARRA DO TURVO,SP,SE,-24.96305555,-48.41638888,667.0,119537,16,2008,2025,18.50606088512995,19.27665923933244,0.7705983543922874,1.404761507141226,1.8698122541773288,0.9469399196789902,1.703643249753557,-7.24453067779541,-1.8939058780670166,0.6858402490615845,3.8808695793151853,13.21259593963623,13.21259593963623,1.919907643658449,0.012548415971623848,0.0,1,False,0.0308877693873735,True,0,0.0,0.0,0.0,1.9095836023552692e-14,2.55351295663786e-15,2295.0,15.0,0.0,119537,16,2008,2025,18.50606088512995,19.27665923933244,0.7705983543922874,1.404761507141226,1.8698122541773097,0.9469399196789876,1.7036432497535623,-7.24453067779541,-1.8939058780670166,0.6858402490615845,3.8808695793151853,13.21259593963623,13.21259593963623,2295.0,15.0,0.0,1.919907643658449,0.012548415971623848,0.0,18,14,10,0.937214611872146,False,True
A747,PRADOPOLIS,SP,SE,-21.33833333,-48.11388888,544.0,153194,18,2008,2025,23.31263430367093,23.70346268618722,0.3908283792209695,1.6051344521624902,2.0455200297188316,0.9486625022125713,2.007842545080588,-11.534960746765137,-2.6096682071685793,0.2638919800519943,3.886767864227295,15.220603942871094,15.220603942871094,1.9804953196600388,0.017624711150567254,0.0,1,False,0.016433090980039,True,0,0.0,0.0,0.0,3.1086244689504383e-15,3.552713678800501e-15,3034.0,27.0,0.0,153194,18,2008,2025,23.31263430367093,23.70346268618722,0.3908283792209695,1.6051344521624902,2.0455200297188285,0.9486625022125678,2.007842545080594,-11.534960746765137,-2.6096682071685793,0.2638919800519943,3.886767864227295,15.220603942871094,15.220603942871094,3034.0,27.0,0.0,1.9804953196600388,0.017624711150567254,0.0,18,18,17,0.997716894977169,False,True
A748,BARRETOS,SP,SE,-20.55888888,-48.54472221,533.0,122592,16,2010,2025,23.87259772125096,24.526774218501885,0.6541764960022948,1.9198412615758251,2.3345961814147445,0.9442628487099041,2.2410786266981217,-15.123104095458984,-2.8421772837638857,0.7327609956264496,4.284414529800414,13.71357250213623,15.123104095458984,2.599680240146176,0.031812842599843384,0.0,1,False,0.04231374251146,True,0,0.0,0.0,0.0,-1.5987211554602254e-14,-9.992007221626409e-16,3187.0,39.0,0.0,122592,16,2010,2025,23.87259772125096,24.526774218501885,0.6541764960022948,1.9198412615758251,2.3345961814147604,0.9442628487099051,2.241078626698117,-15.123104095458984,-2.8421772837638857,0.7327609956264496,4.284414529800414,13.71357250213623,15.123104095458984,3187.0,39.0,0.0,2.599680240146176,0.031812842599843384,0.0,16,12,12,0.9986301369863012,False,True
A749,JUTI,MS,CO,-22.85722222,-54.60555555,379.0,124630,16,2008,2025,23.948059050600477,23.5025318403205,-0.4455272143535516,1.4462166089719057,1.8595451452651472,0.9543302671256352,1.8053918692297477,-11.137255668640137,-3.0825948119163513,-0.5618648529052734,2.543574547767635,16.070554733276367,16.070554733276367,1.376073176602744,0.03851400144427505,0.0,1,False,0.0081523052254331,True,0,0.0,0.0,-2.220446049250313e-16,7.438494264988549e-14,8.770761894538737e-15,1715.0,48.0,0.0,124630,16,2008,2025,23.948059050600477,23.5025318403205,-0.4455272143535516,1.446216608971906,1.8595451452650729,0.9543302671256264,1.805391869229756,-11.137255668640137,-3.0825948119163513,-0.5618648529052734,2.543574547767635,16.070554733276367,16.070554733276367,1715.0,48.0,0.0,1.376073176602744,0.03851400144427505,0.0,18,14,13,0.9985730593607306,False,True
A750,AMAMBAI,MS,CO,-23.0025,-55.32944443,431.0,130121,17,2008,2025,22.850009602312763,23.121967573006156,0.27195796668229105,1.6362762437220053,2.052274989326411,0.9532430153328332,2.0341836929342176,-11.484911918640137,-2.9882826805114746,0.3472171723842621,3.4610843658447266,15.228757858276367,15.228757858276367,1.6077343395762407,0.03688874201704567,0.0,1,False,0.0,True,0,0.0,0.0,0.0,3.064215547965432e-14,-6.661338147750939e-15,2092.0,48.0,0.0,130121,17,2008,2025,22.850009602312763,23.121967573006156,0.27195796668229105,1.6362762437220053,2.0522749893263805,0.9532430153328398,2.034183692934218,-11.484911918640137,-2.9882826805114746,0.3472171723842621,3.4610843658447266,15.228757858276367,15.228757858276367,2092.0,48.0,0.0,1.6077343395762407,0.03688874201704567,0.0,18,16,12,0.9547945205479452,False,True
A751,SETE QUEDAS,MS,CO,-23.96694443,-55.02416666,402.0,131954,18,2008,2025,22.97427664035932,22.634564226786537,-0.33971241515024503,1.439856007755365,1.8730936317864768,0.948855962433441,1.8420371719113344,-11.910009384155273,-3.1543483853340146,-0.3992183804512024,2.6582388281822147,13.68110179901123,13.68110179901123,1.4315594828500842,0.054564469436318715,0.0,1,False,0.0,True,0,0.0,0.0,2.220446049250313e-16,1.20570220474292e-13,4.440892098500626e-16,1889.0,72.0,0.0,131954,18,2008,2025,22.97427664035932,22.634564226786537,-0.33971241515024503,1.4398560077553648,1.8730936317863562,0.9488559624334405,1.842037171911336,-11.910009384155273,-3.1543483853340146,-0.3992183804512024,2.6582388281822147,13.68110179901123,13.68110179901123,1889.0,72.0,0.0,1.4315594828500842,0.054564469436318715,0.0,18,15,13,0.9640017877143104,False,True
A752,ITAQUIRAI,MS,CO,-23.44944444,-54.18166666,336.0,125083,16,2010,2025,23.825344763340173,23.435331784490327,-0.3900129863155377,1.3240132721664906,1.7293550824346184,0.9557277318600694,1.6848090589831506,-12.562450408935547,-2.87625937461853,-0.4722164273262024,2.3416837692260737,14.922752380371094,14.922752380371094,1.1040668995786798,0.04397080338655133,0.0,1,False,0.0283357765197232,True,0,0.0,0.0,0.0,3.26405569239796e-14,7.327471962526033e-15,1381.0,55.0,0.0,125083,16,2010,2025,23.825344763340173,23.435331784490327,-0.3900129863155377,1.3240132721664906,1.7293550824345858,0.9557277318600621,1.6848090589831506,-12.562450408935547,-2.87625937461853,-0.4722164273262024,2.3416837692260737,14.922752380371094,14.922752380371094,1381.0,55.0,0.0,1.1040668995786798,0.04397080338655133,0.0,18,13,9,0.9070617186915187,False,True
A753,ITUVERAVA,SP,SE,-20.35944444,-47.77499999,600.0,137100,18,2008,2025,23.534202767852925,23.819346288751287,0.2851435168202375,1.9514673332017942,2.362970038501582,0.9378800387932552,2.345711131319088,-10.384227752685547,-3.0443422913551332,0.18593788146972656,4.25568687915802,13.195554733276367,13.195554733276367,2.786287381473377,0.020423048869438368,0.0,1,False,0.042339438212266,True,0,0.0,0.0,0.0,-5.639932965095795e-14,-9.880984919163893e-15,3820.0,28.0,0.0,137100,18,2008,2025,23.534202767852925,23.819346288751287,0.2851435168202375,1.9514673332017942,2.3629700385016386,0.9378800387932651,2.3457111313190846,-10.384227752685547,-3.0443422913551332,0.18593788146972656,4.25568687915802,13.195554733276367,13.195554733276367,3820.0,28.0,0.0,2.786287381473377,0.020423048869438368,0.0,18,15,13,0.9922945205479452,False,True
A754,SIDROLANDIA,MS,CO,-20.98166666,-54.97194443,464.0,143703,18,2008,2025,24.45792293419464,24.367692035164495,-0.09023090311208042,1.431010370628793,1.8478816618848601,0.9469097895697514,1.8456838098480244,-8.524511337280273,-2.791625642776489,-0.25156211853027344,3.0785990953445426,14.17035961151123,14.17035961151123,1.2894650772774403,0.04314454117172223,0.0,1,False,0.0,True,0,0.0,0.0,0.0,5.129230373768223e-14,-4.440892098500626e-16,1853.0,62.0,0.0,143703,18,2008,2025,24.45792293419464,24.367692035164495,-0.09023090311208042,1.431010370628793,1.8478816618848088,0.9469097895697518,1.845683809848027,-8.524511337280273,-2.791625642776489,-0.25156211853027344,3.0785990953445426,14.17035961151123,14.17035961151123,1853.0,62.0,0.0,1.2894650772774403,0.04314454117172223,0.0,18,16,15,0.9970364860144224,False,True
A755,BARUERI,SP,SE,-23.52333332,-46.86916666,791.0,124582,15,2011,2025,20.552823039278802,19.967227240809528,-0.5855957993952877,1.2200838423743028,1.5716191675986826,0.9580041203029755,1.4584517274974484,-8.120800018310547,-2.818891179561615,-0.6274501979351044,1.8057059705257412,13.96660041809082,13.96660041809082,0.5153232409176286,0.012842946814146505,0.0,1,False,0.0683090066409578,True,0,0.0,-1.1102230246251565e-16,-2.220446049250313e-16,1.0880185641326534e-14,-2.886579864025407e-15,642.0,16.0,0.0,124582,15,2011,2025,20.552823039278802,19.967227240809528,-0.5855957993952876,1.220083842374303,1.5716191675986717,0.9580041203029784,1.4584517274974464,-8.120800018310547,-2.818891179561615,-0.6274501979351044,1.8057059705257412,13.96660041809082,13.96660041809082,642.0,16.0,0.0,0.5153232409176286,0.012842946814146505,0.0,15,15,13,0.997716894977169,False,True
A756,AGUA CLARA,MS,CO,-20.44444444,-52.87555554,338.0,129738,16,2010,2025,25.23562178561808,25.0413895865977,-0.19423220474457042,1.7731247983226452,2.2195192564254076,0.9479395093909248,2.2110127228635648,-10.618304252624512,-3.562277376651764,-0.2491939589381218,3.5125927686691285,13.91264533996582,13.91264533996582,2.1088655598205617,0.03930999398788328,0.0,1,False,0.0289421895520081,True,0,0.0,0.0,0.0,3.952393967665557e-14,6.772360450213455e-15,2736.0,51.0,0.0,129738,16,2010,2025,25.23562178561808,25.0413895865977,-0.19423220474457042,1.7731247983226452,2.219519256425368,0.947939509390918,2.211012722863564,-10.618304252624512,-3.562277376651764,-0.2491939589381218,3.5125927686691285,13.91264533996582,13.91264533996582,2736.0,51.0,0.0,2.1088655598205617,0.03930999398788328,0.0,16,15,13,0.9992009132420092,False,True
A757,BELA VISTA,MS,CO,-22.10083333,-56.53999999,208.0,79001,11,2011,2021,24.39072416176239,24.63904978455451,0.24832561617602897,1.7005029481019707,2.160426947847812,0.9493838256044923,2.1461214519075322,-17.678438186645508,-2.9901363849639893,0.18872109055519104,3.8951663970947266,14.88691234588623,17.678438186645508,2.443007050543664,0.03797420285819167,0.0,1,False,0.1263220833957708,True,0,0.0,5.551115123125783e-17,0.0,-1.2878587085651816e-14,-1.6653345369377348e-15,1930.0,30.0,0.0,79001,11,2011,2021,24.39072416176239,24.63904978455451,0.2483256161760289,1.7005029481019707,2.160426947847825,0.949383825604494,2.1461214519075416,-17.678438186645508,-2.9901363849639893,0.18872109055519104,3.8951663970947266,14.88691234588623,17.678438186645508,1930.0,30.0,0.0,2.443007050543664,0.03797420285819167,0.0,12,9,8,0.9811506062037474,False,True
A758,JARDIM,MS,CO,-21.47833332,-56.13694444,249.0,103210,15,2011,2025,25.57849045266778,25.19109640293904,-0.38739405331554844,1.4180311371040064,1.8256859429737395,0.9539197808961892,1.7841204697817883,-10.269969940185547,-3.070375669002533,-0.4598628878593445,2.6062494277954102,12.350976943969727,12.350976943969727,1.1936827826760972,0.02228466233892065,0.0,1,False,0.0915925745576081,True,0,0.0,0.0,4.440892098500626e-16,-5.773159728050814e-15,-2.6645352591003757e-15,1232.0,23.0,0.0,103210,15,2011,2025,25.57849045266778,25.19109640293904,-0.38739405331554844,1.418031137104006,1.8256859429737453,0.9539197808961919,1.7841204697817923,-10.269969940185547,-3.070375669002533,-0.4598628878593445,2.6062494277954102,12.350976943969727,12.350976943969727,1232.0,23.0,0.0,1.1936827826760972,0.02228466233892065,0.0,15,10,9,0.9665525114155252,False,True
A759,BATAGUASSU,MS,CO,-21.750123,-52.471294,392.13,92880,12,2013,2025,24.872716407094096,24.96299130584432,0.09027489753715265,1.2945746163311485,1.709674426705451,0.9451052514750928,1.7072985888154952,-16.052928924560547,-2.450400102138519,-0.00910606374964118,2.9157426118850718,13.20976448059082,16.052928924560547,1.1821705426356588,0.03337639965546942,0.0,1,False,0.1600935211280434,True,0,0.0,0.0,0.0,6.661338147750939e-15,-3.1086244689504383e-15,1098.0,31.0,0.0,92880,12,2013,2025,24.872716407094096,24.96299130584432,0.09027489753715265,1.2945746163311485,1.7096744267054442,0.9451052514750959,1.7072985888155015,-16.052928924560547,-2.450400102138519,-0.00910606374964118,2.9157426118850718,13.20976448059082,16.052928924560547,1098.0,31.0,0.0,1.1821705426356588,0.03337639965546942,0.0,13,10,10,0.9544520547945206,False,True
A760,COSTA RICA,MS,CO,-18.65777777,-53.219305545,728.6700000000001,108804,14,2012,2025,24.217579317348836,24.165534758794827,-0.05204455817219382,1.3946643021748917,1.7961822146123092,0.9395309407968081,1.7954363089688419,-8.2802734375,-2.7326069593429563,-0.08112754672765732,2.8961042761802647,12.77329158782959,12.77329158782959,1.2067571045182164,0.02389618028748943,0.0,2,True,19.04531000762305,True,0,0.0,0.0,0.0,4.5075054799781356e-14,-8.881784197001252e-16,1313.0,26.0,0.0,108804,14,2012,2025,24.217579317348836,24.165534758794827,-0.05204455817219382,1.3946643021748917,1.7961822146122641,0.939530940796809,1.7954363089688448,-8.2802734375,-2.7326069593429563,-0.08112754672765732,2.8961042761802647,12.77329158782959,12.77329158782959,1313.0,26.0,0.0,1.2067571045182164,0.02389618028748943,0.0,14,12,12,0.997659817351598,True,True
A761,SONORA,MS,CO,-17.765833325,-54.607083329999995,490.625,101398,13,2012,2025,25.47919879856165,26.085208739968017,0.6060099391346532,1.5023639550206287,2.0079915235695833,0.9215162561514552,1.9143714517564732,-10.785253524780273,-2.2869557619094847,0.5231433808803558,3.837945246696472,13.49057674407959,13.49057674407959,2.461587013550563,0.06509004122369277,0.0,2,True,21.79568672133029,True,0,0.0,0.0,-4.440892098500626e-16,5.0182080713057076e-14,5.10702591327572e-15,2496.0,66.0,0.0,101398,13,2012,2025,25.47919879856165,26.085208739968017,0.6060099391346532,1.5023639550206291,2.007991523569533,0.92151625615145,1.914371451756478,-10.785253524780273,-2.2869557619094847,0.5231433808803558,3.837945246696472,13.49057674407959,13.49057674407959,2496.0,66.0,0.0,2.461587013550563,0.06509004122369277,0.0,14,13,10,0.9764269406392694,True,True
A762,DRACENA,SP,SE,-21.45777777,-51.55222222,383.0,70914,10,2016,2025,25.21447104384062,25.409934894497376,0.1954638450097308,1.3081668067689298,1.7225717737464665,0.9458126343780286,1.7114580642842874,-9.526611328125,-2.4153829216957092,0.1378910094499588,3.003015613555906,14.131688117980957,14.131688117980957,1.1379981385904052,0.04089460473249288,0.0,1,False,0.0093559456069696,True,0,0.0,0.0,0.0,0.0,2.7755575615628914e-15,807.0,29.0,0.0,70914,10,2016,2025,25.21447104384062,25.409934894497376,0.1954638450097308,1.3081668067689298,1.7225717737464665,0.9458126343780259,1.7114580642842963,-9.526611328125,-2.4153829216957092,0.1378910094499588,3.003015613555906,14.131688117980957,14.131688117980957,807.0,29.0,0.0,1.1379981385904052,0.04089460473249288,0.0,10,7,6,0.9442970745298352,False,True
A763,MARILIA,SP,SE,-22.235222,-49.965111,660.0,74194,9,2017,2025,23.397154753695382,23.45409446046446,0.056939704123181285,1.3803072752981287,1.8622464822988793,0.9294523372413198,1.8613883339249266,-8.31640625,-3.2482308506965634,0.16479530930519104,2.787051117420193,13.235936164855957,13.235936164855957,1.9341186618864061,0.04313017225112543,0.0,1,False,0.0129993635292447,True,0,0.0,1.3877787807814457e-17,0.0,3.552713678800501e-15,-2.886579864025407e-15,1435.0,32.0,0.0,74194,9,2017,2025,23.397154753695382,23.45409446046446,0.05693970412318127,1.3803072752981287,1.8622464822988758,0.9294523372413227,1.8613883339249282,-8.31640625,-3.2482308506965634,0.16479530930519104,2.787051117420193,13.235936164855957,13.235936164855957,1435.0,32.0,0.0,1.9341186618864061,0.04313017225112543,0.0,9,9,8,0.9984018264840184,False,True
A764,BEBDOURO,SP,SE,-20.94916666,-48.48972221,590.0,57113,9,2016,2025,24.498156282970353,24.235446065967466,-0.26271022072319294,1.624033412492883,2.1102822716842264,0.9380983841902001,2.0938842786485816,-8.29995059967041,-3.275370740890503,-0.4362300932407379,3.6421097755432075,11.88388729095459,11.88388729095459,2.7104161924605608,0.01926006338311768,0.0,1,False,1.907833928995696,True,0,0.0,5.551115123125783e-17,0.0,-7.549516567451064e-15,-2.6645352591003757e-15,1548.0,11.0,0.0,57113,9,2016,2025,24.498156282970353,24.235446065967466,-0.262710220723193,1.624033412492883,2.110282271684234,0.9380983841902027,2.0938842786485834,-8.29995059967041,-3.275370740890503,-0.4362300932407379,3.6421097755432075,11.88388729095459,11.88388729095459,1548.0,11.0,0.0,2.7104161924605608,0.01926006338311768,0.0,9,7,6,0.9268264840182648,False,True
A765,BERTIOGA,SP,SE,-23.84472221,-46.14333333,5.0,62119,9,2017,2025,23.276482233792905,20.406642006462164,-2.869840229435572,3.068422492689096,3.4452762258913836,0.8961602989875761,1.906306331859406,-12.856527328491211,-5.6294200897216795,-2.9639644622802734,0.30746131241321506,11.010398864746094,12.856527328491211,9.845618892770327,0.2559603341972665,0.0,1,False,0.0418591683146367,True,0,0.0,0.0,0.0,-2.220446049250313e-15,2.7755575615628914e-15,6116.0,159.0,0.0,62119,9,2017,2025,23.276482233792905,20.406642006462164,-2.869840229435572,3.068422492689096,3.445276225891386,0.8961602989875733,1.9063063318594091,-12.856527328491211,-5.6294200897216795,-2.9639644622802734,0.30746131241321506,11.010398864746094,12.856527328491211,6116.0,159.0,0.0,9.845618892770327,0.2559603341972665,0.0,9,7,6,0.9613273453093812,False,True
A766,REGISTRO,SP,SE,-24.53305554,-47.86416666,35.0,51346,9,2017,2025,22.60969111936398,22.545096822788498,-0.06459429244540854,1.11504621918072,1.4775676985047235,0.9566003993589179,1.476169475404098,-7.208544731140137,-2.4679073691368103,-0.032593345269560814,2.2283206582069397,13.41083812713623,13.41083812713623,0.539477271842013,0.013632999649437153,0.0,1,False,0.0096929607150481,True,0,0.0,1.3877787807814457e-17,0.0,-9.992007221626409e-15,-1.1102230246251565e-16,277.0,7.0,0.0,51346,9,2017,2025,22.60969111936398,22.545096822788498,-0.06459429244540855,1.11504621918072,1.4775676985047335,0.956600399358918,1.476169475404099,-7.208544731140137,-2.4679073691368103,-0.032593345269560814,2.2283206582069397,13.41083812713623,13.41083812713623,277.0,7.0,0.0,0.539477271842013,0.013632999649437153,0.0,9,6,4,0.816324200913242,False,True
A767,SAO SEBASTIAO,SP,SE,-23.81083333,-45.4025,24.0,24431,5,2017,2021,24.627174494079238,22.38886206328935,-2.2383124280247166,2.337837067967883,2.770704894522186,0.8938756678063816,1.6330561063343991,-9.892772674560547,-5.189867734909058,-2.1529293060302734,0.26049841940402985,6.249170303344727,9.892772674560547,6.021038844091523,0.0,0.0,1,False,0.0127028329690204,True,0,0.0,0.0,0.0,-1.3322676295501878e-14,8.881784197001252e-16,1471.0,0.0,0.0,24431,5,2017,2021,24.627174494079238,22.38886206328935,-2.2383124280247166,2.337837067967883,2.7707048945221993,0.8938756678063807,1.633056106334398,-9.892772674560547,-5.189867734909058,-2.1529293060302734,0.26049841940402985,6.249170303344727,9.892772674560547,1471.0,0.0,0.0,6.021038844091523,0.0,0.0,5,3,3,0.9178921568627452,False,True
A768,TUPA,SP,SE,-21.927251,-50.490251,498.0,72508,9,2017,2025,24.621325921563823,24.14733681567237,-0.4739891070780469,1.41932500400164,1.9211829705904198,0.9369181610643594,1.861807223903121,-12.093505859375,-3.5724096059799195,-0.4105861634016037,2.330588805675503,13.476560592651367,13.476560592651367,2.234236222209963,0.039995586693882056,0.0,1,False,0.004227699547604,True,0,0.0,0.0,0.0,2.4646951146678475e-14,-2.220446049250313e-16,1620.0,29.0,0.0,72508,9,2017,2025,24.621325921563823,24.14733681567237,-0.4739891070780469,1.41932500400164,1.9211829705903951,0.9369181610643597,1.8618072239031216,-12.093505859375,-3.5724096059799195,-0.4105861634016037,2.330588805675503,13.476560592651367,13.476560592651367,1620.0,29.0,0.0,2.234236222209963,0.039995586693882056,0.0,9,9,8,0.9584474885844748,False,True
A769,CACHOEIRA PAULISTA,SP,SE,-22.68888888,-45.00555555,586.0,56128,8,2017,2025,22.441781283988103,20.629457177906517,-1.812324107379618,2.1111426945189256,2.5001476953032604,0.9460887075706835,1.7222870482296013,-11.935796737670898,-4.4776828527450565,-1.8700191378593445,1.1471464097499828,10.08530330657959,11.935796737670898,2.4836088939566703,0.008908209806157355,0.0,1,False,0.0169231793763077,True,0,0.0,0.0,0.0,6.88338275267597e-14,-4.551914400963142e-15,1394.0,5.0,0.0,56128,8,2017,2025,22.441781283988103,20.629457177906517,-1.812324107379618,2.1111426945189256,2.5001476953031916,0.9460887075706881,1.7222870482296027,-11.935796737670898,-4.4776828527450565,-1.8700191378593445,1.1471464097499828,10.08530330657959,11.935796737670898,1394.0,5.0,0.0,2.4836088939566703,0.008908209806157355,0.0,9,7,5,0.9627732240437158,False,True
A770,SAO SIMAO,SP,SE,-21.46111111,-47.57944443,620.0,55902,7,2019,2025,23.898982145424533,22.89179518819815,-1.0071869589256495,1.6449063856337245,2.0223604296660107,0.9487435952357839,1.7537306390784413,-8.201122283935547,-3.5721554279327394,-1.1457515358924866,2.0077103376388545,10.04184627532959,10.04184627532959,1.119816822296161,0.0017888447640513757,0.0,1,False,0.0,True,0,0.0,0.0,2.220446049250313e-16,6.483702463810914e-14,-2.886579864025407e-15,626.0,1.0,0.0,55902,7,2019,2025,23.898982145424533,22.89179518819815,-1.0071869589256495,1.6449063856337243,2.022360429665946,0.9487435952357868,1.7537306390784375,-8.201122283935547,-3.5721554279327394,-1.1457515358924866,2.0077103376388545,10.04184627532959,10.04184627532959,626.0,1.0,0.0,1.119816822296161,0.0017888447640513757,0.0,7,7,7,0.9853881278538812,False,True
A771,SAO PAULO - INTERLAGOS,SP,SE,-23.724501,-46.677501,771.0,67171,8,2018,2025,20.086689199772845,19.33945079995441,-0.7472383964388535,1.2259094976342948,1.5913576137607501,0.9558692554515941,1.405020719663225,-8.2490234375,-3.0334713459014893,-0.7364742159843445,1.5283694863319397,10.967041015625,10.967041015625,0.5552991618406753,0.007443688496523797,0.0,1,False,0.0615772334942779,True,0,0.0,0.0,0.0,-4.440892098500626e-15,-5.773159728050814e-15,373.0,5.0,0.0,67171,8,2018,2025,20.086689199772845,19.33945079995441,-0.7472383964388535,1.2259094976342948,1.5913576137607546,0.9558692554515998,1.4050207196632298,-8.2490234375,-3.0334713459014893,-0.7364742159843445,1.5283694863319397,10.967041015625,10.967041015625,373.0,5.0,0.0,0.5552991618406753,0.007443688496523797,0.0,8,8,7,0.9981164383561644,False,True
A801,PORTO ALEGRE,RS,S,-30.05,-51.16666666,46.97,214352,26,2000,2025,20.512951591577316,19.97919564633825,-0.533755947200976,1.160193328876629,1.510773136013303,0.9703344204944155,1.413346870496303,-8.042284965515137,-2.6698897600173948,-0.5719188749790192,1.754366731643676,13.15385627746582,13.15385627746582,0.5127080689706651,0.01586176009554378,0.0,1,False,0.8731341190293443,True,0,0.0,0.0,2.220446049250313e-16,5.440092820663267e-14,1.887379141862766e-15,1099.0,34.0,0.0,214352,26,2000,2025,20.512951591577316,19.97919564633825,-0.533755947200976,1.1601933288766288,1.5107731360132486,0.9703344204944137,1.4133468704963057,-8.042284965515137,-2.6698897600173948,-0.5719188749790192,1.754366731643676,13.15385627746582,13.15385627746582,1099.0,34.0,0.0,0.5127080689706651,0.01586176009554378,0.0,26,26,22,0.989783105022831,False,True
A802,RIO GRANDE,RS,S,-32.03333333,-52.1,2.46,189047,25,2001,2025,19.03586780038075,18.858855523161985,-0.17701227701837455,1.7665475684810128,2.330044987812474,0.911132392752247,2.3233176390084327,-12.022021293640137,-3.9147651910781858,-0.06618919223546982,3.8542825698852528,11.024707794189453,12.022021293640137,4.076763979327892,0.022216697435029385,0.0,2,True,8.152257012951972,True,0,0.0,0.0,2.220446049250313e-16,9.769962616701378e-14,-3.1086244689504383e-15,7707.0,42.0,0.0,189047,25,2001,2025,19.03586780038075,18.858855523161985,-0.17701227701837455,1.7665475684810126,2.3300449878123763,0.9111323927522501,2.323317639008432,-12.022021293640137,-3.9147651910781858,-0.06618919223546982,3.8542825698852528,11.024707794189453,12.022021293640137,7707.0,42.0,0.0,4.076763979327892,0.022216697435029385,0.0,25,22,15,0.9404109589041096,True,True
A803,SANTA MARIA,RS,S,-29.70833333,-53.70361111,95.0,202920,25,2001,2025,19.886977628329113,19.316866983735892,-0.5701106428727502,1.3736531777756174,1.8400797479838298,0.9637026494415486,1.7495377726722718,-11.867324829101562,-3.2792013287544246,-0.5864422023296356,2.2444376945495597,15.40595531463623,15.40595531463623,1.8618174650108417,0.03301793810368618,0.0,1,False,2.472281743512315,True,0,0.0,0.0,0.0,-1.1612932837579137e-13,-9.2148511043888e-15,3778.0,67.0,0.0,202920,25,2001,2025,19.886977628329113,19.316866983735892,-0.5701106428727502,1.3736531777756174,1.840079747983946,0.9637026494415578,1.7495377726722736,-11.867324829101562,-3.2792013287544246,-0.5864422023296356,2.2444376945495597,15.40595531463623,15.40595531463623,3778.0,67.0,0.0,1.8618174650108417,0.03301793810368618,0.0,25,25,23,0.9823542805100182,False,True
A804,SANTANA DO LIVRAMENTO,RS,S,-30.84249999,-55.61277777,196.0,165874,23,2001,2025,18.44035954997751,18.699114728388444,0.2587551783081169,1.256897639467821,1.674033857641998,0.9681736806396621,1.653920072244217,-10.604198455810547,-2.1947564363479617,0.18193396925926208,2.9702402472496034,16.087549209594727,16.087549209594727,1.1611222976476119,0.0494351133993272,0.0,1,False,22.631809085923873,True,0,0.0,0.0,0.0,4.8405723873656825e-14,7.771561172376096e-16,1926.0,82.0,0.0,165874,23,2001,2025,18.44035954997751,18.699114728388444,0.2587551783081169,1.256897639467821,1.6740338576419496,0.9681736806396614,1.653920072244217,-10.604198455810547,-2.1947564363479617,0.18193396925926208,2.9702402472496034,16.087549209594727,16.087549209594727,1926.0,82.0,0.0,1.1611222976476119,0.0494351133993272,0.0,25,17,13,0.9133561643835616,True,True
A805,SANTO AUGUSTO,RS,S,-27.85416666,-53.7911111,490.0,183763,25,2001,2025,20.04363827257459,19.79234285414674,-0.2512954189763961,1.3104991383185902,1.7234264121675278,0.9620357731438163,1.705011739021632,-9.048290252685547,-2.8675289154052734,-0.2963375151157379,2.5072811841964695,17.558252334594727,17.558252334594727,1.0660470279653684,0.029385676115431292,0.0,1,False,0.0308877693873735,True,0,0.0,0.0,0.0,-4.39648317751562e-14,-7.66053886991358e-15,1959.0,54.0,0.0,183763,25,2001,2025,20.04363827257459,19.79234285414674,-0.2512954189763961,1.3104991383185902,1.7234264121675718,0.9620357731438239,1.7050117390216322,-9.048290252685547,-2.8675289154052734,-0.2963375151157379,2.5072811841964695,17.558252334594727,17.558252334594727,1959.0,54.0,0.0,1.0660470279653684,0.029385676115431292,0.0,25,21,18,0.957648401826484,False,True
A806,FLORIANOPOLIS,SC,S,-27.6025,-48.61999999,1.8,181661,23,2003,2025,21.660394913184508,20.946083243506745,-0.7143116677572443,1.2359289139663228,1.5263836184994817,0.9528778405310226,1.348931358029709,-8.939647674560547,-2.805175304412842,-0.7979000210762024,1.5735843181610107,7.086182117462158,8.939647674560547,0.21908940278871086,0.0,0.0,1,False,0.010031635237006,True,0,0.0,0.0,0.0,4.9960036108132044e-14,-5.551115123125783e-15,398.0,0.0,0.0,181661,23,2003,2025,21.660394913184508,20.946083243506745,-0.7143116677572443,1.2359289139663228,1.5263836184994317,0.9528778405310282,1.3489313580297058,-8.939647674560547,-2.805175304412842,-0.7979000210762024,1.5735843181610107,7.086182117462158,8.939647674560547,398.0,0.0,0.0,0.21908940278871086,0.0,0.0,23,19,17,0.9964708561020036,False,True
A807,CURITIBA,PR,S,-25.43333333,-49.26666666,923.5,167419,22,2003,2025,18.829098847837777,17.632512235777845,-1.1965866119390414,1.5308187105328868,1.9441174468825446,0.9541640951995727,1.5322490498684875,-8.136913299560547,-3.7874263286590577,-1.0776851177215576,1.150117611885072,10.48789119720459,10.48789119720459,1.1605612266230236,0.00238921508311482,0.0,1,False,4.0042286881705875,True,0,0.0,0.0,0.0,2.398081733190338e-14,3.9968028886505635e-15,1943.0,4.0,0.0,167419,22,2003,2025,18.829098847837777,17.632512235777845,-1.1965866119390414,1.5308187105328868,1.9441174468825206,0.9541640951995687,1.532249049868489,-8.136913299560547,-3.7874263286590577,-1.0776851177215576,1.150117611885072,10.48789119720459,10.48789119720459,1943.0,4.0,0.0,1.1605612266230236,0.00238921508311482,0.0,23,16,15,0.9593607305936072,False,True
A808,TORRES,RS,S,-29.35027777,-49.73305554,4.66,144544,18,2006,2023,19.888191831240235,19.123404580910886,-0.7647872501456772,1.3435647232721717,1.732172862500244,0.9400804979501906,1.5542007589266849,-10.83443546295166,-3.336564600467682,-0.7426265478134155,1.7443160116672543,8.785449981689453,10.83443546295166,0.8108257693159177,0.004150985167146336,0.0,1,False,0.0269239690057973,True,0,0.0,0.0,0.0,-3.241851231905457e-14,-8.326672684688674e-15,1172.0,6.0,0.0,144544,18,2006,2023,19.888191831240235,19.123404580910886,-0.7647872501456772,1.3435647232721717,1.7321728625002764,0.9400804979501989,1.5542007589266884,-10.83443546295166,-3.336564600467682,-0.7426265478134155,1.7443160116672543,8.785449981689453,10.83443546295166,1172.0,6.0,0.0,0.8108257693159177,0.004150985167146336,0.0,18,17,13,0.983899677408372,False,True
A809,URUGUAIANA,RS,S,-29.84249999,-57.08249999,62.31,158643,20,2006,2025,20.69898955400066,20.50617459411903,-0.19281496110296728,1.2519634494012337,1.6323008330904354,0.9720495752564985,1.620877836611814,-9.20107364654541,-2.5485299825668335,-0.2598140835762024,2.429414534568785,14.939598083496094,14.939598083496094,0.8982432253550424,0.04475457473698808,0.0,1,False,0.2981315074283595,True,0,0.0,0.0,0.0,1.0547118733938987e-13,-6.328271240363392e-15,1425.0,71.0,0.0,158643,20,2006,2025,20.69898955400066,20.50617459411903,-0.19281496110296728,1.2519634494012337,1.63230083309033,0.9720495752565048,1.6208778366118168,-9.20107364654541,-2.5485299825668335,-0.2598140835762024,2.429414534568785,14.939598083496094,14.939598083496094,1425.0,71.0,0.0,0.8982432253550424,0.04475457473698808,0.0,20,18,18,0.9885844748858448,False,True
A810,SANTA ROSA,RS,S,-27.89305555,-54.48055554,276.0,141822,20,2006,2025,21.053683489018816,20.706948943209436,-0.3467345473906982,1.4323184688707036,1.8443973076455464,0.964553055546745,1.811518622857203,-10.552099227905273,-3.1991648435592652,-0.33676719665527344,2.5852346658706593,15.760984420776367,15.760984420776367,0.9963193298641959,0.026089041192480716,0.0,1,False,0.2931504509495591,True,0,0.0,5.551115123125783e-17,0.0,2.7533531010703882e-14,-5.218048215738236e-15,1413.0,37.0,0.0,141822,20,2006,2025,21.053683489018816,20.706948943209436,-0.34673454739069826,1.4323184688707036,1.844397307645519,0.9645530555467502,1.8115186228572093,-10.552099227905273,-3.1991648435592652,-0.33676719665527344,2.5852346658706593,15.760984420776367,15.760984420776367,1413.0,37.0,0.0,0.9963193298641959,0.026089041192480716,0.0,20,16,11,0.9266936147915265,False,True
A811,CANGUCU,RS,S,-31.40583333,-52.70111111,462.0,155180,19,2007,2025,17.17444967406015,17.593856025916264,0.4194063546824538,1.279604069225593,1.6559677823957855,0.9622453073370644,1.6019813181927853,-9.247653007507324,-2.2475506782531736,0.5098636746406555,2.8123245120048477,14.95405101776123,14.95405101776123,0.9311766980280964,0.01675473643510762,0.0,1,False,0.2845062400947044,True,0,0.0,5.551115123125783e-17,-2.220446049250313e-16,1.4299672557172016e-13,7.771561172376096e-15,1445.0,26.0,0.0,155180,19,2007,2025,17.17444967406015,17.593856025916264,0.41940635468245374,1.2796040692255932,1.6559677823956425,0.9622453073370566,1.6019813181927791,-9.247653007507324,-2.2475506782531736,0.5098636746406555,2.8123245120048477,14.95405101776123,14.95405101776123,1445.0,26.0,0.0,0.9311766980280964,0.01675473643510762,0.0,19,18,15,0.997488584474886,False,True
A812,CACAPAVA DO SUL,RS,S,-30.54777777,-53.46749999,420.0,165000,20,2006,2025,17.991108488007974,18.41573971396835,0.42463122917596247,1.3747239960415711,1.8069572308598638,0.9594686651831863,1.7563602845464388,-8.647411346435547,-2.654658269882202,0.533325582742691,3.0188968181610107,16.00375747680664,16.00375747680664,1.498181818181818,0.027878787878787878,0.0,1,False,0.2830329097502026,True,0,0.0,0.0,0.0,-8.215650382226158e-14,8.43769498715119e-15,2472.0,46.0,0.0,165000,20,2006,2025,17.991108488007974,18.41573971396835,0.42463122917596247,1.3747239960415711,1.806957230859946,0.9594686651831779,1.756360284546434,-8.647411346435547,-2.654658269882202,0.533325582742691,3.0188968181610107,16.00375747680664,16.00375747680664,2472.0,46.0,0.0,1.498181818181818,0.027878787878787878,0.0,20,20,17,0.9842495327323916,False,True
A813,RIO PARDO,RS,S,-29.87333332,-52.38249999,111.0,160454,20,2006,2025,19.981956198960724,19.301721702273028,-0.6802344971362884,1.3119629328162663,1.689483757287907,0.9676936650771821,1.5464964599286375,-9.034521102905273,-3.0251246213912966,-0.7380720674991608,1.8445316553115845,13.962156295776367,13.962156295776367,0.746008201727598,0.017450484250937964,0.0,1,False,0.1446601671535451,True,0,0.0,0.0,2.220446049250313e-16,8.926193117986259e-14,2.4424906541753444e-15,1197.0,28.0,0.0,160454,20,2006,2025,19.981956198960724,19.301721702273028,-0.6802344971362884,1.311962932816266,1.6894837572878176,0.9676936650771797,1.5464964599286355,-9.034521102905273,-3.0251246213912966,-0.7380720674991608,1.8445316553115845,13.962156295776367,13.962156295776367,1197.0,28.0,0.0,0.746008201727598,0.017450484250937964,0.0,20,19,16,0.9822775532100708,False,True
A814,URUSSANGA,SC,S,-28.53249999,-49.31555555,48.0,137153,18,2008,2025,20.656773091112914,19.694576321005908,-0.962196771782974,1.5182337616801298,1.9002970702347945,0.9581554096877771,1.6386964046360841,-12.79726505279541,-3.4998042583465576,-0.9984462857246399,1.7829300880432126,11.771726608276367,12.79726505279541,0.7823379729207528,0.016040480339474892,0.0,1,False,0.0271363358699928,True,0,0.0,0.0,0.0,-1.2012613126444194e-13,1.5543122344752192e-15,1073.0,22.0,0.0,137153,18,2008,2025,20.656773091112914,19.694576321005908,-0.962196771782974,1.5182337616801298,1.9002970702349147,0.9581554096877756,1.6386964046360895,-12.79726505279541,-3.4998042583465576,-0.9984462857246399,1.7829300880432126,11.771726608276367,12.79726505279541,1073.0,22.0,0.0,0.7823379729207528,0.016040480339474892,0.0,18,15,13,0.9611301369863012,False,True
A815,SAO JOAQUIM,SC,S,-28.27555554,-49.93444444,1410.0,149334,18,2008,2025,14.558997952903315,14.694445544309936,0.13544759320318947,1.1583053939264045,1.5574747984978796,0.9532312702775625,1.5515791369914433,-12.109130859375,-2.41397043466568,0.17509803175926208,2.488950610160828,11.195606231689453,12.109130859375,0.9241030173972438,0.011383877750545756,0.0,1,False,0.027201247158123,True,0,0.0,0.0,0.0,1.3233858453531866e-13,6.994405055138486e-15,1380.0,17.0,0.0,149334,18,2008,2025,14.558997952903315,14.694445544309936,0.13544759320318947,1.1583053939264045,1.5574747984977473,0.9532312702775555,1.551579136991441,-12.109130859375,-2.41397043466568,0.17509803175926208,2.488950610160828,11.195606231689453,12.109130859375,1380.0,17.0,0.0,0.9241030173972438,0.011383877750545756,0.0,18,17,16,0.9962899543378996,False,True
A816,NOVO HORIZONTE,SC,S,-26.40694444,-52.85055555,960.0,126146,18,2008,2025,18.92057298810599,19.470144312858693,0.5495713259774837,1.584114226144712,2.103844638062806,0.9248492135960723,2.0308043510798757,-10.8574800491333,-3.0251705050468445,0.6718509495258331,3.5516116619110107,14.504444122314453,14.504444122314453,2.9434147733578553,0.07848049085979739,0.0,1,False,0.0676872669101993,True,0,0.0,1.1102230246251565e-16,0.0,-1.1546319456101628e-14,-4.9960036108132044e-15,3713.0,99.0,0.0,126146,18,2008,2025,18.92057298810599,19.470144312858693,0.5495713259774836,1.584114226144712,2.1038446380628177,0.9248492135960773,2.030804351079884,-10.8574800491333,-3.0251705050468445,0.6718509495258331,3.5516116619110107,14.504444122314453,14.504444122314453,3713.0,99.0,0.0,2.9434147733578553,0.07848049085979739,0.0,18,13,11,0.942455616687876,False,True
A817,INDAIAL,SC,S,-26.91361111,-49.26749999,86.13,146637,20,2006,2025,21.441121953422947,19.104851811263586,-2.3362701427045938,2.457623321040309,2.792858267092358,0.9535582340477541,1.5303316931981739,-14.33510684967041,-4.782763481140137,-2.3369717597961426,0.18658241629600014,9.397412300109863,14.33510684967041,3.7896301751945276,0.006137605106487449,0.0,1,False,0.0550836401771114,True,0,0.0,0.0,0.0,-6.927791673660977e-14,7.216449660063518e-15,5557.0,9.0,0.0,146637,20,2006,2025,21.441121953422947,19.104851811263586,-2.3362701427045938,2.457623321040309,2.792858267092427,0.9535582340477469,1.5303316931981756,-14.33510684967041,-4.782763481140137,-2.3369717597961426,0.18658241629600014,9.397412300109863,14.33510684967041,5557.0,9.0,0.0,3.7896301751945276,0.006137605106487449,0.0,20,17,14,0.9844390173915212,False,True
A818,IVAI,PR,S,-25.01333333,-50.8711111,808.0,151986,20,2006,2025,19.576221492473312,18.654127793368367,-0.9220937006681719,1.4863458165602315,1.8783500305693634,0.9561297023052506,1.636447269027253,-9.06020450592041,-3.532438635826111,-0.9230464696884155,1.754146933555603,11.601123809814453,11.601123809814453,0.8507362520232128,0.005921598041924914,0.0,1,False,1.7624861772957332,True,0,0.0,0.0,2.220446049250313e-16,1.127986593019159e-13,-4.440892098500626e-16,1293.0,9.0,0.0,151986,20,2006,2025,19.576221492473312,18.654127793368367,-0.9220937006681719,1.4863458165602312,1.8783500305692507,0.9561297023052511,1.636447269027247,-9.06020450592041,-3.532438635826111,-0.9230464696884155,1.754146933555603,11.601123809814453,11.601123809814453,1293.0,9.0,0.0,0.8507362520232128,0.005921598041924914,0.0,20,17,15,0.9796357797877018,False,True
A819,CASTRO,PR,S,-24.78944444,-49.99972221,1007.76,134357,19,2006,2025,18.155434404432444,17.848932815836605,-0.30650158669829003,1.47684510719161,1.9135108995288457,0.9444320529368735,1.8888110792665262,-9.731658935546875,-3.1354684352874758,-0.4584895968437195,3.1741611957550036,12.075439453125,12.075439453125,1.462521491250921,0.0052100002232857235,0.0,1,False,4.826762416569122,True,0,0.0,5.551115123125783e-17,0.0,5.906386491005833e-14,-2.7755575615628914e-15,1965.0,7.0,0.0,134357,19,2006,2025,18.155434404432444,17.848932815836605,-0.3065015866982901,1.47684510719161,1.9135108995287866,0.9444320529368763,1.8888110792665214,-9.731658935546875,-3.1354684352874758,-0.4584895968437195,3.1741611957550036,12.075439453125,12.075439453125,1965.0,7.0,0.0,1.462521491250921,0.0052100002232857235,0.0,19,15,14,0.9787671232876712,False,True
A820,MAL. CANDIDO RONDON,PR,S,-24.53583333,-54.01972221,392.0,158930,20,2006,2025,22.650514689564165,22.74179022620745,0.09127553411302537,1.4008398862203382,1.7914578975196198,0.9549661085304239,1.7891367517508403,-9.210302352905273,-2.8348011493682863,0.16104622185230255,2.84246379137039,13.566160202026367,13.566160202026367,0.9910023280689613,0.02579752092116026,0.0,1,False,0.2854200472233945,True,0,0.0,0.0,0.0,6.195044477408373e-14,2.220446049250313e-16,1575.0,41.0,0.0,158930,20,2006,2025,22.650514689564165,22.74179022620745,0.09127553411302537,1.4008398862203382,1.7914578975195579,0.9549661085304236,1.7891367517508452,-9.210302352905273,-2.8348011493682863,0.16104622185230255,2.84246379137039,13.566160202026367,13.566160202026367,1575.0,41.0,0.0,0.9910023280689613,0.02579752092116026,0.0,20,18,18,0.9908105022831052,False,True
A821,JOAQUIM TAVORA,PR,S,-23.50527777,-49.94638888,522.0,145285,20,2006,2025,22.30759265949103,22.0074897216857,-0.30010294105609037,1.3554860234291182,1.766711650977838,0.9455793253609442,1.7410425458588241,-8.510448455810547,-2.8321847438812253,-0.45151329040527344,2.869375324249264,14.018943786621094,14.018943786621094,1.1611659841002169,0.010324534535568022,0.0,1,False,0.0013227312162659,True,0,0.0,-5.551115123125783e-17,-2.220446049250313e-16,3.9745984281580604e-14,-1.199040866595169e-14,1687.0,15.0,0.0,145285,20,2006,2025,22.30759265949103,22.0074897216857,-0.3001029410560903,1.3554860234291184,1.7667116509777983,0.9455793253609562,1.7410425458588221,-8.510448455810547,-2.8321847438812253,-0.45151329040527344,2.869375324249264,14.018943786621094,14.018943786621094,1687.0,15.0,0.0,1.1611659841002169,0.010324534535568022,0.0,20,16,14,0.9811073059360732,False,True
A822,NOVA TEBAS,PR,S,-24.43722221,-51.96305555,654.0,126013,18,2006,2025,21.51900676857433,20.155269884614018,-1.3637368844080169,1.7467652058873875,2.169013964564348,0.9471907168151832,1.686673016488929,-10.709178924560547,-4.04694299697876,-1.3583004474639893,1.3518265724182112,10.22509765625,10.709178924560547,2.0775634259957307,0.007935689174926397,0.0,1,False,0.9992712703858052,True,0,0.0,0.0,2.220446049250313e-16,7.815970093361102e-14,2.55351295663786e-15,2618.0,10.0,0.0,126013,18,2006,2025,21.51900676857433,20.155269884614018,-1.3637368844080169,1.7467652058873873,2.16901396456427,0.9471907168151806,1.686673016488924,-10.709178924560547,-4.04694299697876,-1.3583004474639893,1.3518265724182112,10.22509765625,10.709178924560547,2618.0,10.0,0.0,2.0775634259957307,0.007935689174926397,0.0,19,14,8,0.899476320582878,False,True
A823,INACIO MARTINS,PR,S,-25.56583333,-51.08944444,1260.0,150570,20,2006,2025,17.04242412110528,17.828087276872246,0.7856631551786043,1.5293214843781395,1.9587912634816376,0.9326330877672014,1.7943294021311176,-8.81044864654541,-2.2673823833465576,0.8722171783447266,3.520903706550597,12.374920845031738,12.374920845031738,1.8077970379225607,0.021916716477385932,0.0,1,False,1.1755920248936929,True,0,0.0,-1.1102230246251565e-16,-2.220446049250313e-16,6.972200594645983e-14,3.1086244689504383e-15,2722.0,33.0,0.0,150570,20,2006,2025,17.04242412110528,17.828087276872246,0.7856631551786044,1.5293214843781398,1.9587912634815678,0.9326330877671983,1.7943294021311216,-8.81044864654541,-2.2673823833465576,0.8722171783447266,3.520903706550597,12.374920845031738,12.374920845031738,2722.0,33.0,0.0,1.8077970379225607,0.021916716477385932,0.0,20,18,13,0.9654680365296804,False,True
A824,ICARAIMA,PR,S,-23.39027777,-53.63472221,385.0,114173,17,2006,2023,24.005623042007638,23.678801310881724,-0.3268217348181629,1.510734640974962,2.04731024771452,0.9209970432153513,2.0210647145698806,-14.960741996765137,-3.3165035247802734,-0.3783687651157379,2.8475675582885707,17.70796012878418,17.70796012878418,2.7598468990041427,0.14101407513159853,0.0,1,False,0.1133978974042216,True,0,0.0,0.0,0.0,3.3306690738754696e-14,3.3306690738754696e-16,3151.0,161.0,0.0,114173,17,2006,2023,24.005623042007638,23.678801310881724,-0.3268217348181629,1.510734640974962,2.0473102477144867,0.9209970432153509,2.0210647145698837,-14.960741996765137,-3.3165035247802734,-0.3783687651157379,2.8475675582885707,17.70796012878418,17.70796012878418,3151.0,161.0,0.0,2.7598468990041427,0.14101407513159853,0.0,20,11,10,0.8867579908675799,False,True
A825,GOIOERE,PR,S,-24.18388888,-53.04888888,481.0,33374,7,2019,2025,23.481905073382894,22.69975259088731,-0.7821524845311938,1.4769077520862055,1.8667975124678187,0.9539438262581036,1.69506829837644,-8.070018768310547,-3.267765653133392,-0.91020467877388,2.040004944801329,15.06816291809082,15.06816291809082,0.9768082938814646,0.056930544735422785,0.0,1,False,3.396177087533794,True,0,0.0,0.0,0.0,1.5543122344752192e-15,1.6653345369377348e-15,326.0,19.0,0.0,33374,7,2019,2025,23.481905073382894,22.69975259088731,-0.7821524845311938,1.4769077520862055,1.866797512467817,0.9539438262581019,1.69506829837644,-8.070018768310547,-3.267765653133392,-0.91020467877388,2.040004944801329,15.06816291809082,15.06816291809082,326.0,19.0,0.0,0.9768082938814646,0.056930544735422785,0.0,7,3,2,0.6343351548269581,False,True
A826,ALEGRETE,RS,S,-29.71166666,-55.5261111,121.0,158325,20,2006,2025,20.098204957202356,19.841097614574743,-0.25710734360778414,1.2473560285328273,1.6243105286200938,0.9722121480297575,1.603838132165737,-9.930028915405273,-2.563700723648071,-0.3798336088657379,2.468693590164181,15.184568405151367,15.184568405151367,0.8173061740091584,0.03410705826622454,0.0,1,False,0.2935648478101784,True,0,0.0,0.0,-4.440892098500626e-16,5.972999872483342e-14,-6.217248937900877e-15,1294.0,54.0,0.0,158325,20,2006,2025,20.098204957202356,19.841097614574743,-0.25710734360778414,1.2473560285328278,1.624310528620034,0.9722121480297637,1.6038381321657402,-9.930028915405273,-2.563700723648071,-0.3798336088657379,2.468693590164181,15.184568405151367,15.184568405151367,1294.0,54.0,0.0,0.8173061740091584,0.03410705826622454,0.0,20,19,16,0.973713882027098,False,True
A827,BAGE,RS,S,-31.34777777,-54.01333333,230.0,160899,19,2007,2025,18.649004031228305,17.921419935256367,-0.727584098233277,1.339046951955706,1.6852014243491757,0.9725371130844812,1.5200459140475668,-9.204296112060547,-2.966796398162842,-0.8199703097343445,1.8177444815635693,12.92084789276123,12.92084789276123,0.6059702049111554,0.0124301580494596,0.0,1,False,0.0046985696161649,True,0,0.0,-1.1102230246251565e-16,-2.220446049250313e-16,3.375077994860476e-14,-1.1102230246251565e-16,975.0,20.0,0.0,160899,19,2007,2025,18.649004031228305,17.921419935256367,-0.7275840982332769,1.3390469519557062,1.685201424349142,0.9725371130844813,1.5200459140475668,-9.204296112060547,-2.966796398162842,-0.8199703097343445,1.8177444815635693,12.92084789276123,12.92084789276123,975.0,20.0,0.0,0.6059702049111554,0.0124301580494596,0.0,19,18,17,0.9842896174863388,False,True
A828,ERECHIM,RS,S,-27.66027777,-52.30638888,765.0,150606,20,2006,2025,18.67484628871243,18.573223464778366,-0.10162282278162632,1.3715133337888548,1.810469855896026,0.9513823241941283,1.807621530257869,-10.125726699829102,-2.9784985780715942,-0.09414024651050568,2.7829349040985107,13.258106231689453,13.258106231689453,1.4408456502396982,0.025895382654077526,0.0,1,False,0.2912567210972183,True,0,0.0,-1.3877787807814457e-17,0.0,4.285460875053104e-14,-3.6637359812630166e-15,2170.0,39.0,0.0,150606,20,2006,2025,18.67484628871243,18.573223464778366,-0.1016228227816263,1.3715133337888548,1.810469855895983,0.9513823241941319,1.8076215302578689,-10.125726699829102,-2.9784985780715942,-0.09414024651050568,2.7829349040985107,13.258106231689453,13.258106231689453,2170.0,39.0,0.0,1.4408456502396982,0.025895382654077526,0.0,20,18,14,0.9414643997804226,False,True
A829,SAO JOSE DOS AUSENTES,RS,S,-28.75138888,-50.05833333,1244.0,156171,20,2006,2025,14.431964963781267,15.828634537254262,1.3966695758107746,1.7793198473225065,2.1501760058412276,0.9529191906199558,1.6348052071474695,-11.886739730834961,-1.3842039108276367,1.4780761003494263,3.803296208381653,13.797412872314453,13.797412872314453,1.6193787578999943,0.041621043599643984,0.0,1,False,0.3135879311227746,True,0,0.0,-4.440892098500626e-16,0.0,-4.75175454539567e-14,7.882583474838611e-15,2529.0,65.0,0.0,156171,20,2006,2025,14.431964963781267,15.828634537254262,1.396669575810775,1.7793198473225065,2.150176005841275,0.9529191906199479,1.6348052071474646,-11.886739730834961,-1.3842039108276367,1.4780761003494263,3.803296208381653,13.797412872314453,13.797412872314453,2529.0,65.0,0.0,1.6193787578999943,0.041621043599643984,0.0,20,16,14,0.9718498141078424,False,True
A830,SAO BORJA,RS,S,-28.64944444,-56.01555555,83.0,146805,19,2007,2025,21.507610775670262,21.22959219960378,-0.27801857673776037,1.2694681994433077,1.693303863884129,0.9674807263533111,1.6703301024809711,-13.673144340515137,-2.6184762001037596,-0.38681602478027344,2.473799228668211,16.485057830810547,16.485057830810547,1.1423316644528456,0.09195872075201798,0.0,1,False,0.1021211122038479,True,0,0.0,0.0,0.0,5.0182080713057076e-14,-8.104628079763643e-15,1677.0,135.0,0.0,146805,19,2007,2025,21.507610775670262,21.22959219960378,-0.27801857673776037,1.2694681994433077,1.6933038638840787,0.9674807263533192,1.670330102480975,-13.673144340515137,-2.6184762001037596,-0.38681602478027344,2.473799228668211,16.485057830810547,16.485057830810547,1677.0,135.0,0.0,1.1423316644528456,0.09195872075201798,0.0,19,15,13,0.929878048780488,False,True
A831,QUARAI,RS,S,-30.3686111,-56.43722221,124.0,152448,19,2007,2025,19.68949805780031,19.58333865032335,-0.1061594079876583,1.4765380895270859,1.872561481599632,0.9687846011129597,1.8695559927128231,-9.462255477905273,-2.893644559383392,-0.19420890510082245,3.0195975303649893,14.159177780151367,14.159177780151367,1.1105426112510495,0.042637489504617966,0.0,1,False,0.0109242166272132,True,0,0.0,0.0,-4.440892098500626e-16,7.127631818093505e-14,1.1435297153639112e-14,1693.0,65.0,0.0,152448,19,2007,2025,19.68949805780031,19.58333865032335,-0.1061594079876583,1.4765380895270863,1.8725614815995608,0.9687846011129483,1.86955599271282,-9.462255477905273,-2.893644559383392,-0.19420890510082245,3.0195975303649893,14.159177780151367,14.159177780151367,1693.0,65.0,0.0,1.1105426112510495,0.042637489504617966,0.0,19,18,16,0.9921232876712328,False,True
A832,SAO GABRIEL,RS,S,-30.34138888,-54.31083333,126.0,152180,19,2007,2025,20.297858456681293,19.450155368051533,-0.8477030891940882,1.481510590557745,1.8740908681204003,0.9683579820637346,1.6714168875471913,-12.83193302154541,-3.416557192802429,-0.9136226773262024,1.9240220546722413,14.927586555480957,14.927586555480957,1.0579576816927323,0.017742147456958866,0.0,1,False,0.0090864729130327,True,0,0.0,0.0,0.0,1.6631140908884845e-13,-9.547918011776346e-15,1610.0,27.0,0.0,152180,19,2007,2025,20.297858456681293,19.450155368051533,-0.8477030891940882,1.481510590557745,1.874090868120234,0.9683579820637441,1.6714168875471895,-12.83193302154541,-3.416557192802429,-0.9136226773262024,1.9240220546722413,14.927586555480957,14.927586555480957,1610.0,27.0,0.0,1.0579576816927323,0.017742147456958866,0.0,19,16,14,0.9970400728597448,False,True
A833,SANTIAGO,RS,S,-29.19138888,-54.88555555,394.0,138059,17,2009,2025,19.700290457367867,19.502137068208878,-0.1981533874386087,1.361395275556525,1.7761389751413261,0.9627244208480067,1.7650573531690663,-8.95327091217041,-2.929208946228027,-0.19409140944480896,2.610361790657044,17.064939498901367,17.064939498901367,1.1748600236130928,0.031146104201826758,0.0,1,False,0.0308877693873735,True,0,0.0,-5.551115123125783e-17,0.0,1.2034817586936697e-13,-4.773959005888173e-15,1622.0,43.0,0.0,138059,17,2009,2025,19.700290457367867,19.502137068208878,-0.19815338743860864,1.361395275556525,1.7761389751412058,0.9627244208480115,1.7650573531690685,-8.95327091217041,-2.929208946228027,-0.19409140944480896,2.610361790657044,17.064939498901367,17.064939498901367,1622.0,43.0,0.0,1.1748600236130928,0.031146104201826758,0.0,17,15,13,0.9845890410958904,False,True
A834,TRAMANDAI,RS,S,-30.00972222,-50.13527777,1.0,144308,18,2008,2025,20.14665091569908,19.73980182992,-0.40684908338954706,1.2326014022854832,1.5789350562471303,0.9439367639541761,1.5256231068213995,-7.179708480834961,-2.545653820037842,-0.549193948507309,2.3206004023551907,11.051365852355957,11.051365852355957,0.6264378967209024,0.002771849100534967,0.0,1,False,0.08440509557691,True,0,0.0,-5.551115123125783e-17,0.0,8.237854842718662e-14,1.176836406102666e-14,904.0,4.0,0.0,144308,18,2008,2025,20.14665091569908,19.73980182992,-0.406849083389547,1.2326014022854832,1.5789350562470479,0.9439367639541644,1.5256231068213943,-7.179708480834961,-2.545653820037842,-0.549193948507309,2.3206004023551907,11.051365852355957,11.051365852355957,904.0,4.0,0.0,0.6264378967209024,0.002771849100534967,0.0,18,15,13,0.9845486500985604,False,True
A835,MARINGA,PR,S,-23.40777777,-51.91666666,542.0,150242,20,2006,2025,23.593851252835098,22.75310220878867,-0.840749044582911,1.5690229625610896,1.9920838811821657,0.9343658400963369,1.8059792198182498,-10.618993759155273,-3.6297848224639893,-0.9284175634384155,2.1759159088134723,17.319530487060547,17.319530487060547,1.470960184236099,0.021298970993463878,0.0,1,False,1.6710027749319063,True,0,0.0,1.1102230246251565e-16,2.220446049250313e-16,3.9968028886505635e-15,5.995204332975845e-15,2210.0,32.0,0.0,150242,20,2006,2025,23.593851252835098,22.75310220878867,-0.8407490445829111,1.5690229625610894,1.9920838811821617,0.934365840096331,1.805979219818244,-10.618993759155273,-3.6297848224639893,-0.9284175634384155,2.1759159088134723,17.319530487060547,17.319530487060547,2210.0,32.0,0.0,1.470960184236099,0.021298970993463878,0.0,20,17,15,0.9888698630136988,False,True
A836,JAGUARAO,RS,S,-32.53749999,-53.37638888,47.0,158040,19,2007,2025,18.29626107481399,17.974242319130397,-0.32201875408917097,1.033693769931351,1.3594993209822037,0.9772952875125375,1.3208154164940453,-9.922460556030273,-2.2153828740119934,-0.4290035367012024,1.9292972087860107,11.529980659484863,11.529980659484863,0.43533282713237154,0.00885851683118198,0.0,1,False,0.3132353517581089,True,0,0.0,0.0,0.0,2.864375403532904e-14,3.552713678800501e-15,688.0,14.0,0.0,158040,19,2007,2025,18.29626107481399,17.974242319130397,-0.32201875408917097,1.033693769931351,1.359499320982175,0.9772952875125339,1.3208154164940489,-9.922460556030273,-2.2153828740119934,-0.4290035367012024,1.9292972087860107,11.529980659484863,11.529980659484863,688.0,14.0,0.0,0.43533282713237154,0.00885851683118198,0.0,19,18,16,0.9840619307832422,False,True
A837,SOLEDADE,RS,S,-28.85361111,-52.55833333,667.0,149478,18,2008,2025,18.13529482762048,17.833582384552766,-0.30171244160752575,1.3874591218164856,1.8224765076343707,0.9545417202275652,1.7973346474000726,-10.077489852905273,-3.208502948284149,-0.24562949687242508,2.4453349351882925,13.20419979095459,13.20419979095459,1.4343247835801924,0.02341481689613187,0.0,1,False,1.6731680311793655,True,0,0.0,-5.551115123125783e-17,0.0,5.88418203051333e-14,-1.7763568394002505e-15,2144.0,35.0,0.0,149478,18,2008,2025,18.13529482762048,17.833582384552766,-0.3017124416075257,1.3874591218164856,1.822476507634312,0.954541720227567,1.7973346474000769,-10.077489852905273,-3.208502948284149,-0.24562949687242508,2.4453349351882925,13.20419979095459,13.20419979095459,2144.0,35.0,0.0,1.4343247835801924,0.02341481689613187,0.0,18,16,14,0.9973744292237444,False,True
A838,CAMAQUA,RS,S,-30.81055555,-51.83472221,90.66,155912,20,2006,2025,19.025362386147343,18.849189745912888,-0.1761726379728853,1.1907762511518425,1.551568852540296,0.9669306697355189,1.5415396029221236,-8.118846893310547,-2.6461642384529114,-0.16474571824073792,2.3228690028190586,14.65507698059082,14.65507698059082,0.4951511108830622,0.010903586638616656,0.0,1,False,0.293032146563118,True,0,0.0,0.0,0.0,5.484501741648273e-14,1.2212453270876722e-14,772.0,17.0,0.0,155912,20,2006,2025,19.025362386147343,18.849189745912888,-0.1761726379728853,1.1907762511518425,1.5515688525402411,0.9669306697355067,1.5415396029221224,-8.118846893310547,-2.6461642384529114,-0.16474571824073792,2.3228690028190586,14.65507698059082,14.65507698059082,772.0,17.0,0.0,0.4951511108830622,0.010903586638616656,0.0,20,19,15,0.9489155251141552,False,True
A839,PASSO FUNDO,RS,S,-28.22944443,-52.40388888,684.05,163515,20,2006,2025,18.620948537753076,18.58554922206409,-0.03539931470246524,1.1940174115055204,1.5998336176778503,0.9632064264533102,1.5994468224992644,-10.988574028015137,-2.5295129299163817,-0.05927133560180664,2.546367573738097,13.665916442871094,13.665916442871094,0.9448674433538208,0.023239458153686207,0.0,1,False,0.3100708571012267,True,0,0.0,0.0,0.0,5.46229728115577e-14,8.548717289613705e-15,1545.0,38.0,0.0,163515,20,2006,2025,18.620948537753076,18.58554922206409,-0.03539931470246524,1.1940174115055204,1.5998336176777956,0.9632064264533017,1.599446822499265,-10.988574028015137,-2.5295129299163817,-0.05927133560180664,2.546367573738097,13.665916442871094,13.665916442871094,1545.0,38.0,0.0,0.9448674433538208,0.023239458153686207,0.0,20,19,19,0.997207095091948,False,True
A840,BENTO GONCALVES,RS,S,-29.16722221,-51.53472221,640.0,158214,20,2006,2025,18.24303032556142,17.883793673534488,-0.35923665240278724,1.3118033546179064,1.742873327269774,0.9570892296010509,1.7054544398139235,-9.360937118530273,-3.2324702739715576,-0.295785129070282,2.2521170973777775,13.85092830657959,13.85092830657959,1.0846069247980583,0.022753991429329892,0.0,1,False,0.3135492504363105,True,0,0.0,0.0,2.220446049250313e-16,1.887379141862766e-14,1.2323475573339238e-14,1716.0,36.0,0.0,158214,20,2006,2025,18.24303032556142,17.883793673534488,-0.35923665240278724,1.3118033546179062,1.7428733272697552,0.9570892296010386,1.7054544398139242,-9.360937118530273,-3.2324702739715576,-0.295785129070282,2.2521170973777775,13.85092830657959,13.85092830657959,1716.0,36.0,0.0,1.0846069247980583,0.022753991429329892,0.0,20,18,17,0.9904249943858072,False,True
A841,JOACABA,SC,S,-27.16944443,-51.57555554,776.0,135127,17,2007,2023,18.845834658990604,18.62172311501118,-0.22411154422934323,1.3008169864999712,1.7347709000476197,0.95209826800258,1.7202400969009612,-8.93911075592041,-2.925148272514343,-0.27280235290527344,2.63237829208374,13.857227325439453,13.857227325439453,1.178150924685666,0.021461291969776582,0.0,1,False,1.6490542807025297,True,0,0.0,0.0,0.0,5.995204332975845e-15,-3.3306690738754696e-15,1592.0,29.0,0.0,135127,17,2007,2023,18.845834658990604,18.62172311501118,-0.22411154422934323,1.3008169864999712,1.7347709000476137,0.9520982680025833,1.720240096900961,-8.93911075592041,-2.925148272514343,-0.27280235290527344,2.63237829208374,13.857227325439453,13.857227325439453,1592.0,29.0,0.0,1.178150924685666,0.021461291969776582,0.0,19,15,14,0.9562785388127854,False,True
A842,NOVA FATIMA,PR,S,-23.40694444,-50.57777777,668.0,114708,18,2007,2024,21.847866757485676,21.02804954359296,-0.8198172138165511,1.4232370986533738,1.846410833730493,0.9413548110655398,1.6544354217670398,-9.302196502685547,-3.5697237849235535,-0.7874767184257507,1.7773659586906432,11.925439834594727,11.925439834594727,1.13854308330718,0.006102451441922098,0.0,1,False,0.9273244458668212,True,0,0.0,0.0,-2.220446049250313e-16,6.217248937900877e-15,-4.884981308350689e-15,1306.0,7.0,0.0,114708,18,2007,2024,21.847866757485676,21.02804954359296,-0.8198172138165511,1.423237098653374,1.8464108337304868,0.9413548110655446,1.6544354217670394,-9.302196502685547,-3.5697237849235535,-0.7874767184257507,1.7773659586906432,11.925439834594727,11.925439834594727,1306.0,7.0,0.0,1.13854308330718,0.006102451441922098,0.0,19,11,8,0.876027397260274,False,True
A843,DOIS VIZINHOS,PR,S,-25.69472221,-53.09444444,520.0,138404,19,2007,2025,21.031717288420275,20.453865243596997,-0.5778520479606911,1.4191726919339682,1.8313208457364223,0.952182514737745,1.737770085412426,-9.827880859375,-3.264089047908783,-0.6291988492012024,2.276904582977295,12.646778106689453,12.646778106689453,1.1524233403658855,0.017340539290771943,0.0,1,False,0.5012050532971749,True,0,0.0,1.1102230246251565e-16,2.220446049250313e-16,5.551115123125783e-15,1.1102230246251565e-16,1595.0,24.0,0.0,138404,19,2007,2025,21.031717288420275,20.453865243596997,-0.5778520479606912,1.419172691933968,1.8313208457364167,0.9521825147377448,1.7377700854124298,-9.827880859375,-3.264089047908783,-0.6291988492012024,2.276904582977295,12.646778106689453,12.646778106689453,1595.0,24.0,0.0,1.1524233403658855,0.017340539290771943,0.0,19,14,11,0.938013698630137,False,True
A844,LAGOA VERMELHA,RS,S,-28.22194443,-51.51222222,842.58,160390,19,2007,2025,17.725838270926268,17.176268485394548,-0.5495697838850473,1.305799432859939,1.724941610164671,0.9604094293967185,1.6350575767606261,-10.21010684967041,-3.1897236704826355,-0.5265620946884155,2.0303999304771394,13.302197456359863,13.302197456359863,1.0306128811023132,0.013093085603840638,0.0,1,False,0.0823341797533892,True,0,0.0,1.1102230246251565e-16,-2.220446049250313e-16,-2.220446049250313e-16,-4.107825191113079e-15,1653.0,21.0,0.0,160390,19,2007,2025,17.725838270926268,17.176268485394548,-0.5495697838850474,1.3057994328599392,1.7249416101646713,0.9604094293967226,1.635057576760628,-10.21010684967041,-3.1897236704826355,-0.5265620946884155,2.0303999304771394,13.302197456359863,13.302197456359863,1653.0,21.0,0.0,1.0306128811023132,0.013093085603840638,0.0,19,18,18,0.9889571948998178,False,True
A845,BOM JARDIM DA SERRA - MORRO DA IGREJA,SC,S,-28.13333333,-49.48333333,1810.0,143930,18,2007,2024,11.834002642602066,16.48776695695303,4.653764317128575,4.801908574144572,5.207073632934874,0.8856153659444539,2.335836340084118,-10.325780868530273,0.45356727391481433,4.813232898712158,8.102028894424437,15.932568550109863,15.932568550109863,45.968873758076846,0.5877857291739039,0.0,1,False,0.7940450521990303,True,0,0.0,0.0,-8.881784197001252e-16,-2.7533531010703882e-14,1.9984014443252818e-15,66163.0,846.0,0.0,143930,18,2007,2024,11.834002642602066,16.48776695695303,4.653764317128575,4.801908574144573,5.207073632934901,0.8856153659444519,2.335836340084117,-10.325780868530273,0.45356727391481433,4.813232898712158,8.102028894424437,15.932568550109863,15.932568550109863,66163.0,846.0,0.0,45.968873758076846,0.5877857291739039,0.0,19,16,16,0.9921448087431692,False,True
A846,FOZ DO IGUACU,PR,S,-25.60194444,-54.48305554,242.0,125384,18,2008,2025,22.602070440279146,22.800732137988913,0.1986616983715357,1.4788759293404565,1.8834664251527689,0.955471030596356,1.8729675070293406,-26.33757972717285,-2.7993086338043214,0.2379627227783203,3.131335294246673,17.45444107055664,26.33757972717285,1.1779812416257258,0.03668729662476871,0.0015950998532508135,1,False,0.0123169696635497,True,0,0.0,0.0,0.0,-5.551115123125783e-15,-4.440892098500626e-15,1477.0,46.0,2.0,125384,18,2008,2025,22.602070440279146,22.800732137988913,0.1986616983715357,1.4788759293404565,1.8834664251527744,0.9554710305963604,1.8729675070293366,-26.33757972717285,-2.7993086338043214,0.2379627227783203,3.131335294246673,17.45444107055664,26.33757972717285,1477.0,46.0,2.0,1.1779812416257258,0.03668729662476871,0.0015950998532508135,18,13,9,0.8992009132420091,False,True
A847,ILHA DO MEL,PR,S,-25.49444444,-48.32583332,1.0,81106,12,2007,2018,22.26104110391314,22.44165772053386,0.18061661394009293,1.4418326653565023,1.8264385654656228,0.8865842148621134,1.8174972353005026,-12.918261528015137,-2.8263546228408813,0.24565467238426208,3.083570420742035,9.043652534484863,12.918261528015137,0.8581362661208788,0.0073977264320765415,0.0,1,False,0.0,True,0,0.0,0.0,0.0,-5.329070518200751e-15,-8.881784197001252e-16,696.0,6.0,0.0,81106,12,2007,2018,22.26104110391314,22.44165772053386,0.18061661394009293,1.4418326653565023,1.826438565465628,0.8865842148621143,1.8174972353005026,-12.918261528015137,-2.8263546228408813,0.24565467238426208,3.083570420742035,9.043652534484863,12.918261528015137,696.0,6.0,0.0,0.8581362661208788,0.0073977264320765415,0.0,12,8,7,0.950285388127854,False,True
A848,DIONISIO CERQUEIRA,SC,S,-26.28638888,-53.63277777,810.0,139358,18,2008,2025,19.7973033464021,19.7764466083076,-0.0208567397531133,1.3189946403020045,1.807376540391994,0.9430527465930373,1.8072626794775815,-18.333837509155273,-2.982372760772705,0.023413467220962048,2.7307413339614865,26.99116325378418,26.99116325378418,1.7185952726072418,0.04664246042566627,0.005023034199687137,1,False,0.0386551495470521,True,0,0.0,0.0,0.0,-2.020605904817785e-14,-2.7755575615628914e-15,2395.0,65.0,7.0,139358,18,2008,2025,19.7973033464021,19.7764466083076,-0.0208567397531133,1.3189946403020045,1.8073765403920141,0.9430527465930401,1.8072626794775852,-18.333837509155273,-2.982372760772705,0.023413467220962048,2.7307413339614865,26.99116325378418,26.99116325378418,2395.0,65.0,7.0,1.7185952726072418,0.04664246042566627,0.005023034199687137,18,14,13,0.9845045163061108,False,True
A849,DIAMANTE DO NORTE,PR,S,-22.63388888,-52.85888888,362.0,126900,18,2008,2025,24.231952717185866,23.996301092894836,-0.23565162577126905,1.3600244272701225,1.7487284991803713,0.9473637837982019,1.7327848498360532,-9.220409393310547,-2.9397016763687134,-0.2363155335187912,2.570759248733519,13.03266429901123,13.03266429901123,0.884160756501182,0.014972419227738377,0.0,2,True,3.28010893010286,True,0,0.0,0.0,0.0,-4.1744385725905886e-14,6.106226635438361e-15,1122.0,19.0,0.0,126900,18,2008,2025,24.231952717185866,23.996301092894836,-0.23565162577126905,1.3600244272701225,1.748728499180413,0.9473637837981957,1.7327848498360496,-9.220409393310547,-2.9397016763687134,-0.2363155335187912,2.570759248733519,13.03266429901123,13.03266429901123,1122.0,19.0,0.0,0.884160756501182,0.014972419227738377,0.0,18,13,11,0.9559745822970184,False,True
A850,PARANAPOEMA,PR,S,-22.49166666,-52.13444444,311.0,123259,18,2008,2025,24.23237085923081,24.001696849536845,-0.23067401177366836,1.4092779177274382,1.7964317657271154,0.9500508887205895,1.7815673828732328,-9.541942596435547,-2.9800447463989257,-0.2696498930454254,2.7218020439147885,14.067527770996094,14.067527770996094,0.9005427595550832,0.008112997833829579,0.0,2,True,18.532513742905817,True,0,0.0,-2.7755575615628914e-17,0.0,-7.238654120556021e-14,7.438494264988549e-15,1110.0,10.0,0.0,123259,18,2008,2025,24.23237085923081,24.001696849536845,-0.23067401177366834,1.4092779177274382,1.7964317657271878,0.9500508887205821,1.7815673828732377,-9.541942596435547,-2.9800447463989257,-0.2696498930454254,2.7218020439147885,14.067527770996094,14.067527770996094,1110.0,10.0,0.0,0.9005427595550832,0.008112997833829579,0.0,18,11,10,0.9544115078473938,True,True
A851,ITAPOA,SC,S,-26.0811111,-48.64166666,2.0,140343,19,2007,2025,21.167616480909004,20.240031755752945,-0.9275847267758549,1.6753213341888646,2.0392771109735603,0.9234258606252763,1.8161115635949805,-9.08984375,-3.5746968030929565,-1.1273921728134155,2.475429844856262,12.315281867980957,12.315281867980957,0.9711920081514576,0.004275239947842072,0.0,1,False,0.0308877693870199,True,0,0.0,0.0,0.0,-6.972200594645983e-14,1.3322676295501878e-15,1363.0,6.0,0.0,140343,19,2007,2025,21.167616480909004,20.240031755752945,-0.9275847267758549,1.6753213341888646,2.03927711097363,0.923425860625275,1.8161115635949894,-9.08984375,-3.5746968030929565,-1.1273921728134155,2.475429844856262,12.315281867980957,12.315281867980957,1363.0,6.0,0.0,0.9711920081514576,0.004275239947842072,0.0,19,15,11,0.9340111642743222,False,True
A852,SAO LUIZ GONZAGA,RS,S,-28.41694443,-54.96222222,245.11,145071,19,2007,2025,21.531270203986402,20.93386905966601,-0.5974011459231373,1.5900617331976556,2.0175710827410156,0.9572397828313961,1.9271041861204075,-10.757568359375,-3.5145504474639893,-0.6778316497802734,2.5013177394866943,16.284374237060547,16.284374237060547,1.6757311936913648,0.03653383515657851,0.0,1,False,0.0411344854910728,True,0,0.0,0.0,0.0,-5.10702591327572e-14,-4.551914400963142e-15,2431.0,53.0,0.0,145071,19,2007,2025,21.531270203986402,20.93386905966601,-0.5974011459231373,1.5900617331976556,2.0175710827410667,0.9572397828314007,1.9271041861204092,-10.757568359375,-3.5145504474639893,-0.6778316497802734,2.5013177394866943,16.284374237060547,16.284374237060547,2431.0,53.0,0.0,1.6757311936913648,0.03653383515657851,0.0,19,16,13,0.9700520833333334,False,True
A853,CRUZ ALTA,RS,S,-28.60361111,-53.6736111,432.0,157618,19,2007,2025,19.154049664132206,19.614884337305355,0.4608346727130539,1.3425778887086166,1.771366058142526,0.9646406861254471,1.710376472110719,-9.67519474029541,-2.2523434162139893,0.4538593292236328,3.1850101947784424,15.303953170776367,15.303953170776367,1.3792840919184357,0.04377672600845081,0.0,1,False,0.0308877693866662,True,0,0.0,0.0,0.0,-6.372680161348399e-14,-8.770761894538737e-15,2174.0,69.0,0.0,157618,19,2007,2025,19.154049664132206,19.614884337305355,0.4608346727130539,1.3425778887086166,1.7713660581425896,0.9646406861254558,1.710376472110723,-9.67519474029541,-2.2523434162139893,0.4538593292236328,3.1850101947784424,15.303953170776367,15.303953170776367,2174.0,69.0,0.0,1.3792840919184357,0.04377672600845081,0.0,19,18,16,0.9973744292237444,False,True
A854,FREDERICO WESTPHALEN,RS,S,-27.39555555,-53.41277777,490.0,153289,19,2007,2025,20.16219950612176,19.982473649241957,-0.1797258561945739,1.2832818005172857,1.6892685508149226,0.9589964723031055,1.6796860595917886,-10.191699028015137,-2.6895870208740233,-0.2784664034843445,2.683613634109498,13.918601989746094,13.918601989746094,1.0085524727801733,0.021527963519887273,0.0,1,False,1.645410542419919,True,0,0.0,2.7755575615628914e-17,0.0,-4.9960036108132044e-14,4.551914400963142e-15,1546.0,33.0,0.0,153289,19,2007,2025,20.16219950612176,19.982473649241957,-0.17972585619457393,1.2832818005172857,1.6892685508149725,0.9589964723031009,1.6796860595917897,-10.191699028015137,-2.6895870208740233,-0.2784664034843445,2.683613634109498,13.918601989746094,13.918601989746094,1546.0,33.0,0.0,1.0085524727801733,0.021527963519887273,0.0,19,19,16,0.992579908675799,False,True
A855,PLANALTO,PR,S,-25.72194443,-53.74805555,398.0,134382,19,2007,2025,22.239780621209345,21.686092254753532,-0.553688370651037,1.3840287566661353,1.7860215566096176,0.956307258610866,1.6980352308048945,-9.606005668640137,-3.1071237325668335,-0.6396968960762024,2.2548780918121336,15.697410583496094,15.697410583496094,1.0425503415636024,0.025301007575419324,0.0,1,False,0.0163209891814161,True,0,0.0,0.0,2.220446049250313e-16,-7.993605777301127e-15,1.887379141862766e-15,1401.0,34.0,0.0,134382,19,2007,2025,22.239780621209345,21.686092254753532,-0.553688370651037,1.3840287566661351,1.7860215566096256,0.9563072586108641,1.6980352308048883,-9.606005668640137,-3.1071237325668335,-0.6396968960762024,2.2548780918121336,15.697410583496094,15.697410583496094,1401.0,34.0,0.0,1.0425503415636024,0.025301007575419324,0.0,19,15,11,0.9404599271402552,False,True
A856,PALMEIRA DAS MISSOES,RS,S,-27.92166666,-53.31694443,631.0,145803,18,2008,2025,19.53743749864532,19.463701253542514,-0.07373624761330659,1.4118515524725628,1.8669007944641167,0.950605699937962,1.8654504574852397,-8.975275039672852,-3.0972554683685303,-0.06977500766515732,2.85536937713623,15.244382858276367,15.244382858276367,1.7667674876374286,0.027434277758345164,0.0,1,False,0.1891260847039295,True,0,0.0,0.0,4.440892098500626e-16,-4.884981308350689e-15,2.3314683517128287e-15,2576.0,40.0,0.0,145803,18,2008,2025,19.53743749864532,19.463701253542514,-0.07373624761330659,1.4118515524725623,1.8669007944641216,0.9506056999379596,1.8654504574852355,-8.975275039672852,-3.0972554683685303,-0.06977500766515732,2.85536937713623,15.244382858276367,15.244382858276367,2576.0,40.0,0.0,1.7667674876374286,0.027434277758345164,0.0,18,15,13,0.9965182648401828,False,True
A857,SAO MIGUEL DO OESTE,SC,S,-26.77666666,-53.50444444,665.0,126134,17,2008,2024,20.31217514620624,20.36077535740846,0.04860021041140499,1.5741441335392827,2.105458163351986,0.9329322611581928,2.1049055141562847,-15.32900333404541,-3.403532361984253,0.06958045810461044,3.36814979314804,16.08622932434082,16.08622932434082,2.8144671539791015,0.1038578020200739,0.0,1,False,1.4491765387583753,True,0,0.0,0.0,-2.220446049250313e-16,-2.7533531010703882e-14,4.218847493575595e-15,3550.0,131.0,0.0,126134,17,2008,2024,20.31217514620624,20.36077535740846,0.04860021041140499,1.574144133539283,2.1054581633520137,0.9329322611581886,2.1049055141562842,-15.32900333404541,-3.403532361984253,0.06958045810461044,3.36814979314804,16.08622932434082,16.08622932434082,3550.0,131.0,0.0,2.8144671539791015,0.1038578020200739,0.0,18,13,12,0.9650936010679442,False,True
A858,XANXERE,SC,S,-26.9386111,-52.415,889.0,144964,18,2008,2025,19.191128832094606,19.522159514217435,0.331030682259541,1.5280610918161974,2.0398075884322138,0.9332948959570295,2.0127746103085924,-10.578466415405273,-3.1143953442573546,0.3959796875715256,3.411040461063387,15.626758575439453,15.626758575439453,2.626169255815237,0.05518611517342237,0.0,1,False,1.6796960902150666,True,0,0.0,0.0,0.0,-4.1300296516055823e-14,1.1102230246251565e-15,3807.0,80.0,0.0,144964,18,2008,2025,19.191128832094606,19.522159514217435,0.331030682259541,1.5280610918161974,2.039807588432255,0.9332948959570284,2.0127746103085924,-10.578466415405273,-3.1143953442573546,0.3959796875715256,3.411040461063387,15.626758575439453,15.626758575439453,3807.0,80.0,0.0,2.626169255815237,0.05518611517342237,0.0,18,16,13,0.9703656398932056,False,True
A859,CACADOR,SC,S,-26.81944443,-50.98555555,952.0,141774,17,2008,2024,17.2997263292145,16.68658698007098,-0.6131393449674374,1.4542541957151702,1.8287849340863467,0.9554894481193411,1.7229438230244636,-10.1640625,-3.195412218570709,-0.7331554591655731,2.380796313285828,10.959619522094727,10.959619522094727,0.899318633882094,0.005642783585142551,0.0,1,False,0.0322654336360656,True,0,0.0,0.0,0.0,-4.907185768843192e-14,7.216449660063518e-15,1275.0,8.0,0.0,141774,17,2008,2024,17.2997263292145,16.68658698007098,-0.6131393449674374,1.4542541957151702,1.8287849340863958,0.9554894481193339,1.7229438230244674,-10.1640625,-3.195412218570709,-0.7331554591655731,2.380796313285828,10.959619522094727,10.959619522094727,1275.0,8.0,0.0,0.899318633882094,0.005642783585142551,0.0,18,16,15,0.9932077625570775,False,True
A860,CURITIBANOS,SC,S,-27.2886111,-50.60416666,860.0,147248,18,2008,2025,17.27471612532684,16.739068838129164,-0.5356472870889523,1.1891860166754962,1.563564547489728,0.9631542289175742,1.468955660460427,-9.514354705810547,-2.8274874091148376,-0.56682088971138,1.8565433025360107,12.14023494720459,12.14023494720459,0.651282190590025,0.004753884602846898,0.0,1,False,0.0115858568253165,True,0,0.0,0.0,0.0,-5.3290705182007514e-14,3.552713678800501e-15,959.0,7.0,0.0,147248,18,2008,2025,17.27471612532684,16.739068838129164,-0.5356472870889523,1.1891860166754962,1.5635645474897812,0.9631542289175706,1.4689556604604288,-9.514354705810547,-2.8274874091148376,-0.56682088971138,1.8565433025360107,12.14023494720459,12.14023494720459,959.0,7.0,0.0,0.651282190590025,0.004753884602846898,0.0,18,17,15,0.9996004566210046,False,True
A861,RIO DO CAMPO,SC,S,-26.93749999,-50.14638888,592.0,129326,18,2008,2025,18.294034456953998,16.600657640202034,-1.693376815281835,2.083733271361565,2.4951479119403532,0.9434836729953875,1.8325566925358996,-23.70610237121582,-4.379833698272705,-1.8280270099639893,1.4278240501880646,31.779638290405273,31.779638290405273,2.813046100552093,0.024743671032893617,0.011598595796668883,1,False,0.0936120208449822,True,0,0.0,0.0,0.0,-2.4424906541753444e-14,-2.9976021664879227e-15,3638.0,32.0,15.0,129326,18,2008,2025,18.294034456953998,16.600657640202034,-1.693376815281835,2.083733271361565,2.4951479119403777,0.9434836729953905,1.8325566925358971,-23.70610237121582,-4.379833698272705,-1.8280270099639893,1.4278240501880646,31.779638290405273,31.779638290405273,3638.0,32.0,15.0,2.813046100552093,0.024743671032893617,0.011598595796668883,18,10,10,0.9590182648401826,False,True
A862,RIO NEGRINHO,SC,S,-26.2486111,-49.58055554,869.0,145957,18,2008,2025,17.500140453910756,17.167934442464404,-0.3322060099299016,1.3149120126365719,1.762041921297606,0.9518205682927898,1.7304483278504716,-9.874608993530273,-3.236698818206787,-0.3201168179512024,2.5483012199401847,12.317041397094727,12.317041397094727,1.0749741362182013,0.0034256664634104567,0.0,1,False,0.6371567961705074,True,0,0.0,-5.551115123125783e-17,0.0,-4.8183679268731794e-14,-6.217248937900877e-15,1569.0,5.0,0.0,145957,18,2008,2025,17.500140453910756,17.167934442464404,-0.33220600992990157,1.3149120126365719,1.7620419212976541,0.951820568292796,1.7304483278504692,-9.874608993530273,-3.236698818206787,-0.3201168179512024,2.5483012199401847,12.317041397094727,12.317041397094727,1569.0,5.0,0.0,1.0749741362182013,0.0034256664634104567,0.0,18,17,14,0.9754399343763256,False,True
A863,ITUPORANGA,SC,S,-27.41833332,-49.64666666,484.0,144452,18,2008,2025,18.847051616190903,17.44491450465732,-1.4021371112715117,1.760811376215066,2.1228793854496293,0.9568809044308332,1.5939403986756682,-12.486181259155273,-3.9052682042121885,-1.449081301689148,1.3133035957813255,8.54624080657959,12.486181259155273,1.2080137346661868,0.0027690859247362443,0.0,1,False,0.0274180871463707,True,0,0.0,0.0,0.0,2.4868995751603507e-14,3.3306690738754696e-15,1745.0,4.0,0.0,144452,18,2008,2025,18.847051616190903,17.44491450465732,-1.4021371112715117,1.760811376215066,2.1228793854496044,0.9568809044308298,1.5939403986756704,-12.486181259155273,-3.9052682042121885,-1.449081301689148,1.3133035957813255,8.54624080657959,12.486181259155273,1745.0,4.0,0.0,1.2080137346661868,0.0027690859247362443,0.0,18,17,15,0.996353269955336,False,True
A864,MAJOR VIEIRA,SC,S,-26.3936111,-50.36333333,808.0,142779,17,2009,2025,17.78508884374671,17.67751305576344,-0.10757578785819595,1.3372041823003882,1.7868491110943483,0.9510254814234984,1.7836141614232672,-12.71875,-2.899364948272705,-0.18443870544433594,2.9332132339477544,10.432373046875,12.71875,1.4000658360122988,0.011906512862535808,0.0,1,False,0.0135301379836293,True,0,0.0,1.3877787807814457e-17,0.0,3.774758283725532e-15,3.774758283725532e-15,1999.0,17.0,0.0,142779,17,2009,2025,17.78508884374671,17.67751305576344,-0.10757578785819596,1.3372041823003882,1.7868491110943445,0.9510254814234946,1.783614161423268,-12.71875,-2.899364948272705,-0.18443870544433594,2.9332132339477544,10.432373046875,12.71875,1999.0,17.0,0.0,1.4000658360122988,0.011906512862535808,0.0,17,15,15,0.9981735159817352,False,True
A865,LAGES,SC,S,-27.80222222,-50.33555555,952.7,83331,12,2014,2025,17.02913561709688,16.403857678375434,-0.6252779375925136,1.1620123327517193,1.4991705643191424,0.9671168931245827,1.3625572138632516,-10.27455997467041,-2.7380489110946655,-0.6745601892471313,1.6723636984825134,11.631054878234863,11.631054878234863,0.428411995535875,0.003600100802822479,0.0,1,False,0.0097145670489835,True,0,0.0,0.0,0.0,-1.7763568394002505e-15,9.2148511043888e-15,357.0,3.0,0.0,83331,12,2014,2025,17.02913561709688,16.403857678375434,-0.6252779375925136,1.1620123327517193,1.4991705643191442,0.9671168931245735,1.362557213863249,-10.27455997467041,-2.7380489110946655,-0.6745601892471313,1.6723636984825134,11.631054878234863,11.631054878234863,357.0,3.0,0.0,0.428411995535875,0.003600100802822479,0.0,12,9,8,0.9709474885844748,False,True
A866,Laguna  - Farol de Santa Marta,SC,S,-28.60416666,-48.81333333,52.0,123845,17,2008,2024,20.312557633870583,20.59364536337302,0.2810877310132403,1.0875259441910679,1.4344870661776115,0.9259624720391217,1.4066836205093178,-8.609375,-2.1356246948242186,0.2976566255092621,2.5625198364257793,8.255664825439453,8.609375,0.26242480520004846,0.0,0.0,1,False,0.0308877693873735,True,0,0.0,0.0,0.0,-1.354472090042691e-14,-7.66053886991358e-15,325.0,0.0,0.0,123845,17,2008,2024,20.312557633870583,20.59364536337302,0.2810877310132403,1.0875259441910679,1.434487066177625,0.9259624720391294,1.406683620509316,-8.609375,-2.1356246948242186,0.2976566255092621,2.5625198364257793,8.255664825439453,8.609375,325.0,0.0,0.0,0.26242480520004846,0.0,0.0,18,13,10,0.9711751752875716,False,True
A867,ARARANGUA,SC,S,-28.93138888,-49.49805555,12.0,145415,18,2008,2025,20.332194752752283,19.935084993008083,-0.397109759864971,1.4872738878447227,1.951430996272604,0.939041234579349,1.9106051070906138,-11.397655487060547,-3.6648091077804565,-0.32006797194480896,2.6392303705215445,9.431934356689453,11.397655487060547,1.8051782828456486,0.005501495719148644,0.0,1,False,0.0137815711868799,True,0,0.0,5.551115123125783e-17,0.0,-5.706546346573305e-14,1.0547118733938987e-14,2625.0,8.0,0.0,145415,18,2008,2025,20.332194752752283,19.935084993008083,-0.39710975986497105,1.4872738878447227,1.951430996272661,0.9390412345793384,1.9106051070906183,-11.397655487060547,-3.6648091077804565,-0.32006797194480896,2.6392303705215445,9.431934356689453,11.397655487060547,2625.0,8.0,0.0,1.8051782828456486,0.005501495719148644,0.0,18,17,17,0.9981189335529106,False,True
A868,ITAJAI,SC,S,-26.95083333,-48.76194444,18.0,123903,16,2010,2025,20.94826921181674,20.31913135522453,-0.6291378554513765,1.2998807424532624,1.6595768255034389,0.9495515846999986,1.5357082512084177,-7.56289005279541,-3.2306928873062133,-0.6015621423721313,1.8780228018760678,7.780337810516357,7.780337810516357,0.3091127737020088,0.0,0.0,1,False,0.013238561923921,True,0,0.0,0.0,0.0,-8.926193117986259e-14,1.4432899320127035e-15,383.0,0.0,0.0,123903,16,2010,2025,20.94826921181674,20.31913135522453,-0.6291378554513765,1.2998807424532624,1.6595768255035281,0.9495515846999971,1.5357082512084144,-7.56289005279541,-3.2306928873062133,-0.6015621423721313,1.8780228018760678,7.780337810516357,7.780337810516357,383.0,0.0,0.0,0.3091127737020088,0.0,0.0,16,15,14,0.9976598173515984,False,True
A869,CIDADE GAUCHA,PR,S,-23.37583332,-52.93194443,381.0,129590,18,2008,2025,24.015396246798606,23.52453889137378,-0.4908573584203433,1.3810811755063996,1.7656584100612418,0.9514189139864377,1.6960633457049268,-9.491747856140137,-3.0025875568389893,-0.5865230560302734,2.3373148441314675,12.19609260559082,12.19609260559082,0.9391156725055946,0.00925997376340767,0.0,2,True,1.8544388900154567,True,0,0.0,0.0,0.0,-9.703349235223868e-14,-9.547918011776346e-15,1217.0,12.0,0.0,129590,18,2008,2025,24.015396246798606,23.52453889137378,-0.4908573584203433,1.3810811755063996,1.7656584100613388,0.9514189139864473,1.6960633457049277,-9.491747856140137,-3.0025875568389893,-0.5865230560302734,2.3373148441314675,12.19609260559082,12.19609260559082,1217.0,12.0,0.0,0.9391156725055946,0.00925997376340767,0.0,18,14,8,0.8808219178082192,False,True
A870,RANCHO QUEIMADO,SC,S,-27.6786111,-49.04194444,881.0,75442,10,2016,2025,16.673167467451314,17.57533409745163,0.9021666307479862,1.3551352765653166,1.75080646318792,0.9537179079356626,1.5004827507643097,-21.567773818969727,-1.4250923454761506,0.9840015470981598,3.0995487689971917,10.64438533782959,21.567773818969727,0.9424458524429363,0.09941411945600592,0.0026510431854934917,1,False,0.0141450635842191,True,0,0.0,0.0,0.0,-5.10702591327572e-15,6.661338147750939e-15,711.0,75.0,2.0,75442,10,2016,2025,16.673167467451314,17.57533409745163,0.9021666307479862,1.3551352765653166,1.7508064631879252,0.9537179079356559,1.5004827507643097,-21.567773818969727,-1.4250923454761506,0.9840015470981598,3.0995487689971917,10.64438533782959,21.567773818969727,711.0,75.0,2.0,0.9424458524429363,0.09941411945600592,0.0026510431854934917,10,8,7,0.997945205479452,False,True
A871,JAPIRA,PR,S,-23.77305554,-50.18055554,694.0,143212,18,2008,2025,21.163960420817826,20.98851134096135,-0.17544908143548985,1.3695684251098716,1.85574188717346,0.9313429085742374,1.847435899719241,-9.886180877685547,-3.394530773162842,-0.05656700022518635,2.54087682962417,12.789941787719727,12.789941787719727,2.1143479596681845,0.009775717118677205,0.0,1,False,0.0317758352291623,True,0,0.0,-2.7755575615628914e-17,-2.220446049250313e-16,-5.3290705182007514e-14,-3.774758283725532e-15,3028.0,14.0,0.0,143212,18,2008,2025,21.163960420817826,20.98851134096135,-0.17544908143548982,1.3695684251098719,1.8557418871735132,0.9313429085742412,1.847435899719237,-9.886180877685547,-3.394530773162842,-0.05656700022518635,2.54087682962417,12.789941787719727,12.789941787719727,3028.0,14.0,0.0,2.1143479596681845,0.009775717118677205,0.0,18,16,15,0.9984018264840182,False,True
A872,VENTANIA,PR,S,-24.23833333,-50.24555555,1106.0,100148,14,2011,2025,18.737203939645212,19.016668058406115,0.279464120308666,1.4188728897354514,1.8717855734575193,0.9254178492174072,1.8508147511281978,-9.110204696655273,-3.11893048286438,0.46246375143527985,2.9024913311004634,12.527539253234863,12.527539253234863,1.9231537324759356,0.013979310620281982,0.0,1,False,5.895476300781698,True,0,0.0,0.0,0.0,-4.8627768478581856e-14,-7.105427357601002e-15,1926.0,14.0,0.0,100148,14,2011,2025,18.737203939645212,19.016668058406115,0.279464120308666,1.4188728897354514,1.871785573457568,0.9254178492174143,1.8508147511282025,-9.110204696655273,-3.11893048286438,0.46246375143527985,2.9024913311004634,12.527539253234863,12.527539253234863,1926.0,14.0,0.0,1.9231537324759356,0.013979310620281982,0.0,15,10,7,0.8512557077625571,True,True
A873,MORRETES,PR,S,-25.51277777,-48.80861111,59.0,146070,18,2008,2025,21.656275071256857,20.306063151775774,-1.350211922003654,1.68550013466897,2.140453105554708,0.9392881227985944,1.6608690940122617,-12.163378715515137,-4.314159870147705,-1.1945308446884155,1.1890677750110614,10.74716854095459,12.163378715515137,2.0839323611966867,0.009584445813650989,0.0,1,False,0.4324254355694092,True,0,0.0,0.0,0.0,-1.5987211554602254e-13,6.661338147750939e-15,3044.0,14.0,0.0,146070,18,2008,2025,21.656275071256857,20.306063151775774,-1.350211922003654,1.68550013466897,2.140453105554868,0.9392881227985878,1.6608690940122623,-12.163378715515137,-4.314159870147705,-1.1945308446884155,1.1890677750110614,10.74716854095459,12.163378715515137,3044.0,14.0,0.0,2.0839323611966867,0.009584445813650989,0.0,18,17,13,0.9925926965591236,False,True
A874,SAO MATEUS DO SUL,PR,S,-25.83499999,-50.3686111,788.0,118453,15,2011,2025,18.098986937191174,18.465813508509306,0.36682656846850686,1.7138553576223081,2.202655207045551,0.9444694615278533,2.1719042457970077,-10.35205078125,-3.1013569831848145,0.20156288146972656,4.157679748535156,10.625293731689453,10.625293731689453,2.477775995542536,0.0067537335483271845,0.0,1,False,0.077326360658837,True,0,0.0,5.551115123125783e-17,0.0,-3.552713678800501e-15,-2.220446049250313e-15,2935.0,8.0,0.0,118453,15,2011,2025,18.098986937191174,18.465813508509306,0.3668265684685068,1.7138553576223081,2.2026552070455545,0.9444694615278555,2.17190424579701,-10.35205078125,-3.1013569831848145,0.20156288146972656,4.157679748535156,10.625293731689453,10.625293731689453,2935.0,8.0,0.0,2.477775995542536,0.0067537335483271845,0.0,15,12,12,0.9916894353369764,False,True
A875,GENERAL CARNEIRO,PR,S,-26.3986111,-51.35444444,1018.0,142722,18,2008,2025,17.255785374600986,16.475297302139797,-0.7804880707859915,2.026066727259219,2.490120834230539,0.9354558116999456,2.364652050206923,-12.31484317779541,-4.39057343006134,-1.0154491066932678,3.4253416061401363,10.538037300109863,12.31484317779541,3.8662574795756783,0.00630596544330937,0.0,1,False,0.08299961759677,True,0,0.0,0.0,0.0,-2.0872192862952943e-14,-4.773959005888173e-15,5518.0,9.0,0.0,142722,18,2008,2025,17.255785374600986,16.475297302139797,-0.7804880707859915,2.026066727259219,2.49012083423056,0.9354558116999504,2.364652050206925,-12.31484317779541,-4.39057343006134,-1.0154491066932678,3.4253416061401363,10.538037300109863,12.31484317779541,5518.0,9.0,0.0,3.8662574795756783,0.00630596544330937,0.0,18,16,13,0.948687214611872,False,True
A876,CLEVELANDIA,PR,S,-26.41722221,-52.34888888,980.0,147912,18,2008,2025,18.2303809022254,18.109431681683308,-0.12094922045212447,1.159504156292074,1.5514831359458576,0.9606493272778747,1.5467667510873775,-9.41396427154541,-2.5967769622802734,-0.11001701653003693,2.335347056388853,12.001611709594727,12.001611709594727,0.768024230623614,0.014873708691654497,0.0,1,False,0.0276624088765188,True,0,0.0,0.0,0.0,2.930988785010413e-14,1.099120794378905e-14,1136.0,22.0,0.0,147912,18,2008,2025,18.2303809022254,18.109431681683308,-0.12094922045212447,1.159504156292074,1.5514831359458283,0.9606493272778637,1.54676675108738,-9.41396427154541,-2.5967769622802734,-0.11001701653003693,2.335347056388853,12.001611709594727,12.001611709594727,1136.0,22.0,0.0,0.768024230623614,0.014873708691654497,0.0,18,17,14,0.9963470319634704,False,True
A878,MOSTARDAS,RS,S,-31.24777777,-50.90555555,10.0,114768,16,2008,2024,19.79390770991311,19.525912309721658,-0.2679953996563476,1.3767648432484927,1.9055718697951465,0.9181277782453074,1.8866408324607578,-10.560595512390137,-3.314435625076294,-0.15505332499742508,2.867859482765197,8.208057403564453,10.560595512390137,2.380454482085599,0.004356615084344068,0.0,1,False,0.100458792555285,True,0,0.0,0.0,0.0,5.329070518200751e-15,-7.216449660063518e-15,2732.0,5.0,0.0,114768,16,2008,2024,19.79390770991311,19.525912309721658,-0.2679953996563476,1.3767648432484927,1.9055718697951411,0.9181277782453147,1.8866408324607553,-10.560595512390137,-3.314435625076294,-0.15505332499742508,2.867859482765197,8.208057403564453,10.560595512390137,2732.0,5.0,0.0,2.380454482085599,0.004356615084344068,0.0,18,12,9,0.8954337899543379,False,True
A879,CANELA,RS,S,-29.36888888,-50.82749999,830.0,143673,18,2008,2025,16.59468097771297,16.734180928672888,0.13949995162366954,1.136806885803074,1.5472659126421056,0.9607820231594255,1.5409698555286957,-8.1150484085083,-2.222724199295044,0.07973670959472656,2.6559110164642323,13.818897247314453,13.818897247314453,0.8881279015542238,0.0334092000584661,0.0,1,False,0.0269180806542921,True,0,0.0,0.0,0.0,4.8183679268731794e-14,3.9968028886505635e-15,1276.0,48.0,0.0,143673,18,2008,2025,16.59468097771297,16.734180928672888,0.13949995162366954,1.136806885803074,1.5472659126420574,0.9607820231594215,1.540969855528699,-8.1150484085083,-2.222724199295044,0.07973670959472656,2.6559110164642323,13.818897247314453,13.818897247314453,1276.0,48.0,0.0,0.8881279015542238,0.0334092000584661,0.0,18,16,14,0.9946917808219178,False,True
A880,VACARIA,RS,S,-28.51361111,-50.88277777,986.0,149199,18,2008,2025,16.13903042342152,16.690575366547492,0.5515449440967464,1.2707972938941445,1.6248532880229714,0.9659528727125493,1.528385435329501,-10.41787052154541,-1.9273531317710877,0.5926914215087891,2.91108500957489,13.132959365844727,13.132959365844727,0.735929865481672,0.02345860226945221,0.0,1,False,0.0040156951971225,True,0,0.0,0.0,0.0,6.94999613415348e-14,-8.881784197001252e-16,1098.0,35.0,0.0,149199,18,2008,2025,16.13903042342152,16.690575366547492,0.5515449440967464,1.2707972938941445,1.6248532880229019,0.9659528727125501,1.5283854353295059,-10.41787052154541,-1.9273531317710877,0.5926914215087891,2.91108500957489,13.132959365844727,13.132959365844727,1098.0,35.0,0.0,0.735929865481672,0.02345860226945221,0.0,18,18,14,0.9981164383561644,False,True
A881,DOM PEDRITO,RS,S,-31.0025,-54.61805554,150.0,117514,16,2010,2025,19.358273057976945,18.692658596070835,-0.6656144606462597,1.3626138744092493,1.7544732083383234,0.9702141551983955,1.6233163748154311,-10.828563690185547,-2.9886715412139893,-0.7539303004741669,1.9704447567462913,34.579002380371094,34.579002380371094,0.6484333781506885,0.041697159487380224,0.017870211208877242,1,False,0.0085422032284453,True,0,0.0,1.1102230246251565e-16,0.0,1.4654943925052066e-14,1.6653345369377348e-15,762.0,49.0,21.0,117514,16,2010,2025,19.358273057976945,18.692658596070835,-0.6656144606462598,1.3626138744092493,1.7544732083383088,0.9702141551983938,1.6233163748154313,-10.828563690185547,-2.9886715412139893,-0.7539303004741669,1.9704447567462913,34.579002380371094,34.579002380371094,762.0,49.0,21.0,0.6484333781506885,0.041697159487380224,0.017870211208877242,16,12,11,0.9489490543204332,False,True
A882,TEUTONIA,RS,S,-29.45027777,-51.82416666,81.0,107838,14,2012,2025,20.828792263559656,19.306466775820763,-1.522325486626745,1.8700912807381023,2.290565974933552,0.964361026477263,1.7115036551734928,-16.367431640625,-4.149889850616455,-1.5395991802215576,1.2136942565441122,13.04438304901123,16.367431640625,1.9733303659192494,0.05749364787922624,0.0,1,False,0.1475651645041273,True,0,0.0,0.0,0.0,-8.43769498715119e-15,4.551914400963142e-15,2128.0,62.0,0.0,107838,14,2012,2025,20.828792263559656,19.306466775820763,-1.522325486626745,1.8700912807381023,2.2905659749335605,0.9643610264772584,1.711503655173495,-16.367431640625,-4.149889850616455,-1.5395991802215576,1.2136942565441122,13.04438304901123,16.367431640625,2128.0,62.0,0.0,1.9733303659192494,0.05749364787922624,0.0,14,13,10,0.9958333333333332,False,True
A883,IBIRUBA,RS,S,-28.65333333,-53.11194444,455.635,102586,14,2012,2025,19.76742733000474,19.44288955393426,-0.3245377751543974,1.3766103755802335,1.7924111976183437,0.9615133561306232,1.7627942094730433,-11.796483993530273,-3.1402828693389893,-0.27853965759277344,2.4241512417793274,14.714500427246094,14.714500427246094,1.0985904509387245,0.022420213284463766,0.0,1,False,0.0151820420333164,True,0,0.0,1.1102230246251565e-16,0.0,3.774758283725532e-15,-3.3306690738754696e-15,1127.0,23.0,0.0,102586,14,2012,2025,19.76742733000474,19.44288955393426,-0.3245377751543975,1.3766103755802335,1.79241119761834,0.9615133561306265,1.7627942094730462,-11.796483993530273,-3.1402828693389893,-0.27853965759277344,2.4241512417793274,14.714500427246094,14.714500427246094,1127.0,23.0,0.0,1.0985904509387245,0.022420213284463766,0.0,14,13,12,0.9624068733477528,False,True
A884,CAMPO BOM,RS,S,-29.674293,-51.06416666,23.35,102607,13,2013,2025,21.009344392700683,19.734961754087948,-1.2743826376388943,1.7338481415999722,2.179781642730794,0.9648777425034132,1.7684533871549954,-10.787059783935547,-4.149257326126099,-1.2267086505889893,1.5180716872215267,12.32866096496582,12.32866096496582,1.7133333983061585,0.013644293274338009,0.0,1,False,0.0168382709997691,True,0,0.0,0.0,-2.220446049250313e-16,-1.9539925233402755e-14,-1.1102230246251565e-16,1758.0,14.0,0.0,102607,13,2013,2025,21.009344392700683,19.734961754087948,-1.2743826376388943,1.7338481415999725,2.1797816427308137,0.9648777425034133,1.768453387154997,-10.787059783935547,-4.149257326126099,-1.2267086505889893,1.5180716872215267,12.32866096496582,12.32866096496582,1758.0,14.0,0.0,1.7133333983061585,0.013644293274338009,0.0,13,12,11,0.9950913242009132,False,True
A886,TUPANCIRETA,RS,S,-29.08944444,-53.82666666,462.0,79898,10,2016,2025,19.384843172408377,19.285320472892803,-0.0995227023396637,1.3444613532990883,1.768755491149305,0.9612953161089703,1.7659643971027839,-12.77685546875,-2.735436987876892,-0.21845665574073792,2.8905301332473736,17.904685974121094,17.904685974121094,1.1802548249017497,0.04505744824651431,0.0,2,True,89.45026404921933,True,0,0.0,0.0,0.0,-1.0880185641326534e-14,2.6645352591003757e-15,943.0,36.0,0.0,79898,10,2016,2025,19.384843172408377,19.285320472892803,-0.0995227023396637,1.3444613532990883,1.768755491149316,0.9612953161089677,1.7659643971027823,-12.77685546875,-2.735436987876892,-0.21845665574073792,2.8905301332473736,17.904685974121094,17.904685974121094,943.0,36.0,0.0,1.1802548249017497,0.04505744824651431,0.0,10,10,9,0.9966100680141776,True,True
A887,CAPAO DO LEAO (PELOTAS),RS,S,-31.8025,-52.40722222,13.0,53876,7,2019,2025,18.87075321210042,18.54824533859874,-0.32250787273127485,1.0691111916920804,1.3799772424268886,0.9729533455206208,1.3417746749599453,-7.06118106842041,-2.1596310138702393,-0.4896724671125412,2.0977298617362976,10.619236946105957,10.619236946105957,0.3953522904447249,0.005568342118939787,0.0,1,False,0.0,True,0,0.0,0.0,0.0,-4.440892098500626e-15,-1.2212453270876722e-15,213.0,3.0,0.0,53876,7,2019,2025,18.87075321210042,18.54824533859874,-0.32250787273127485,1.0691111916920804,1.379977242426893,0.9729533455206221,1.3417746749599486,-7.06118106842041,-2.1596310138702393,-0.4896724671125412,2.0977298617362976,10.619236946105957,10.619236946105957,213.0,3.0,0.0,0.3953522904447249,0.005568342118939787,0.0,7,7,5,0.9927644710578842,False,True
A889,SAO VICENTE DO SUL,RS,S,-29.70222222,-54.69444444,134.0,77236,10,2016,2025,20.00667823136765,19.93822559397581,-0.06845263896554235,1.1606423627335576,1.5557199982109282,0.9725530200410368,1.5542233509876966,-8.536880493164062,-2.3307995200157166,-0.16293907165527344,2.5484134554862976,16.148923873901367,16.148923873901367,0.9257341136257704,0.0362525247294008,0.0,1,False,0.040913056127886,True,0,0.0,1.3877787807814457e-17,0.0,2.4424906541753444e-15,5.773159728050814e-15,715.0,28.0,0.0,77236,10,2016,2025,20.00667823136765,19.93822559397581,-0.06845263896554236,1.1606423627335576,1.5557199982109258,0.9725530200410311,1.5542233509876962,-8.536880493164062,-2.3307995200157166,-0.16293907165527344,2.5484134554862976,16.148923873901367,16.148923873901367,715.0,28.0,0.0,0.9257341136257704,0.0362525247294008,0.0,10,8,7,0.9631278538812786,False,True
A893,ENCRUZILHADA DO SUL,RS,S,-30.54305555,-52.52472221,427.75,63219,8,2018,2025,18.55316598109811,18.320744785816807,-0.23242119270114264,1.1837709409913824,1.5841100637534273,0.9672720481728357,1.5669792351004697,-10.309814453125,-2.753573846817017,-0.19252891838550568,2.1566996335983277,11.434765815734863,11.434765815734863,0.942754551637957,0.009490817633939164,0.0,1,False,0.0,True,0,0.0,0.0,0.0,1.9984014443252818e-15,-5.551115123125783e-16,596.0,6.0,0.0,63219,8,2018,2025,18.55316598109811,18.320744785816807,-0.23242119270114264,1.1837709409913824,1.5841100637534253,0.9672720481728363,1.5669792351004748,-10.309814453125,-2.753573846817017,-0.19252891838550568,2.1566996335983277,11.434765815734863,11.434765815734863,596.0,6.0,0.0,0.942754551637957,0.009490817633939164,0.0,8,7,5,0.9684931506849316,False,True
A894,SERAFINA CORREA,RS,S,-28.70472222,-51.87079216,545.0,82168,10,2016,2025,18.527460810432046,18.060580117519212,-0.46688069482654565,1.658690952965838,2.070128325876435,0.9586964413976952,2.016805197502415,-9.055370330810547,-3.549960172176361,-0.5767820775508881,3.0051347494125356,13.343505859375,13.343505859375,1.286388861844027,0.02434037581540259,0.0,1,False,0.0230775336234692,True,0,0.0,-5.551115123125783e-17,2.220446049250313e-16,-5.1958437552457326e-14,-3.6637359812630166e-15,1057.0,20.0,0.0,82168,10,2016,2025,18.527460810432046,18.060580117519212,-0.4668806948265456,1.6586909529658378,2.070128325876487,0.9586964413976988,2.0168051975024133,-9.055370330810547,-3.549960172176361,-0.5767820775508881,3.0051347494125356,13.343505859375,13.343505859375,1057.0,20.0,0.0,1.286388861844027,0.02434037581540259,0.0,10,9,9,0.9835215647378796,False,True
A895,CHAPECO,SC,S,-27.0853111,-52.6357111,679.0,53870,7,2019,2025,20.566775573210844,20.333268553427622,-0.2335070172514637,1.4288445710338429,1.8926945975634606,0.946826196913269,1.878252592287127,-8.618505477905273,-3.305199718475342,-0.23330040276050568,2.7635500907897885,14.267820358276367,14.267820358276367,1.6335622795619082,0.04455169853350659,0.0,2,True,96.73601488726676,True,0,0.0,0.0,0.0,2.4424906541753444e-15,-4.6629367034256575e-15,880.0,24.0,0.0,53870,7,2019,2025,20.566775573210844,20.333268553427622,-0.2335070172514637,1.4288445710338429,1.8926945975634581,0.9468261969132736,1.8782525922871267,-8.618505477905273,-3.305199718475342,-0.23330040276050568,2.7635500907897885,14.267820358276367,14.267820358276367,880.0,24.0,0.0,1.6335622795619082,0.04455169853350659,0.0,7,6,6,0.9803652968036528,True,True
A897,CAMBARA DO SUL,RS,S,-29.04914583,-50.149679105,1017.0,77617,10,2016,2025,15.97399410288399,16.054928226886897,0.08093412789115308,1.0871583252484454,1.4664306933380689,0.9641820655423226,1.464204994795679,-8.488525390625,-2.331532907485962,0.12246131896972656,2.3174418449401846,12.212451934814453,12.212451934814453,0.6480539057165312,0.021902418284654137,0.0,1,False,0.0365606764418209,True,0,0.0,-1.3877787807814457e-17,0.0,1.1102230246251565e-14,4.218847493575595e-15,503.0,17.0,0.0,77617,10,2016,2025,15.97399410288399,16.054928226886897,0.08093412789115309,1.0871583252484454,1.4664306933380578,0.9641820655423183,1.4642049947956772,-8.488525390625,-2.331532907485962,0.12246131896972656,2.3174418449401846,12.212451934814453,12.212451934814453,503.0,17.0,0.0,0.6480539057165312,0.021902418284654137,0.0,10,10,10,0.9768408313995558,False,True
A898,CAMPOS NOVOS,SC,S,-27.3886111,-51.21583333,963.0,59289,7,2019,2025,17.76588237283666,17.892006069906177,0.1261236974186922,1.2399456264180013,1.6589866581835389,0.9566298019344247,1.6541994130567204,-9.284423828125,-2.5666987895965576,0.18808631598949432,2.600098133087158,12.048730850219727,12.048730850219727,1.2363170233938843,0.020239842129231394,0.0,1,False,0.0,True,0,0.0,-2.7755575615628914e-17,0.0,2.6201263381153694e-14,-3.4416913763379853e-15,733.0,12.0,0.0,59289,7,2019,2025,17.76588237283666,17.892006069906177,0.12612369741869223,1.2399456264180013,1.6589866581835127,0.9566298019344281,1.6541994130567226,-9.284423828125,-2.5666987895965576,0.18808631598949432,2.600098133087158,12.048730850219727,12.048730850219727,733.0,12.0,0.0,1.2363170233938843,0.020239842129231394,0.0,7,7,7,0.9845890410958904,False,True
A899,Santa Vitoria do Palmar - Barra do Chui,RS,S,-33.74166666,-53.37138888,26.0,141489,18,2008,2025,17.724069715792837,17.420486861385594,-0.3035828546055562,1.4693048345705044,2.010233615810594,0.9400493053787619,1.9871850820059742,-10.818309783935547,-3.814267158508301,-0.19277305901050568,3.1040433406829857,9.04837703704834,10.818309783935547,2.3033592717455065,0.0007067687240704224,0.0,1,False,0.1038750922080034,True,0,0.0,0.0,0.0,-1.2434497875801753e-14,1.3322676295501878e-15,3259.0,1.0,0.0,141489,18,2008,2025,17.724069715792837,17.420486861385594,-0.3035828546055562,1.4693048345705044,2.0102336158106064,0.9400493053787605,1.9871850820059784,-10.818309783935547,-3.814267158508301,-0.19277305901050568,3.1040433406829857,9.04837703704834,10.818309783935547,3259.0,1.0,0.0,2.3033592717455065,0.0007067687240704224,0.0,18,15,11,0.98415908750655,False,True
A901,CUIABA,MT,CO,-15.55916666,-56.72944443,240.0,177496,24,2002,2025,27.583181585359473,25.95679634105371,-1.6263852516397466,2.114223155336541,2.5704733659572843,0.9191802944401041,1.9905342652794003,-18.734956741333008,-4.568603157997131,-1.7190425395965576,1.6914188265800476,17.986474990844727,18.734956741333008,3.339793572812908,0.09408662730427728,0.0,2,True,71.81020675158352,True,0,0.0,0.0,0.0,-3.552713678800501e-14,-3.219646771412954e-15,5928.0,167.0,0.0,177496,24,2002,2025,27.583181585359473,25.95679634105371,-1.6263852516397466,2.114223155336541,2.57047336595732,0.9191802944401073,1.990534265279406,-18.734956741333008,-4.568603157997131,-1.7190425395965576,1.6914188265800476,17.986474990844727,18.734956741333008,5928.0,167.0,0.0,3.339793572812908,0.09408662730427728,0.0,24,18,13,0.9179794520547946,True,True
A902,TANGARA DA SERRA,MT,CO,-14.65,-57.41666666,321.5,163121,22,2003,2025,25.530214988076192,26.398325521852513,0.8681105280570629,1.5234342476542106,2.0019251582922326,0.920724022643965,1.803914742865227,-8.372655868530273,-1.8928219079971313,0.7913578152656555,3.886475086212158,13.64277172088623,13.64277172088623,2.1959159151795293,0.04536509707517732,0.0,1,False,1.6136999708941684,True,0,0.0,0.0,4.440892098500626e-16,8.304468224196171e-14,6.217248937900877e-15,3582.0,74.0,0.0,163121,22,2003,2025,25.530214988076192,26.398325521852513,0.8681105280570629,1.5234342476542102,2.0019251582921496,0.9207240226439588,1.8039147428652216,-8.372655868530273,-1.8928219079971313,0.7913578152656555,3.886475086212158,13.64277172088623,13.64277172088623,3582.0,74.0,0.0,2.1959159151795293,0.04536509707517732,0.0,24,16,10,0.8721999214013025,False,True
A903,S.J. DO RIO CLARO,MT,CO,-13.45,-56.66666666,350.0,161492,23,2003,2025,25.85947291010056,25.439780586945087,-0.4196923280681473,1.718897259869157,2.1791718474774004,0.9320184361419364,2.138381772693597,-10.1875,-3.799030375480652,-0.4738033264875412,3.2975680470466533,11.594334602355957,11.594334602355957,2.282466004507963,0.006192257201595126,0.0,1,False,1.2345185721150294,True,0,0.0,0.0,4.440892098500626e-16,1.8252066524837574e-13,2.3314683517128287e-15,3686.0,10.0,0.0,161492,23,2003,2025,25.85947291010056,25.439780586945087,-0.4196923280681473,1.7188972598691565,2.179171847477218,0.932018436141934,2.138381772693593,-10.1875,-3.799030375480652,-0.4738033264875412,3.2975680470466533,11.594334602355957,11.594334602355957,3686.0,10.0,0.0,2.282466004507963,0.006192257201595126,0.0,23,14,11,0.8732876712328768,False,True
A904,SORRISO,MT,CO,-12.55,-55.71666666,380.0,166170,23,2002,2025,26.620557256475816,25.776855780833422,-0.8437014799176057,1.511737361616091,1.916939017931197,0.9252528281671131,1.7212904581828286,-13.524658203125,-3.4234151244163513,-0.9185726046562195,2.0350065946578972,13.874363899230957,13.874363899230957,1.2198351086236987,0.03911656737076488,0.0,1,False,0.8802165393899265,True,0,0.0,0.0,2.220446049250313e-16,1.9539925233402755e-14,-3.774758283725532e-15,2027.0,65.0,0.0,166170,23,2002,2025,26.620557256475816,25.776855780833422,-0.8437014799176057,1.5117373616160907,1.9169390179311774,0.9252528281671168,1.721290458182827,-13.524658203125,-3.4234151244163513,-0.9185726046562195,2.0350065946578972,13.874363899230957,13.874363899230957,2027.0,65.0,0.0,1.2198351086236987,0.03911656737076488,0.0,24,17,15,0.9549086757990868,False,True
A905,CAMPO NOVO DOS PARECIS,MT,CO,-13.78333333,-57.83333333,570.0,139156,23,2002,2024,25.210219461055257,24.680285839279392,-0.5299336267404602,1.448446716374344,1.8554256233068867,0.9306483234029809,1.7781443462545268,-10.060839653015137,-3.2925288677215576,-0.5006954073905945,2.3593403100967407,11.497410774230957,11.497410774230957,1.0649918077553249,0.006467561585558654,0.0,1,False,0.6341379998079806,True,0,0.0,0.0,2.220446049250313e-16,-3.530509218307998e-14,4.3298697960381105e-15,1482.0,9.0,0.0,139156,23,2002,2024,25.210219461055257,24.680285839279392,-0.5299336267404602,1.4484467163743437,1.855425623306922,0.9306483234029765,1.778144346254526,-10.060839653015137,-3.2925288677215576,-0.5006954073905945,2.3593403100967407,11.497410774230957,11.497410774230957,1482.0,9.0,0.0,1.0649918077553249,0.006467561585558654,0.0,24,14,11,0.865674825960027,False,True
A906,GUARANTA DO NORTE,MT,CO,-9.95,-54.88333333,320.0,146973,22,2002,2025,26.41204982705736,26.334743186971085,-0.07730664514796927,1.5296747240333155,1.97371466654056,0.909511693128493,1.972206817820151,-9.6533203125,-3.116523027420044,-0.1768062561750412,3.3865525245666497,11.920262336730957,11.920262336730957,1.572397651269281,0.010205956196036006,0.0,1,False,1.6062247680342705,True,0,0.0,0.0,0.0,1.2234657731369225e-13,8.992806499463768e-15,2311.0,15.0,0.0,146973,22,2002,2025,26.41204982705736,26.334743186971085,-0.07730664514796927,1.5296747240333155,1.9737146665404377,0.909511693128484,1.9722068178201566,-9.6533203125,-3.116523027420044,-0.1768062561750412,3.3865525245666497,11.920262336730957,11.920262336730957,2311.0,15.0,0.0,1.572397651269281,0.010205956196036006,0.0,24,14,13,0.9734018264840184,False,True
A907,RONDONOPOLIS,MT,CO,-16.45,-54.56666666,284.0,171560,23,2003,2025,26.268687336098537,26.288059842205737,0.019372502351265322,1.5838444066303379,2.014559921139479,0.9359698726532769,2.0144726446714345,-19.454931259155273,-3.1114791512489317,0.03703651390969753,3.2691386699676483,12.215672492980957,19.454931259155273,1.5510608533457684,0.05071112147353696,0.0,1,False,2.0096650125940627,True,0,0.0,0.0,0.0,1.341149413747189e-13,-6.994405055138486e-15,2661.0,87.0,0.0,171560,23,2003,2025,26.268687336098537,26.288059842205737,0.019372502351265322,1.5838444066303379,2.014559921139345,0.9359698726532839,2.014472644671438,-19.454931259155273,-3.1114791512489317,0.03703651390969753,3.2691386699676483,12.215672492980957,19.454931259155273,2661.0,87.0,0.0,1.5510608533457684,0.05071112147353696,0.0,23,18,15,0.9666666666666668,False,True
A908,AGUA BOA,MT,CO,-14.01611111,-52.21222222,432.0,132515,20,2006,2025,26.370629731857548,26.59062298223918,0.21999324207433404,1.4054548268854272,1.8176879286536134,0.9150261263713648,1.8043328260960518,-9.770379066467285,-2.416212558746338,0.09941444545984268,3.3413236618041986,12.548093795776367,12.548093795776367,1.3651284760215825,0.011319473267177301,0.0,1,False,0.0674265948678319,True,0,0.0,0.0,0.0,-4.374278717023117e-14,2.4424906541753444e-15,1809.0,15.0,0.0,132515,20,2006,2025,26.370629731857548,26.59062298223918,0.21999324207433404,1.4054548268854272,1.8176879286536571,0.9150261263713624,1.804332826096053,-9.770379066467285,-2.416212558746338,0.09941444545984268,3.3413236618041986,12.548093795776367,12.548093795776367,1809.0,15.0,0.0,1.3651284760215825,0.011319473267177301,0.0,20,13,11,0.9432648401826484,False,True
A909,ALTO ARAGUAIA,MT,CO,-17.33944444,-53.22416666,753.0,112407,15,2011,2025,24.150463936554925,23.913606691141158,-0.23685724806478717,1.3138358855706773,1.6977949653863642,0.9418337652687293,1.6811994328909052,-7.732809066772461,-2.7403023004531857,-0.3282729983329773,2.583808040618896,12.422070503234863,12.422070503234863,0.9536772620922184,0.009785867428185078,0.0,1,False,0.0294830395395859,True,0,0.0,2.7755575615628914e-17,-2.220446049250313e-16,-4.8405723873656825e-14,3.4416913763379853e-15,1072.0,11.0,0.0,112407,15,2011,2025,24.150463936554925,23.913606691141158,-0.2368572480647872,1.3138358855706775,1.6977949653864126,0.9418337652687259,1.6811994328909095,-7.732809066772461,-2.7403023004531857,-0.3282729983329773,2.583808040618896,12.422070503234863,12.422070503234863,1072.0,11.0,0.0,0.9536772620922184,0.009785867428185078,0.0,15,13,8,0.9211187214611872,False,True
A910,APIACAS,MT,CO,-9.56388888,-57.3936111,220.0,110273,19,2006,2024,27.072936252311266,25.97344600583431,-1.0994902521578038,1.8074787353350412,2.2958073701365227,0.8932391684783413,2.015412985230089,-9.47021484375,-4.4910835266113285,-1.0852047204971313,2.346324825286864,11.529149055480957,11.529149055480957,3.4759188559302823,0.005441041778132453,0.0,1,False,0.0617744268236504,True,0,0.0,0.0,0.0,1.127986593019159e-13,-6.328271240363392e-15,3833.0,6.0,0.0,110273,19,2006,2024,27.072936252311266,25.97344600583431,-1.0994902521578038,1.8074787353350412,2.29580737013641,0.8932391684783476,2.015412985230087,-9.47021484375,-4.4910835266113285,-1.0852047204971313,2.346324825286864,11.529149055480957,11.529149055480957,3833.0,6.0,0.0,3.4759188559302823,0.005441041778132453,0.0,20,10,6,0.7960616438356164,False,True
A911,SAPEZAL,MT,CO,-13.30388888,-58.76333333,105.0,53105,8,2017,2025,25.02041427030277,25.513535245912088,0.4931209719907271,1.5591608895346432,2.071361044050436,0.9015363910181606,2.011826159904528,-8.577831268310547,-2.550995635986328,0.4139164090156555,3.8319437980651783,12.779300689697266,12.779300689697266,2.6080406741361455,0.10168534036343094,0.0,2,True,356.8779305719894,True,0,0.0,0.0,0.0,-6.217248937900877e-15,3.885780586188048e-15,1385.0,54.0,0.0,53105,8,2017,2025,25.02041427030277,25.513535245912088,0.4931209719907271,1.5591608895346432,2.0713610440504424,0.9015363910181567,2.01182615990453,-8.577831268310547,-2.550995635986328,0.4139164090156555,3.8319437980651783,12.779300689697266,12.779300689697266,1385.0,54.0,0.0,2.6080406741361455,0.10168534036343094,0.0,9,5,4,0.8394808743169399,True,True
A912,CAMPO VERDE,MT,CO,-15.52749999,-55.13555555,749.0,146819,20,2006,2025,24.316941267403845,24.37407024541699,0.057128977656390655,1.2147060667805634,1.6120125970703458,0.9221266118955618,1.6110054531738802,-6.762157917022705,-2.3358981370925904,-0.0342281349003315,2.8131400346755986,10.698728561401367,10.698728561401367,0.9971461459347905,0.003405553777099694,0.0,1,False,5.85564599918187,True,0,0.0,0.0,0.0,-8.149037000748649e-14,-1.4432899320127035e-15,1464.0,5.0,0.0,146819,20,2006,2025,24.316941267403845,24.37407024541699,0.057128977656390655,1.2147060667805634,1.6120125970704273,0.9221266118955632,1.6110054531738751,-6.762157917022705,-2.3358981370925904,-0.0342281349003315,2.8131400346755986,10.698728561401367,10.698728561401367,1464.0,5.0,0.0,0.9971461459347905,0.003405553777099694,0.0,20,17,10,0.8942409299598273,True,True
A913,COMODORO,MT,CO,-13.70861111,-59.76277777,591.0,132871,19,2006,2024,23.395512937902488,24.146212129351518,0.7506991882544166,1.7813926567728708,2.4135053550894923,0.8958196773199973,2.2937956374415367,-11.375244140625,-2.5512218475341797,0.44814491271972656,5.099812746047974,22.485645294189453,22.485645294189453,5.8334775835208585,0.026341338591566253,0.0022578290221342504,1,False,0.0686777087063302,True,0,0.0,1.1102230246251565e-16,0.0,7.149836278586008e-14,-2.4424906541753444e-15,7751.0,35.0,3.0,132871,19,2006,2024,23.395512937902488,24.146212129351518,0.7506991882544165,1.7813926567728708,2.4135053550894208,0.8958196773199998,2.293795637441538,-11.375244140625,-2.5512218475341797,0.44814491271972656,5.099812746047974,22.485645294189453,22.485645294189453,7751.0,35.0,3.0,5.8334775835208585,0.026341338591566253,0.0022578290221342504,20,13,12,0.96398401826484,False,True
A914,JUARA,MT,CO,-11.28027777,-57.52666666,260.0,112525,17,2006,2023,26.586090193169827,26.497140093830737,-0.08895010858277358,1.6124048767347572,2.096701000523196,0.8952539992187394,2.0948226564706753,-14.684243202209473,-3.2878024101257326,-0.1716793030500412,3.43150677680969,13.06025218963623,14.684243202209473,1.9968895800933126,0.12708287047322817,0.0,1,False,0.013608613075342,True,0,0.0,0.0,0.0,2.1316282072803006e-14,7.771561172376096e-15,2247.0,143.0,0.0,112525,17,2006,2023,26.586090193169827,26.497140093830737,-0.08895010858277358,1.6124048767347572,2.0967010005231748,0.8952539992187316,2.0948226564706727,-14.684243202209473,-3.2878024101257326,-0.1716793030500412,3.43150677680969,13.06025218963623,14.684243202209473,2247.0,143.0,0.0,1.9968895800933126,0.12708287047322817,0.0,20,10,7,0.7966177608104399,False,True
A915,PARANATINGA,MT,CO,-14.42138888,-54.03527777,474.0,99630,18,2006,2025,25.802421955065377,25.158477717576396,-0.643944244046765,1.673448423948391,2.0886742109866323,0.919640830012732,1.98694121608311,-8.352099418640137,-3.653183221817016,-0.702392190694809,2.7724053025245636,11.341160774230957,11.341160774230957,1.2777275920907356,0.012044564890093345,0.0,1,False,0.0897424341404657,True,0,0.0,0.0,4.440892098500626e-16,-4.440892098500626e-16,-4.218847493575595e-15,1273.0,12.0,0.0,99630,18,2006,2025,25.802421955065377,25.158477717576396,-0.643944244046765,1.6734484239483907,2.0886742109866328,0.9196408300127362,1.9869412160831108,-8.352099418640137,-3.653183221817016,-0.702392190694809,2.7724053025245636,11.341160774230957,11.341160774230957,1273.0,12.0,0.0,1.2777275920907356,0.012044564890093345,0.0,20,10,5,0.7657122539112209,False,True
A916,QUERENCIA,MT,CO,-12.5986111,-52.19444444,339.0,114308,17,2007,2025,26.303777508978104,26.05983937488717,-0.24393813824766675,1.5506274785367853,2.027156976067557,0.91390151630798,2.012435097090263,-10.671483993530273,-3.334096312522888,-0.3349117338657379,3.2683207273483252,13.54545783996582,13.54545783996582,2.397032578647164,0.013997270532246212,0.0,2,True,4.292164706680202,True,0,0.0,0.0,-2.220446049250313e-16,-5.906386491005833e-14,-4.773959005888173e-15,2740.0,16.0,0.0,114308,17,2007,2025,26.303777508978104,26.05983937488717,-0.24393813824766675,1.5506274785367855,2.0271569760676162,0.9139015163079848,2.012435097090259,-10.671483993530273,-3.334096312522888,-0.3349117338657379,3.2683207273483252,13.54545783996582,13.54545783996582,2740.0,16.0,0.0,2.397032578647164,0.013997270532246212,0.0,17,11,10,0.9762557077625572,False,True
A917,SINOP,MT,CO,-11.98222221,-55.56583333,371.0,125757,19,2006,2025,26.400515269998824,25.853753727606282,-0.5467615517400759,1.4235003108648747,1.843196019136293,0.927481284164319,1.7602408951256978,-11.746337890625,-3.280819892883301,-0.5889644622802734,2.3940049171447746,12.06635570526123,12.06635570526123,1.2396924226882002,0.024650715268334962,0.0,1,False,0.0302147886660431,True,0,0.0,0.0,0.0,-3.375077994860476e-14,-2.6645352591003757e-15,1559.0,31.0,0.0,125757,19,2006,2025,26.400515269998824,25.853753727606282,-0.5467615517400759,1.4235003108648747,1.8431960191363268,0.9274812841643216,1.7602408951256927,-11.746337890625,-3.280819892883301,-0.5889644622802734,2.3940049171447746,12.06635570526123,12.06635570526123,1559.0,31.0,0.0,1.2396924226882002,0.024650715268334962,0.0,20,11,7,0.8208493961623874,False,True
A919,COTRIGUACU,MT,CO,-9.90611111,-58.57194443,261.0,127356,18,2007,2025,25.988185869104477,26.53686261430915,0.5486767417838427,1.812551922584716,2.3623711590485668,0.8618441319533479,2.297779968380695,-15.28115177154541,-3.169188380241394,0.47595158219337463,4.602479815483093,13.34150218963623,15.28115177154541,4.412041835484783,0.0416156286315525,0.0,1,False,0.0433566968717439,True,0,0.0,0.0,0.0,7.37188088351104e-14,2.7755575615628914e-15,5619.0,53.0,0.0,127356,18,2007,2025,25.988185869104477,26.53686261430915,0.5486767417838427,1.812551922584716,2.362371159048493,0.8618441319533451,2.297779968380692,-15.28115177154541,-3.169188380241394,0.47595158219337463,4.602479815483093,13.34150218963623,15.28115177154541,5619.0,53.0,0.0,4.412041835484783,0.0416156286315525,0.0,19,14,11,0.9707762557077626,False,True
A920,JUINA,MT,CO,-11.36694443,-58.73305554,220.0,128895,20,2006,2025,25.78527638331669,25.789391594372596,0.004115206416925544,1.2880371191840023,1.726672457737371,0.9099406434805011,1.7266742518121088,-9.461321830749512,-2.7080805778503416,-0.08222007751464844,2.9071285009384136,13.201512336730957,13.201512336730957,1.2444237557702005,0.03258466193413243,0.0,2,True,4.639107414040749,True,0,0.0,-1.0408340855860843e-17,0.0,-1.9761969838327786e-14,2.6645352591003757e-15,1604.0,42.0,0.0,128895,20,2006,2025,25.78527638331669,25.789391594372596,0.004115206416925555,1.2880371191840023,1.7266724577373909,0.9099406434804984,1.7266742518121112,-9.461321830749512,-2.7080805778503416,-0.08222007751464844,2.9071285009384136,13.201512336730957,13.201512336730957,1604.0,42.0,0.0,1.2444237557702005,0.03258466193413243,0.0,20,13,9,0.8693878346682635,False,True
A921,SAO FELIX  DO ARAGUAIA,MT,CO,-11.61888888,-50.72777777,218.0,89619,16,2007,2022,27.444848744149525,27.81048184043254,0.36563309182182674,1.5651538313302764,2.0266481691776796,0.9043531533992,1.9934040190771602,-14.383398056030273,-2.664677357673645,0.24145355820655823,3.820122361183166,13.14423656463623,14.383398056030273,1.9839542954061082,0.029011705107175934,0.0,1,False,0.0171759027248682,True,0,0.0,0.0,0.0,-1.3322676295501878e-15,-1.9984014443252818e-15,1778.0,26.0,0.0,89619,16,2007,2022,27.444848744149525,27.81048184043254,0.36563309182182674,1.5651538313302764,2.026648169177681,0.904353153399202,1.9934040190771616,-14.383398056030273,-2.664677357673645,0.24145355820655823,3.820122361183166,13.14423656463623,14.383398056030273,1778.0,26.0,0.0,1.9839542954061082,0.029011705107175934,0.0,18,6,5,0.6415525114155252,False,True
A922,VILA BELA DA SANTISSIMA TRINDADE,MT,CO,-15.06277777,-59.87277777,222.0,129645,19,2006,2025,26.331264607142877,25.673496533812088,-0.6577680737185344,1.721466694612367,2.323175975392154,0.904327577099986,2.228121645482594,-17.946147918701172,-4.057110786437988,-0.6264156103134155,2.8445511341094956,13.484128952026367,17.946147918701172,3.8389448108295734,0.2915654286706005,0.0,1,False,0.0298254432825368,True,0,0.0,0.0,0.0,-6.084022174945858e-14,-7.105427357601002e-15,4977.0,378.0,0.0,129645,19,2006,2025,26.331264607142877,25.673496533812088,-0.6577680737185344,1.721466694612367,2.323175975392215,0.9043275770999931,2.2281216454825956,-17.946147918701172,-4.057110786437988,-0.6264156103134155,2.8445511341094956,13.484128952026367,17.946147918701172,4977.0,378.0,0.0,3.8389448108295734,0.2915654286706005,0.0,20,13,8,0.8551215472715024,False,True
A923,PRIMAVERA DO LESTE,MT,CO,-15.57999999,-54.3811111,680.0,42005,8,2017,2024,24.995133906815,25.091374149533657,0.09624023691447815,1.239282253408546,1.6733922051513206,0.929693248073052,1.6706423119924787,-7.366942882537842,-2.4056148052215574,0.013281631283462048,2.8852932929992665,11.90683650970459,11.90683650970459,1.3403166289727413,0.02618735864778003,0.0,1,False,0.0,True,0,0.0,0.0,0.0,1.3100631690576847e-14,-2.9976021664879227e-15,563.0,11.0,0.0,42005,8,2017,2024,24.995133906815,25.091374149533657,0.09624023691447815,1.239282253408546,1.6733922051513075,0.929693248073055,1.6706423119924778,-7.366942882537842,-2.4056148052215574,0.013281631283462048,2.8852932929992665,11.90683650970459,11.90683650970459,563.0,11.0,0.0,1.3403166289727413,0.02618735864778003,0.0,9,4,4,0.764269406392694,False,True
A924,ALTA FLORESTA,MT,CO,-9.84944444,-56.1,289.0,109249,17,2007,2024,25.853314896987474,26.286487056945628,0.4331721524531696,1.7078314671400525,2.289101458557948,0.8805540650758338,2.2477530159028896,-8.57412052154541,-2.888730144500732,0.17832069098949432,4.750069427490234,12.02250862121582,12.02250862121582,4.7149172990141786,0.010984082234162328,0.0,2,True,26.77676480067433,True,0,0.0,0.0,0.0,6.128431095930864e-14,-2.55351295663786e-15,5151.0,12.0,0.0,109249,17,2007,2024,25.853314896987474,26.286487056945628,0.4331721524531696,1.7078314671400525,2.289101458557887,0.8805540650758363,2.2477530159028882,-8.57412052154541,-2.888730144500732,0.17832069098949432,4.750069427490234,12.02250862121582,12.02250862121582,5151.0,12.0,0.0,4.7149172990141786,0.010984082234162328,0.0,19,9,6,0.7628995433789955,True,True
A925,PORTO VELHO,RO,N,-8.76388888,-63.47499999,98.0,113422,17,2007,2025,27.091990085025746,26.755640226204953,-0.3363498640702597,1.451799301963152,1.8999579390843884,0.8844720956715636,1.869957156914676,-8.722704887390137,-3.4600557684898376,-0.30664023756980896,2.7365141034126275,13.06425666809082,13.06425666809082,1.5534905044876657,0.0035266526776110453,0.0,2,True,40.896726421473595,True,0,0.0,0.0,0.0,2.375877272697835e-14,1.887379141862766e-15,1762.0,4.0,0.0,113422,17,2007,2025,27.091990085025746,26.755640226204953,-0.3363498640702597,1.451799301963152,1.8999579390843646,0.8844720956715617,1.8699571569146725,-8.722704887390137,-3.4600557684898376,-0.30664023756980896,2.7365141034126275,13.06425666809082,13.06425666809082,1762.0,4.0,0.0,1.5534905044876657,0.0035266526776110453,0.0,19,9,5,0.7884703196347032,True,True
A926,CARLINDA,MT,CO,-10.00527777,-55.79055555,306.0,116491,17,2008,2024,26.075174898559748,26.142356355880967,0.06718144962559927,1.2227284809263614,1.6370857987001617,0.9141124049295545,1.6357137686901617,-9.837939262390137,-2.5756832361221313,0.04794960096478462,2.7121037244796753,13.601902961730957,13.601902961730957,0.9511464404975492,0.01974401455906465,0.0,1,False,5.593495419580957,True,0,0.0,0.0,0.0,9.992007221626409e-15,5.10702591327572e-15,1108.0,23.0,0.0,116491,17,2008,2024,26.075174898559748,26.142356355880967,0.06718144962559927,1.2227284809263614,1.6370857987001517,0.9141124049295494,1.6357137686901608,-9.837939262390137,-2.5756832361221313,0.04794960096478462,2.7121037244796753,13.601902961730957,13.601902961730957,1108.0,23.0,0.0,0.9511464404975492,0.01974401455906465,0.0,18,13,10,0.925724230855603,True,True
A927,BRASNORTE (MUNDO NOVO),MT,CO,-12.87194443,-58.38722221,431.0,107716,17,2008,2025,26.021934526285108,25.745760230518016,-0.27617430094046247,1.2966034751687043,1.6917263686617958,0.9219648281585004,1.669039161725579,-10.083544731140137,-2.956603527069092,-0.29138144850730896,2.483139455318451,13.456785202026367,13.456785202026367,0.8058227190018197,0.005570203126740688,0.0,2,True,42.430911202056386,True,0,0.0,0.0,-2.220446049250313e-16,-1.5543122344752192e-15,3.6637359812630166e-15,868.0,6.0,0.0,107716,17,2008,2025,26.021934526285108,25.745760230518016,-0.27617430094046247,1.2966034751687046,1.6917263686617974,0.9219648281584968,1.6690391617255758,-10.083544731140137,-2.956603527069092,-0.29138144850730896,2.483139455318451,13.456785202026367,13.456785202026367,868.0,6.0,0.0,0.8058227190018197,0.005570203126740688,0.0,18,9,7,0.811244292237443,True,True
A928,NOVA MARINGA,MT,CO,-13.06555555,-57.15611111,353.0,131393,17,2008,2025,26.444592933534008,25.58939369832077,-0.8551992404751789,1.842135148048447,2.663095267856177,0.8749117251728449,2.522054534491897,-21.160058975219727,-5.051640319824219,-0.6523433923721313,2.6384171485900842,11.981443405151367,21.160058975219727,5.5223642050946395,1.3509091047468282,0.001522151103940088,2,True,7.542045248854603,True,0,0.0,0.0,2.220446049250313e-16,-8.348877145181177e-14,-7.105427357601002e-15,7256.0,1775.0,2.0,131393,17,2008,2025,26.444592933534008,25.58939369832077,-0.8551992404751789,1.8421351480484467,2.6630952678562605,0.874911725172852,2.522054534491895,-21.160058975219727,-5.051640319824219,-0.6523433923721313,2.6384171485900842,11.981443405151367,21.160058975219727,7256.0,1775.0,2.0,5.5223642050946395,1.3509091047468282,0.001522151103940088,18,14,10,0.9748895875439778,True,True
A929,NOVA UBIRATA,MT,CO,-13.68638888,-54.95611111,518.0,107260,17,2008,2025,25.883758151039977,25.30920420861302,-0.5745539489520086,1.446213179769467,1.8578471991777477,0.9310636323608114,1.766780427087603,-9.908397674560547,-3.4474679708480838,-0.5212886929512024,2.1937616705894443,11.617527961730957,11.617527961730957,1.0572440798060787,0.004661570016781652,0.0,2,True,37.719050918575505,True,0,0.0,0.0,0.0,9.325873406851315e-15,6.8833827526759706e-15,1134.0,5.0,0.0,107260,17,2008,2025,25.883758151039977,25.30920420861302,-0.5745539489520086,1.446213179769467,1.8578471991777383,0.9310636323608045,1.7667804270876024,-9.908397674560547,-3.4474679708480838,-0.5212886929512024,2.1937616705894443,11.617527961730957,11.617527961730957,1134.0,5.0,0.0,1.0572440798060787,0.004661570016781652,0.0,18,10,7,0.8150730156947876,True,True
A930,GAUCHA DO NORTE,MT,CO,-13.18472221,-53.2575,379.0,119749,18,2008,2025,27.05987690260601,26.139903758323552,-0.919973150583787,1.6123456304699442,2.050339642602627,0.9318223473175108,1.8323673459846672,-11.444189071655273,-3.822694969177246,-0.9224838018417358,2.068662500381469,13.543113708496094,13.543113708496094,1.8956316962980901,0.013361280678753057,0.0,1,False,0.0208591309031251,True,0,0.0,0.0,0.0,1.687538997430238e-14,-4.9960036108132044e-15,2270.0,16.0,0.0,119749,18,2008,2025,27.05987690260601,26.139903758323552,-0.919973150583787,1.6123456304699442,2.05033964260261,0.9318223473175158,1.8323673459846592,-11.444189071655273,-3.822694969177246,-0.9224838018417358,2.068662500381469,13.543113708496094,13.543113708496094,2270.0,16.0,0.0,1.8956316962980901,0.013361280678753057,0.0,18,10,8,0.8645228248122365,False,True
A931,SANTO ANTONIO DO LESTE,MT,CO,-14.92777777,-53.8836111,648.0,134372,18,2008,2025,24.913737978119197,24.496218190630227,-0.41751979021154784,1.477296993209746,1.8729529857091165,0.9208146030129795,1.8258299265285265,-8.643163681030273,-3.192426323890686,-0.4783199280500412,2.721737062931061,11.57373046875,11.57373046875,0.9883011341648558,0.005209418628881017,0.0,1,False,0.3215911417370743,True,0,0.0,5.551115123125783e-17,-2.220446049250313e-16,6.705747068735946e-14,3.552713678800501e-15,1328.0,7.0,0.0,134372,18,2008,2025,24.913737978119197,24.496218190630227,-0.4175197902115479,1.4772969932097462,1.8729529857090494,0.9208146030129759,1.825829926528525,-8.643163681030273,-3.192426323890686,-0.4783199280500412,2.721737062931061,11.57373046875,11.57373046875,1328.0,7.0,0.0,0.9883011341648558,0.005209418628881017,0.0,18,15,11,0.9978310502283104,False,True
A932,GUIRATINGA,MT,CO,-16.34166666,-53.76611111,526.0,137165,18,2008,2025,26.493351069352936,24.909107960286015,-1.5842431132429036,1.9949807565578088,2.396509168385731,0.9300937525542999,1.79818061544412,-9.81020450592041,-4.279003620147705,-1.6790523529052734,1.434172344207761,11.09199047088623,11.09199047088623,2.2593227135202127,0.001458097911274742,0.0,1,False,0.0,True,0,0.0,0.0,0.0,-4.929390229335695e-14,-2.886579864025407e-15,3099.0,2.0,0.0,137165,18,2008,2025,26.493351069352936,24.909107960286015,-1.5842431132429036,1.9949807565578088,2.3965091683857804,0.9300937525543028,1.7981806154441142,-9.81020450592041,-4.279003620147705,-1.6790523529052734,1.434172344207761,11.09199047088623,11.09199047088623,3099.0,2.0,0.0,2.2593227135202127,0.001458097911274742,0.0,18,14,12,0.9826098472175756,False,True
A933,ITIQUIRA,MT,CO,-17.29722221,-54.83722221,585.0,110591,16,2008,2025,25.27463717424888,25.261333147927626,-0.013304028754005878,1.4602436198010749,1.8684428098141188,0.9186887223833364,1.8684038917011827,-9.210986137390137,-2.904955744743347,-0.04477500915527344,3.0612064599990845,12.904004096984863,12.904004096984863,1.299382409056795,0.014467723413297648,0.0,2,True,38.140025722573974,True,0,0.0,0.0,2.220446049250313e-16,-1.554312234475219e-14,3.6637359812630166e-15,1437.0,16.0,0.0,110591,16,2008,2025,25.27463717424888,25.261333147927626,-0.013304028754005878,1.4602436198010746,1.8684428098141344,0.9186887223833328,1.868403891701183,-9.210986137390137,-2.904955744743347,-0.04477500915527344,3.0612064599990845,12.904004096984863,12.904004096984863,1437.0,16.0,0.0,1.299382409056795,0.014467723413297648,0.0,18,11,8,0.8843607305936072,True,True
A934,ALTO TAQUARI,MT,CO,-17.81555555,-53.28749999,875.0,145240,18,2008,2025,23.296171166497267,23.490236489400495,0.19406532422515996,1.3324833363448756,1.7642458744935854,0.9292281634737174,1.75354592951728,-7.988769054412842,-2.4007320404052734,0.07309608161449432,3.2550383806228615,11.993603706359863,11.993603706359863,1.350867529606169,0.014458826769484989,0.0,1,False,2.8490961685222738,True,0,0.0,0.0,-2.220446049250313e-16,1.4876988529977098e-14,3.9968028886505635e-15,1962.0,21.0,0.0,145240,18,2008,2025,23.296171166497267,23.490236489400495,0.19406532422515996,1.3324833363448758,1.7642458744935705,0.9292281634737134,1.7535459295172837,-7.988769054412842,-2.4007320404052734,0.07309608161449432,3.2550383806228615,11.993603706359863,11.993603706359863,1962.0,21.0,0.0,1.350867529606169,0.014458826769484989,0.0,18,14,14,0.9885095682305644,False,True
A935,PORTO ESTRELA,MT,CO,-15.54638888,-57.38166666,145.0,113197,17,2008,2024,26.56861312114069,26.116744222906966,-0.4518689030111492,1.5455211196474123,1.9780666407324197,0.9412963625577054,1.9257712460147693,-9.40761661529541,-3.4899484634399416,-0.4891597628593445,2.76824254989624,12.26542854309082,12.26542854309082,1.6599379842221966,0.004417078191118139,0.0,2,True,29.774519466611512,True,0,0.0,0.0,0.0,-3.552713678800501e-15,-3.3306690738754696e-15,1879.0,5.0,0.0,113197,17,2008,2024,26.56861312114069,26.116744222906966,-0.4518689030111492,1.5455211196474123,1.9780666407324232,0.9412963625577088,1.9257712460147682,-9.40761661529541,-3.4899484634399416,-0.4891597628593445,2.76824254989624,12.26542854309082,12.26542854309082,1879.0,5.0,0.0,1.6599379842221966,0.004417078191118139,0.0,18,10,8,0.8213666816378471,True,True
A936,SALTO DO CEU,MT,CO,-15.13583333,-58.115,303.0,133960,17,2008,2025,25.485223943856482,25.542791304665915,0.05756735756032713,1.8850727945011987,2.400175319962555,0.9030188783347043,2.39949381030157,-10.170507431030273,-3.7651411294937134,0.023158645257353783,4.0946539878845165,14.267430305480957,14.267430305480957,3.822782920274709,0.0373245744998507,0.0,2,True,1.8021226501965537,True,0,0.0,0.0,0.0,-1.3322676295501878e-15,5.329070518200751e-15,5121.0,50.0,0.0,133960,17,2008,2025,25.485223943856482,25.542791304665915,0.05756735756032713,1.8850727945011987,2.4001753199625564,0.903018878334699,2.399493810301569,-10.170507431030273,-3.7651411294937134,0.023158645257353783,4.0946539878845165,14.267430305480957,14.267430305480957,5121.0,50.0,0.0,3.822782920274709,0.0373245744998507,0.0,18,13,12,0.9977739726027396,False,True
A937,PONTES E LACERDA,MT,CO,-15.25111111,-59.34666666,256.0,124327,16,2008,2024,26.086827472079186,25.347160288897648,-0.7396671901015383,1.6059148488999713,2.061030801860256,0.929461542591953,1.9237385946453578,-13.747118949890137,-3.8661977767944333,-0.7339351773262024,2.445576572418211,14.30790901184082,14.30790901184082,2.018869593893523,0.005630313608467992,0.0,1,False,1.8542098930301556,True,0,0.0,0.0,2.220446049250313e-16,3.419486915845482e-14,-4.6629367034256575e-15,2510.0,7.0,0.0,124327,16,2008,2024,26.086827472079186,25.347160288897648,-0.7396671901015383,1.605914848899971,2.061030801860222,0.9294615425919577,1.9237385946453616,-13.747118949890137,-3.8661977767944333,-0.7339351773262024,2.445576572418211,14.30790901184082,14.30790901184082,2510.0,7.0,0.0,2.018869593893523,0.005630313608467992,0.0,18,13,12,0.977588922574045,False,True
A938,VILHENA,RO,N,-12.73472221,-60.15777777,590.0,132755,18,2008,2025,25.210918603678493,24.61364658366201,-0.597272025744739,1.3073396702034858,1.703216822842216,0.9119202332424107,1.5950651515688745,-8.599609375,-3.023979163169861,-0.6522945165634155,2.101473450660705,11.697996139526367,11.697996139526367,0.9114534292493691,0.011299009453504576,0.0,1,False,0.0308877693873735,True,0,0.0,0.0,0.0,2.6645352591003757e-14,-2.220446049250313e-15,1210.0,15.0,0.0,132755,18,2008,2025,25.210918603678493,24.61364658366201,-0.597272025744739,1.3073396702034858,1.7032168228421893,0.9119202332424129,1.595065151568875,-8.599609375,-3.023979163169861,-0.6522945165634155,2.101473450660705,11.697996139526367,11.697996139526367,1210.0,15.0,0.0,0.9114534292493691,0.011299009453504576,0.0,18,13,12,0.9872121897768672,False,True
A939,CACOAL,RO,N,-11.44583333,-61.43416666,210.0,130227,18,2008,2025,27.10356760893186,26.073912634114265,-1.0296549820946743,1.57940596586401,2.0058237230417513,0.9178344018646114,1.7213837978755524,-10.110204696655273,-3.8024019241333007,-1.0375484228134155,1.751040446758269,11.050926208496094,11.050926208496094,1.764611025363404,0.006143119322413938,0.0,1,False,0.002288285967785,True,0,0.0,0.0,2.220446049250313e-16,3.68594044175552e-14,1.1102230246251565e-15,2298.0,8.0,0.0,130227,18,2008,2025,27.10356760893186,26.073912634114265,-1.0296549820946743,1.5794059658640098,2.0058237230417144,0.9178344018646103,1.7213837978755493,-10.110204696655273,-3.8024019241333007,-1.0375484228134155,1.751040446758269,11.050926208496094,11.050926208496094,2298.0,8.0,0.0,1.764611025363404,0.006143119322413938,0.0,18,15,12,0.9836446658364466,False,True
A940,ARIQUEMES,RO,N,-9.94888888,-62.96194444,140.0,98285,15,2008,2024,26.667955430521754,26.504765290481885,-0.16319014518611302,1.3758232816791856,1.8433853892607817,0.8991204565228927,1.8361571209678573,-10.5126953125,-3.1952046394348144,-0.20673790574073792,2.915957450866699,12.745899200439453,12.745899200439453,1.6594597344457445,0.013226840311339472,0.0,1,False,0.0147190641916234,True,0,0.0,0.0,0.0,-1.199040866595169e-14,-2.220446049250313e-16,1631.0,13.0,0.0,98285,15,2008,2024,26.667955430521754,26.504765290481885,-0.16319014518611302,1.3758232816791856,1.8433853892607936,0.899120456522893,1.8361571209678524,-10.5126953125,-3.1952046394348144,-0.20673790574073792,2.915957450866699,12.745899200439453,12.745899200439453,1631.0,13.0,0.0,1.6594597344457445,0.013226840311339472,0.0,18,9,7,0.7524543378995434,False,True
A941,CACERES,MT,CO,-16.07444443,-57.69277777,116.0,69625,9,2012,2020,27.011582038852,26.841507152701194,-0.17007489410997403,1.3744107423298957,1.77514059691112,0.9378916765039756,1.7669871286765086,-10.49330997467041,-2.875538206100464,-0.24263572692871094,2.760229825973511,15.239744186401367,15.239744186401367,1.0987432675044884,0.014362657091561938,0.0,1,False,0.0428364789237385,True,0,0.0,0.0,-2.220446049250313e-16,-2.4646951146678475e-14,-6.772360450213455e-15,765.0,10.0,0.0,69625,9,2012,2020,27.011582038852,26.841507152701194,-0.17007489410997403,1.374410742329896,1.7751405969111447,0.9378916765039824,1.7669871286765062,-10.49330997467041,-2.875538206100464,-0.24263572692871094,2.760229825973511,15.239744186401367,15.239744186401367,765.0,10.0,0.0,1.0987432675044884,0.014362657091561938,0.0,9,7,7,0.9994292237442922,False,True
A942,SAO JOSE DO XINGU,MT,CO,-10.48416666,-52.37249999,300.0,29160,5,2019,2024,26.881827834244454,26.539093702679963,-0.3427341438440181,1.4052115676193129,1.8090847534549999,0.9308476871756622,1.7763527697795487,-8.245067596435547,-3.062818765640259,-0.3886226713657379,2.6170999884605406,12.676414489746094,12.676414489746094,1.0390946502057612,0.02400548696844993,0.0,1,False,0.0,True,0,0.0,0.0,0.0,7.327471962526033e-15,-3.3306690738754696e-16,303.0,7.0,0.0,29160,5,2019,2024,26.881827834244454,26.539093702679963,-0.3427341438440181,1.4052115676193129,1.8090847534549925,0.9308476871756626,1.7763527697795487,-8.245067596435547,-3.062818765640259,-0.3886226713657379,2.6170999884605406,12.676414489746094,12.676414489746094,303.0,7.0,0.0,1.0390946502057612,0.02400548696844993,0.0,7,2,2,0.5461187214611872,False,True
A943,SERRA NOVA DOURADA,MT,CO,-11.98777777,-51.4261111,441.0,28645,7,2019,2025,27.16026181560429,27.105820488859003,-0.054441336957654296,1.2063989148202559,1.6658963787838392,0.9020461986895772,1.6650356358012317,-7.509032726287842,-2.7178315639495847,-0.09677886962890625,2.6686717987060544,11.96869945526123,11.96869945526123,1.3335660673765055,0.03491010647582475,0.0,1,False,0.0,True,0,0.0,0.0,0.0,-2.220446049250313e-16,5.218048215738236e-15,382.0,10.0,0.0,28645,7,2019,2025,27.16026181560429,27.105820488859003,-0.054441336957654296,1.2063989148202559,1.6658963787838394,0.902046198689572,1.665035635801229,-7.509032726287842,-2.7178315639495847,-0.09677886962890625,2.6686717987060544,11.96869945526123,11.96869945526123,382.0,10.0,0.0,1.3335660673765055,0.03491010647582475,0.0,7,2,2,0.4853881278538813,False,True
A944,ROSARIO OESTE,MT,CO,-14.82888888,-56.44194444,195.0,37621,6,2019,2025,26.393655132009684,26.730463221370943,0.3368080824716206,1.8057378775632247,2.334283096195834,0.9302838514067413,2.309887381080008,-8.114452362060547,-2.9714369773864746,0.0651371031999588,4.669189929962158,10.765820503234863,10.765820503234863,4.135987879110072,0.005316179793200606,0.0,1,False,0.0,True,0,0.0,0.0,0.0,-4.440892098500626e-15,-4.440892098500626e-16,1556.0,2.0,0.0,37621,6,2019,2025,26.393655132009684,26.730463221370943,0.3368080824716206,1.8057378775632247,2.3342830961958385,0.9302838514067417,2.309887381080007,-8.114452362060547,-2.9714369773864746,0.0651371031999588,4.669189929962158,10.765820503234863,10.765820503234863,1556.0,2.0,0.0,4.135987879110072,0.005316179793200606,0.0,7,4,4,0.9587887067395264,False,True
A945,BARRA DO GARCAS,MT,CO,-15.88472221,-52.22722221,304.0,675,1,2025,2025,26.94903704042788,25.752148759629993,-1.1968882752435834,1.6832243453043823,2.1066691924294427,0.8535519810788541,1.7349273073596412,-7.082324028015137,-3.930214428901672,-1.2463862895965576,1.6024271368980403,6.317285537719727,7.082324028015137,2.5185185185185186,0.0,0.0,1,False,0.0,True,0,0.0,0.0,0.0,0.0,0.0,17.0,0.0,0.0,675,1,2025,2025,26.94903704042788,25.752148759629993,-1.1968882752435834,1.6832243453043823,2.1066691924294427,0.8535519810788541,1.7349273073596412,-7.082324028015137,-3.930214428901672,-1.2463862895965576,1.6024271368980403,6.317285537719727,7.082324028015137,17.0,0.0,0.0,2.5185185185185186,0.0,0.0,1,0,0,0.78125,False,True
A947,NOVO SANTO ANTONIO,MT,CO,-12.28805555,-50.97138888,205.0,704,1,2025,2025,27.128551120107826,26.852767697789453,-0.2757834386251158,1.230757434151945,1.6158819449660484,0.9021590906241658,1.5933059828493135,-5.758300304412842,-3.130619668960571,-0.1145504005253315,2.2347342610359204,5.117187976837158,5.758300304412842,0.2840909090909091,0.0,0.0,1,False,0.0,True,0,0.0,0.0,0.0,0.0,0.0,2.0,0.0,0.0,704,1,2025,2025,27.128551120107826,26.852767697789453,-0.2757834386251158,1.230757434151945,1.6158819449660484,0.9021590906241658,1.5933059828493135,-5.758300304412842,-3.130619668960571,-0.1145504005253315,2.2347342610359204,5.117187976837158,5.758300304412842,2.0,0.0,0.0,0.2840909090909091,0.0,0.0,1,1,0,0.8627450980392157,False,True
A949,DIAMANTINO,MT,CO,-14.37777777,-56.37972221,317.0,339,1,2025,2025,26.461061955904892,25.650617408189802,-0.8104445376652526,1.5171928098566065,1.9678710332332945,0.8420640496356947,1.7958869531405672,-5.584569931030273,-3.4703755855560297,-0.8188961148262024,2.494761204719537,6.740478992462158,6.740478992462158,1.4749262536873156,0.0,0.0,1,False,0.0,True,0,0.0,0.0,0.0,0.0,0.0,5.0,0.0,0.0,339,1,2025,2025,26.461061955904892,25.650617408189802,-0.8104445376652526,1.5171928098566065,1.9678710332332945,0.8420640496356947,1.7958869531405672,-5.584569931030273,-3.4703755855560297,-0.8188961148262024,2.494761204719537,6.740478992462158,6.740478992462158,5.0,0.0,0.0,1.4749262536873156,0.0,0.0,1,0,0,0.4035714285714286,False,True
A950,ITANHANGA,MT,CO,-12.23416666,-56.60222222,350.0,695,1,2025,2025,25.205035984944953,24.53426822964236,-0.6707677428751326,1.1641239316933019,1.542959997629312,0.8756420381762856,1.390531666837008,-5.760448932647705,-3.132045578956604,-0.5942379236221313,1.4052981853485105,5.278271675109863,5.760448932647705,0.7194244604316548,0.0,0.0,1,False,0.0,True,0,0.0,0.0,0.0,0.0,0.0,5.0,0.0,0.0,695,1,2025,2025,25.205035984944953,24.53426822964236,-0.6707677428751326,1.1641239316933019,1.542959997629312,0.8756420381762856,1.390531666837008,-5.760448932647705,-3.132045578956604,-0.5942379236221313,1.4052981853485105,5.278271675109863,5.760448932647705,5.0,0.0,0.0,0.7194244604316548,0.0,0.0,1,1,1,0.9341397849462364,False,True
A954,COCALINHO,MT,CO,-14.38555555,-51.00972222,252.0,676,1,2025,2025,27.19644971994253,26.808328089629406,-0.38812161539233503,1.2586678127181639,1.700572704674421,0.8943485428534995,1.6569159104397087,-6.352001667022705,-3.1699824929237366,-0.33102989196777344,2.1972049474716187,5.241699695587158,6.352001667022705,1.0355029585798818,0.0,0.0,1,False,0.0,True,0,0.0,0.0,0.0,0.0,0.0,7.0,0.0,0.0,676,1,2025,2025,27.19644971994253,26.808328089629406,-0.38812161539233503,1.2586678127181639,1.700572704674421,0.8943485428534995,1.6569159104397087,-6.352001667022705,-3.1699824929237366,-0.33102989196777344,2.1972049474716187,5.241699695587158,6.352001667022705,7.0,0.0,0.0,1.0355029585798818,0.0,0.0,1,1,1,0.971264367816092,False,True
A955,LUCAS DO RIO VERDE,MT,CO,-13.07499999,-55.91138888,393.0,676,1,2025,2025,25.543047329377846,24.76068175050634,-0.7823655868795378,1.314954068663099,1.7314883206680018,0.8624825823091411,1.5457977366225994,-6.14443302154541,-3.406994342803955,-0.7302974462509155,1.6567752957344055,6.86362361907959,6.86362361907959,0.7396449704142012,0.0,0.0,1,False,0.0,True,0,0.0,0.0,0.0,0.0,0.0,5.0,0.0,0.0,676,1,2025,2025,25.543047329377846,24.76068175050634,-0.7823655868795378,1.314954068663099,1.7314883206680018,0.8624825823091411,1.5457977366225994,-6.14443302154541,-3.406994342803955,-0.7302974462509155,1.6567752957344055,6.86362361907959,6.86362361907959,5.0,0.0,0.0,0.7396449704142012,0.0,0.0,1,1,1,0.971264367816092,False,True
B803,CAMPINA DA LAGOA,PR,S,-24.57083332,-52.80027777,598.0,56015,10,2016,2025,23.146632146166684,22.421521780165904,-0.7251103716645281,1.6207340250588158,2.176179918811894,0.9235903359281495,2.0518404292882635,-14.844921112060547,-3.931366777420044,-0.6746578216552734,2.3461136102676377,16.74106216430664,16.74106216430664,2.8242435062036955,0.2410068731589753,0.0,1,False,0.2247255249934517,True,0,0.0,0.0,0.0,-3.197442310920451e-14,-6.661338147750939e-16,1582.0,135.0,0.0,56015,10,2016,2025,23.146632146166684,22.421521780165904,-0.7251103716645281,1.6207340250588158,2.176179918811926,0.9235903359281502,2.0518404292882675,-14.844921112060547,-3.931366777420044,-0.6746578216552734,2.3461136102676377,16.74106216430664,16.74106216430664,1582.0,135.0,0.0,2.8242435062036955,0.2410068731589753,0.0,10,5,4,0.7863013698630137,False,True
B804,LARANJEIRAS DO SUL,PR,S,-25.36888888,-52.39194444,835.0,62319,10,2016,2025,20.06583225340319,20.401760542030143,0.33592829144630904,1.5927380074796356,2.094006327928465,0.9359847409490465,2.0669018448558005,-9.40932559967041,-2.84336199760437,0.24145546555519104,3.8377590894699085,15.48588752746582,15.48588752746582,2.4342495868033827,0.0657905293730644,0.0,1,False,0.9353426238684112,True,0,0.0,0.0,0.0,4.440892098500626e-15,-7.771561172376096e-16,1517.0,41.0,0.0,62319,10,2016,2025,20.06583225340319,20.401760542030143,0.33592829144630904,1.5927380074796356,2.0940063279284606,0.9359847409490473,2.066901844855795,-9.40932559967041,-2.84336199760437,0.24145546555519104,3.8377590894699085,15.48588752746582,15.48588752746582,1517.0,41.0,0.0,2.4342495868033827,0.0657905293730644,0.0,10,7,7,0.9507058287795992,False,True
B806,COLOMBO,PR,S,-25.322464,-49.157733,950.0,81458,10,2016,2025,17.847628228823243,17.698565672641543,-0.149062552973298,1.2377595066088976,1.75165581796392,0.9461795430481748,1.7453125378663867,-20.74662971496582,-2.898124659061432,-0.12683677673339844,2.6449319958686806,10.626904487609863,20.74662971496582,1.480517567335314,0.08961673500454222,0.0012276265069115372,1,False,0.0356553196639215,True,0,0.0,0.0,0.0,-1.3322676295501878e-15,1.1102230246251565e-16,1206.0,73.0,1.0,81458,10,2016,2025,17.847628228823243,17.698565672641543,-0.149062552973298,1.2377595066088976,1.7516558179639212,0.9461795430481746,1.7453125378663878,-20.74662971496582,-2.898124659061432,-0.12683677673339844,2.6449319958686806,10.626904487609863,20.74662971496582,1206.0,73.0,1.0,1.480517567335314,0.08961673500454222,0.0012276265069115372,10,10,9,0.9888251054220624,False,True
B807,PORTO ALEGRE- BELEM NOVO,RS,S,-30.1861111,-51.17805554,3.3,18100,3,2022,2024,20.66012707657577,20.51617324779047,-0.1439538242646335,1.0350851757563113,1.3622971305277438,0.9699442598687125,1.3547074083970316,-6.67421817779541,-2.099481999874115,-0.25878868997097015,2.203301167488098,12.446434020996094,12.446434020996094,0.3867403314917127,0.022099447513812154,0.0,1,False,0.0,True,0,0.0,0.0,0.0,-3.1086244689504383e-15,2.220446049250313e-16,70.0,4.0,0.0,18100,3,2022,2024,20.66012707657577,20.51617324779047,-0.1439538242646335,1.0350851757563113,1.362297130527747,0.9699442598687122,1.3547074083970325,-6.67421817779541,-2.099481999874115,-0.25878868997097015,2.203301167488098,12.446434020996094,12.446434020996094,70.0,4.0,0.0,0.3867403314917127,0.022099447513812154,0.0,3,3,3,1.0,False,True
B808,CACHOEIRINHA,RS,S,-29.95138888,-51.12416666,72.0,2703,1,2025,2025,21.521827595083085,20.800165153458256,-0.7216624453810864,1.2321011123711814,1.5024909260490784,0.9654229988077504,1.3180762638591463,-4.697948932647705,-2.586605978012085,-0.8645504117012024,1.7078666329383851,7.582178115844727,7.582178115844727,0.25897151313355526,0.0,0.0,1,False,0.0,True,0,0.0,0.0,0.0,0.0,0.0,7.0,0.0,0.0,2703,1,2025,2025,21.521827595083085,20.800165153458256,-0.7216624453810864,1.2321011123711814,1.5024909260490784,0.9654229988077504,1.3180762638591463,-4.697948932647705,-2.586605978012085,-0.8645504117012024,1.7078666329383851,7.582178115844727,7.582178115844727,7.0,0.0,0.0,0.25897151313355526,0.0,0.0,1,0,0,0.3552839116719243,False,True
B809,SAPUCAIA DO SUL,RS,S,-29.81388888,-51.15666666,23.0,2714,1,2025,2025,22.273655125738156,20.66162005943152,-1.6120350611086307,1.854815039260984,2.141345976506818,0.964596714317235,1.4097651733122567,-5.518749713897705,-3.690502643585205,-1.7522945404052734,0.9604984164237971,4.80039119720459,5.518749713897705,0.40530582166543844,0.0,0.0,1,False,0.0,True,0,0.0,0.0,0.0,0.0,0.0,11.0,0.0,0.0,2714,1,2025,2025,22.273655125738156,20.66162005943152,-1.6120350611086307,1.854815039260984,2.141345976506818,0.964596714317235,1.4097651733122567,-5.518749713897705,-3.690502643585205,-1.7522945404052734,0.9604984164237971,4.80039119720459,5.518749713897705,11.0,0.0,0.0,0.40530582166543844,0.0,0.0,1,0,0,0.4615646258503401,False,True
B810,PARQUE ELDORADO,RS,S,-30.09666666,-51.67388888,50.0,2587,1,2025,2025,20.335678384808162,20.648925130967243,0.3132467380858768,1.0902848341016247,1.4280262457998951,0.9609725478191569,1.3935157236976357,-8.20458984375,-1.6770113110542297,0.19615212082862854,2.659184980392456,10.30781078338623,10.30781078338623,0.3865481252415926,0.038654812524159254,0.0,1,False,0.0,True,0,0.0,0.0,0.0,0.0,0.0,10.0,1.0,0.0,2587,1,2025,2025,20.335678384808162,20.648925130967243,0.3132467380858768,1.0902848341016247,1.4280262457998951,0.9609725478191569,1.3935157236976357,-8.20458984375,-1.6770113110542297,0.19615212082862854,2.659184980392456,10.30781078338623,10.30781078338623,10.0,1.0,0.0,0.3865481252415926,0.038654812524159254,0.0,1,0,0,0.340036803364879,False,True
B811,SERTAO SANTANA,RS,S,-30.49416666,-51.66333333,116.0,2549,1,2025,2025,20.436249517094346,19.195885787528372,-1.2403637222377166,1.7054928040290507,1.9922257568704334,0.9602468193771754,1.5592995777295693,-6.238818168640137,-3.4754878997802736,-1.4489742517471313,1.6473148584365838,5.09335994720459,6.238818168640137,0.3530796390741467,0.0,0.0,1,False,0.0,True,0,0.0,0.0,0.0,0.0,0.0,9.0,0.0,0.0,2549,1,2025,2025,20.436249517094346,19.195885787528372,-1.2403637222377166,1.7054928040290507,1.9922257568704334,0.9602468193771754,1.5592995777295693,-6.238818168640137,-3.4754878997802736,-1.4489742517471313,1.6473148584365838,5.09335994720459,6.238818168640137,9.0,0.0,0.0,0.3530796390741467,0.0,0.0,1,0,0,0.7586309523809524,False,True
B812,CHARQUEADAS,RS,S,-29.96555555,-51.62555554,23.0,2672,1,2025,2025,21.883607776222114,20.869910118108738,-1.0136976671450404,1.329008302728092,1.5943151471559291,0.9689938557540595,1.2307821714289024,-5.60805606842041,-2.8439923882484437,-1.1218990087509155,1.0623490035533902,7.3937482833862305,7.3937482833862305,0.18712574850299402,0.0,0.0,1,False,0.0,True,0,0.0,0.0,0.0,0.0,0.0,5.0,0.0,0.0,2672,1,2025,2025,21.883607776222114,20.869910118108738,-1.0136976671450404,1.329008302728092,1.5943151471559291,0.9689938557540595,1.2307821714289024,-5.60805606842041,-2.8439923882484437,-1.1218990087509155,1.0623490035533902,7.3937482833862305,7.3937482833862305,5.0,0.0,0.0,0.18712574850299402,0.0,0.0,1,0,0,0.454421768707483,False,True
B813,MINAS DO LEAO,RS,S,-30.12444443,-52.05083333,54.0,1671,1,2025,2025,22.793776209093295,22.269835247813692,-0.5239409337043253,1.3827454891084874,1.6808532355530892,0.9562347252101615,1.5975859584893093,-5.076171398162842,-2.7786861658096313,-0.7135738134384155,2.3175785541534424,6.586621284484863,6.586621284484863,0.2992220227408737,0.0,0.0,1,False,0.0,True,0,0.0,0.0,0.0,0.0,0.0,5.0,0.0,0.0,1671,1,2025,2025,22.793776209093295,22.269835247813692,-0.5239409337043253,1.3827454891084874,1.6808532355530892,0.9562347252101615,1.5975859584893093,-5.076171398162842,-2.7786861658096313,-0.7135738134384155,2.3175785541534424,6.586621284484863,6.586621284484863,5.0,0.0,0.0,0.2992220227408737,0.0,0.0,1,0,0,0.4550653594771242,False,True
B814,MONTENEGRO,RS,S,-29.75861111,-51.4361111,15.0,1886,1,2025,2025,22.35922586829387,21.712588887705152,-0.6466369881226738,1.475945992849169,1.797674263364768,0.9543309890137844,1.6777919811999682,-5.099608898162842,-3.0805660486221313,-0.7750484347343445,2.3289676904678345,5.442041397094727,5.442041397094727,0.10604453870625664,0.0,0.0,1,False,0.0,True,0,0.0,0.0,0.0,0.0,0.0,2.0,0.0,0.0,1886,1,2025,2025,22.35922586829387,21.712588887705152,-0.6466369881226738,1.475945992849169,1.797674263364768,0.9543309890137844,1.6777919811999682,-5.099608898162842,-3.0805660486221313,-0.7750484347343445,2.3289676904678345,5.442041397094727,5.442041397094727,2.0,0.0,0.0,0.10604453870625664,0.0,0.0,1,0,0,0.5136165577342048,False,True
B816,SANTA MARIA DO HERVAL,RS,S,-29.47916666,-51.01333333,650.0,1695,1,2025,2025,20.080707965276936,20.2864230980212,0.20571513373739908,1.1864255159469679,1.514882342898016,0.9527408884895004,1.5012926160498132,-4.958007335662842,-2.4548532009124755,0.3397952914237976,2.44207067489624,5.148584365844727,5.148584365844727,0.11799410029498525,0.0,0.0,1,False,0.0,True,0,0.0,0.0,0.0,0.0,0.0,2.0,0.0,0.0,1695,1,2025,2025,20.080707965276936,20.2864230980212,0.20571513373739908,1.1864255159469679,1.514882342898016,0.9527408884895004,1.5012926160498132,-4.958007335662842,-2.4548532009124755,0.3397952914237976,2.44207067489624,5.148584365844727,5.148584365844727,2.0,0.0,0.0,0.11799410029498525,0.0,0.0,1,0,0,0.5310150375939849,False,True
B817,CAXIAS DO SUL - CRIUVA,RS,S,-28.87416666,-50.97555554,857.0,1877,1,2025,2025,18.72024508264386,18.811005482854014,0.09076040959042499,1.2116282634766669,1.5686213055971647,0.9565706594269373,1.566410726287596,-4.872313976287842,-2.429443073272705,0.09365272521972656,2.766269969940182,7.566113471984863,7.566113471984863,0.6925945657964837,0.0,0.0,1,False,0.0,True,0,0.0,0.0,0.0,0.0,0.0,13.0,0.0,0.0,1877,1,2025,2025,18.72024508264386,18.811005482854014,0.09076040959042499,1.2116282634766669,1.5686213055971647,0.9565706594269373,1.566410726287596,-4.872313976287842,-2.429443073272705,0.09365272521972656,2.766269969940182,7.566113471984863,7.566113471984863,13.0,0.0,0.0,0.6925945657964837,0.0,0.0,1,0,0,0.5111655773420479,False,True
B818,CAXIAS DO SUL - AEROPORTO,RS,S,-29.1961111,-51.18638888,756.0,1472,1,2025,2025,19.29354618586924,19.109767621949963,-0.18377857392359778,1.0837873567593503,1.415950626928926,0.9601722040535239,1.404450645186229,-6.010253429412842,-2.565597689151764,-0.08886680752038956,1.9892972350120548,4.461865425109863,6.010253429412842,0.06793478260869565,0.0,0.0,1,False,0.0,True,0,0.0,0.0,0.0,0.0,0.0,1.0,0.0,0.0,1472,1,2025,2025,19.29354618586924,19.109767621949963,-0.18377857392359778,1.0837873567593503,1.415950626928926,0.9601722040535239,1.404450645186229,-6.010253429412842,-2.565597689151764,-0.08886680752038956,1.9892972350120548,4.461865425109863,6.010253429412842,1.0,0.0,0.0,0.06793478260869565,0.0,0.0,1,0,0,0.4380952380952381,False,True
B819,ROLANTE,RS,S,-29.65583333,-50.61805554,69.0,2715,1,2025,2025,21.52246777919116,19.66013326311199,-1.8623345073333961,2.187405992017606,2.629386898493438,0.9450816754928238,1.8565169352850903,-6.944677352905273,-4.8717866897583,-1.9294917583465576,1.2375394582748405,4.495508193969727,6.944677352905273,4.567219152854512,0.0,0.0,1,False,0.0,True,0,0.0,0.0,0.0,0.0,0.0,124.0,0.0,0.0,2715,1,2025,2025,21.52246777919116,19.66013326311199,-1.8623345073333961,2.187405992017606,2.629386898493438,0.9450816754928238,1.8565169352850903,-6.944677352905273,-4.8717866897583,-1.9294917583465576,1.2375394582748405,4.495508193969727,6.944677352905273,124.0,0.0,0.0,4.567219152854512,0.0,0.0,1,1,0,0.8318014705882353,False,True
B820,SAO FRANCISCO DE PAULA,RS,S,-29.44222221,-50.56027777,886.0,2533,1,2025,2025,16.82317410337092,18.266519149113115,1.4433450470604514,1.5482333909098902,1.8351810304972975,0.9740443304302678,1.1336453825450674,-4.14003849029541,-0.2932125151157378,1.4168949127197266,3.3147171974182132,6.951764106750488,6.951764106750488,0.7895775759968418,0.0,0.0,1,False,0.0,True,0,0.0,0.0,0.0,0.0,0.0,20.0,0.0,0.0,2533,1,2025,2025,16.82317410337092,18.266519149113115,1.4433450470604514,1.5482333909098902,1.8351810304972975,0.9740443304302678,1.1336453825450674,-4.14003849029541,-0.2932125151157378,1.4168949127197266,3.3147171974182132,6.951764106750488,6.951764106750488,20.0,0.0,0.0,0.7895775759968418,0.0,0.0,1,0,0,0.7760416666666666,False,True
B821,SANTANA DA BOA VISTA,RS,S,-30.85861111,-53.15555555,138.0,1816,1,2025,2025,20.813050651865385,20.80593563176462,-0.007115027671287529,1.1376713669600784,1.4517160365871211,0.9647838216215004,1.452098462597022,-4.271679401397705,-2.1814820766448975,-0.00849571218714118,2.2170291543006897,7.144433975219727,7.144433975219727,0.7158590308370044,0.0,0.0,1,False,0.0,True,0,0.0,0.0,0.0,0.0,0.0,13.0,0.0,0.0,1816,1,2025,2025,20.813050651865385,20.80593563176462,-0.007115027671287529,1.1376713669600784,1.4517160365871211,0.9647838216215004,1.452098462597022,-4.271679401397705,-2.1814820766448975,-0.00849571218714118,2.2170291543006897,7.144433975219727,7.144433975219727,13.0,0.0,0.0,0.7158590308370044,0.0,0.0,1,0,0,0.7138364779874213,False,True
B822,CACHOEIRA DO SUL,RS,S,-30.01833332,-52.93888888,73.0,1869,1,2025,2025,23.142857136223775,22.303937923213006,-0.838919218311037,1.2723352583958873,1.5656753051689516,0.9656885954904094,1.3223045139529654,-5.768749713897705,-2.7705464363098145,-0.9432125091552734,1.350732851028442,7.546777725219727,7.546777725219727,0.37453183520599254,0.0,0.0,1,False,0.0,True,0,0.0,0.0,0.0,0.0,0.0,7.0,0.0,0.0,1869,1,2025,2025,23.142857136223775,22.303937923213006,-0.838919218311037,1.2723352583958873,1.5656753051689516,0.9656885954904094,1.3223045139529654,-5.768749713897705,-2.7705464363098145,-0.9432125091552734,1.350732851028442,7.546777725219727,7.546777725219727,7.0,0.0,0.0,0.37453183520599254,0.0,0.0,1,0,0,0.7346698113207547,False,True
B823,PINHEIRO MACHADO,RS,S,-31.57472221,-53.38833333,419.0,1890,1,2025,2025,19.67021165903283,19.789753672685574,0.11954203137703531,1.0705469228057793,1.3449025372082806,0.9721667066751153,1.3399337656452617,-4.926757335662842,-1.9020675003528595,0.10732460021972656,2.379041004180908,6.754834175109863,6.754834175109863,0.21164021164021166,0.0,0.0,1,False,0.0,True,0,0.0,0.0,0.0,0.0,0.0,4.0,0.0,0.0,1890,1,2025,2025,19.67021165903283,19.789753672685574,0.11954203137703531,1.0705469228057793,1.3449025372082806,0.9721667066751153,1.3399337656452617,-4.926757335662842,-1.9020675003528595,0.10732460021972656,2.379041004180908,6.754834175109863,6.754834175109863,4.0,0.0,0.0,0.21164021164021166,0.0,0.0,1,0,0,0.7429245283018868,False,True
B825,PORTO ALEGRE - BELEM NOVO,RS,S,-30.1861111,-51.17833332,3.3,1899,1,2025,2025,22.48820433383116,22.036797082066347,-0.4514072370820146,1.1041728854479769,1.3596850949845847,0.9600347370721373,1.282903641154107,-4.604540824890137,-2.2746968507766723,-0.5962398648262024,1.874028658866882,4.913086414337158,4.913086414337158,0.0,0.0,0.0,1,False,0.0,True,0,0.0,0.0,0.0,0.0,0.0,0.0,0.0,0.0,1899,1,2025,2025,22.48820433383116,22.036797082066347,-0.4514072370820146,1.1041728854479769,1.3596850949845847,0.9600347370721373,1.282903641154107,-4.604540824890137,-2.2746968507766723,-0.5962398648262024,1.874028658866882,4.913086414337158,4.913086414337158,0.0,0.0,0.0,0.0,0.0,0.0,1,0,0,0.3229591836734694,False,True
B826,HERVAL,RS,S,-32.01277777,-53.40305555,331.0,2301,1,2025,2025,19.275575839867027,19.445831759708543,0.1702559226938685,0.9980803233538617,1.2933362879064556,0.9707446521995435,1.2823596766698153,-4.601611137390137,-1.8375484943389893,0.13706092536449432,2.281054973602295,6.457422256469727,6.457422256469727,0.1738374619730552,0.0,0.0,1,False,0.0,True,0,0.0,0.0,0.0,0.0,0.0,4.0,0.0,0.0,2301,1,2025,2025,19.275575839867027,19.445831759708543,0.1702559226938685,0.9980803233538617,1.2933362879064556,0.9707446521995435,1.2823596766698153,-4.601611137390137,-1.8375484943389893,0.13706092536449432,2.281054973602295,6.457422256469727,6.457422256469727,4.0,0.0,0.0,0.1738374619730552,0.0,0.0,1,1,1,0.9044811320754716,False,True
B827,BAGE - CENTRO,RS,S,-31.30555555,-54.01333333,226.2,1618,1,2025,2025,21.442830634500247,20.01560840972127,-1.427222245600554,1.6825758688550008,1.980446100468486,0.970367483533123,1.3734515948320032,-6.95864200592041,-3.2644673109054563,-1.5720943212509155,0.7492386847734441,6.89780330657959,6.95864200592041,0.6180469715698393,0.0,0.0,1,False,0.0,True,0,0.0,0.0,0.0,0.0,0.0,10.0,0.0,0.0,1618,1,2025,2025,21.442830634500247,20.01560840972127,-1.427222245600554,1.6825758688550008,1.980446100468486,0.970367483533123,1.3734515948320032,-6.95864200592041,-3.2644673109054563,-1.5720943212509155,0.7492386847734441,6.89780330657959,6.95864200592041,10.0,0.0,0.0,0.6180469715698393,0.0,0.0,1,0,0,0.4406318082788671,False,True
B828,ACEGUA,RS,S,-31.87472221,-54.11972221,271.0,1892,1,2025,2025,20.706606780499786,20.63862294525727,-0.06798382118782649,1.1363832864601604,1.4827079973545851,0.9648712364995629,1.4815401894752693,-6.842772960662842,-2.2958712220191955,-0.14768028259277344,2.1986356616020193,6.249268054962158,6.842772960662842,0.8456659619450317,0.0,0.0,1,False,0.0,True,0,0.0,0.0,0.0,0.0,0.0,16.0,0.0,0.0,1892,1,2025,2025,20.706606780499786,20.63862294525727,-0.06798382118782649,1.1363832864601604,1.4827079973545851,0.9648712364995629,1.4815401894752693,-6.842772960662842,-2.2958712220191955,-0.14768028259277344,2.1986356616020193,6.249268054962158,6.842772960662842,16.0,0.0,0.0,0.8456659619450317,0.0,0.0,1,0,0,0.7437106918238994,False,True
B829,SANTA VITORIA DO PALMAR (RESERVA DO TAIM),RS,S,-32.83583333,-52.6436111,2.0,1897,1,2025,2025,21.1613073203208,20.9088297458341,-0.25247758314724494,1.042318260229214,1.4333450202966111,0.9249323343014509,1.411305417650179,-5.775585651397705,-2.5438570976257324,-0.3466304838657379,2.443047189712523,5.60703182220459,5.775585651397705,0.4744333157617291,0.0,0.0,1,False,0.0,True,0,0.0,0.0,0.0,0.0,0.0,9.0,0.0,0.0,1897,1,2025,2025,21.1613073203208,20.9088297458341,-0.25247758314724494,1.042318260229214,1.4333450202966111,0.9249323343014509,1.411305417650179,-5.775585651397705,-2.5438570976257324,-0.3466304838657379,2.443047189712523,5.60703182220459,5.775585651397705,9.0,0.0,0.0,0.4744333157617291,0.0,0.0,1,0,0,0.7456761006289309,False,True
B830,SANTA VITORIA DO PALMAR (CENTRO),RS,S,-33.53166666,-53.35027777,29.0,2469,1,2025,2025,20.15552855001475,19.578387263527087,-0.5771412908763663,1.2759741320213096,1.6606964774583983,0.9662318601729595,1.557499028876792,-5.416943073272705,-3.2208394050598144,-0.42172813415527344,1.8340922117233276,4.706006050109863,5.416943073272705,0.2025111381125962,0.0,0.0,1,False,0.0,True,0,0.0,0.0,0.0,0.0,0.0,5.0,0.0,0.0,2469,1,2025,2025,20.15552855001475,19.578387263527087,-0.5771412908763663,1.2759741320213096,1.6606964774583983,0.9662318601729595,1.557499028876792,-5.416943073272705,-3.2208394050598144,-0.42172813415527344,1.8340922117233276,4.706006050109863,5.416943073272705,5.0,0.0,0.0,0.2025111381125962,0.0,0.0,1,1,1,0.9797619047619048,False,True
B832,CAPAO DA CANOA,RS,S,-29.68527777,-49.99305555,0.0,1185,1,2025,2025,22.521603383897226,21.354832099560443,-1.1667712717333132,2.086823411978241,2.635008264418037,0.7817853120944439,2.3636048330578943,-8.569433212280273,-4.621093273162842,-0.8956539034843445,3.0700687885284412,6.70981502532959,8.569433212280273,3.6286919831223625,0.0,0.0,1,False,0.0,True,0,0.0,0.0,0.0,0.0,0.0,43.0,0.0,0.0,1185,1,2025,2025,22.521603383897226,21.354832099560443,-1.1667712717333132,2.086823411978241,2.635008264418037,0.7817853120944439,2.3636048330578943,-8.569433212280273,-4.621093273162842,-0.8956539034843445,3.0700687885284412,6.70981502532959,8.569433212280273,43.0,0.0,0.0,3.6286919831223625,0.0,0.0,1,0,0,0.6171875,False,True
B836,PALMARES DO SUL,RS,S,-30.24916666,-50.50916666,4.0,1720,1,2025,2025,22.443720894636108,21.914051795560262,-0.5296691328498296,1.0412889654991802,1.3289054217495653,0.9572191468828264,1.2191408286590308,-4.234228134155273,-2.3838327169418334,-0.5529049038887024,1.4368094384670256,10.468067169189453,10.468067169189453,0.11627906976744186,0.05813953488372093,0.0,1,False,0.0,True,0,0.0,0.0,0.0,0.0,0.0,2.0,1.0,0.0,1720,1,2025,2025,22.443720894636108,21.914051795560262,-0.5296691328498296,1.0412889654991802,1.3289054217495653,0.9572191468828264,1.2191408286590308,-4.234228134155273,-2.3838327169418334,-0.5529049038887024,1.4368094384670256,10.468067169189453,10.468067169189453,2.0,1.0,0.0,0.11627906976744186,0.05813953488372093,0.0,1,1,0,0.8958333333333334,False,True
B839,SANTO ANTONIO DA PATRULHA,RS,S,-29.81611111,-50.53333333,47.0,1749,1,2025,2025,22.819782706381186,20.660962107523705,-2.1588206217664716,2.2522201285673025,2.5302598433605143,0.9621049058719756,1.320115448983121,-5.696288585662842,-4.126786708831787,-2.2855465412139893,0.16510780751705084,5.355225086212158,5.696288585662842,0.8004574042309892,0.0,0.0,1,False,0.0,True,0,0.0,0.0,0.0,0.0,0.0,14.0,0.0,0.0,1749,1,2025,2025,22.819782706381186,20.660962107523705,-2.1588206217664716,2.2522201285673025,2.5302598433605143,0.9621049058719756,1.320115448983121,-5.696288585662842,-4.126786708831787,-2.2855465412139893,0.16510780751705084,5.355225086212158,5.696288585662842,14.0,0.0,0.0,0.8004574042309892,0.0,0.0,1,1,1,0.9109375,False,True
B841,TORRES,RS,S,-29.41361111,-49.80361111,0.0,1738,1,2025,2025,21.710874585479807,20.693164612536325,-1.0177099569143364,1.9175173262197425,2.4629086694538915,0.8081082886466889,2.2434530219834876,-10.501562118530273,-4.686984372138976,-0.715453714132309,2.35499060153961,5.422510147094727,10.501562118530273,4.1426927502876865,0.05753739930955121,0.0,1,False,0.0,True,0,0.0,0.0,0.0,0.0,0.0,72.0,1.0,0.0,1738,1,2025,2025,21.710874585479807,20.693164612536325,-1.0177099569143364,1.9175173262197425,2.4629086694538915,0.8081082886466889,2.2434530219834876,-10.501562118530273,-4.686984372138976,-0.715453714132309,2.35499060153961,5.422510147094727,10.501562118530273,72.0,1.0,0.0,4.1426927502876865,0.05753739930955121,0.0,1,1,1,0.9052083333333332,False,True
F501,BELO HORIZONTE - CERCADINHO,MG,SE,-19.97999999,-43.95861111,1199.55,104166,12,2014,2025,20.686841195737877,20.66696993035682,-0.01987126554208695,1.310642822624669,1.6897177957463394,0.9267798876437147,1.689609057776137,-9.41915512084961,-2.7663692235946655,-0.0009029388602357358,2.6334843039512634,10.488428115844727,10.488428115844727,0.9350459842942995,0.0038400245761572873,0.0,1,False,0.005628396120512,True,0,0.0,3.469446951953614e-18,0.0,-2.6645352591003757e-15,-1.1102230246251565e-16,974.0,4.0,0.0,104166,12,2014,2025,20.686841195737877,20.66696993035682,-0.019871265542086954,1.310642822624669,1.689717795746342,0.9267798876437148,1.6896090577761387,-9.41915512084961,-2.7663692235946655,-0.0009029388602357358,2.6334843039512634,10.488428115844727,10.488428115844727,974.0,4.0,0.0,0.9350459842942995,0.0038400245761572873,0.0,13,12,12,0.9980646630236796,False,True
S101,FORTE PRINCIPE,RO,N,-12.42999999,-64.41999999,,1406,1,2018,2018,26.79615932779326,25.814112408232383,-0.9820469099136366,1.8996063927451816,2.367539623500653,0.9475805506220817,2.15502455109299,-7.001513481140137,-4.552087068557739,-0.9872798919677734,2.7375857830047607,6.290966987609863,7.001513481140137,3.2716927453769555,0.0,0.0,1,False,0.0,True,0,0.0,0.0,0.0,0.0,0.0,46.0,0.0,0.0,1406,1,2018,2018,26.79615932779326,25.814112408232383,-0.9820469099136366,1.8996063927451816,2.367539623500653,0.9475805506220817,2.15502455109299,-7.001513481140137,-4.552087068557739,-0.9872798919677734,2.7375857830047607,6.290966987609863,7.001513481140137,46.0,0.0,0.0,3.2716927453769555,0.0,0.0,3,0,0,0.0,False,True
S102,PEF IPIRANGA,AM,N,-2.93055554,-69.69527777,,449,2,2017,2018,31.446993298944758,28.96330509313231,-2.483688224530167,2.8661560289445593,3.57422299020503,0.5056674749623575,2.5731515953295827,-7.777050495147705,-4.896493721008301,-2.680126667022705,-0.13459922969341537,25.349756240844727,25.349756240844727,4.8997772828507795,0.6681514476614699,0.6681514476614699,1,False,0.0,True,0,0.0,0.0,0.0,0.0,0.0,22.0,3.0,3.0,449,2,2017,2018,31.446993298944758,28.96330509313231,-2.483688224530167,2.8661560289445593,3.57422299020503,0.5056674749623575,2.5731515953295827,-7.777050495147705,-4.896493721008301,-2.680126667022705,-0.13459922969341537,25.349756240844727,25.349756240844727,22.0,3.0,3.0,4.8997772828507795,0.6681514476614699,0.6681514476614699,3,0,0,0.0042237442922374,False,True
S103,CRMN MANAUS,AM,N,-3.02249999,-60.05555555,,12246,2,2017,2018,27.231398002902374,26.705887617715216,-0.525510390313343,1.2435051657128071,1.6181067665250581,0.8688319315094951,1.5304573199321312,-6.184813976287842,-3.035453498363495,-0.45385703444480896,1.9030887186527252,8.002246856689453,8.002246856689453,0.46545810877021065,0.0,0.0,1,False,0.0,True,0,0.0,0.0,0.0,0.0,0.0,57.0,0.0,0.0,12246,2,2017,2018,27.231398002902374,26.705887617715216,-0.525510390313343,1.2435051657128071,1.6181067665250581,0.8688319315094951,1.5304573199321312,-6.184813976287842,-3.035453498363495,-0.45385703444480896,1.9030887186527252,8.002246856689453,8.002246856689453,57.0,0.0,0.0,0.46545810877021065,0.0,0.0,3,0,0,0.6783105022831051,False,True
S104,DTCEA VILHENA,RO,N,-12.75055555,-60.14916666,,5688,2,2017,2018,25.055573140099415,25.47282053951473,0.41724740296819457,1.2437927595211633,1.6655730509924287,0.9196742780810835,1.6126051539894697,-5.561816215515137,-2.111342394351959,0.3610111325979233,3.161579954624176,9.839550971984863,9.839550971984863,1.230661040787623,0.0,0.0,1,False,0.0,True,0,0.0,0.0,0.0,0.0,0.0,70.0,0.0,0.0,5688,2,2017,2018,25.055573140099415,25.47282053951473,0.41724740296819457,1.2437927595211633,1.6655730509924287,0.9196742780810835,1.6126051539894697,-5.561816215515137,-2.111342394351959,0.3610111325979233,3.161579954624176,9.839550971984863,9.839550971984863,70.0,0.0,0.0,1.230661040787623,0.0,0.0,3,0,0,0.2007990867579908,False,True
S105,DTCEA TABATINGA,AM,N,-4.25055555,-69.93499999,,426,1,2017,2017,25.746009411946147,25.769651180141967,0.023641786403937496,1.8002561332624012,4.113587144058348,0.5182250897016142,4.118355796925371,-9.236376762390137,-3.6787838339805603,-0.15466270595788956,1.6833011507987976,27.848291397094727,27.848291397094727,3.286384976525822,2.5821596244131455,2.3474178403755865,1,False,0.0,True,0,0.0,0.0,0.0,0.0,0.0,14.0,11.0,10.0,426,1,2017,2017,25.746009411946147,25.769651180141967,0.023641786403937496,1.8002561332624012,4.113587144058348,0.5182250897016142,4.118355796925371,-9.236376762390137,-3.6787838339805603,-0.15466270595788956,1.6833011507987976,27.848291397094727,27.848291397094727,14.0,11.0,10.0,3.286384976525822,2.5821596244131455,2.3474178403755865,3,0,0,0.0,False,True
S107,DOM ELISEU,PA,N,-4.28999999,-47.55,,9323,2,2017,2018,26.158950972401072,27.605357749797392,1.4464067680164083,1.7872468836283548,2.1608439378025364,0.9014285454890288,1.6054377734176435,-9.7554931640625,-1.0819673538208008,1.5576175451278687,3.7372546195983882,8.845115661621094,9.7554931640625,2.0057921269977474,0.0,0.0,1,False,0.0,True,0,0.0,0.0,0.0,0.0,0.0,187.0,0.0,0.0,9323,2,2017,2018,26.158950972401072,27.605357749797392,1.4464067680164083,1.7872468836283548,2.1608439378025364,0.9014285454890288,1.6054377734176435,-9.7554931640625,-1.0819673538208008,1.5576175451278687,3.7372546195983882,8.845115661621094,9.7554931640625,187.0,0.0,0.0,2.0057921269977474,0.0,0.0,3,0,0,0.5300228310502283,False,True
S108,SAO BENTO,MA,NE,-2.7,-44.85,,908,2,2017,2018,26.825550629704008,26.136472786050536,-0.689077876400539,1.2473925997765678,1.7570358421534569,0.8553097830554005,1.6171662983856807,-7.05825138092041,-3.861083507537842,-0.4296138733625412,1.3799564599990843,4.432373523712158,7.05825138092041,1.8722466960352422,0.0,0.0,1,False,0.0,True,0,0.0,0.0,0.0,0.0,0.0,17.0,0.0,0.0,908,2,2017,2018,26.825550629704008,26.136472786050536,-0.689077876400539,1.2473925997765678,1.7570358421534569,0.8553097830554005,1.6171662983856807,-7.05825138092041,-3.861083507537842,-0.4296138733625412,1.3799564599990843,4.432373523712158,7.05825138092041,17.0,0.0,0.0,1.8722466960352422,0.0,0.0,3,0,0,0.0345890410958904,False,True
S110,DTCEA GUAJARA-MIRIM,RO,N,-10.78999999,-65.33277777,,14968,2,2017,2018,27.414337247466737,26.043545339274445,-1.3707919131963842,1.9945176816256938,2.703319989740362,0.8401239097252572,2.330071076212349,-9.207079887390137,-5.4088401079177855,-1.2306637167930603,1.912123602628708,33.392967224121094,33.392967224121094,7.262159273115981,0.11357562800641367,0.10689470871191875,1,False,0.0,True,0,0.0,0.0,0.0,0.0,0.0,1087.0,17.0,16.0,14968,2,2017,2018,27.414337247466737,26.043545339274445,-1.3707919131963842,1.9945176816256938,2.703319989740362,0.8401239097252572,2.330071076212349,-9.207079887390137,-5.4088401079177855,-1.2306637167930603,1.912123602628708,33.392967224121094,33.392967224121094,1087.0,17.0,16.0,7.262159273115981,0.11357562800641367,0.10689470871191875,3,2,0,0.8248858447488584,False,True
S113,BALIZA,RR,N,0.94777777,-59.74638888,,9081,2,2017,2018,26.58157692106793,25.822205684138034,-0.7593712344474258,1.5168434551237087,2.1165620196842787,0.8510833232240359,1.975758076844485,-9.430224418640137,-4.31411075592041,-0.49143028259277344,1.8465824127197266,30.797266006469727,30.797266006469727,2.962228829424072,0.04404801233344346,0.04404801233344346,1,False,0.0,True,0,0.0,0.0,0.0,0.0,0.0,269.0,4.0,4.0,9081,2,2017,2018,26.58157692106793,25.822205684138034,-0.7593712344474258,1.5168434551237087,2.1165620196842787,0.8510833232240359,1.975758076844485,-9.430224418640137,-4.31411075592041,-0.49143028259277344,1.8465824127197266,30.797266006469727,30.797266006469727,269.0,4.0,4.0,2.962228829424072,0.04404801233344346,0.04404801233344346,3,0,0,0.2522831050228311,False,True
S114,PACARAIMA,RR,N,4.47749999,-61.14916666,,4480,2,2017,2018,22.589598218670915,22.30306980609894,-0.2865284088951479,1.2223158461996457,1.6891962140053165,0.82623069781457,1.664903615494975,-5.27309513092041,-2.558964371681213,-0.40747033059597015,2.176919281482697,27.812891006469727,27.812891006469727,0.3794642857142857,0.13392857142857142,0.06696428571428571,1,False,0.0,True,0,0.0,0.0,0.0,0.0,0.0,17.0,6.0,3.0,4480,2,2017,2018,22.589598218670915,22.30306980609894,-0.2865284088951479,1.2223158461996457,1.6891962140053165,0.82623069781457,1.664903615494975,-5.27309513092041,-2.558964371681213,-0.40747033059597015,2.176919281482697,27.812891006469727,27.812891006469727,17.0,6.0,3.0,0.3794642857142857,0.13392857142857142,0.06696428571428571,3,0,0,0.0178082191780821,False,True
S115,PEF YAUARETE,AM,N,0.59944444,-69.19194444,,2878,1,2018,2018,24.987143853872166,24.60777246529564,-0.379371384233189,1.2464099810638014,1.8006127752025252,0.7695712372989504,1.7605001090007715,-6.347216606140137,-3.847184717655182,-0.17665062099695206,1.924455469846726,27.152978897094727,27.152978897094727,1.4940931202223766,0.03474635163307853,0.03474635163307853,1,False,0.0,True,0,0.0,0.0,0.0,0.0,0.0,43.0,1.0,1.0,2878,1,2018,2018,24.987143853872166,24.60777246529564,-0.379371384233189,1.2464099810638014,1.8006127752025252,0.7695712372989504,1.7605001090007715,-6.347216606140137,-3.847184717655182,-0.17665062099695206,1.924455469846726,27.152978897094727,27.152978897094727,43.0,1.0,1.0,1.4940931202223766,0.03474635163307853,0.03474635163307853,3,0,0,0.0,False,True
S116,PEF ESTIRAO DO EQUADOR,AM,N,-4.52999999,-71.61749999,,4808,1,2017,2017,26.442803645491004,25.702959057892024,-0.7398446022841764,1.4272614228097162,2.0117516494857326,0.8436792149582557,1.8709630465751992,-8.635790824890137,-4.5652851343154905,-0.3740169405937195,1.6384706735610945,6.26035213470459,8.635790824890137,3.556572379367721,0.0,0.0,1,False,0.0,True,0,0.0,0.0,0.0,0.0,0.0,171.0,0.0,0.0,4808,1,2017,2017,26.442803645491004,25.702959057892024,-0.7398446022841764,1.4272614228097162,2.0117516494857326,0.8436792149582557,1.8709630465751992,-8.635790824890137,-4.5652851343154905,-0.3740169405937195,1.6384706735610945,6.26035213470459,8.635790824890137,171.0,0.0,0.0,3.556572379367721,0.0,0.0,3,0,0,0.0,False,True
S117,DTCEA TEFE,AM,N,-3.37722221,-64.72305554,,16555,2,2017,2018,26.586360602002962,26.429312916545125,-0.15704769915129008,1.458701721727476,1.86802167163521,0.8560290546915613,1.861464555465294,-7.700390338897705,-3.6009868621826167,0.11821327358484268,2.5238034009933457,8.47202205657959,8.47202205657959,1.093325279371791,0.0,0.0,1,False,0.0,True,0,0.0,0.0,0.0,0.0,0.0,181.0,0.0,0.0,16555,2,2017,2018,26.586360602002962,26.429312916545125,-0.15704769915129008,1.458701721727476,1.86802167163521,0.8560290546915613,1.861464555465294,-7.700390338897705,-3.6009868621826167,0.11821327358484268,2.5238034009933457,8.47202205657959,8.47202205657959,181.0,0.0,0.0,1.093325279371791,0.0,0.0,3,2,2,0.9005707762557078,False,True
S120,DTCEA JACAREACANGA,PA,N,-6.23722221,-57.77499999,,15826,2,2017,2018,26.714627826227396,26.887241947926597,0.1726141205348187,1.8426088895650594,2.3836773833254794,0.8207081408394056,2.3774943527359893,-10.203896522521973,-4.244494080543518,0.42944374680519104,3.911415457725525,26.629297256469727,26.629297256469727,3.867054214583596,0.012637432073802603,0.006318716036901302,1,False,0.0,True,0,0.0,0.0,0.0,0.0,0.0,612.0,2.0,1.0,15826,2,2017,2018,26.714627826227396,26.887241947926597,0.1726141205348187,1.8426088895650594,2.3836773833254794,0.8207081408394056,2.3774943527359893,-10.203896522521973,-4.244494080543518,0.42944374680519104,3.911415457725525,26.629297256469727,26.629297256469727,612.0,2.0,1.0,3.867054214583596,0.012637432073802603,0.006318716036901302,3,2,1,0.8165525114155251,False,True
S121,SANTA ISABEL DO RIO NEGRO,AM,N,-0.41444444,-65.01749999,,2930,1,2018,2018,26.600819092968624,25.628598856356362,-0.9722202572694252,1.7457653022979136,2.471897119871465,0.8202009011790627,2.273065455419074,-7.849658012390137,-5.203970551490784,-0.41672325134277344,1.7319091141223877,27.152978897094727,27.152978897094727,6.484641638225256,0.06825938566552901,0.06825938566552901,1,False,0.0,True,0,0.0,0.0,0.0,0.0,0.0,190.0,2.0,2.0,2930,1,2018,2018,26.600819092968624,25.628598856356362,-0.9722202572694252,1.7457653022979136,2.471897119871465,0.8202009011790627,2.273065455419074,-7.849658012390137,-5.203970551490784,-0.41672325134277344,1.7319091141223877,27.152978897094727,27.152978897094727,190.0,2.0,2.0,6.484641638225256,0.06825938566552901,0.06825938566552901,3,0,0,0.0,False,True
S122,EB_PEF_BONFIM,MG,SE,3.35888888,-59.82388888,,4665,1,2017,2017,27.8921114517817,25.3507543050719,-2.5413571640982453,2.5968279990671217,2.9159480183129283,0.8878225572190334,1.4299282903131103,-9.577587127685547,-5.052343463897705,-2.4002437591552734,-0.6642812490463248,23.611474990844727,23.611474990844727,5.27331189710611,0.021436227224008574,0.021436227224008574,1,False,0.0,True,0,0.0,0.0,0.0,0.0,0.0,246.0,1.0,1.0,4665,1,2017,2017,27.8921114517817,25.3507543050719,-2.5413571640982453,2.5968279990671217,2.9159480183129283,0.8878225572190334,1.4299282903131103,-9.577587127685547,-5.052343463897705,-2.4002437591552734,-0.6642812490463248,23.611474990844727,23.611474990844727,246.0,1.0,1.0,5.27331189710611,0.021436227224008574,0.021436227224008574,3,0,0,0.0,False,True
S701,ANGELICA,MS,CO,-22.148083,-53.763736,347.0,30782,4,2018,2021,24.88331492203856,24.703502299949662,-0.17981262434704223,1.2917953339403137,1.6779187855663182,0.9580764135570661,1.6682833352165394,-9.407567977905273,-2.5382101535797115,-0.2866695374250412,2.553103101253508,15.092381477355957,15.092381477355957,0.9778441946592165,0.038983821713988696,0.0,1,False,0.0132196588059967,True,0,0.0,0.0,0.0,-8.215650382226158e-15,-5.551115123125783e-16,301.0,12.0,0.0,30782,4,2018,2021,24.88331492203856,24.703502299949662,-0.17981262434704223,1.2917953339403137,1.6779187855663265,0.9580764135570666,1.6682833352165392,-9.407567977905273,-2.5382101535797115,-0.2866695374250412,2.553103101253508,15.092381477355957,15.092381477355957,301.0,12.0,0.0,0.9778441946592165,0.038983821713988696,0.0,4,4,3,0.9584222632668068,False,True
S702,ARAL MOREIRA,MS,CO,-22.955014,-55.62605555,605.0,29475,4,2018,2021,22.797930450540562,23.57112229311562,0.7731918428453224,1.5628972985906706,2.0928296641203272,0.9460840574493551,1.944797855152727,-8.242040634155273,-2.264922761917114,0.7205570340156555,3.899181914329528,15.18915843963623,15.18915843963623,2.700593723494487,0.15267175572519084,0.0,1,False,0.0058969386750988,True,0,0.0,0.0,0.0,5.329070518200751e-15,2.220446049250313e-15,796.0,45.0,0.0,29475,4,2018,2021,22.797930450540562,23.57112229311562,0.7731918428453224,1.5628972985906706,2.092829664120322,0.9460840574493529,1.9447978551527283,-8.242040634155273,-2.264922761917114,0.7205570340156555,3.899181914329528,15.18915843963623,15.18915843963623,796.0,45.0,0.0,2.700593723494487,0.15267175572519084,0.0,4,3,3,0.929109589041096,False,True
S703,BANDEIRANTES,MS,CO,-19.945547275000003,-54.36857205,624.0,6737,1,2018,2018,23.114976999011894,23.165314985662853,0.05033799361235774,1.625458490843656,2.0524062722396077,0.9449438043394947,2.051941170847084,-7.456591606140137,-2.975302410125732,-0.0371578224003315,3.6763674736022947,9.761621475219727,9.761621475219727,1.5437138192073623,0.0,0.0,1,False,0.0041841409726217,True,0,0.0,0.0,0.0,0.0,0.0,104.0,0.0,0.0,6737,1,2018,2018,23.114976999011894,23.165314985662853,0.05033799361235774,1.625458490843656,2.0524062722396077,0.9449438043394947,2.051941170847084,-7.456591606140137,-2.975302410125732,-0.0371578224003315,3.6763674736022947,9.761621475219727,9.761621475219727,104.0,0.0,0.0,1.5437138192073623,0.0,0.0,4,1,0,0.0,False,True
S704,BONITO,MS,CO,-21.24671133,-56.450498775,329.0,22693,4,2018,2021,25.330930238097245,24.950556674293782,-0.38037356853632626,1.6527336576555893,2.0754947774191406,0.9468333887710716,2.040386722152536,-9.837011337280273,-3.364892244338989,-0.47348594665527344,3.000760269165039,14.891111373901367,14.891111373901367,1.6128321508835322,0.05728638787291235,0.0,1,False,0.0077002132734937,True,0,0.0,0.0,0.0,-1.509903313490213e-14,-1.5543122344752192e-15,366.0,13.0,0.0,22693,4,2018,2021,25.330930238097245,24.950556674293782,-0.38037356853632626,1.6527336576555893,2.0754947774191557,0.9468333887710731,2.0403867221525362,-9.837011337280273,-3.364892244338989,-0.47348594665527344,3.000760269165039,14.891111373901367,14.891111373901367,366.0,13.0,0.0,1.6128321508835322,0.05728638787291235,0.0,4,2,2,0.832886353819573,False,True
S705,BRASILANDIA,MS,CO,-21.298305665,-52.06890294,345.0,10984,2,2018,2019,24.650291333624853,24.889397129383905,0.2391057965843477,1.4849835067785813,1.8780608668871637,0.9469030631151485,1.8628625755071058,-7.528271198272705,-2.6619601011276246,0.22238808125257492,3.308022868633271,10.14277172088623,10.14277172088623,1.1471230881281864,0.009104151493080845,0.0,1,False,0.003403650665009,True,0,0.0,0.0,0.0,1.5987211554602254e-14,2.3314683517128287e-15,126.0,1.0,0.0,10984,2,2018,2019,24.650291333624853,24.889397129383905,0.2391057965843477,1.4849835067785813,1.8780608668871477,0.9469030631151462,1.862862575507105,-7.528271198272705,-2.6619601011276246,0.22238808125257492,3.308022868633271,10.14277172088623,10.14277172088623,126.0,1.0,0.0,1.1471230881281864,0.009104151493080845,0.0,4,1,1,0.282648401826484,False,True
S706,CAARAPO,MS,CO,-22.657056,-54.819306,456.0,22461,4,2018,2021,24.274934325074476,24.081664947456947,-0.19326938280476372,1.4036010631469193,1.8252198531222346,0.9535026815155674,1.8149989316655788,-10.526904106140137,-2.7854976654052734,-0.3756893277168274,2.9761784076690674,12.957371711730957,12.957371711730957,1.1620141578736476,0.0756867459151418,0.0,1,False,0.0188589381922555,True,0,0.0,0.0,0.0,-8.881784197001252e-16,3.6637359812630166e-15,261.0,17.0,0.0,22461,4,2018,2021,24.274934325074476,24.081664947456947,-0.19326938280476372,1.4036010631469193,1.8252198531222354,0.9535026815155637,1.8149989316655784,-10.526904106140137,-2.7854976654052734,-0.3756893277168274,2.9761784076690674,12.957371711730957,12.957371711730957,261.0,17.0,0.0,1.1620141578736476,0.0756867459151418,0.0,4,2,1,0.6965639581305986,False,True
S707,CAMAPUA,MS,CO,-19.587513995,-54.030041495,540.0,10770,3,2018,2021,24.799470755383165,25.434969036027912,0.6354982831573309,1.5718945323986397,2.1168952345021936,0.9363372655148572,2.019347911732078,-6.407275199890137,-2.1171652197837827,0.3992847502231598,4.254214143753051,11.805564880371094,11.805564880371094,3.4261838440111423,0.05571030640668524,0.0,1,False,0.0046185392366547,True,0,0.0,0.0,0.0,4.440892098500626e-16,3.774758283725532e-15,369.0,6.0,0.0,10770,3,2018,2021,24.799470755383165,25.434969036027912,0.6354982831573309,1.5718945323986397,2.116895234502193,0.9363372655148534,2.019347911732079,-6.407275199890137,-2.1171652197837827,0.3992847502231598,4.254214143753051,11.805564880371094,11.805564880371094,369.0,6.0,0.0,3.4261838440111423,0.05571030640668524,0.0,4,1,0,0.2406963470319634,False,True
S708,FATIMA DO SUL,MS,CO,-22.308652555,-54.32583316,340.0,8539,4,2018,2021,24.10517625242475,24.15695406784985,0.051777817031805236,1.4805864243948694,1.9269969483466214,0.9463350982973029,1.9264139999279655,-6.66127872467041,-2.744928193092346,-0.07871055603027344,3.370698547363281,11.30810546875,11.30810546875,1.5458484600070266,0.07026583909122848,0.0,1,False,0.0046085094935186,True,0,0.0,0.0,0.0,-6.217248937900877e-15,-2.886579864025407e-15,132.0,6.0,0.0,8539,4,2018,2021,24.10517625242475,24.15695406784985,0.051777817031805236,1.4805864243948694,1.9269969483466276,0.9463350982973058,1.9264139999279637,-6.66127872467041,-2.744928193092346,-0.07871055603027344,3.370698547363281,11.30810546875,11.30810546875,132.0,6.0,0.0,1.5458484600070266,0.07026583909122848,0.0,4,1,1,0.0695723232776904,False,True
S709,IGUATEMI,MS,CO,-23.64446272,-54.570283385,319.0,27623,4,2018,2021,23.749665128046434,23.348343528871087,-0.4013216047166368,1.6039050306522704,2.0150796474244337,0.9540380571430086,1.9747476112864912,-12.51870059967041,-3.3539206266403196,-0.4980953335762024,2.8570511579513544,11.646580696105957,12.51870059967041,1.4299677804727944,0.057922745538138504,0.0,1,False,0.0021115806392683,True,0,0.0,0.0,0.0,1.0658141036401503e-14,-1.1102230246251565e-16,395.0,16.0,0.0,27623,4,2018,2021,23.749665128046434,23.348343528871087,-0.4013216047166368,1.6039050306522704,2.015079647424423,0.9540380571430087,1.9747476112864908,-12.51870059967041,-3.3539206266403196,-0.4980953335762024,2.8570511579513544,11.646580696105957,12.51870059967041,395.0,16.0,0.0,1.4299677804727944,0.057922745538138504,0.0,4,3,1,0.8188099676319288,False,True
S710,ITAPORA,MS,CO,-22.092833,-54.798833,360.0,31197,4,2018,2021,24.749328457323692,24.447884295351034,-0.3014441663082473,1.4796409689802896,1.9297484602850143,0.9437222640488351,1.9060894506160238,-10.95556640625,-3.0735840797424316,-0.4145229458808899,2.8298655509948727,14.99345588684082,14.99345588684082,1.8014552681347564,0.04808154630252909,0.0,1,False,0.0084180013361059,True,0,0.0,0.0,0.0,-1.6209256159527285e-14,-4.440892098500626e-16,562.0,15.0,0.0,31197,4,2018,2021,24.749328457323692,24.447884295351034,-0.3014441663082473,1.4796409689802896,1.9297484602850306,0.9437222640488355,1.906089450616026,-10.95556640625,-3.0735840797424316,-0.4145229458808899,2.8298655509948727,14.99345588684082,14.99345588684082,562.0,15.0,0.0,1.8014552681347564,0.04808154630252909,0.0,4,4,2,0.9388863028476008,False,True
S711,LAGUNA CARAPA,MS,CO,-22.575389,-55.160333,499.0,24427,4,2018,2021,24.090494119326014,24.14967207649588,0.059177951143724344,1.4659221098369848,1.902684435189125,0.9528986815097557,1.901802854632716,-7.72255802154541,-2.8108107328414915,-0.03149376064538956,3.2102533102035538,13.06367015838623,13.06367015838623,1.4860605068162278,0.0777827813485078,0.0,1,False,0.0136062583405249,True,0,0.0,0.0,0.0,-3.552713678800501e-15,-4.440892098500626e-15,363.0,19.0,0.0,24427,4,2018,2021,24.090494119326014,24.14967207649588,0.059177951143724344,1.4659221098369848,1.9026844351891286,0.9528986815097601,1.9018028546327175,-7.72255802154541,-2.8108107328414915,-0.03149376064538956,3.2102533102035538,13.06367015838623,13.06367015838623,363.0,19.0,0.0,1.4860605068162278,0.0777827813485078,0.0,4,2,2,0.7696856987798488,False,True
S712,NOVA ALVORADA DO SUL,MS,CO,-21.450972,-54.341972,5.0,25594,4,2018,2021,25.53293348922761,25.237555398152583,-0.2953781016109513,1.3957870091247973,1.7822031074500724,0.952301816559441,1.757589369092529,-7.533984184265137,-2.75870817899704,-0.4903804808855057,2.8406067967414854,13.033299446105957,13.033299446105957,1.0705634132999922,0.007814331483941549,0.0,1,False,0.0157291178688571,True,0,0.0,0.0,0.0,3.552713678800501e-15,8.881784197001252e-16,274.0,2.0,0.0,25594,4,2018,2021,25.53293348922761,25.237555398152583,-0.2953781016109513,1.3957870091247973,1.7822031074500688,0.9523018165594401,1.7575893690925277,-7.533984184265137,-2.75870817899704,-0.4903804808855057,2.8406067967414854,13.033299446105957,13.033299446105957,274.0,2.0,0.0,1.0705634132999922,0.007814331483941549,0.0,4,2,0,0.761200020489404,False,True
S713,NOVA ANDRADINA,MS,CO,-22.078569549999997,-53.465861165,372.0,11696,4,2018,2021,24.90483925435514,25.20041365205997,0.2955743909406508,1.5307648783024146,1.998804338916819,0.9410674069017468,1.9769139364561397,-9.587206840515137,-2.485792815685272,0.12441597133874893,3.6781986355781555,16.39531135559082,16.39531135559082,1.8980848153214775,0.09404924760601915,0.0,1,False,0.0054380247644244,True,0,0.0,0.0,0.0,-4.218847493575595e-15,1.2212453270876722e-15,222.0,11.0,0.0,11696,4,2018,2021,24.90483925435514,25.20041365205997,0.2955743909406508,1.5307648783024146,1.9988043389168233,0.9410674069017456,1.9769139364561379,-9.587206840515137,-2.485792815685272,0.12441597133874893,3.6781986355781555,16.39531135559082,16.39531135559082,222.0,11.0,0.0,1.8980848153214775,0.09404924760601915,0.0,4,1,1,0.3007990867579909,False,True
S714,PEDRO GOMES,MS,CO,-18.07277777,-54.54888888,251.0,20102,4,2018,2021,24.287259969316587,24.96595959162406,0.6786996181416469,1.6336464540775626,2.2240406572700264,0.8832743488489532,2.118005390161701,-8.685985565185547,-2.2168917059898376,0.3364749848842621,4.7780104637146,10.876365661621094,10.876365661621094,4.3677246045169635,0.029847776340662623,0.0,1,False,0.0110859927846585,True,0,0.0,0.0,0.0,0.0,2.3314683517128287e-15,878.0,6.0,0.0,20102,4,2018,2021,24.287259969316587,24.96595959162406,0.6786996181416469,1.6336464540775626,2.2240406572700264,0.8832743488489508,2.1180053901616986,-8.685985565185547,-2.2168917059898376,0.3364749848842621,4.7780104637146,10.876365661621094,10.876365661621094,878.0,6.0,0.0,4.3677246045169635,0.029847776340662623,0.0,4,1,0,0.5501465928088429,False,True
S715,RIBAS DO RIO PARDO,MS,CO,-20.466694,-53.763028,442.0,29046,4,2018,2021,25.77051227952399,25.478446762120026,-0.29206552882689985,1.4408720181856283,1.8506098573351084,0.9501712684234772,1.827448917516725,-9.475927352905273,-2.9903926253318787,-0.35690879821777344,2.69388610124588,12.43901252746582,12.43901252746582,1.1980995662053295,0.04131377814501136,0.0,1,False,0.0041808159274112,True,0,0.0,0.0,0.0,4.440892098500626e-16,4.3298697960381105e-15,348.0,12.0,0.0,29046,4,2018,2021,25.77051227952399,25.478446762120026,-0.29206552882689985,1.4408720181856283,1.850609857335108,0.9501712684234729,1.8274489175167297,-9.475927352905273,-2.9903926253318787,-0.35690879821777344,2.69388610124588,12.43901252746582,12.43901252746582,348.0,12.0,0.0,1.1980995662053295,0.04131377814501136,0.0,4,3,1,0.813655001836981,False,True
S716,SANTA RITA DO PARDO,MS,CO,-21.305889,-52.820375,383.0,29168,4,2018,2021,24.809184719040555,25.28875784892272,0.47957312574553534,1.5606854140847974,2.026472803909124,0.9497484755939513,1.968942496007261,-7.011816024780273,-2.39532927274704,0.3096429854631424,3.9620584845542903,13.90034008026123,13.90034008026123,2.218184311574328,0.023998902907295665,0.0,1,False,0.0118226786509405,True,0,0.0,0.0,0.0,-1.5987211554602254e-14,-5.773159728050814e-15,647.0,7.0,0.0,29168,4,2018,2021,24.809184719040555,25.28875784892272,0.47957312574553534,1.5606854140847974,2.02647280390914,0.949748475593957,1.9689424960072588,-7.011816024780273,-2.39532927274704,0.3096429854631424,3.9620584845542903,13.90034008026123,13.90034008026123,647.0,7.0,0.0,2.218184311574328,0.023998902907295665,0.0,4,3,1,0.8178082191780822,False,True
S717,SELVIRIA,MS,CO,-20.35141644,-51.430249884999995,374.0,17583,3,2018,2020,25.798316543842482,25.611944756640487,-0.18637179855891137,1.2116173859501682,1.5586985027081683,0.9511324675604855,1.5475602679396836,-7.645995616912842,-2.470248651504517,-0.28927573561668396,2.4049427509307857,9.666893005371094,9.666893005371094,0.6028550304271172,0.0,0.0,1,False,0.0042240671982633,True,0,0.0,0.0,0.0,-5.551115123125783e-15,-2.1094237467877974e-15,106.0,0.0,0.0,17583,3,2018,2020,25.798316543842482,25.611944756640487,-0.18637179855891137,1.2116173859501682,1.558698502708174,0.9511324675604876,1.5475602679396854,-7.645995616912842,-2.470248651504517,-0.28927573561668396,2.4049427509307857,9.666893005371094,9.666893005371094,106.0,0.0,0.0,0.6028550304271172,0.0,0.0,4,2,2,0.6312800781696342,False,True
