codigo,observacoes,temperatura_min_c,temperatura_max_c,primeiro_datetime,ultimo_datetime,ano
A001,5174,9.2,32.6,2000-05-07 12:00:00,2000-12-31 23:00:00,2000
A401,2093,21.7,31.8,2000-10-05 14:00:00,2000-12-31 23:00:00,2000
A101,5011,21.0,35.1,2000-05-09 21:00:00,2000-12-31 23:00:00,2000
A601,5066,9.4,38.2,2000-05-07 12:00:00,2000-12-29 09:00:00,2000
A801,2378,7.6,36.2,2000-09-22 04:00:00,2000-12-31 23:00:00,2000
A001,7956,11.3,33.1,2001-01-01 00:00:00,2001-12-31 23:00:00,2001
A002,4486,8.7,34.5,2001-05-30 12:00:00,2001-12-28 15:00:00,2001
A003,4617,6.1,39.6,2001-05-30 14:00:00,2001-12-31 23:00:00,2001
A702,2639,7.4,35.0,2001-09-11 17:00:00,2001-12-31 23:00:00,2001
A703,2666,5.0,33.8,2001-09-07 00:00:00,2001-12-31 23:00:00,2001
A704,2813,8.4,38.8,2001-09-04 15:00:00,2001-12-31 23:00:00,2001
A401,8489,20.1,32.4,2001-01-01 00:00:00,2001-12-31 23:00:00,2001
A402,142,21.2,35.0,2001-12-20 17:00:00,2001-12-31 23:00:00,2001
A101,6450,20.0,37.8,2001-01-01 00:00:00,2001-12-31 23:00:00,2001
A601,6798,11.7,37.9,2001-01-05 16:00:00,2001-12-31 23:00:00,2001
A705,2924,6.7,35.3,2001-08-30 14:00:00,2001-12-31 23:00:00,2001
A801,7546,3.0,35.9,2001-01-01 00:00:00,2001-12-31 23:00:00,2001
A802,982,11.4,29.2,2001-11-17 17:00:00,2001-12-31 23:00:00,2001
A803,842,12.9,36.2,2001-11-26 19:00:00,2001-12-31 23:00:00,2001
A804,833,8.2,33.5,2001-11-22 13:00:00,2001-12-31 23:00:00,2001
A805,624,14.2,35.4,2001-12-05 21:00:00,2001-12-31 23:00:00,2001
A001,8014,11.6,33.4,2002-01-01 00:00:00,2002-12-31 23:00:00,2002
A002,7973,10.0,37.6,2002-01-15 19:00:00,2002-12-31 23:00:00,2002
A003,8049,5.9,37.0,2002-01-01 00:00:00,2002-12-31 23:00:00,2002
A702,7807,4.5,36.6,2002-01-01 00:00:00,2002-12-31 22:00:00,2002
A703,8285,2.6,36.7,2002-01-01 00:00:00,2002-12-31 23:00:00,2002
A704,7467,6.4,38.8,2002-01-01 00:00:00,2002-12-31 23:00:00,2002
A901,248,24.1,36.4,2002-12-21 16:00:00,2002-12-31 23:00:00,2002
A904,338,20.9,33.6,2002-12-16 18:00:00,2002-12-31 23:00:00,2002
A905,443,20.5,33.0,2002-12-13 13:00:00,2002-12-31 23:00:00,2002
A906,200,22.1,34.6,2002-12-20 17:00:00,2002-12-31 23:00:00,2002
A401,7843,20.1,32.2,2002-01-01 00:00:00,2002-12-31 19:00:00,2002
A402,5287,12.6,38.3,2002-01-01 00:00:00,2002-12-14 15:00:00,2002
A404,5644,12.8,36.6,2002-04-22 00:00:00,2002-12-31 23:00:00,2002
A405,240,20.7,31.7,2002-12-22 00:00:00,2002-12-31 23:00:00,2002
A101,5617,21.7,36.5,2002-01-01 00:00:00,2002-12-31 23:00:00,2002
A505,297,18.6,30.8,2002-12-19 15:00:00,2002-12-31 23:00:00,2002
A506,312,19.9,33.9,2002-12-19 00:00:00,2002-12-31 23:00:00,2002
A508,407,20.6,36.9,2002-12-15 00:00:00,2002-12-31 23:00:00,2002
A601,7475,10.7,39.7,2002-01-01 00:00:00,2002-12-31 20:00:00,2002
A602,1176,15.5,40.9,2002-11-08 00:00:00,2002-12-31 17:00:00,2002
A603,1190,13.5,39.6,2002-10-29 00:00:00,2002-12-31 22:00:00,2002
A604,493,19.7,35.4,2002-12-10 00:00:00,2002-12-31 22:00:00,2002
A705,5736,5.1,38.7,2002-01-01 00:00:00,2002-12-31 23:00:00,2002
A706,5369,-1.1,28.5,2002-03-30 00:00:00,2002-12-14 13:00:00,2002
A708,444,17.4,30.9,2002-12-12 00:00:00,2002-12-31 23:00:00,2002
A801,7487,3.8,37.9,2002-01-01 00:00:00,2002-12-31 23:00:00,2002
A802,7908,3.1,35.7,2002-01-01 00:00:00,2002-12-31 23:00:00,2002
A803,7927,-0.7,38.0,2002-01-01 00:00:00,2002-12-31 23:00:00,2002
A804,7093,-0.1,35.9,2002-01-01 00:00:00,2002-12-31 23:00:00,2002
A805,7657,0.4,35.8,2002-01-01 00:00:00,2002-12-31 23:00:00,2002
A001,8208,11.7,33.2,2003-01-01 00:00:00,2003-12-31 23:00:00,2003
A002,7920,7.3,38.5,2003-01-01 00:00:00,2003-12-31 22:00:00,2003
A003,5861,7.3,36.7,2003-01-01 00:00:00,2003-10-03 19:00:00,2003
A702,6266,6.4,36.4,2003-01-01 00:00:00,2003-12-31 23:00:00,2003
A703,744,15.9,33.3,2003-01-01 00:00:00,2003-02-25 01:00:00,2003
A704,3401,8.7,39.2,2003-01-01 00:00:00,2003-05-26 03:00:00,2003
A901,8539,13.5,39.2,2003-01-01 00:00:00,2003-12-31 23:00:00,2003
A902,4920,11.2,36.8,2003-05-21 00:00:00,2003-12-31 14:00:00,2003
A903,7202,11.0,37.0,2003-02-25 12:00:00,2003-12-31 23:00:00,2003
A904,8756,13.6,37.6,2003-01-01 00:00:00,2003-12-31 23:00:00,2003
A905,8755,11.5,35.7,2003-01-01 00:00:00,2003-12-31 23:00:00,2003
A906,8516,13.5,36.8,2003-01-01 00:00:00,2003-12-31 23:00:00,2003
A907,1044,20.0,36.3,2003-11-17 20:00:00,2003-12-31 23:00:00,2003
A303,7423,18.2,33.5,2003-02-25 16:00:00,2003-12-31 23:00:00,2003
A401,7917,20.7,43.3,2003-01-01 12:00:00,2003-12-31 23:00:00,2003
A402,5204,11.5,38.3,2003-02-15 20:00:00,2003-10-27 17:00:00,2003
A404,7968,10.7,35.4,2003-01-01 00:00:00,2003-12-31 23:00:00,2003
A405,3084,20.6,32.4,2003-01-01 00:00:00,2003-12-31 23:00:00,2003
A406,3601,18.8,35.4,2003-01-20 13:00:00,2003-11-22 00:00:00,2003
A407,7819,12.5,33.0,2003-02-09 00:00:00,2003-12-31 23:00:00,2003
A408,8075,14.3,36.4,2003-01-29 00:00:00,2003-12-31 23:00:00,2003
A410,8179,14.1,31.8,2003-01-25 00:00:00,2003-12-31 23:00:00,2003
A412,7747,13.2,36.6,2003-02-03 00:00:00,2003-12-31 23:00:00,2003
A305,5722,21.7,33.4,2003-02-18 13:00:00,2003-12-31 23:00:00,2003
A306,6215,21.2,38.7,2003-02-12 00:00:00,2003-12-31 23:00:00,2003
A203,6637,22.1,33.7,2003-01-30 19:00:00,2003-12-31 23:00:00,2003
A307,7516,17.9,37.7,2003-02-21 15:00:00,2003-12-31 23:00:00,2003
A308,5495,21.1,37.3,2003-02-06 00:00:00,2003-12-31 23:00:00,2003
A302,117,26.2,31.5,2003-11-02 18:00:00,2003-12-23 20:00:00,2003
A304,5007,20.4,31.2,2003-02-24 00:00:00,2003-12-05 03:00:00,2003
A409,7722,20.3,32.6,2003-02-13 00:00:00,2003-12-31 23:00:00,2003
A101,1958,23.3,35.1,2003-01-01 00:00:00,2003-12-30 18:00:00,2003
A201,6279,21.9,34.1,2003-01-20 12:00:00,2003-12-31 05:00:00,2003
A202,7748,20.8,36.1,2003-01-24 17:00:00,2003-12-31 23:00:00,2003
A502,4085,8.4,32.9,2003-03-21 00:00:00,2003-12-31 23:00:00,2003
A505,8757,9.2,34.0,2003-01-01 00:00:00,2003-12-31 23:00:00,2003
A506,8519,10.4,37.9,2003-01-01 00:00:00,2003-12-31 23:00:00,2003
A507,5038,9.6,35.6,2003-03-21 00:00:00,2003-12-31 23:00:00,2003
A508,8511,11.6,37.5,2003-01-01 00:00:00,2003-12-31 23:00:00,2003
A601,8188,12.0,39.5,2003-01-01 00:00:00,2003-12-31 23:00:00,2003
A602,1834,13.7,39.2,2003-01-01 00:00:00,2003-12-31 23:00:00,2003
A603,6219,10.5,39.0,2003-01-01 00:00:00,2003-09-27 11:00:00,2003
A604,8396,9.7,37.8,2003-01-01 00:00:00,2003-12-25 03:00:00,2003
A705,7789,6.7,37.6,2003-01-01 00:00:00,2003-12-31 23:00:00,2003
A706,5352,0.1,27.7,2003-05-13 16:00:00,2003-12-26 14:00:00,2003
A707,2092,11.5,35.9,2003-02-04 00:00:00,2003-05-03 06:00:00,2003
A708,2469,18.3,33.5,2003-01-01 00:00:00,2003-12-31 23:00:00,2003
A807,1933,3.9,29.2,2003-03-17 00:00:00,2003-06-07 02:00:00,2003
A801,7348,3.3,38.0,2003-01-01 00:00:00,2003-12-31 23:00:00,2003
A802,7896,3.4,36.4,2003-01-01 01:00:00,2003-12-31 23:00:00,2003
A803,8259,0.0,38.6,2003-01-01 00:00:00,2003-12-31 23:00:00,2003
A804,7125,0.3,35.0,2003-01-01 00:00:00,2003-12-31 23:00:00,2003
A805,4306,1.0,34.5,2003-01-01 00:00:00,2003-12-31 23:00:00,2003
A806,6626,5.6,32.3,2003-03-17 00:00:00,2003-12-31 23:00:00,2003
A001,7692,9.4,33.6,2004-01-01 00:00:00,2004-12-31 23:00:00,2004
A002,8082,7.4,37.1,2004-01-01 00:00:00,2004-12-31 23:00:00,2004
A702,8688,4.5,38.9,2004-01-01 00:00:00,2004-12-31 23:00:00,2004
A704,927,19.1,36.5,2004-11-22 17:00:00,2004-12-31 23:00:00,2004
A901,8715,12.5,39.9,2004-01-01 00:00:00,2004-12-31 23:00:00,2004
A902,7707,10.6,37.4,2004-01-01 00:00:00,2004-12-31 23:00:00,2004
A903,8706,11.0,39.8,2004-01-01 00:00:00,2004-12-31 23:00:00,2004
A904,8476,13.1,39.8,2004-01-01 00:00:00,2004-12-31 23:00:00,2004
A905,8486,11.4,36.8,2004-01-01 00:00:00,2004-12-31 23:00:00,2004
A906,8761,13.9,36.6,2004-01-01 00:00:00,2004-12-31 23:00:00,2004
A907,8766,11.0,39.3,2004-01-01 00:00:00,2004-12-31 23:00:00,2004
A303,8746,17.1,39.5,2004-01-01 00:00:00,2004-12-31 23:00:00,2004
A401,8718,21.5,37.7,2004-01-01 00:00:00,2004-12-31 23:00:00,2004
A404,8182,9.8,35.9,2004-01-01 00:00:00,2004-12-31 23:00:00,2004
A405,8738,15.5,35.6,2004-01-01 00:00:00,2004-12-31 23:00:00,2004
A406,7664,16.1,37.2,2004-02-15 13:00:00,2004-12-31 23:00:00,2004
A407,8744,11.7,35.2,2004-01-01 00:00:00,2004-12-31 23:00:00,2004
A408,8716,13.5,38.3,2004-01-01 00:00:00,2004-12-31 23:00:00,2004
A410,8755,14.4,36.4,2004-01-01 00:00:00,2004-12-31 23:00:00,2004
A412,8734,13.2,37.8,2004-01-01 00:00:00,2004-12-31 23:00:00,2004
A305,7371,22.3,33.2,2004-01-01 00:00:00,2004-12-31 23:00:00,2004
A306,4062,21.3,38.2,2004-01-01 00:00:00,2004-12-31 23:00:00,2004
A203,7395,22.2,33.2,2004-01-01 00:00:00,2004-12-31 23:00:00,2004
A310,695,18.6,30.3,2004-11-16 13:00:00,2004-12-31 23:00:00,2004
A301,217,20.3,31.8,2004-12-22 10:00:00,2004-12-31 23:00:00,2004
A307,8747,17.9,39.1,2004-01-01 00:00:00,2004-12-31 23:00:00,2004
A309,384,18.8,34.4,2004-12-15 19:00:00,2004-12-31 23:00:00,2004
A308,8310,19.6,37.8,2004-01-01 00:00:00,2004-12-31 23:00:00,2004
A311,929,20.9,40.3,2004-11-18 20:00:00,2004-12-31 23:00:00,2004
A302,2735,23.2,30.4,2004-07-12 06:00:00,2004-12-27 23:00:00,2004
A304,6771,20.5,31.6,2004-02-01 00:00:00,2004-11-26 20:00:00,2004
A409,8745,19.0,31.4,2004-01-01 00:00:00,2004-12-31 23:00:00,2004
A101,5613,22.0,35.4,2004-01-04 14:00:00,2004-12-08 03:00:00,2004
A201,4995,22.3,33.9,2004-01-01 00:00:00,2004-12-31 23:00:00,2004
A202,8746,21.0,36.2,2004-01-01 00:00:00,2004-12-31 23:00:00,2004
A009,341,20.9,34.1,2004-12-17 15:00:00,2004-12-31 23:00:00,2004
A502,6199,5.4,31.2,2004-01-01 00:00:00,2004-12-31 23:00:00,2004
A505,8675,7.9,34.1,2004-01-01 00:00:00,2004-12-31 23:00:00,2004
A506,8672,9.1,35.8,2004-01-01 00:00:00,2004-12-31 23:00:00,2004
A507,1700,17.2,30.8,2004-01-01 00:00:00,2004-12-31 23:00:00,2004
A508,8668,10.6,37.6,2004-01-01 00:00:00,2004-12-31 23:00:00,2004
A509,293,10.1,26.7,2004-12-19 18:00:00,2004-12-31 23:00:00,2004
A601,5688,13.4,38.3,2004-01-01 00:00:00,2004-12-31 23:00:00,2004
A602,8671,10.9,39.6,2004-01-01 00:00:00,2004-12-31 23:00:00,2004
A603,1374,15.9,37.9,2004-11-04 16:00:00,2004-12-31 23:00:00,2004
A604,360,20.6,35.3,2004-12-16 23:00:00,2004-12-31 23:00:00,2004
A705,2572,14.4,35.2,2004-01-01 00:00:00,2004-12-31 23:00:00,2004
A706,606,2.7,26.9,2004-02-25 10:00:00,2004-10-01 14:00:00,2004
A707,983,17.2,34.7,2004-11-20 21:00:00,2004-12-31 23:00:00,2004
A708,8702,8.4,35.3,2004-01-01 00:00:00,2004-12-31 23:00:00,2004
A801,7793,3.3,36.7,2004-01-01 01:00:00,2004-12-31 23:00:00,2004
A802,2682,8.1,33.0,2004-01-01 00:00:00,2004-05-07 08:00:00,2004
A803,8629,-0.9,37.0,2004-01-01 00:00:00,2004-12-31 23:00:00,2004
A804,8600,-0.2,35.5,2004-01-01 00:00:00,2004-12-31 23:00:00,2004
A805,1767,12.7,35.0,2004-01-01 00:00:00,2004-05-03 14:00:00,2004
A806,4356,5.5,32.2,2004-01-01 00:00:00,2004-08-09 22:00:00,2004
A001,8550,10.2,33.5,2005-01-01 00:00:00,2005-12-31 23:00:00,2005
A002,7356,10.1,45.0,2005-01-01 00:00:00,2005-12-31 23:00:00,2005
A003,4175,8.6,37.9,2005-06-23 16:00:00,2005-12-31 23:00:00,2005
A702,7931,5.7,36.0,2005-01-01 00:00:00,2005-12-31 23:00:00,2005
A703,2377,5.2,34.1,2005-09-03 16:00:00,2005-12-31 23:00:00,2005
A704,8262,7.6,39.1,2005-01-01 00:00:00,2005-12-31 23:00:00,2005
A709,2218,8.9,36.8,2005-09-05 16:00:00,2005-12-31 23:00:00,2005
A901,8339,11.1,39.1,2005-01-01 00:00:00,2005-12-31 23:00:00,2005
A902,8372,10.1,36.7,2005-01-01 00:00:00,2005-12-31 23:00:00,2005
A903,8361,11.1,38.4,2005-01-01 00:00:00,2005-12-31 23:00:00,2005
A904,8377,12.1,38.5,2005-01-01 00:00:00,2005-12-31 23:00:00,2005
A905,1918,17.1,33.9,2005-01-01 00:00:00,2005-03-26 12:00:00,2005
A906,2045,21.0,35.4,2005-01-01 00:00:00,2005-09-06 17:00:00,2005
A907,8380,10.6,40.7,2005-01-01 00:00:00,2005-12-31 23:00:00,2005
A303,8463,19.2,42.2,2005-01-01 00:00:00,2005-12-31 23:00:00,2005
A401,7762,22.6,34.7,2005-01-01 00:00:00,2005-12-19 23:00:00,2005
A402,1153,3.2,18.2,2005-07-01 21:00:00,2005-08-31 12:00:00,2005
A404,3777,10.6,33.9,2005-01-01 00:00:00,2005-09-10 14:00:00,2005
A405,3591,19.1,34.1,2005-01-01 00:00:00,2005-06-10 03:00:00,2005
A406,6604,17.4,34.9,2005-01-01 00:00:00,2005-12-31 23:00:00,2005
A407,7702,12.4,33.6,2005-01-01 00:00:00,2005-12-31 23:00:00,2005
A408,7813,14.8,37.7,2005-01-01 00:00:00,2005-12-31 23:00:00,2005
A410,7335,16.6,32.1,2005-01-01 00:00:00,2005-12-31 23:00:00,2005
A412,7806,14.2,37.3,2005-01-01 00:00:00,2005-12-31 23:00:00,2005
A305,7887,21.5,33.7,2005-01-01 00:00:00,2005-12-06 23:00:00,2005
A306,6330,21.8,38.8,2005-01-01 00:00:00,2005-12-31 23:00:00,2005
A203,6790,22.2,33.8,2005-01-01 00:00:00,2005-12-31 23:00:00,2005
A310,8397,17.7,33.0,2005-01-01 00:00:00,2005-12-31 23:00:00,2005
A301,8660,19.1,33.4,2005-01-01 00:00:00,2005-12-31 23:00:00,2005
A307,8398,18.6,38.5,2005-01-01 00:00:00,2005-12-31 23:00:00,2005
A309,8613,13.5,36.2,2005-01-01 00:00:00,2005-12-31 23:00:00,2005
A308,7964,20.4,37.8,2005-01-01 00:00:00,2005-12-31 23:00:00,2005
A311,6824,19.1,40.0,2005-01-01 00:00:00,2005-12-31 23:00:00,2005
A312,4274,17.8,39.8,2005-05-13 20:00:00,2005-12-31 23:00:00,2005
A302,1043,24.7,32.3,2005-01-01 13:00:00,2005-12-31 17:00:00,2005
A304,4922,20.5,31.0,2005-04-26 17:00:00,2005-11-23 01:00:00,2005
A409,7793,20.4,34.8,2005-01-01 00:00:00,2005-12-31 23:00:00,2005
A101,4360,23.0,38.0,2005-06-23 20:00:00,2005-12-31 23:00:00,2005
A201,6494,22.1,45.0,2005-01-01 00:00:00,2005-12-31 23:00:00,2005
A202,8172,21.3,36.8,2005-01-01 00:00:00,2005-12-31 23:00:00,2005
A009,8292,18.0,39.9,2005-01-01 00:00:00,2005-12-31 23:00:00,2005
A010,6587,13.6,39.9,2005-03-04 00:00:00,2005-12-31 23:00:00,2005
A502,8545,7.1,31.5,2005-01-01 00:00:00,2005-12-31 23:00:00,2005
A505,8284,9.1,33.8,2005-01-01 00:00:00,2005-12-31 23:00:00,2005
A506,8054,11.2,37.6,2005-01-01 00:00:00,2005-12-31 23:00:00,2005
A507,6413,9.7,35.7,2005-01-01 00:00:00,2005-12-31 23:00:00,2005
A508,8238,13.0,37.9,2005-01-01 00:00:00,2005-12-31 23:00:00,2005
A509,8329,1.6,28.0,2005-01-01 00:00:00,2005-12-31 23:00:00,2005
A510,1824,11.7,32.3,2005-09-15 21:00:00,2005-12-31 23:00:00,2005
A601,7778,12.9,39.5,2005-01-01 00:00:00,2005-12-31 23:00:00,2005
A602,7748,13.2,40.2,2005-01-01 00:00:00,2005-12-18 01:00:00,2005
A603,7981,11.3,39.8,2005-01-01 00:00:00,2005-12-31 23:00:00,2005
A604,8473,9.4,38.7,2005-01-01 00:00:00,2005-12-31 23:00:00,2005
A705,8362,5.9,36.2,2005-01-01 00:00:00,2005-12-31 23:00:00,2005
A707,8307,6.6,37.7,2005-01-01 00:00:00,2005-12-31 23:00:00,2005
A708,8461,8.8,34.3,2005-01-01 00:00:00,2005-12-31 23:00:00,2005
A807,4241,3.2,31.4,2005-05-15 15:00:00,2005-11-28 06:00:00,2005
A801,8024,2.4,39.4,2005-01-01 01:00:00,2005-12-31 23:00:00,2005
A802,5047,3.1,33.5,2005-05-24 20:00:00,2005-12-31 23:00:00,2005
A803,7944,0.6,38.3,2005-01-01 00:00:00,2005-12-31 23:00:00,2005
A804,7741,0.8,36.9,2005-01-01 00:00:00,2005-12-31 23:00:00,2005
A805,5020,1.4,34.0,2005-05-17 22:00:00,2005-12-31 23:00:00,2005
A806,5211,6.9,35.1,2005-05-13 14:00:00,2005-12-31 23:00:00,2005
A001,8457,11.1,32.6,2006-01-01 00:00:00,2006-12-31 23:00:00,2006
A002,8420,12.7,36.0,2006-01-01 00:00:00,2006-12-31 23:00:00,2006
A003,8440,9.0,35.9,2006-01-01 00:00:00,2006-12-31 23:00:00,2006
A011,4002,9.7,37.4,2006-07-15 16:00:00,2006-12-31 23:00:00,2006
A012,1709,15.9,32.6,2006-10-21 12:00:00,2006-12-31 23:00:00,2006
A702,8451,5.3,35.8,2006-01-01 00:00:00,2006-12-31 23:00:00,2006
A703,8435,4.3,35.0,2006-01-01 00:00:00,2006-12-31 23:00:00,2006
A704,8438,7.9,38.5,2006-01-01 00:00:00,2006-12-31 23:00:00,2006
A709,8351,5.3,37.7,2006-01-01 00:00:00,2006-12-31 23:00:00,2006
A710,1135,18.4,37.5,2006-11-14 11:00:00,2006-12-31 23:00:00,2006
A717,3465,9.2,38.2,2006-08-03 18:00:00,2006-12-31 23:00:00,2006
A719,1445,16.2,37.5,2006-11-01 16:00:00,2006-12-31 23:00:00,2006
A720,1303,17.0,37.2,2006-11-06 19:00:00,2006-12-31 23:00:00,2006
A721,1737,14.0,36.9,2006-10-19 16:00:00,2006-12-31 23:00:00,2006
A722,1412,16.8,38.8,2006-11-02 16:00:00,2006-12-31 23:00:00,2006
A723,1633,16.2,38.3,2006-10-24 18:00:00,2006-12-31 23:00:00,2006
A724,1560,19.8,41.2,2006-10-26 20:00:00,2006-12-31 23:00:00,2006
A730,288,19.3,31.6,2006-12-20 00:00:00,2006-12-31 23:00:00,2006
A731,328,20.4,35.0,2006-12-15 13:00:00,2006-12-31 23:00:00,2006
A732,254,20.2,32.0,2006-12-18 12:00:00,2006-12-31 23:00:00,2006
A901,7243,13.2,38.7,2006-01-01 00:00:00,2006-12-31 23:00:00,2006
A902,8038,12.8,36.9,2006-01-01 00:00:00,2006-12-31 23:00:00,2006
A903,4207,16.2,37.9,2006-01-01 00:00:00,2006-12-31 23:00:00,2006
A904,8319,14.4,38.0,2006-01-01 00:00:00,2006-12-31 23:00:00,2006
A905,2664,18.2,35.7,2006-09-09 21:00:00,2006-12-31 23:00:00,2006
A907,7933,10.6,38.6,2006-01-01 00:00:00,2006-12-31 23:00:00,2006
A908,333,20.8,34.1,2006-12-16 12:00:00,2006-12-31 23:00:00,2006
A910,1468,21.1,35.2,2006-10-24 00:00:00,2006-12-31 23:00:00,2006
A912,929,18.9,31.8,2006-11-21 13:00:00,2006-12-31 23:00:00,2006
A913,755,18.9,30.8,2006-11-28 17:00:00,2006-12-31 23:00:00,2006
A914,1394,20.1,34.8,2006-11-02 00:00:00,2006-12-31 23:00:00,2006
A915,258,20.6,33.9,2006-12-19 11:00:00,2006-12-31 23:00:00,2006
A917,1332,19.2,35.9,2006-10-29 23:00:00,2006-12-31 23:00:00,2006
A920,378,21.8,32.0,2006-12-01 18:00:00,2006-12-17 12:00:00,2006
A922,700,21.8,34.6,2006-12-01 00:00:00,2006-12-31 23:00:00,2006
A303,5340,18.8,34.7,2006-01-01 00:00:00,2006-12-24 16:00:00,2006
A401,3303,21.8,34.4,2006-06-24 13:00:00,2006-12-31 23:00:00,2006
A402,6816,16.8,38.1,2006-03-11 16:00:00,2006-12-31 23:00:00,2006
A404,6753,10.5,35.5,2006-03-11 14:00:00,2006-12-31 23:00:00,2006
A405,4824,14.5,34.0,2006-04-06 19:00:00,2006-12-31 23:00:00,2006
A406,8323,14.6,37.1,2006-01-01 00:00:00,2006-12-31 23:00:00,2006
A407,6299,12.1,35.1,2006-01-01 00:00:00,2006-12-02 18:00:00,2006
A408,8325,10.5,38.7,2006-01-01 00:00:00,2006-12-31 23:00:00,2006
A410,7598,12.9,33.6,2006-01-01 00:00:00,2006-11-30 10:00:00,2006
A412,7972,10.3,38.3,2006-01-01 00:00:00,2006-12-31 23:00:00,2006
A305,4270,21.2,32.9,2006-07-04 12:00:00,2006-12-31 23:00:00,2006
A306,7205,18.5,39.0,2006-01-01 00:00:00,2006-12-31 23:00:00,2006
A203,7074,22.2,33.7,2006-01-01 00:00:00,2006-12-31 23:00:00,2006
A310,8221,17.4,32.3,2006-01-01 00:00:00,2006-12-31 23:00:00,2006
A313,49,21.4,32.7,2006-12-23 16:00:00,2006-12-31 17:00:00,2006
A301,7886,18.8,32.9,2006-01-01 00:00:00,2006-12-31 23:00:00,2006
A307,7613,17.9,37.5,2006-01-01 00:00:00,2006-12-31 23:00:00,2006
A309,8242,13.2,36.7,2006-01-01 00:00:00,2006-12-31 23:00:00,2006
A308,6752,18.9,37.2,2006-01-01 00:00:00,2006-12-31 22:00:00,2006
A311,8228,18.2,40.2,2006-01-01 00:00:00,2006-12-31 23:00:00,2006
A312,4692,20.5,37.2,2006-01-01 00:00:00,2006-08-04 11:00:00,2006
A302,1029,25.7,32.4,2006-01-02 15:00:00,2006-11-27 15:00:00,2006
A304,6442,20.8,31.5,2006-03-19 13:00:00,2006-12-31 23:00:00,2006
A409,4168,21.4,32.3,2006-01-01 00:00:00,2006-12-31 23:00:00,2006
A101,8368,22.8,38.1,2006-01-01 00:00:00,2006-12-31 23:00:00,2006
A201,5614,22.0,44.9,2006-01-01 00:00:00,2006-12-31 23:00:00,2006
A202,7996,21.2,36.2,2006-01-01 00:00:00,2006-12-31 23:00:00,2006
A009,8387,17.0,38.3,2006-01-01 00:00:00,2006-12-31 23:00:00,2006
A010,6444,11.7,39.7,2006-01-01 00:00:00,2006-12-31 23:00:00,2006
A018,611,20.7,36.2,2006-12-04 01:00:00,2006-12-31 23:00:00,2006
A612,1425,17.3,34.9,2006-10-31 16:00:00,2006-12-31 23:00:00,2006
A614,1538,17.6,34.5,2006-10-27 00:00:00,2006-12-31 23:00:00,2006
A615,1354,16.7,35.5,2006-11-03 00:00:00,2006-12-31 23:00:00,2006
A616,1570,17.8,34.1,2006-10-25 15:00:00,2006-12-31 23:00:00,2006
A617,1571,16.0,38.0,2006-10-25 19:00:00,2006-12-31 23:00:00,2006
A502,8314,6.2,34.2,2006-01-01 00:00:00,2006-12-31 23:00:00,2006
A505,8305,9.5,34.6,2006-01-01 00:00:00,2006-12-31 23:00:00,2006
A506,8314,10.2,36.5,2006-01-01 00:00:00,2006-12-31 23:00:00,2006
A507,8306,9.3,34.2,2006-01-01 00:00:00,2006-12-31 23:00:00,2006
A508,7127,10.8,37.4,2006-01-01 00:00:00,2006-12-10 16:00:00,2006
A509,8312,0.0,28.6,2006-01-01 00:00:00,2006-12-31 23:00:00,2006
A510,7685,6.9,36.5,2006-01-01 00:00:00,2006-12-31 23:00:00,2006
A511,7028,12.7,34.8,2006-02-24 22:00:00,2006-12-31 23:00:00,2006
A512,5394,6.7,37.3,2006-05-12 09:00:00,2006-12-31 23:00:00,2006
A513,3701,7.7,31.4,2006-07-28 17:00:00,2006-12-31 23:00:00,2006
A514,4729,6.4,31.5,2006-06-09 20:00:00,2006-12-31 23:00:00,2006
A515,4060,7.6,32.5,2006-07-13 16:00:00,2006-12-31 23:00:00,2006
A516,3912,8.8,34.1,2006-07-17 20:00:00,2006-12-31 23:00:00,2006
A517,2912,11.9,36.4,2006-08-30 13:00:00,2006-12-31 23:00:00,2006
A519,4024,7.5,36.2,2006-07-15 00:00:00,2006-12-31 23:00:00,2006
A520,3871,5.9,37.0,2006-07-18 17:00:00,2006-12-31 23:00:00,2006
A521,1954,14.0,32.5,2006-10-10 14:00:00,2006-12-31 23:00:00,2006
A522,3115,13.6,35.1,2006-08-21 16:00:00,2006-12-31 23:00:00,2006
A523,3045,9.4,32.2,2006-08-22 18:00:00,2006-12-31 23:00:00,2006
A524,3224,9.4,32.3,2006-08-17 13:00:00,2006-12-31 23:00:00,2006
A525,2719,8.7,33.4,2006-08-19 00:00:00,2006-12-31 23:00:00,2006
A527,3031,13.1,33.9,2006-08-25 14:00:00,2006-12-31 23:00:00,2006
A528,3027,12.0,33.8,2006-08-25 21:00:00,2006-12-31 23:00:00,2006
A530,762,13.0,28.6,2006-11-28 12:00:00,2006-12-31 23:00:00,2006
A531,676,11.2,27.6,2006-12-01 17:00:00,2006-12-31 23:00:00,2006
A538,314,19.1,34.4,2006-12-18 21:00:00,2006-12-31 23:00:00,2006
A601,8505,9.3,39.0,2006-01-01 00:00:00,2006-12-31 23:00:00,2006
A602,4466,10.4,39.5,2006-05-17 17:00:00,2006-12-31 23:00:00,2006
A603,6487,10.4,40.5,2006-01-01 00:00:00,2006-12-18 19:00:00,2006
A604,8416,8.8,40.5,2006-01-01 00:00:00,2006-12-31 23:00:00,2006
A606,2326,16.9,29.9,2006-09-24 00:00:00,2006-12-31 23:00:00,2006
A607,2282,16.1,36.6,2006-09-25 19:00:00,2006-12-31 23:00:00,2006
A608,2363,14.5,37.8,2006-09-22 16:00:00,2006-12-31 23:00:00,2006
A609,2193,12.0,34.4,2006-09-29 18:00:00,2006-12-31 23:00:00,2006
A610,1513,5.0,25.0,2006-10-28 03:00:00,2006-12-31 23:00:00,2006
A611,2254,12.8,35.4,2006-09-27 00:00:00,2006-12-31 23:00:00,2006
A618,1405,9.0,29.6,2006-11-01 12:00:00,2006-12-31 23:00:00,2006
A619,568,19.6,36.7,2006-12-06 13:00:00,2006-12-31 23:00:00,2006
A701,3816,6.5,33.6,2006-07-25 14:00:00,2006-12-31 23:00:00,2006
A705,8435,5.8,36.9,2006-01-01 00:00:00,2006-12-31 23:00:00,2006
A706,1406,5.1,26.6,2006-09-27 01:00:00,2006-12-31 23:00:00,2006
A707,8432,6.1,37.1,2006-01-01 00:00:00,2006-12-31 23:00:00,2006
A708,8427,8.1,33.1,2006-01-01 00:00:00,2006-12-31 23:00:00,2006
A711,145,9.3,29.1,2006-09-04 20:00:00,2006-11-17 08:00:00,2006
A712,3916,4.8,38.3,2006-07-20 00:00:00,2006-12-31 23:00:00,2006
A713,3161,5.2,34.3,2006-08-22 00:00:00,2006-12-31 23:00:00,2006
A714,3771,4.4,33.6,2006-07-25 20:00:00,2006-12-31 23:00:00,2006
A715,3304,3.5,34.3,2006-08-15 15:00:00,2006-12-31 23:00:00,2006
A716,2951,7.0,37.7,2006-08-29 17:00:00,2006-12-31 23:00:00,2006
A718,2902,3.5,37.7,2006-09-01 15:00:00,2006-12-31 23:00:00,2006
A725,2259,10.6,33.9,2006-09-28 18:00:00,2006-12-31 23:00:00,2006
A726,2325,13.3,37.9,2006-09-26 00:00:00,2006-12-31 23:00:00,2006
A727,2259,11.9,36.0,2006-09-28 19:00:00,2006-12-31 23:00:00,2006
A728,269,19.0,32.7,2006-12-20 19:00:00,2006-12-31 23:00:00,2006
A729,559,21.3,34.7,2006-12-08 17:00:00,2006-12-31 23:00:00,2006
A807,6548,1.3,33.3,2006-03-12 18:00:00,2006-12-31 23:00:00,2006
A818,4101,-1.4,32.7,2006-07-11 21:00:00,2006-12-31 23:00:00,2006
A819,4145,-1.9,31.4,2006-07-09 21:00:00,2006-12-31 23:00:00,2006
A820,994,15.5,36.1,2006-11-18 14:00:00,2006-12-31 23:00:00,2006
A821,857,18.1,35.4,2006-11-24 10:00:00,2006-12-31 23:00:00,2006
A822,207,18.2,30.1,2006-12-21 14:00:00,2006-12-31 23:00:00,2006
A823,1479,10.5,29.5,2006-10-17 12:00:00,2006-12-31 23:00:00,2006
A824,1046,18.0,36.4,2006-11-16 13:00:00,2006-12-31 23:00:00,2006
A835,919,18.7,35.1,2006-11-21 18:00:00,2006-12-31 23:00:00,2006
A801,8217,3.1,38.7,2006-01-01 00:00:00,2006-12-31 23:00:00,2006
A802,8378,1.9,36.2,2006-01-01 00:00:00,2006-12-31 23:00:00,2006
A803,8374,-0.3,37.6,2006-01-01 00:00:00,2006-12-31 23:00:00,2006
A804,8019,0.1,38.1,2006-01-01 00:00:00,2006-12-14 19:00:00,2006
A805,8389,0.1,36.5,2006-01-01 00:00:00,2006-12-31 23:00:00,2006
A808,5063,3.3,32.2,2006-06-01 14:00:00,2006-12-31 23:00:00,2006
A809,2231,9.9,38.0,2006-09-28 00:00:00,2006-12-31 23:00:00,2006
A810,1064,13.4,37.8,2006-11-15 22:00:00,2006-12-31 23:00:00,2006
A812,4558,0.5,34.8,2006-06-22 16:00:00,2006-12-31 23:00:00,2006
A813,2169,10.7,38.7,2006-09-30 21:00:00,2006-12-31 23:00:00,2006
A826,2115,10.9,38.1,2006-10-02 20:00:00,2006-12-31 23:00:00,2006
A828,786,14.9,33.0,2006-11-27 11:00:00,2006-12-31 23:00:00,2006
A829,1211,5.0,29.6,2006-10-26 20:00:00,2006-12-31 23:00:00,2006
A838,400,14.6,34.5,2006-12-13 13:00:00,2006-12-31 23:00:00,2006
A839,779,15.0,35.5,2006-11-27 18:00:00,2006-12-31 23:00:00,2006
A840,679,14.9,34.9,2006-12-01 21:00:00,2006-12-31 23:00:00,2006
A806,7700,6.1,34.7,2006-01-01 00:00:00,2006-12-31 23:00:00,2006
A817,4324,4.0,37.3,2006-07-02 15:00:00,2006-12-31 23:00:00,2006
A001,8523,11.0,34.2,2007-01-01 00:00:00,2007-12-31 23:00:00,2007
A002,8719,8.3,38.5,2007-01-01 00:00:00,2007-12-31 23:00:00,2007
A003,8743,7.4,37.8,2007-01-01 00:00:00,2007-12-31 23:00:00,2007
A011,8743,9.1,39.0,2007-01-01 00:00:00,2007-12-31 23:00:00,2007
A012,8600,9.8,36.2,2007-01-01 00:00:00,2007-12-31 23:00:00,2007
A013,3749,12.9,40.2,2007-07-13 00:00:00,2007-12-31 23:00:00,2007
A014,3879,15.5,40.9,2007-07-19 00:00:00,2007-12-31 23:00:00,2007
A015,7749,10.6,38.2,2007-02-03 00:00:00,2007-12-31 23:00:00,2007
A016,5011,6.0,37.4,2007-06-01 00:00:00,2007-12-31 23:00:00,2007
A017,6015,14.6,37.3,2007-04-20 14:00:00,2007-12-31 23:00:00,2007
A022,3495,16.9,38.0,2007-06-02 12:00:00,2007-12-31 23:00:00,2007
A023,5277,8.2,36.8,2007-05-21 13:00:00,2007-12-31 23:00:00,2007
A024,4953,11.4,33.5,2007-06-04 00:00:00,2007-12-31 23:00:00,2007
A025,5368,6.8,37.2,2007-05-17 16:00:00,2007-12-31 23:00:00,2007
A026,895,-2.9,33.0,2007-11-24 16:00:00,2007-12-31 23:00:00,2007
A032,4777,16.7,38.1,2007-06-11 13:00:00,2007-12-31 23:00:00,2007
A033,1822,16.2,38.0,2007-10-12 20:00:00,2007-12-31 23:00:00,2007
A035,1304,18.5,36.5,2007-11-01 20:00:00,2007-12-31 23:00:00,2007
A036,363,16.2,28.9,2007-12-16 21:00:00,2007-12-31 23:00:00,2007
A702,7667,5.6,38.2,2007-01-01 00:00:00,2007-12-31 23:00:00,2007
A703,8728,3.9,37.1,2007-01-01 00:00:00,2007-12-31 23:00:00,2007
A704,8693,6.8,40.3,2007-01-01 00:00:00,2007-12-31 23:00:00,2007
A709,7070,9.2,39.2,2007-01-01 00:00:00,2007-12-31 23:00:00,2007
A710,8310,7.5,40.0,2007-01-01 00:00:00,2007-12-15 20:00:00,2007
A717,6155,6.8,40.9,2007-01-01 00:00:00,2007-12-31 23:00:00,2007
A719,8703,6.4,41.0,2007-01-01 00:00:00,2007-12-31 23:00:00,2007
A720,8717,7.7,40.9,2007-01-01 00:00:00,2007-12-31 23:00:00,2007
A721,8722,4.2,38.1,2007-01-01 00:00:00,2007-12-31 23:00:00,2007
A722,8687,7.9,40.5,2007-01-01 00:00:00,2007-12-31 23:00:00,2007
A723,8714,4.4,40.2,2007-01-01 00:00:00,2007-12-31 23:00:00,2007
A724,8722,8.0,38.2,2007-01-01 00:00:00,2007-12-31 23:00:00,2007
A730,8717,5.8,37.1,2007-01-01 00:00:00,2007-12-31 23:00:00,2007
A731,7687,2.0,39.0,2007-01-01 00:00:00,2007-12-31 23:00:00,2007
A732,8204,6.7,36.8,2007-01-01 00:00:00,2007-12-31 23:00:00,2007
A901,7568,11.7,40.5,2007-01-01 00:00:00,2007-12-31 23:00:00,2007
A902,8705,10.0,38.4,2007-01-01 00:00:00,2007-12-31 23:00:00,2007
A903,8672,11.0,38.6,2007-01-01 00:00:00,2007-12-31 22:00:00,2007
A904,8353,12.2,38.2,2007-01-01 00:00:00,2007-12-31 23:00:00,2007
A905,8703,9.4,37.1,2007-01-01 00:00:00,2007-12-31 23:00:00,2007
A906,5410,15.1,37.3,2007-05-18 23:00:00,2007-12-31 23:00:00,2007
A907,5228,12.6,40.6,2007-01-01 00:00:00,2007-12-31 23:00:00,2007
A908,8704,14.6,38.7,2007-01-01 00:00:00,2007-12-31 23:00:00,2007
A910,8708,15.7,37.9,2007-01-01 00:00:00,2007-12-31 23:00:00,2007
A912,8707,9.0,36.2,2007-01-01 00:00:00,2007-12-31 23:00:00,2007
A913,8711,5.7,35.9,2007-01-01 00:00:00,2007-12-31 23:00:00,2007
A914,7741,14.0,37.3,2007-01-01 00:00:00,2007-12-31 23:00:00,2007
A915,8733,12.6,38.5,2007-01-01 00:00:00,2007-12-31 23:00:00,2007
A916,3918,14.0,38.5,2007-07-20 14:00:00,2007-12-31 23:00:00,2007
A917,8715,12.2,38.0,2007-01-01 00:00:00,2007-12-31 23:00:00,2007
A919,5190,15.3,36.3,2007-05-28 00:00:00,2007-12-31 23:00:00,2007
A920,1098,17.4,34.5,2007-05-29 22:00:00,2007-12-31 23:00:00,2007
A921,399,20.3,37.2,2007-10-19 00:00:00,2007-11-04 14:00:00,2007
A922,8733,9.7,38.7,2007-01-01 00:00:00,2007-12-31 23:00:00,2007
A924,2348,16.1,36.7,2007-08-27 16:00:00,2007-12-31 23:00:00,2007
A323,3992,16.6,39.9,2007-07-14 14:00:00,2007-12-31 23:00:00,2007
A327,4066,16.8,37.5,2007-07-11 12:00:00,2007-12-31 23:00:00,2007
A401,6109,20.7,45.0,2007-01-01 00:00:00,2007-12-15 03:00:00,2007
A402,8740,12.6,39.9,2007-01-01 00:00:00,2007-12-31 23:00:00,2007
A404,8744,11.3,38.0,2007-01-01 00:00:00,2007-12-31 23:00:00,2007
A405,6909,16.4,34.3,2007-01-01 00:00:00,2007-12-31 23:00:00,2007
A406,7601,15.1,37.9,2007-01-01 00:00:00,2007-12-31 23:00:00,2007
A407,5405,12.2,33.3,2007-03-30 17:00:00,2007-12-31 23:00:00,2007
A408,8738,13.1,37.8,2007-01-01 00:00:00,2007-12-31 23:00:00,2007
A410,5398,14.9,34.0,2007-02-12 09:00:00,2007-12-31 23:00:00,2007
A412,7011,12.7,38.2,2007-01-01 00:00:00,2007-12-31 23:00:00,2007
A413,5241,15.3,36.5,2007-05-26 00:00:00,2007-12-31 23:00:00,2007
A414,5106,9.7,34.5,2007-06-01 00:00:00,2007-12-31 23:00:00,2007
A415,5131,12.3,40.6,2007-06-01 00:00:00,2007-12-31 23:00:00,2007
A416,1272,15.7,39.0,2007-11-09 00:00:00,2007-12-31 23:00:00,2007
A418,2474,15.1,37.2,2007-05-21 09:00:00,2007-09-02 10:00:00,2007
A305,7803,21.9,34.0,2007-01-01 00:00:00,2007-11-26 06:00:00,2007
A306,8117,19.5,38.4,2007-01-01 00:00:00,2007-12-31 23:00:00,2007
A314,5254,15.7,29.7,2007-05-26 18:00:00,2007-12-31 23:00:00,2007
A315,5117,15.8,37.9,2007-06-01 13:00:00,2007-12-31 23:00:00,2007
A319,5073,18.9,38.0,2007-05-30 13:00:00,2007-12-31 23:00:00,2007
A324,4036,19.3,37.3,2007-07-12 14:00:00,2007-12-31 23:00:00,2007
A325,4127,18.7,37.0,2007-07-09 00:00:00,2007-12-31 23:00:00,2007
A332,3028,19.7,37.1,2007-08-24 00:00:00,2007-12-31 23:00:00,2007
A339,1158,22.3,36.2,2007-11-10 00:00:00,2007-12-31 23:00:00,2007
A203,5634,22.3,34.2,2007-01-01 00:00:00,2007-12-31 23:00:00,2007
A204,1342,20.2,39.3,2007-10-26 00:00:00,2007-12-31 23:00:00,2007
A205,645,21.4,35.7,2007-12-05 03:00:00,2007-12-31 23:00:00,2007
A310,8704,17.2,33.2,2007-01-01 00:00:00,2007-12-31 23:00:00,2007
A313,5682,16.9,33.7,2007-01-01 11:00:00,2007-12-31 23:00:00,2007
A320,3819,19.9,31.4,2007-07-21 19:00:00,2007-12-31 23:00:00,2007
A321,3840,19.3,38.7,2007-07-21 00:00:00,2007-12-31 23:00:00,2007
A333,775,19.7,37.1,2007-11-06 00:00:00,2007-12-31 20:00:00,2007
A334,3030,15.4,34.9,2007-08-24 00:00:00,2007-12-31 23:00:00,2007
A301,8567,17.9,33.6,2007-01-01 00:00:00,2007-12-31 23:00:00,2007
A307,8521,17.7,37.7,2007-01-01 00:00:00,2007-12-31 23:00:00,2007
A309,8742,14.1,36.2,2007-01-01 00:00:00,2007-12-31 23:00:00,2007
A322,3279,15.0,32.1,2007-07-09 00:00:00,2007-12-31 23:00:00,2007
A329,2729,18.4,37.9,2007-09-05 12:00:00,2007-12-31 23:00:00,2007
A341,404,19.9,33.0,2007-11-23 00:00:00,2007-12-31 23:00:00,2007
A308,4270,18.8,37.6,2007-01-01 11:00:00,2007-12-31 23:00:00,2007
A311,8722,19.8,41.3,2007-01-01 00:00:00,2007-12-31 23:00:00,2007
A312,2436,20.1,43.4,2007-08-07 16:00:00,2007-12-31 23:00:00,2007
A326,3936,17.3,40.9,2007-07-17 00:00:00,2007-12-31 23:00:00,2007
A330,2847,20.4,39.3,2007-08-31 15:00:00,2007-12-31 23:00:00,2007
A331,2958,21.7,40.9,2007-08-27 00:00:00,2007-12-31 23:00:00,2007
A335,1856,19.9,40.0,2007-08-31 00:00:00,2007-12-31 20:00:00,2007
A336,639,19.7,36.4,2007-12-05 01:00:00,2007-12-31 23:00:00,2007
A337,727,20.1,38.4,2007-11-10 13:00:00,2007-12-31 23:00:00,2007
A338,685,20.6,38.2,2007-12-03 11:00:00,2007-12-31 23:00:00,2007
A302,3027,24.2,33.0,2007-02-04 15:00:00,2007-12-31 19:00:00,2007
A304,7078,20.5,32.1,2007-01-01 00:00:00,2007-12-31 23:00:00,2007
A316,8599,19.1,39.2,2007-01-07 00:00:00,2007-12-31 23:00:00,2007
A317,8625,21.9,35.9,2007-01-06 00:00:00,2007-12-31 23:00:00,2007
A318,5070,18.4,35.3,2007-06-03 12:00:00,2007-12-31 23:00:00,2007
A340,685,21.8,37.5,2007-12-03 11:00:00,2007-12-31 23:00:00,2007
A409,3955,20.5,32.6,2007-01-01 00:00:00,2007-12-20 04:00:00,2007
A417,5251,17.3,36.1,2007-05-23 15:00:00,2007-12-31 23:00:00,2007
A101,8746,22.5,37.0,2007-01-01 00:00:00,2007-12-31 23:00:00,2007
A201,5921,22.4,34.3,2007-01-01 00:00:00,2007-12-12 12:00:00,2007
A202,8741,21.1,35.3,2007-01-01 00:00:00,2007-12-31 23:00:00,2007
A212,1786,20.2,35.6,2007-10-18 10:00:00,2007-12-31 23:00:00,2007
A213,1331,20.3,34.8,2007-10-22 00:00:00,2007-12-31 23:00:00,2007
A925,4081,15.8,37.1,2007-07-12 00:00:00,2007-12-31 23:00:00,2007
A009,8444,17.1,39.3,2007-01-01 00:00:00,2007-12-31 23:00:00,2007
A010,8539,13.2,40.6,2007-01-01 00:00:00,2007-12-31 23:00:00,2007
A018,8746,15.5,40.0,2007-01-01 00:00:00,2007-12-31 23:00:00,2007
A019,8181,13.5,40.2,2007-01-20 12:00:00,2007-12-31 23:00:00,2007
A020,5949,18.9,39.7,2007-01-23 14:00:00,2007-12-31 23:00:00,2007
A021,8002,14.8,37.7,2007-01-26 14:00:00,2007-12-31 23:00:00,2007
A612,8747,14.5,35.8,2007-01-01 00:00:00,2007-12-31 23:00:00,2007
A613,3372,11.1,31.2,2007-08-09 11:00:00,2007-12-31 23:00:00,2007
A614,8744,14.9,36.1,2007-01-01 00:00:00,2007-12-31 23:00:00,2007
A615,8637,13.9,38.1,2007-01-01 00:00:00,2007-12-31 23:00:00,2007
A616,8746,13.9,36.8,2007-01-01 00:00:00,2007-12-31 23:00:00,2007
A617,8720,11.0,39.6,2007-01-01 00:00:00,2007-12-31 23:00:00,2007
A502,8196,5.6,32.9,2007-01-01 00:00:00,2007-12-31 23:00:00,2007
A505,8468,8.0,36.1,2007-01-01 00:00:00,2007-12-24 03:00:00,2007
A506,8672,9.6,38.1,2007-01-01 00:00:00,2007-12-31 23:00:00,2007
A507,8672,9.1,36.4,2007-01-01 00:00:00,2007-12-31 23:00:00,2007
A508,1146,19.6,36.2,2007-02-09 16:00:00,2007-12-31 23:00:00,2007
A509,8672,0.0,29.0,2007-01-01 00:00:00,2007-12-31 23:00:00,2007
A510,7950,4.4,36.1,2007-01-01 00:00:00,2007-12-31 23:00:00,2007
A511,8667,10.5,36.6,2007-01-01 00:00:00,2007-12-31 23:00:00,2007
A512,7699,8.4,39.1,2007-01-01 00:00:00,2007-12-31 23:00:00,2007
A513,8656,6.1,35.1,2007-01-01 00:00:00,2007-12-31 23:00:00,2007
A514,7708,4.1,34.9,2007-01-01 00:00:00,2007-12-31 23:00:00,2007
A515,8670,5.1,34.8,2007-01-01 00:00:00,2007-12-31 23:00:00,2007
A516,8662,5.1,37.6,2007-01-01 00:00:00,2007-12-31 23:00:00,2007
A517,8673,9.6,39.1,2007-01-01 00:00:00,2007-12-31 23:00:00,2007
A518,5164,6.3,33.6,2007-05-26 15:00:00,2007-12-31 23:00:00,2007
A519,8614,7.9,38.4,2007-01-01 00:00:00,2007-12-31 23:00:00,2007
A520,8432,5.9,38.1,2007-01-01 00:00:00,2007-12-31 23:00:00,2007
A521,8426,10.0,36.0,2007-01-01 00:00:00,2007-12-31 23:00:00,2007
A522,8672,13.6,38.2,2007-01-01 00:00:00,2007-12-31 23:00:00,2007
A523,6581,5.8,35.4,2007-01-01 01:00:00,2007-12-31 23:00:00,2007
A524,8668,5.5,35.2,2007-01-01 00:00:00,2007-12-31 23:00:00,2007
A525,8548,6.8,34.8,2007-01-01 01:00:00,2007-12-31 23:00:00,2007
A526,4442,8.5,40.2,2007-06-26 16:00:00,2007-12-31 23:00:00,2007
A527,8634,11.5,37.5,2007-01-01 00:00:00,2007-12-31 23:00:00,2007
A528,8673,9.5,39.3,2007-01-01 00:00:00,2007-12-31 23:00:00,2007
A529,3637,3.8,32.8,2007-06-04 20:00:00,2007-11-03 16:00:00,2007
A530,8612,0.6,32.4,2007-01-01 00:00:00,2007-12-31 23:00:00,2007
A531,6434,-0.2,30.7,2007-01-01 00:00:00,2007-12-31 23:00:00,2007
A532,5053,10.2,38.8,2007-05-29 14:00:00,2007-12-31 23:00:00,2007
A533,4988,8.0,35.7,2007-06-02 16:00:00,2007-12-31 23:00:00,2007
A534,3181,15.3,38.7,2007-08-06 00:00:00,2007-12-31 23:00:00,2007
A536,5014,8.2,37.4,2007-06-01 19:00:00,2007-12-31 23:00:00,2007
A537,4928,7.1,31.6,2007-06-05 13:00:00,2007-12-31 23:00:00,2007
A538,8555,8.2,37.9,2007-01-01 00:00:00,2007-12-31 23:00:00,2007
A539,1149,18.2,39.4,2007-11-11 00:00:00,2007-12-31 23:00:00,2007
A540,3566,13.8,38.1,2007-08-01 13:00:00,2007-12-31 23:00:00,2007
A541,2858,11.9,35.9,2007-08-31 17:00:00,2007-12-31 23:00:00,2007
A542,4683,11.4,38.6,2007-06-16 13:00:00,2007-12-31 23:00:00,2007
A543,1072,18.9,35.9,2007-11-14 00:00:00,2007-12-31 23:00:00,2007
A544,4605,12.0,35.5,2007-06-19 18:00:00,2007-12-31 23:00:00,2007
A545,4248,11.3,39.0,2007-07-04 00:00:00,2007-12-31 23:00:00,2007
A546,4070,9.5,35.4,2007-07-12 00:00:00,2007-12-31 23:00:00,2007
A547,4317,6.8,39.2,2007-06-30 00:00:00,2007-12-31 23:00:00,2007
A548,4529,11.9,36.6,2007-06-23 00:00:00,2007-12-31 23:00:00,2007
A549,2660,7.7,36.9,2007-09-09 00:00:00,2007-12-31 23:00:00,2007
A550,2727,15.2,40.0,2007-09-05 14:00:00,2007-12-31 23:00:00,2007
A551,1014,16.3,33.8,2007-11-19 18:00:00,2007-12-31 23:00:00,2007
A552,2525,10.7,39.5,2007-09-14 00:00:00,2007-12-31 23:00:00,2007
A553,4165,10.2,35.8,2007-07-08 00:00:00,2007-12-31 23:00:00,2007
A554,5221,7.5,35.9,2007-05-24 00:00:00,2007-12-31 23:00:00,2007
A601,8656,10.1,38.4,2007-01-01 00:00:00,2007-12-31 23:00:00,2007
A602,7432,11.0,38.7,2007-01-01 00:00:00,2007-12-23 22:00:00,2007
A603,7705,8.4,38.3,2007-02-09 14:00:00,2007-12-31 23:00:00,2007
A604,8602,7.8,39.6,2007-01-01 00:00:00,2007-12-31 23:00:00,2007
A606,8655,13.6,33.8,2007-01-01 00:00:00,2007-12-31 23:00:00,2007
A607,8746,11.4,38.7,2007-01-01 00:00:00,2007-12-31 23:00:00,2007
A608,8748,11.7,38.9,2007-01-01 00:00:00,2007-12-31 23:00:00,2007
A609,8746,6.4,37.0,2007-01-01 00:00:00,2007-12-31 23:00:00,2007
A610,8552,0.8,26.2,2007-01-01 00:00:00,2007-12-31 23:00:00,2007
A611,8610,6.6,37.3,2007-01-01 00:00:00,2007-12-31 23:00:00,2007
A618,8745,6.1,31.5,2007-01-01 00:00:00,2007-12-31 23:00:00,2007
A619,8152,9.7,36.1,2007-01-01 00:00:00,2007-12-31 23:00:00,2007
A621,6026,9.0,38.1,2007-04-13 16:00:00,2007-12-31 23:00:00,2007
A652,5323,14.3,37.7,2007-05-18 18:00:00,2007-12-31 23:00:00,2007
A701,8737,5.3,34.4,2007-01-01 00:00:00,2007-12-31 23:00:00,2007
A705,8729,5.0,37.0,2007-01-01 00:00:00,2007-12-31 23:00:00,2007
A706,8729,-1.4,28.0,2007-01-01 00:00:00,2007-12-31 23:00:00,2007
A707,8721,6.2,37.9,2007-01-01 00:00:00,2007-12-31 23:00:00,2007
A708,8718,6.5,34.2,2007-01-01 00:00:00,2007-12-31 23:00:00,2007
A711,3991,6.6,35.3,2007-07-14 20:00:00,2007-12-31 23:00:00,2007
A712,6492,5.2,37.4,2007-01-01 00:00:00,2007-12-31 23:00:00,2007
A713,8170,4.9,34.8,2007-01-01 00:00:00,2007-12-31 23:00:00,2007
A714,8613,4.0,35.3,2007-01-01 00:00:00,2007-12-31 23:00:00,2007
A715,8458,2.0,35.0,2007-01-01 00:00:00,2007-12-31 23:00:00,2007
A716,7030,6.7,37.9,2007-01-01 00:00:00,2007-12-31 23:00:00,2007
A718,8719,1.6,38.4,2007-01-01 00:00:00,2007-12-31 23:00:00,2007
A725,8561,5.9,35.5,2007-01-01 00:00:00,2007-12-31 23:00:00,2007
A726,8619,4.0,37.7,2007-01-01 00:00:00,2007-12-31 23:00:00,2007
A727,8490,6.7,39.2,2007-01-01 00:00:00,2007-12-31 23:00:00,2007
A728,8723,4.0,36.1,2007-01-01 00:00:00,2007-12-31 23:00:00,2007
A729,8653,7.3,39.0,2007-01-01 00:00:00,2007-12-31 23:00:00,2007
A733,2981,13.2,38.8,2007-08-26 00:00:00,2007-12-31 23:00:00,2007
A734,2964,13.6,39.7,2007-08-30 00:00:00,2007-12-31 23:00:00,2007
A735,2143,16.3,38.9,2007-09-04 15:00:00,2007-12-31 23:00:00,2007
A736,1082,15.4,35.3,2007-11-13 17:00:00,2007-12-31 23:00:00,2007
A737,1177,13.9,35.4,2007-11-09 15:00:00,2007-12-31 23:00:00,2007
A738,4392,6.6,36.0,2007-06-28 00:00:00,2007-12-31 23:00:00,2007
A740,1292,11.7,32.7,2007-11-05 00:00:00,2007-12-31 23:00:00,2007
A807,7907,1.2,32.1,2007-01-01 00:00:00,2007-12-31 23:00:00,2007
A818,8605,-1.5,34.6,2007-01-01 00:00:00,2007-12-31 23:00:00,2007
A819,8476,-0.9,32.8,2007-01-01 00:00:00,2007-12-31 23:00:00,2007
A820,8659,2.7,39.1,2007-01-01 00:00:00,2007-12-31 23:00:00,2007
A821,8509,2.8,36.4,2007-01-01 00:00:00,2007-12-31 23:00:00,2007
A822,8641,2.5,34.3,2007-01-01 00:00:00,2007-12-31 23:00:00,2007
A823,8539,-3.2,29.8,2007-01-01 00:00:00,2007-12-31 23:00:00,2007
A824,8530,3.1,37.0,2007-01-01 00:00:00,2007-12-31 23:00:00,2007
A835,8636,4.4,37.2,2007-01-01 00:00:00,2007-12-31 23:00:00,2007
A842,7723,5.7,35.9,2007-02-08 15:00:00,2007-12-31 23:00:00,2007
A843,6556,-0.2,37.0,2007-03-29 12:00:00,2007-12-31 23:00:00,2007
A847,6525,7.3,32.4,2007-03-23 18:00:00,2007-12-31 23:00:00,2007
A855,290,12.9,34.0,2007-11-08 15:00:00,2007-11-28 18:00:00,2007
A801,8646,2.0,35.8,2007-01-01 00:00:00,2007-12-31 23:00:00,2007
A802,8607,0.6,35.1,2007-01-01 00:00:00,2007-12-31 23:00:00,2007
A803,8469,-1.8,38.2,2007-01-01 00:00:00,2007-12-31 23:00:00,2007
A804,8001,-3.0,36.1,2007-01-05 22:00:00,2007-12-31 23:00:00,2007
A805,8187,-0.4,35.8,2007-01-01 00:00:00,2007-12-31 23:00:00,2007
A808,8309,2.2,32.5,2007-01-01 00:00:00,2007-12-31 23:00:00,2007
A809,8516,0.2,37.7,2007-01-01 00:00:00,2007-12-31 23:00:00,2007
A810,8389,-0.6,37.6,2007-01-01 00:00:00,2007-12-31 23:00:00,2007
A811,7627,-1.7,34.9,2007-01-24 15:00:00,2007-12-31 23:00:00,2007
A812,8568,-0.3,33.7,2007-01-01 00:00:00,2007-12-31 23:00:00,2007
A813,8633,-1.0,35.3,2007-01-01 00:00:00,2007-12-31 23:00:00,2007
A826,8648,-2.5,37.6,2007-01-01 00:00:00,2007-12-31 23:00:00,2007
A827,8545,-1.7,36.6,2007-01-04 23:00:00,2007-12-31 23:00:00,2007
A828,8435,-3.0,32.8,2007-01-01 00:00:00,2007-12-31 23:00:00,2007
A829,8611,-4.1,28.4,2007-01-01 00:00:00,2007-12-31 23:00:00,2007
A830,3660,2.6,37.9,2007-07-21 20:00:00,2007-12-31 23:00:00,2007
A831,1728,3.1,37.6,2007-10-17 14:00:00,2007-12-31 23:00:00,2007
A832,1860,6.5,37.2,2007-10-11 14:00:00,2007-12-31 23:00:00,2007
A836,8435,-1.9,37.4,2007-01-10 11:00:00,2007-12-31 23:00:00,2007
A838,8430,-0.1,36.6,2007-01-01 00:00:00,2007-12-31 23:00:00,2007
A839,8527,-1.1,34.0,2007-01-01 00:00:00,2007-12-31 23:00:00,2007
A840,8315,-0.3,33.8,2007-01-01 00:00:00,2007-12-31 23:00:00,2007
A844,7204,-2.7,32.0,2007-03-02 00:00:00,2007-12-31 23:00:00,2007
A852,3725,0.8,37.3,2007-07-25 20:00:00,2007-12-31 23:00:00,2007
A853,5031,0.0,37.4,2007-06-01 00:00:00,2007-12-31 23:00:00,2007
A854,432,16.3,34.0,2007-12-14 00:00:00,2007-12-31 23:00:00,2007
A806,7953,4.8,34.3,2007-01-01 00:00:00,2007-12-31 23:00:00,2007
A817,8535,3.5,36.2,2007-01-01 00:00:00,2007-12-31 23:00:00,2007
A841,1395,5.9,33.3,2007-10-16 00:00:00,2007-12-31 23:00:00,2007
A845,4617,-5.1,22.6,2007-06-18 00:00:00,2007-12-31 23:00:00,2007
A851,4685,1.3,32.1,2007-06-14 13:00:00,2007-12-31 23:00:00,2007
A001,8703,11.5,35.3,2008-01-01 00:00:00,2008-12-31 23:00:00,2008
A045,2076,13.4,37.1,2008-10-06 12:00:00,2008-12-31 23:00:00,2008
A002,8631,-8.7,41.3,2008-01-01 00:00:00,2008-12-31 23:00:00,2008
A003,8714,7.7,37.4,2008-01-01 00:00:00,2008-12-31 23:00:00,2008
A011,7527,10.7,39.8,2008-01-01 00:00:00,2008-12-31 23:00:00,2008
A012,8713,9.9,37.2,2008-01-01 00:00:00,2008-12-31 23:00:00,2008
A013,8712,13.1,41.4,2008-01-01 00:00:00,2008-12-31 23:00:00,2008
A014,8711,15.1,41.2,2008-01-01 00:00:00,2008-12-31 23:00:00,2008
A015,6382,13.1,40.2,2008-01-01 00:00:00,2008-12-31 23:00:00,2008
A016,8550,7.9,38.5,2008-01-01 00:00:00,2008-12-31 23:00:00,2008
A017,8717,15.0,38.1,2008-01-01 00:00:00,2008-12-31 23:00:00,2008
A022,7159,14.0,39.6,2008-01-01 00:00:00,2008-12-31 23:00:00,2008
A023,8709,11.7,37.5,2008-01-01 00:00:00,2008-12-31 23:00:00,2008
A024,8620,11.4,34.2,2008-01-01 00:00:00,2008-12-31 23:00:00,2008
A025,8710,10.7,37.4,2008-01-01 00:00:00,2008-12-31 23:00:00,2008
A026,6504,-9.7,33.3,2008-01-01 00:00:00,2008-12-31 23:00:00,2008
A027,6671,12.7,38.6,2008-03-29 00:00:00,2008-12-31 23:00:00,2008
A032,8710,13.6,38.3,2008-01-01 00:00:00,2008-12-31 23:00:00,2008
A033,8711,7.8,38.3,2008-01-01 00:00:00,2008-12-31 23:00:00,2008
A034,7970,11.9,37.3,2008-01-31 21:00:00,2008-12-31 23:00:00,2008
A035,8268,9.4,39.2,2008-01-01 00:00:00,2008-12-31 23:00:00,2008
A036,8712,9.4,34.4,2008-01-01 00:00:00,2008-12-31 23:00:00,2008
A702,8776,7.5,38.3,2008-01-01 00:00:00,2008-12-31 23:00:00,2008
A703,8776,3.1,35.2,2008-01-01 00:00:00,2008-12-31 23:00:00,2008
A704,7299,8.3,40.0,2008-01-01 00:00:00,2008-12-31 23:00:00,2008
A709,8778,5.3,39.4,2008-01-01 00:00:00,2008-12-31 23:00:00,2008
A710,3245,8.4,40.0,2008-03-06 13:00:00,2008-12-31 23:00:00,2008
A717,8768,8.9,39.1,2008-01-01 00:00:00,2008-12-31 23:00:00,2008
A719,8571,8.7,40.7,2008-01-01 00:00:00,2008-12-31 23:00:00,2008
A720,8778,8.4,39.6,2008-01-01 00:00:00,2008-12-31 23:00:00,2008
A721,8660,3.4,38.6,2008-01-01 00:00:00,2008-12-31 23:00:00,2008
A722,8734,7.6,39.9,2008-01-01 00:00:00,2008-12-31 23:00:00,2008
A723,8774,5.2,41.5,2008-01-01 00:00:00,2008-12-31 23:00:00,2008
A724,8687,10.8,40.4,2008-01-01 00:00:00,2008-12-31 23:00:00,2008
A730,8362,8.8,36.5,2008-01-01 00:00:00,2008-12-31 23:00:00,2008
A731,8439,1.2,39.5,2008-01-01 00:00:00,2008-12-31 23:00:00,2008
A732,7547,10.0,37.3,2008-01-01 00:00:00,2008-12-31 23:00:00,2008
A742,6397,9.3,39.5,2008-03-08 17:00:00,2008-12-31 23:00:00,2008
A743,4524,6.3,40.5,2008-06-26 12:00:00,2008-12-31 23:00:00,2008
A749,4718,4.7,38.7,2008-06-18 00:00:00,2008-12-31 23:00:00,2008
A750,4857,0.7,38.0,2008-06-12 14:00:00,2008-12-31 23:00:00,2008
A751,4918,3.4,37.4,2008-06-09 11:00:00,2008-12-31 23:00:00,2008
A754,2187,14.6,38.5,2008-10-01 20:00:00,2008-12-31 23:00:00,2008
A901,6690,14.6,41.9,2008-01-01 00:00:00,2008-12-31 23:00:00,2008
A902,8691,10.6,38.8,2008-01-01 00:00:00,2008-12-31 23:00:00,2008
A903,6178,10.3,37.5,2008-01-01 00:00:00,2008-12-31 23:00:00,2008
A904,7154,14.9,38.9,2008-01-01 00:00:00,2008-12-31 23:00:00,2008
A905,8327,10.9,37.5,2008-01-01 00:00:00,2008-12-31 23:00:00,2008
A906,8709,14.0,38.4,2008-01-01 00:00:00,2008-12-31 23:00:00,2008
A907,8470,10.3,45.0,2008-01-01 00:00:00,2008-12-31 23:00:00,2008
A908,8711,14.7,39.3,2008-01-01 00:00:00,2008-12-31 23:00:00,2008
A910,8508,15.0,38.0,2008-01-01 00:00:00,2008-12-31 23:00:00,2008
A912,8710,10.5,36.7,2008-01-01 00:00:00,2008-12-31 23:00:00,2008
A913,8711,8.6,36.2,2008-01-01 00:00:00,2008-12-31 23:00:00,2008
A914,6356,13.7,38.6,2008-01-01 11:00:00,2008-12-31 23:00:00,2008
A915,8404,10.6,39.3,2008-01-01 00:00:00,2008-12-19 04:00:00,2008
A916,8701,12.9,39.0,2008-01-01 00:00:00,2008-12-31 23:00:00,2008
A917,8498,14.5,38.8,2008-01-01 00:00:00,2008-12-31 22:00:00,2008
A919,8711,14.3,36.6,2008-01-01 00:00:00,2008-12-31 23:00:00,2008
A920,6016,14.0,37.7,2008-01-01 00:00:00,2008-12-31 23:00:00,2008
A921,2622,19.9,40.0,2008-09-13 14:00:00,2008-12-31 23:00:00,2008
A922,8709,10.5,39.9,2008-01-01 00:00:00,2008-12-31 23:00:00,2008
A924,7281,12.7,37.1,2008-01-01 00:00:00,2008-12-31 23:00:00,2008
A926,6342,17.2,37.7,2008-04-11 13:00:00,2008-12-31 23:00:00,2008
A927,7279,12.7,38.2,2008-02-29 15:00:00,2008-12-31 23:00:00,2008
A928,5228,12.5,38.5,2008-04-17 21:00:00,2008-12-31 23:00:00,2008
A929,5693,14.7,38.9,2008-04-14 11:00:00,2008-12-21 20:00:00,2008
A930,3296,14.7,38.9,2008-08-16 15:00:00,2008-12-31 23:00:00,2008
A931,5097,12.5,38.2,2008-06-02 12:00:00,2008-12-31 23:00:00,2008
A932,8120,12.7,39.5,2008-01-25 17:00:00,2008-12-31 23:00:00,2008
A933,3322,13.0,39.2,2008-08-15 13:00:00,2008-12-31 23:00:00,2008
A934,8005,8.7,36.6,2008-01-30 10:00:00,2008-12-31 23:00:00,2008
A935,5177,12.0,40.2,2008-05-30 00:00:00,2008-12-31 23:00:00,2008
A936,8049,10.3,39.2,2008-01-28 11:00:00,2008-12-31 23:00:00,2008
A937,7980,11.1,38.9,2008-01-31 10:00:00,2008-12-31 23:00:00,2008
A303,2529,19.3,35.0,2008-09-17 14:00:00,2008-12-31 23:00:00,2008
A323,8776,16.9,39.7,2008-01-01 00:00:00,2008-12-31 23:00:00,2008
A327,8763,17.0,37.9,2008-01-01 00:00:00,2008-12-31 23:00:00,2008
A353,5935,16.4,37.2,2008-04-28 12:00:00,2008-12-31 23:00:00,2008
A355,2748,20.0,34.5,2008-09-08 11:00:00,2008-12-31 23:00:00,2008
A356,2724,18.8,35.8,2008-09-09 12:00:00,2008-12-31 23:00:00,2008
A401,5185,20.1,33.6,2008-04-24 20:00:00,2008-12-31 23:00:00,2008
A402,8116,10.8,40.2,2008-01-01 00:00:00,2008-12-31 23:00:00,2008
A404,7814,10.7,37.7,2008-01-01 00:00:00,2008-11-24 21:00:00,2008
A405,7965,15.3,35.1,2008-01-01 00:00:00,2008-12-31 23:00:00,2008
A406,6858,15.7,35.8,2008-01-01 00:00:00,2008-12-31 23:00:00,2008
A407,8692,12.4,34.5,2008-01-01 00:00:00,2008-12-31 23:00:00,2008
A408,7976,12.9,37.2,2008-01-01 00:00:00,2008-12-31 23:00:00,2008
A410,8009,13.8,31.9,2008-01-01 00:00:00,2008-12-07 04:00:00,2008
A412,8139,11.7,36.9,2008-01-01 00:00:00,2008-12-31 23:00:00,2008
A413,8703,13.9,37.0,2008-01-01 00:00:00,2008-12-31 23:00:00,2008
A414,8711,8.9,34.9,2008-01-01 00:00:00,2008-12-31 23:00:00,2008
A415,8710,10.9,40.6,2008-01-01 00:00:00,2008-12-31 23:00:00,2008
A416,7879,9.9,39.9,2008-01-01 00:00:00,2008-12-31 23:00:00,2008
A418,7674,14.7,40.7,2008-02-12 23:00:00,2008-12-31 23:00:00,2008
A422,3916,20.8,29.5,2008-07-21 19:00:00,2008-12-31 23:00:00,2008
A423,6704,16.9,38.2,2008-03-27 12:00:00,2008-12-31 23:00:00,2008
A424,6555,12.7,36.8,2008-04-02 16:00:00,2008-12-31 23:00:00,2008
A425,6442,13.8,37.7,2008-04-06 23:00:00,2008-12-31 23:00:00,2008
A426,5021,16.0,39.6,2008-04-24 13:00:00,2008-12-31 23:00:00,2008
A427,4162,13.1,34.2,2008-07-11 12:00:00,2008-12-31 23:00:00,2008
A428,6671,15.2,35.9,2008-03-28 18:00:00,2008-12-31 23:00:00,2008
A429,5577,13.6,39.9,2008-05-13 12:00:00,2008-12-31 23:00:00,2008
A430,5767,10.8,31.8,2008-05-05 12:00:00,2008-12-31 23:00:00,2008
A431,6428,16.9,33.6,2008-04-08 00:00:00,2008-12-31 23:00:00,2008
A432,4275,12.2,40.0,2008-05-16 12:00:00,2008-11-10 18:00:00,2008
A433,5928,11.0,39.2,2008-04-28 17:00:00,2008-12-31 23:00:00,2008
A434,4093,15.6,33.4,2008-07-14 11:00:00,2008-12-31 23:00:00,2008
A435,5036,14.8,37.1,2008-05-20 00:00:00,2008-12-31 23:00:00,2008
A436,5329,15.3,37.6,2008-05-23 18:00:00,2008-12-31 23:00:00,2008
A437,4542,15.1,31.5,2008-06-25 17:00:00,2008-12-31 23:00:00,2008
A438,4595,17.5,30.6,2008-06-23 12:00:00,2008-12-31 23:00:00,2008
A439,5928,13.2,41.5,2008-04-28 13:00:00,2008-12-31 23:00:00,2008
A440,5847,11.2,36.5,2008-05-02 00:00:00,2008-12-31 23:00:00,2008
A441,5601,14.0,36.1,2008-05-12 12:00:00,2008-12-31 23:00:00,2008
A442,5689,15.6,36.7,2008-05-08 19:00:00,2008-12-31 23:00:00,2008
A443,3922,9.3,36.5,2008-07-21 13:00:00,2008-12-31 23:00:00,2008
A305,1291,22.3,33.5,2008-03-01 19:00:00,2008-12-31 23:00:00,2008
A306,7184,16.9,38.5,2008-01-01 00:00:00,2008-12-31 23:00:00,2008
A314,6935,15.6,29.5,2008-01-01 00:00:00,2008-12-31 23:00:00,2008
A315,8780,17.7,38.4,2008-01-01 00:00:00,2008-12-31 23:00:00,2008
A319,8705,16.6,38.6,2008-01-01 00:00:00,2008-12-31 23:00:00,2008
A324,8774,15.3,37.7,2008-01-01 00:00:00,2008-12-31 23:00:00,2008
A325,8775,17.0,37.4,2008-01-01 00:00:00,2008-12-31 23:00:00,2008
A332,8534,18.3,38.1,2008-01-01 00:00:00,2008-12-31 23:00:00,2008
A339,8775,20.4,37.0,2008-01-01 00:00:00,2008-12-31 23:00:00,2008
A342,353,23.9,37.2,2008-12-11 16:00:00,2008-12-31 23:00:00,2008
A347,7159,14.5,38.4,2008-03-08 00:00:00,2008-12-31 23:00:00,2008
A358,2125,22.5,38.8,2008-09-11 20:00:00,2008-12-31 23:00:00,2008
A359,2582,24.3,36.5,2008-09-05 12:00:00,2008-12-31 23:00:00,2008
A203,7465,21.7,33.7,2008-01-01 00:00:00,2008-12-31 23:00:00,2008
A204,8714,14.8,38.4,2008-01-01 00:00:00,2008-12-31 23:00:00,2008
A205,8240,17.3,38.7,2008-01-01 00:00:00,2008-12-31 23:00:00,2008
A206,2501,22.2,38.5,2008-09-18 19:00:00,2008-12-31 23:00:00,2008
A207,2692,20.7,37.5,2008-09-10 19:00:00,2008-12-31 23:00:00,2008
A217,727,24.7,32.0,2008-12-01 17:00:00,2008-12-31 23:00:00,2008
A218,898,23.1,32.5,2008-11-24 12:00:00,2008-12-31 23:00:00,2008
A219,4884,21.8,35.6,2008-06-11 12:00:00,2008-12-31 23:00:00,2008
A220,4187,19.5,38.0,2008-07-10 12:00:00,2008-12-31 23:00:00,2008
A221,7134,17.0,38.7,2008-03-06 19:00:00,2008-12-31 23:00:00,2008
A222,5068,15.5,39.0,2008-06-03 18:00:00,2008-12-31 23:00:00,2008
A223,5050,13.1,39.1,2008-06-04 13:00:00,2008-12-31 23:00:00,2008
A224,7307,14.0,39.1,2008-02-28 13:00:00,2008-12-31 23:00:00,2008
A225,7224,18.0,38.5,2008-03-02 23:00:00,2008-12-31 23:00:00,2008
A237,4092,16.2,38.9,2008-07-14 12:00:00,2008-12-31 23:00:00,2008
A238,2668,21.2,36.5,2008-09-11 20:00:00,2008-12-31 23:00:00,2008
A310,8758,17.0,32.7,2008-01-01 00:00:00,2008-12-31 23:00:00,2008
A313,8780,16.7,34.5,2008-01-01 00:00:00,2008-12-31 23:00:00,2008
A320,8774,19.9,32.1,2008-01-01 00:00:00,2008-12-31 23:00:00,2008
A321,8777,19.5,39.0,2008-01-01 00:00:00,2008-12-31 23:00:00,2008
A333,7908,14.7,37.6,2008-01-01 10:00:00,2008-12-31 23:00:00,2008
A334,8778,13.6,35.9,2008-01-01 00:00:00,2008-12-31 23:00:00,2008
A348,7348,14.1,36.6,2008-02-29 15:00:00,2008-12-31 23:00:00,2008
A352,5756,19.1,32.5,2008-05-05 20:00:00,2008-12-31 23:00:00,2008
A301,4609,17.7,34.3,2008-01-01 00:00:00,2008-12-31 23:00:00,2008
A307,8060,18.3,37.9,2008-01-01 00:00:00,2008-12-31 23:00:00,2008
A309,8780,14.0,36.4,2008-01-01 00:00:00,2008-12-31 23:00:00,2008
A322,8774,15.2,33.5,2008-01-01 00:00:00,2008-12-31 23:00:00,2008
A328,7141,16.2,34.8,2008-03-09 00:00:00,2008-12-31 23:00:00,2008
A329,8777,16.6,38.9,2008-01-01 00:00:00,2008-12-31 23:00:00,2008
A341,8275,14.2,34.8,2008-01-01 00:00:00,2008-12-31 23:00:00,2008
A349,1859,18.5,37.9,2008-10-15 12:00:00,2008-12-31 23:00:00,2008
A350,2299,18.1,37.6,2008-09-12 15:00:00,2008-12-31 23:00:00,2008
A351,2508,19.2,38.7,2008-09-18 12:00:00,2008-12-31 23:00:00,2008
A357,2388,19.7,36.4,2008-09-23 11:00:00,2008-12-31 23:00:00,2008
A308,8040,19.9,37.4,2008-01-01 00:00:00,2008-12-23 22:00:00,2008
A311,7886,17.7,40.8,2008-01-01 00:00:00,2008-12-31 23:00:00,2008
A312,8354,20.5,40.1,2008-01-01 00:00:00,2008-12-31 23:00:00,2008
A326,8775,14.1,40.1,2008-01-01 00:00:00,2008-12-31 23:00:00,2008
A330,8776,19.4,39.1,2008-01-01 00:00:00,2008-12-31 23:00:00,2008
A331,8777,16.7,40.1,2008-01-01 00:00:00,2008-12-31 23:00:00,2008
A335,7741,20.0,39.7,2008-01-01 12:00:00,2008-12-31 23:00:00,2008
A336,8201,15.3,40.9,2008-01-01 00:00:00,2008-12-31 23:00:00,2008
A337,7334,11.4,38.6,2008-01-01 10:00:00,2008-12-31 23:00:00,2008
A338,8772,18.4,40.3,2008-01-01 00:00:00,2008-12-31 23:00:00,2008
A343,392,20.9,37.9,2008-12-12 15:00:00,2008-12-28 22:00:00,2008
A345,7339,12.7,39.0,2008-03-01 00:00:00,2008-12-31 23:00:00,2008
A346,7179,16.9,39.0,2008-03-07 17:00:00,2008-12-31 23:00:00,2008
A354,3894,14.7,40.7,2008-07-22 18:00:00,2008-12-31 23:00:00,2008
A302,1873,24.2,34.0,2008-01-01 18:00:00,2008-10-15 18:00:00,2008
A304,8776,20.5,32.4,2008-01-01 00:00:00,2008-12-31 23:00:00,2008
A316,8780,19.4,38.7,2008-01-01 00:00:00,2008-12-31 23:00:00,2008
A317,8780,20.2,36.4,2008-01-01 00:00:00,2008-12-31 23:00:00,2008
A318,8780,18.0,36.2,2008-01-01 00:00:00,2008-12-31 23:00:00,2008
A340,8775,19.7,38.1,2008-01-01 00:00:00,2008-12-31 23:00:00,2008
A344,4547,20.7,31.5,2008-05-09 11:00:00,2008-12-31 21:00:00,2008
A409,6618,18.9,33.0,2008-03-30 16:00:00,2008-12-31 23:00:00,2008
A417,8712,16.9,37.0,2008-01-01 00:00:00,2008-12-31 23:00:00,2008
A419,6526,14.8,35.7,2008-04-03 20:00:00,2008-12-31 23:00:00,2008
A420,6674,15.7,36.3,2008-03-28 17:00:00,2008-12-31 23:00:00,2008
A421,3894,19.8,34.0,2008-07-22 18:00:00,2008-12-31 23:00:00,2008
A102,2813,15.2,38.7,2008-09-05 18:00:00,2008-12-31 23:00:00,2008
A104,3578,16.2,36.7,2008-07-16 13:00:00,2008-12-31 23:00:00,2008
A101,5515,23.0,35.8,2008-01-01 00:00:00,2008-09-08 19:00:00,2008
A110,3604,15.8,37.1,2008-07-16 12:00:00,2008-12-31 23:00:00,2008
A111,3539,18.9,37.1,2008-07-27 00:00:00,2008-12-31 23:00:00,2008
A112,6007,16.5,37.0,2008-04-25 15:00:00,2008-12-31 23:00:00,2008
A113,3138,18.8,36.9,2008-07-31 12:00:00,2008-12-31 23:00:00,2008
A117,6274,20.6,35.7,2008-04-14 11:00:00,2008-12-31 23:00:00,2008
A119,6331,22.4,35.9,2008-04-10 15:00:00,2008-12-31 23:00:00,2008
A120,6190,20.4,36.3,2008-04-17 21:00:00,2008-12-31 23:00:00,2008
A121,6080,21.3,34.7,2008-04-22 13:00:00,2008-12-31 23:00:00,2008
A122,6081,20.4,35.2,2008-04-22 13:00:00,2008-12-31 23:00:00,2008
A123,6355,21.6,34.6,2008-04-11 00:00:00,2008-12-31 23:00:00,2008
A124,6201,21.7,36.2,2008-04-17 12:00:00,2008-12-31 23:00:00,2008
A125,4073,19.1,35.6,2008-06-27 18:00:00,2008-12-31 21:00:00,2008
A126,6080,19.3,36.7,2008-04-22 13:00:00,2008-12-31 23:00:00,2008
A128,6081,20.6,34.5,2008-04-22 13:00:00,2008-12-31 23:00:00,2008
A242,2648,20.5,36.0,2008-09-12 15:00:00,2008-12-31 23:00:00,2008
A201,7092,21.5,35.0,2008-01-02 20:00:00,2008-12-31 23:00:00,2008
A202,5755,20.9,35.5,2008-01-01 00:00:00,2008-12-31 23:00:00,2008
A209,6580,20.1,34.7,2008-02-21 00:00:00,2008-12-31 23:00:00,2008
A210,6557,18.5,35.5,2008-02-28 13:00:00,2008-12-31 23:00:00,2008
A211,7640,17.8,36.7,2008-02-14 19:00:00,2008-12-31 23:00:00,2008
A212,8705,17.8,36.9,2008-01-01 00:00:00,2008-12-31 23:00:00,2008
A213,8485,19.1,37.0,2008-01-01 00:00:00,2008-12-31 23:00:00,2008
A214,6192,18.5,37.8,2008-04-17 21:00:00,2008-12-31 23:00:00,2008
A215,4762,22.0,32.9,2008-06-16 13:00:00,2008-12-31 23:00:00,2008
A226,6733,20.9,34.3,2008-03-11 14:00:00,2008-12-31 23:00:00,2008
A227,5937,22.4,32.7,2008-04-28 12:00:00,2008-12-31 23:00:00,2008
A229,7115,21.1,36.1,2008-03-04 06:00:00,2008-12-31 23:00:00,2008
A230,2844,19.3,31.5,2008-09-04 12:00:00,2008-12-31 23:00:00,2008
A231,4807,20.8,36.5,2008-06-14 16:00:00,2008-12-31 23:00:00,2008
A233,5100,14.6,39.7,2008-06-02 12:00:00,2008-12-31 23:00:00,2008
A234,3136,18.1,36.3,2008-07-21 13:00:00,2008-11-29 04:00:00,2008
A235,3870,20.0,35.8,2008-07-23 18:00:00,2008-12-31 23:00:00,2008
A236,4524,22.1,35.1,2008-06-26 12:00:00,2008-12-31 23:00:00,2008
A241,2819,20.6,38.7,2008-09-05 12:00:00,2008-12-31 23:00:00,2008
A925,8561,15.7,37.5,2008-01-01 00:00:00,2008-12-31 23:00:00,2008
A938,3034,13.6,35.5,2008-08-27 09:00:00,2008-12-31 23:00:00,2008
A939,3849,17.7,38.9,2008-07-21 13:00:00,2008-12-31 23:00:00,2008
A940,3827,16.8,38.0,2008-07-21 13:00:00,2008-12-31 23:00:00,2008
A009,8712,18.5,40.4,2008-01-01 00:00:00,2008-12-31 23:00:00,2008
A010,8532,12.4,41.3,2008-01-01 00:00:00,2008-12-31 22:00:00,2008
A018,8436,13.7,40.1,2008-01-01 00:00:00,2008-12-31 23:00:00,2008
A019,8711,11.5,39.7,2008-01-01 00:00:00,2008-12-31 23:00:00,2008
A020,8712,16.3,40.8,2008-01-01 00:00:00,2008-12-31 23:00:00,2008
A021,8368,14.1,37.3,2008-01-01 00:00:00,2008-12-31 23:00:00,2008
A038,2915,18.8,36.7,2008-09-01 12:00:00,2008-12-31 23:00:00,2008
A039,5841,16.7,39.5,2008-04-28 12:00:00,2008-12-31 23:00:00,2008
A612,8702,14.9,35.3,2008-01-01 00:00:00,2008-12-31 23:00:00,2008
A613,8691,10.1,30.1,2008-01-01 00:00:00,2008-12-31 23:00:00,2008
A614,8692,14.6,35.9,2008-01-01 00:00:00,2008-12-31 23:00:00,2008
A615,8499,15.1,39.6,2008-01-01 00:00:00,2008-12-31 23:00:00,2008
A616,8710,14.0,35.4,2008-01-01 00:00:00,2008-12-31 23:00:00,2008
A617,8711,11.0,39.1,2008-01-01 00:00:00,2008-12-31 23:00:00,2008
A622,4548,14.3,35.4,2008-06-25 12:00:00,2008-12-31 23:00:00,2008
A623,4596,12.9,37.7,2008-06-23 12:00:00,2008-12-31 23:00:00,2008
A502,8399,7.3,31.0,2008-01-01 00:00:00,2008-12-31 23:00:00,2008
A505,5793,10.8,34.0,2008-04-18 14:00:00,2008-12-31 23:00:00,2008
A506,8164,9.6,39.4,2008-01-01 00:00:00,2008-12-21 01:00:00,2008
A507,7034,10.9,35.9,2008-01-01 00:00:00,2008-12-31 23:00:00,2008
A508,7896,12.0,39.0,2008-01-01 00:00:00,2008-12-31 23:00:00,2008
A509,8755,-1.5,28.5,2008-01-01 00:00:00,2008-12-31 23:00:00,2008
A510,8771,5.8,33.7,2008-01-01 00:00:00,2008-12-31 23:00:00,2008
A511,8775,13.1,35.6,2008-01-01 00:00:00,2008-12-31 23:00:00,2008
A512,8777,8.4,38.6,2008-01-01 00:00:00,2008-12-31 23:00:00,2008
A513,8774,8.6,33.2,2008-01-01 00:00:00,2008-12-31 23:00:00,2008
A514,8542,4.4,33.7,2008-01-01 00:00:00,2008-12-31 23:00:00,2008
A515,8777,7.1,33.2,2008-01-01 00:00:00,2008-12-31 23:00:00,2008
A516,8682,6.7,35.0,2008-01-01 00:00:00,2008-12-31 23:00:00,2008
A517,8767,11.6,38.2,2008-01-01 00:00:00,2008-12-31 23:00:00,2008
A518,8745,9.4,31.8,2008-01-01 00:00:00,2008-12-31 23:00:00,2008
A519,8727,10.4,38.1,2008-01-01 00:00:00,2008-12-31 23:00:00,2008
A520,8776,9.4,40.2,2008-01-01 00:00:00,2008-12-31 23:00:00,2008
A521,8600,9.5,35.0,2008-01-01 00:00:00,2008-12-31 23:00:00,2008
A522,8712,13.6,37.8,2008-01-01 00:00:00,2008-12-31 23:00:00,2008
A523,8779,6.9,34.7,2008-01-01 00:00:00,2008-12-31 23:00:00,2008
A524,8774,7.1,33.9,2008-01-01 00:00:00,2008-12-31 23:00:00,2008
A525,8771,8.3,36.0,2008-01-01 00:00:00,2008-12-31 23:00:00,2008
A526,8777,7.5,40.7,2008-01-01 00:00:00,2008-12-31 23:00:00,2008
A527,8693,11.9,36.2,2008-01-01 00:00:00,2008-12-31 23:00:00,2008
A528,8778,11.9,35.7,2008-01-01 00:00:00,2008-12-31 23:00:00,2008
A529,6929,4.7,32.5,2008-03-17 19:00:00,2008-12-31 23:00:00,2008
A530,8471,0.0,31.4,2008-01-01 00:00:00,2008-12-31 23:00:00,2008
A531,8759,1.1,30.0,2008-01-01 00:00:00,2008-12-31 23:00:00,2008
A532,8779,10.9,38.4,2008-01-01 00:00:00,2008-12-31 23:00:00,2008
A533,8753,6.7,33.9,2008-01-01 00:00:00,2008-12-31 23:00:00,2008
A534,8753,14.1,37.7,2008-01-01 00:00:00,2008-12-31 23:00:00,2008
A535,4500,3.8,36.2,2008-06-27 12:00:00,2008-12-31 23:00:00,2008
A536,8762,9.5,35.7,2008-01-01 00:00:00,2008-12-31 23:00:00,2008
A537,8763,8.6,30.7,2008-01-01 00:00:00,2008-12-31 23:00:00,2008
A538,8765,8.3,37.7,2008-01-01 00:00:00,2008-12-31 23:00:00,2008
A539,8780,11.4,41.3,2008-01-01 00:00:00,2008-12-31 23:00:00,2008
A540,8763,12.0,37.9,2008-01-01 00:00:00,2008-12-31 23:00:00,2008
A541,8779,8.6,35.5,2008-01-01 00:00:00,2008-12-31 23:00:00,2008
A542,8779,9.9,40.1,2008-01-01 00:00:00,2008-12-31 23:00:00,2008
A543,8752,12.2,40.1,2008-01-01 00:00:00,2008-12-31 23:00:00,2008
A544,8779,12.2,36.2,2008-01-01 00:00:00,2008-12-31 23:00:00,2008
A545,8777,7.9,40.2,2008-01-01 00:00:00,2008-12-31 23:00:00,2008
A546,8779,8.4,35.9,2008-01-01 00:00:00,2008-12-31 23:00:00,2008
A547,8778,7.8,41.0,2008-01-01 00:00:00,2008-12-31 23:00:00,2008
A548,8778,10.3,36.6,2008-01-01 00:00:00,2008-12-31 23:00:00,2008
A549,8779,4.1,37.5,2008-01-01 00:00:00,2008-12-31 23:00:00,2008
A550,8765,12.0,40.4,2008-01-01 00:00:00,2008-12-31 23:00:00,2008
A551,8760,6.8,37.1,2008-01-01 00:00:00,2008-12-31 23:00:00,2008
A552,8765,7.0,40.4,2008-01-01 00:00:00,2008-12-31 23:00:00,2008
A553,8778,11.5,36.2,2008-01-01 00:00:00,2008-12-31 23:00:00,2008
A554,8764,8.0,35.1,2008-01-01 00:00:00,2008-12-31 23:00:00,2008
A555,4976,9.0,31.8,2008-06-06 19:00:00,2008-12-31 23:00:00,2008
A601,8709,11.7,37.4,2008-01-01 00:00:00,2008-12-31 23:00:00,2008
A602,7639,13.3,37.4,2008-01-14 14:00:00,2008-12-31 23:00:00,2008
A603,7667,9.5,37.7,2008-01-01 00:00:00,2008-12-31 23:00:00,2008
A604,6954,11.1,37.9,2008-01-01 00:00:00,2008-12-31 23:00:00,2008
A606,8704,15.9,32.8,2008-01-01 00:00:00,2008-12-31 23:00:00,2008
A607,8701,12.4,38.1,2008-01-01 00:00:00,2008-12-31 23:00:00,2008
A608,8299,12.9,37.0,2008-01-01 00:00:00,2008-12-31 23:00:00,2008
A609,8709,7.7,35.0,2008-01-01 00:00:00,2008-12-31 23:00:00,2008
A610,8470,3.0,25.4,2008-01-01 00:00:00,2008-12-31 23:00:00,2008
A611,8552,8.5,35.4,2008-01-01 00:00:00,2008-12-31 23:00:00,2008
A618,8609,5.2,32.4,2008-01-01 00:00:00,2008-12-31 23:00:00,2008
A619,8291,10.6,35.6,2008-01-01 00:00:00,2008-12-31 23:00:00,2008
A620,4831,14.5,32.7,2008-06-13 16:00:00,2008-12-31 23:00:00,2008
A621,8705,11.5,37.9,2008-01-01 00:00:00,2008-12-31 23:00:00,2008
A652,8678,16.0,36.2,2008-01-01 00:00:00,2008-12-31 23:00:00,2008
A701,8642,8.7,34.1,2008-01-01 00:00:00,2008-12-31 23:00:00,2008
A705,8776,5.1,36.4,2008-01-01 00:00:00,2008-12-31 23:00:00,2008
A706,5910,1.0,27.2,2008-01-01 00:00:00,2008-11-14 18:00:00,2008
A707,8752,7.7,38.2,2008-01-01 00:00:00,2008-12-31 23:00:00,2008
A708,8611,10.2,33.9,2008-01-01 00:00:00,2008-12-25 02:00:00,2008
A711,8771,5.3,35.4,2008-01-01 00:00:00,2008-12-31 23:00:00,2008
A712,7644,3.5,36.1,2008-01-01 00:00:00,2008-12-31 23:00:00,2008
A713,8427,3.6,34.6,2008-01-01 00:00:00,2008-12-31 23:00:00,2008
A714,8771,4.7,34.1,2008-01-01 00:00:00,2008-12-31 23:00:00,2008
A715,8061,3.5,35.6,2008-01-01 00:00:00,2008-12-31 23:00:00,2008
A716,8773,3.6,36.7,2008-01-01 00:00:00,2008-12-31 23:00:00,2008
A718,8778,1.3,37.8,2008-01-01 00:00:00,2008-12-31 23:00:00,2008
A725,8713,2.9,34.1,2008-01-01 00:00:00,2008-12-31 23:00:00,2008
A726,8774,5.4,35.4,2008-01-01 00:00:00,2008-12-31 23:00:00,2008
A727,8768,7.4,37.8,2008-01-01 00:00:00,2008-12-31 23:00:00,2008
A728,6653,5.8,35.2,2008-01-01 00:00:00,2008-12-31 23:00:00,2008
A729,8772,9.1,39.0,2008-01-01 00:00:00,2008-12-31 23:00:00,2008
A733,8774,9.9,39.3,2008-01-01 00:00:00,2008-12-31 23:00:00,2008
A734,8777,7.7,39.3,2008-01-01 00:00:00,2008-12-31 23:00:00,2008
A735,8774,8.3,38.0,2008-01-01 00:00:00,2008-12-31 23:00:00,2008
A736,8654,6.1,38.6,2008-01-01 00:00:00,2008-12-31 23:00:00,2008
A737,8773,6.8,37.8,2008-01-01 00:00:00,2008-12-31 23:00:00,2008
A738,8773,7.5,36.1,2008-01-01 00:00:00,2008-12-31 23:00:00,2008
A739,8355,7.0,36.9,2008-01-18 11:00:00,2008-12-31 23:00:00,2008
A740,8767,5.2,32.1,2008-01-01 00:00:00,2008-12-31 23:00:00,2008
A741,5189,6.9,37.4,2008-04-29 13:00:00,2008-12-31 23:00:00,2008
A746,3531,2.8,32.3,2008-07-03 20:00:00,2008-12-16 22:00:00,2008
A747,6091,6.5,38.8,2008-04-22 00:00:00,2008-12-31 23:00:00,2008
A753,2657,7.7,38.7,2008-07-18 19:00:00,2008-12-31 23:00:00,2008
A807,7825,0.1,32.4,2008-01-01 00:00:00,2008-12-31 23:00:00,2008
A818,8741,-0.6,33.5,2008-01-01 00:00:00,2008-12-31 23:00:00,2008
A819,8574,-2.5,32.0,2008-01-01 00:00:00,2008-12-31 23:00:00,2008
A820,8765,1.8,37.4,2008-01-01 00:00:00,2008-12-31 23:00:00,2008
A821,8765,1.7,35.1,2008-01-01 00:00:00,2008-12-31 23:00:00,2008
A822,8740,2.1,34.9,2008-01-01 00:00:00,2008-12-31 23:00:00,2008
A823,8598,-1.5,28.9,2008-01-01 00:00:00,2008-12-31 23:00:00,2008
A824,8506,3.8,37.5,2008-01-01 00:00:00,2008-12-31 23:00:00,2008
A835,7761,4.7,36.3,2008-01-01 00:00:00,2008-11-30 00:00:00,2008
A842,7972,4.5,34.2,2008-01-01 00:00:00,2008-12-31 23:00:00,2008
A843,8777,0.5,36.2,2008-01-01 00:00:00,2008-12-31 23:00:00,2008
A846,6810,0.8,37.5,2008-02-15 15:00:00,2008-12-31 23:00:00,2008
A847,8505,7.4,33.4,2008-01-01 00:00:00,2008-12-31 23:00:00,2008
A849,7046,5.7,38.5,2008-03-07 00:00:00,2008-12-31 23:00:00,2008
A850,7252,5.2,38.0,2008-03-04 00:00:00,2008-12-31 23:00:00,2008
A855,7023,2.8,36.9,2008-03-13 14:00:00,2008-12-31 23:00:00,2008
A869,7072,4.3,38.4,2008-03-11 14:00:00,2008-12-31 23:00:00,2008
A871,6975,4.0,34.6,2008-02-29 01:00:00,2008-12-31 23:00:00,2008
A873,6379,4.2,36.4,2008-03-13 20:00:00,2008-12-31 23:00:00,2008
A875,5534,-4.8,33.1,2008-04-30 00:00:00,2008-12-31 23:00:00,2008
A876,5442,-1.0,32.9,2008-05-16 20:00:00,2008-12-31 23:00:00,2008
A801,8653,2.9,37.3,2008-01-01 00:00:00,2008-12-31 23:00:00,2008
A802,7332,3.1,33.8,2008-01-01 00:00:00,2008-12-31 23:00:00,2008
A803,8733,0.4,38.0,2008-01-01 00:00:00,2008-12-31 23:00:00,2008
A804,8280,-1.2,36.8,2008-01-01 00:00:00,2008-12-31 23:00:00,2008
A805,8763,-0.1,36.0,2008-01-01 00:00:00,2008-12-31 23:00:00,2008
A808,8626,2.8,33.3,2008-01-01 00:00:00,2008-12-31 23:00:00,2008
A809,8632,0.7,39.7,2008-01-01 00:00:00,2008-12-31 23:00:00,2008
A810,7389,-1.5,38.3,2008-01-01 00:00:00,2008-12-31 23:00:00,2008
A811,7210,1.1,34.5,2008-01-01 00:00:00,2008-12-31 23:00:00,2008
A812,8563,1.0,34.7,2008-01-01 00:00:00,2008-12-31 23:00:00,2008
A813,8600,1.4,37.6,2008-01-01 00:00:00,2008-12-31 23:00:00,2008
A826,8628,-0.9,38.9,2008-01-01 00:00:00,2008-12-31 23:00:00,2008
A827,8646,0.5,36.6,2008-01-01 00:00:00,2008-12-31 23:00:00,2008
A828,8251,-0.8,33.9,2008-01-01 00:00:00,2008-12-31 23:00:00,2008
A829,8488,-2.2,28.6,2008-01-01 00:00:00,2008-12-31 23:00:00,2008
A830,8760,1.6,39.7,2008-01-01 00:00:00,2008-12-31 23:00:00,2008
A831,8744,-1.1,39.3,2008-01-01 00:00:00,2008-12-31 23:00:00,2008
A832,8758,0.1,38.5,2008-01-01 00:00:00,2008-12-31 23:00:00,2008
A834,7130,5.2,33.7,2008-03-09 00:00:00,2008-12-31 23:00:00,2008
A836,8644,1.4,36.7,2008-01-01 00:00:00,2008-12-31 23:00:00,2008
A837,7307,0.1,35.1,2008-03-01 12:00:00,2008-12-31 23:00:00,2008
A838,8667,1.4,36.9,2008-01-01 00:00:00,2008-12-31 23:00:00,2008
A839,8703,0.0,34.6,2008-01-01 00:00:00,2008-12-31 23:00:00,2008
A840,8766,-0.4,33.3,2008-01-01 00:00:00,2008-12-31 23:00:00,2008
A844,8663,-0.8,32.9,2008-01-01 00:00:00,2008-12-31 23:00:00,2008
A852,8759,1.2,38.9,2008-01-01 00:00:00,2008-12-31 23:00:00,2008
A853,8762,0.3,37.7,2008-01-01 00:00:00,2008-12-31 23:00:00,2008
A854,8761,-0.7,36.7,2008-01-01 00:00:00,2008-12-31 23:00:00,2008
A856,7182,0.4,34.5,2008-02-28 13:00:00,2008-12-31 23:00:00,2008
A878,6159,4.9,30.8,2008-03-12 13:00:00,2008-12-31 23:00:00,2008
A879,2774,3.0,30.5,2008-08-27 09:00:00,2008-12-31 23:00:00,2008
A880,5979,-1.1,31.7,2008-04-26 15:00:00,2008-12-31 23:00:00,2008
A899,6592,2.7,32.8,2008-03-16 17:00:00,2008-12-31 23:00:00,2008
A806,8753,4.6,33.5,2008-01-01 00:00:00,2008-12-31 23:00:00,2008
A814,5158,1.5,38.2,2008-05-29 00:00:00,2008-12-31 23:00:00,2008
A815,6292,-3.8,27.2,2008-04-12 16:00:00,2008-12-31 23:00:00,2008
A816,1487,9.7,31.5,2008-10-31 00:00:00,2008-12-31 23:00:00,2008
A817,8672,3.6,36.5,2008-01-01 00:00:00,2008-12-31 23:00:00,2008
A841,8764,-1.8,33.7,2008-01-01 00:00:00,2008-12-31 23:00:00,2008
A845,8312,-4.0,24.6,2008-01-01 00:00:00,2008-12-31 23:00:00,2008
A848,5153,0.7,33.8,2008-05-31 00:00:00,2008-12-31 23:00:00,2008
A851,8730,0.8,33.7,2008-01-01 00:00:00,2008-12-31 23:00:00,2008
A857,7022,1.3,35.6,2008-03-13 12:00:00,2008-12-31 23:00:00,2008
A858,6227,2.0,32.3,2008-03-16 17:00:00,2008-12-31 23:00:00,2008
A859,6874,-4.1,31.6,2008-03-19 20:00:00,2008-12-31 23:00:00,2008
A860,7325,-1.9,31.8,2008-02-29 15:00:00,2008-12-31 23:00:00,2008
A861,5512,-1.5,33.2,2008-03-11 14:00:00,2008-12-31 23:00:00,2008
A862,6740,-3.0,31.9,2008-03-24 14:00:00,2008-12-31 23:00:00,2008
A863,6041,-0.2,32.1,2008-03-05 20:00:00,2008-12-31 23:00:00,2008
A866,5092,5.7,31.8,2008-06-02 17:00:00,2008-12-31 23:00:00,2008
A867,2245,11.4,32.8,2008-09-29 11:00:00,2008-12-31 23:00:00,2008
A001,8638,10.0,31.9,2009-01-01 00:00:00,2009-12-31 21:00:00,2009
A045,8738,7.5,33.6,2009-01-01 00:00:00,2009-12-31 23:00:00,2009
A002,8457,8.1,35.5,2009-01-01 00:00:00,2009-12-31 23:00:00,2009
A003,278,17.5,32.8,2009-01-01 00:00:00,2009-02-26 04:00:00,2009
A011,8733,8.5,37.2,2009-01-01 00:00:00,2009-12-31 23:00:00,2009
A012,8733,8.8,33.2,2009-01-01 00:00:00,2009-12-31 23:00:00,2009
A013,8737,9.8,39.6,2009-01-01 00:00:00,2009-12-31 23:00:00,2009
A014,8736,13.2,38.8,2009-01-01 00:00:00,2009-12-31 23:00:00,2009
A015,7265,13.5,37.7,2009-01-01 00:00:00,2009-12-31 23:00:00,2009
A016,8657,3.8,36.8,2009-01-01 00:00:00,2009-12-31 23:00:00,2009
A017,8740,15.6,35.8,2009-01-01 00:00:00,2009-12-31 23:00:00,2009
A022,8732,13.3,36.4,2009-01-01 00:00:00,2009-12-31 23:00:00,2009
A023,8734,8.5,35.1,2009-01-01 00:00:00,2009-12-31 23:00:00,2009
A024,7539,11.9,32.3,2009-01-01 00:00:00,2009-12-31 23:00:00,2009
A025,7969,6.2,36.0,2009-01-01 00:00:00,2009-12-31 22:00:00,2009
A026,7589,3.1,36.3,2009-01-01 00:00:00,2009-12-31 23:00:00,2009
A027,8732,9.2,35.9,2009-01-01 00:00:00,2009-12-31 23:00:00,2009
A032,8737,16.1,38.4,2009-01-01 00:00:00,2009-12-31 23:00:00,2009
A033,8739,7.9,35.6,2009-01-01 00:00:00,2009-12-31 23:00:00,2009
A034,8736,8.4,34.7,2009-01-01 00:00:00,2009-12-31 23:00:00,2009
A035,8733,6.3,37.3,2009-01-01 00:00:00,2009-12-31 23:00:00,2009
A036,8731,7.9,32.0,2009-01-01 00:00:00,2009-12-31 23:00:00,2009
A702,8743,5.1,35.5,2009-01-01 00:00:00,2009-12-31 23:00:00,2009
A703,8632,3.2,34.7,2009-01-01 00:00:00,2009-12-31 23:00:00,2009
A704,5046,6.6,37.3,2009-01-01 00:00:00,2009-07-30 09:00:00,2009
A709,7838,6.6,36.7,2009-01-01 00:00:00,2009-12-31 23:00:00,2009
A710,8728,5.2,37.3,2009-01-01 00:00:00,2009-12-31 23:00:00,2009
A717,8720,5.2,40.2,2009-01-01 00:00:00,2009-12-31 23:00:00,2009
A719,8691,7.2,39.1,2009-01-01 00:00:00,2009-12-31 23:00:00,2009
A720,8711,7.1,40.1,2009-01-01 00:00:00,2009-12-31 23:00:00,2009
A721,8517,5.2,37.0,2009-01-01 00:00:00,2009-12-31 23:00:00,2009
A722,8593,7.9,38.4,2009-01-01 00:00:00,2009-12-31 23:00:00,2009
A723,8698,4.5,40.5,2009-01-01 00:00:00,2009-12-31 23:00:00,2009
A724,7563,9.2,41.6,2009-01-01 00:00:00,2009-12-31 16:00:00,2009
A730,7690,6.4,34.1,2009-01-01 00:00:00,2009-12-31 23:00:00,2009
A731,8464,0.3,37.5,2009-01-01 00:00:00,2009-12-31 23:00:00,2009
A732,7756,6.7,35.6,2009-01-01 00:00:00,2009-12-31 23:00:00,2009
A742,6331,4.8,36.9,2009-01-01 00:00:00,2009-12-31 23:00:00,2009
A743,8738,3.2,37.6,2009-01-01 00:00:00,2009-12-31 23:00:00,2009
A749,8728,4.7,37.8,2009-01-01 00:00:00,2009-12-31 23:00:00,2009
A750,8251,3.1,37.6,2009-01-01 00:00:00,2009-12-31 23:00:00,2009
A751,8650,1.7,36.1,2009-01-01 00:00:00,2009-12-31 23:00:00,2009
A754,8737,4.4,36.5,2009-01-01 00:00:00,2009-12-31 23:00:00,2009
A901,7978,9.7,40.7,2009-01-01 00:00:00,2009-12-31 23:00:00,2009
A902,3473,18.4,35.6,2009-01-01 00:00:00,2009-12-31 23:00:00,2009
A903,7191,10.7,38.1,2009-01-01 12:00:00,2009-12-31 23:00:00,2009
A904,6282,12.5,37.9,2009-01-01 00:00:00,2009-10-13 01:00:00,2009
A905,1494,17.6,34.7,2009-01-01 00:00:00,2009-03-04 06:00:00,2009
A906,8736,16.1,38.0,2009-01-01 00:00:00,2009-12-31 23:00:00,2009
A907,8735,9.1,40.0,2009-01-01 00:00:00,2009-12-31 23:00:00,2009
A908,8736,13.4,37.9,2009-01-01 00:00:00,2009-12-31 23:00:00,2009
A910,5491,16.8,38.2,2009-01-01 00:00:00,2009-12-31 13:00:00,2009
A912,8736,9.2,35.2,2009-01-01 00:00:00,2009-12-31 23:00:00,2009
A913,8628,7.8,35.0,2009-01-01 00:00:00,2009-12-31 23:00:00,2009
A914,8737,14.3,38.7,2009-01-01 00:00:00,2009-12-31 23:00:00,2009
A916,8733,13.6,38.1,2009-01-01 00:00:00,2009-12-31 23:00:00,2009
A917,6891,12.4,37.4,2009-01-01 00:00:00,2009-12-31 22:00:00,2009
A919,8734,15.9,37.0,2009-01-01 00:00:00,2009-12-31 23:00:00,2009
A920,8734,12.1,36.1,2009-01-01 00:00:00,2009-12-31 23:00:00,2009
A921,8737,17.4,39.0,2009-01-01 00:00:00,2009-12-31 23:00:00,2009
A922,8290,8.6,38.1,2009-01-01 00:00:00,2009-12-23 14:00:00,2009
A924,5152,16.6,34.5,2009-01-01 00:00:00,2009-12-31 23:00:00,2009
A926,8735,15.8,36.7,2009-01-01 00:00:00,2009-12-31 23:00:00,2009
A927,8738,10.4,36.9,2009-01-01 00:00:00,2009-12-31 23:00:00,2009
A928,8725,11.7,44.5,2009-01-01 00:00:00,2009-12-31 23:00:00,2009
A929,6016,12.1,36.6,2009-01-05 14:00:00,2009-12-30 12:00:00,2009
A930,8735,12.8,38.0,2009-01-01 00:00:00,2009-12-31 23:00:00,2009
A931,8737,10.1,37.1,2009-01-01 00:00:00,2009-12-31 23:00:00,2009
A932,8734,10.9,37.5,2009-01-01 00:00:00,2009-12-31 23:00:00,2009
A933,8735,9.0,37.5,2009-01-01 00:00:00,2009-12-31 23:00:00,2009
A934,8739,7.8,34.6,2009-01-01 00:00:00,2009-12-31 23:00:00,2009
A935,3639,10.9,36.9,2009-01-01 00:00:00,2009-08-13 11:00:00,2009
A936,8737,8.6,38.8,2009-01-01 00:00:00,2009-12-31 23:00:00,2009
A937,8736,8.6,38.7,2009-01-01 00:00:00,2009-12-31 23:00:00,2009
A303,8738,18.7,35.8,2009-01-01 00:00:00,2009-12-31 23:00:00,2009
A323,8742,18.9,40.1,2009-01-01 00:00:00,2009-12-31 23:00:00,2009
A327,8738,17.8,37.8,2009-01-01 00:00:00,2009-12-31 23:00:00,2009
A353,8742,18.0,36.6,2009-01-01 00:00:00,2009-12-31 23:00:00,2009
A355,8734,19.3,35.5,2009-01-01 00:00:00,2009-12-31 23:00:00,2009
A356,8745,17.2,36.5,2009-01-01 00:00:00,2009-12-31 23:00:00,2009
A401,8688,20.9,34.2,2009-01-01 00:00:00,2009-12-31 23:00:00,2009
A402,8737,11.6,38.7,2009-01-01 00:00:00,2009-12-31 23:00:00,2009
A404,7185,11.2,36.8,2009-03-06 18:00:00,2009-12-31 23:00:00,2009
A405,8431,17.4,40.4,2009-01-01 00:00:00,2009-12-31 23:00:00,2009
A406,8715,17.3,37.8,2009-01-01 00:00:00,2009-12-31 23:00:00,2009
A407,5540,15.0,42.8,2009-01-01 00:00:00,2009-12-31 23:00:00,2009
A408,6744,14.9,37.4,2009-01-01 00:00:00,2009-12-31 23:00:00,2009
A410,1060,19.0,43.9,2009-04-26 08:00:00,2009-10-25 12:00:00,2009
A412,8439,15.3,37.2,2009-01-01 00:00:00,2009-12-31 23:00:00,2009
A413,8736,15.4,37.6,2009-01-01 00:00:00,2009-12-31 23:00:00,2009
A414,8733,10.7,34.4,2009-01-01 00:00:00,2009-12-31 23:00:00,2009
A415,8736,13.3,39.8,2009-01-01 00:00:00,2009-12-31 23:00:00,2009
A416,4279,16.6,38.4,2009-01-01 00:00:00,2009-12-31 23:00:00,2009
A418,8735,16.1,39.3,2009-01-01 00:00:00,2009-12-31 23:00:00,2009
A422,5560,21.3,30.7,2009-01-01 00:00:00,2009-12-31 23:00:00,2009
A423,8738,18.5,36.1,2009-01-01 00:00:00,2009-12-31 23:00:00,2009
A424,8735,14.6,37.1,2009-01-01 00:00:00,2009-12-31 23:00:00,2009
A425,8634,16.8,44.9,2009-01-01 00:00:00,2009-12-31 23:00:00,2009
A426,8738,17.3,38.4,2009-01-01 00:00:00,2009-12-31 23:00:00,2009
A427,8736,15.1,35.6,2009-01-01 00:00:00,2009-12-31 23:00:00,2009
A428,8735,16.8,36.8,2009-01-01 00:00:00,2009-12-31 23:00:00,2009
A429,8737,15.2,39.8,2009-01-01 00:00:00,2009-12-31 23:00:00,2009
A430,8733,11.8,31.1,2009-01-01 00:00:00,2009-12-31 23:00:00,2009
A431,8735,19.1,35.0,2009-01-01 00:00:00,2009-12-31 23:00:00,2009
A432,7660,13.5,39.7,2009-02-14 21:00:00,2009-12-31 23:00:00,2009
A433,8740,13.4,38.7,2009-01-01 00:00:00,2009-12-31 23:00:00,2009
A434,8738,17.0,36.5,2009-01-01 00:00:00,2009-12-31 23:00:00,2009
A435,8449,16.3,36.9,2009-01-01 00:00:00,2009-12-31 23:00:00,2009
A436,8735,16.4,38.4,2009-01-01 00:00:00,2009-12-31 23:00:00,2009
A437,8736,16.3,33.1,2009-01-01 00:00:00,2009-12-31 23:00:00,2009
A438,8737,19.8,32.8,2009-01-01 00:00:00,2009-12-31 23:00:00,2009
A439,8735,14.6,40.5,2009-01-01 00:00:00,2009-12-31 23:00:00,2009
A440,8735,15.6,37.8,2009-01-01 00:00:00,2009-12-31 23:00:00,2009
A441,8594,15.1,36.8,2009-01-01 00:00:00,2009-12-31 23:00:00,2009
A442,8737,17.1,37.4,2009-01-01 00:00:00,2009-12-31 23:00:00,2009
A443,8736,12.2,36.7,2009-01-01 00:00:00,2009-12-31 23:00:00,2009
A444,4406,15.4,34.1,2009-06-30 13:00:00,2009-12-31 23:00:00,2009
A445,4398,16.6,36.7,2009-06-30 20:00:00,2009-12-31 23:00:00,2009
A446,4518,14.1,37.3,2009-06-25 19:00:00,2009-12-31 23:00:00,2009
A447,4093,14.7,35.0,2009-07-13 13:00:00,2009-12-31 23:00:00,2009
A305,8464,21.6,33.2,2009-01-01 00:00:00,2009-12-31 23:00:00,2009
A306,5694,19.1,38.3,2009-01-01 00:00:00,2009-12-31 23:00:00,2009
A314,8712,16.8,30.4,2009-01-01 00:00:00,2009-12-31 23:00:00,2009
A315,8738,16.5,37.1,2009-01-01 00:00:00,2009-12-31 23:00:00,2009
A319,8473,17.8,37.5,2009-01-01 00:00:00,2009-12-31 22:00:00,2009
A324,8734,16.8,37.4,2009-01-01 00:00:00,2009-12-31 23:00:00,2009
A325,8737,18.8,37.0,2009-01-01 00:00:00,2009-12-31 23:00:00,2009
A332,6485,20.2,38.3,2009-01-01 00:00:00,2009-12-31 23:00:00,2009
A339,8738,19.2,37.0,2009-01-01 00:00:00,2009-12-31 23:00:00,2009
A342,8388,17.7,38.2,2009-01-01 00:00:00,2009-12-31 23:00:00,2009
A347,8739,16.1,36.2,2009-01-01 00:00:00,2009-12-31 23:00:00,2009
A358,8739,21.0,39.6,2009-01-01 00:00:00,2009-12-31 23:00:00,2009
A359,8670,21.9,36.5,2009-01-01 00:00:00,2009-12-31 23:00:00,2009
A360,6052,20.9,35.6,2009-04-22 19:00:00,2009-12-31 23:00:00,2009
A203,7516,22.4,33.4,2009-01-01 10:00:00,2009-12-31 23:00:00,2009
A204,8737,16.3,39.3,2009-01-01 00:00:00,2009-12-31 23:00:00,2009
A205,7512,19.1,38.7,2009-01-01 00:00:00,2009-12-31 23:00:00,2009
A206,8742,21.0,38.1,2009-01-01 00:00:00,2009-12-31 23:00:00,2009
A207,8735,17.3,36.7,2009-01-01 00:00:00,2009-12-31 23:00:00,2009
A217,8731,22.0,32.9,2009-01-01 00:00:00,2009-12-31 23:00:00,2009
A218,8733,22.1,33.0,2009-01-01 00:00:00,2009-12-31 23:00:00,2009
A219,8737,21.8,34.2,2009-01-01 00:00:00,2009-12-31 23:00:00,2009
A220,8759,19.7,38.6,2009-01-01 00:00:00,2009-12-31 23:00:00,2009
A221,8758,17.8,37.2,2009-01-01 00:00:00,2009-12-31 23:00:00,2009
A222,8759,17.0,38.9,2009-01-01 00:00:00,2009-12-31 23:00:00,2009
A223,8735,14.8,39.2,2009-01-01 00:00:00,2009-12-31 23:00:00,2009
A224,8731,16.4,38.5,2009-01-01 00:00:00,2009-12-31 23:00:00,2009
A225,8744,18.1,37.8,2009-01-01 00:00:00,2009-12-31 23:00:00,2009
A237,8720,17.8,37.9,2009-01-01 00:00:00,2009-12-31 23:00:00,2009
A238,8744,17.6,38.2,2009-01-01 00:00:00,2009-12-31 23:00:00,2009
A310,8661,17.2,32.2,2009-01-01 00:00:00,2009-12-31 23:00:00,2009
A313,8555,16.9,33.7,2009-01-01 00:00:00,2009-12-31 23:00:00,2009
A320,8734,20.2,32.3,2009-01-01 00:00:00,2009-12-31 23:00:00,2009
A321,8737,19.0,38.5,2009-01-01 00:00:00,2009-12-31 23:00:00,2009
A333,2841,17.9,37.1,2009-01-01 00:00:00,2009-12-31 23:00:00,2009
A334,8747,13.9,35.0,2009-01-01 00:00:00,2009-12-31 23:00:00,2009
A348,8739,14.1,36.0,2009-01-01 00:00:00,2009-12-31 23:00:00,2009
A352,8606,19.1,33.5,2009-01-01 00:00:00,2009-12-31 23:00:00,2009
A301,4754,19.2,33.0,2009-01-01 00:00:00,2009-12-31 23:00:00,2009
A307,8667,18.9,37.4,2009-01-01 00:00:00,2009-12-31 23:00:00,2009
A309,8006,15.1,35.8,2009-01-01 00:00:00,2009-12-31 23:00:00,2009
A322,8737,15.7,33.3,2009-01-01 00:00:00,2009-12-31 23:00:00,2009
A328,8739,16.9,35.6,2009-01-01 00:00:00,2009-12-31 23:00:00,2009
A329,8738,17.5,38.5,2009-01-01 00:00:00,2009-12-31 23:00:00,2009
A341,8738,13.2,33.9,2009-01-01 00:00:00,2009-12-31 23:00:00,2009
A349,8738,15.8,37.3,2009-01-01 00:00:00,2009-12-31 23:00:00,2009
A350,8537,16.9,37.2,2009-01-01 00:00:00,2009-12-31 23:00:00,2009
A351,8738,17.3,38.1,2009-01-01 00:00:00,2009-12-31 23:00:00,2009
A357,8738,18.2,41.4,2009-01-01 00:00:00,2009-12-31 23:00:00,2009
A308,7672,19.1,35.8,2009-02-14 13:00:00,2009-12-31 23:00:00,2009
A311,8258,18.2,41.2,2009-01-01 00:00:00,2009-12-31 23:00:00,2009
A312,8275,19.0,38.5,2009-01-01 00:00:00,2009-12-31 23:00:00,2009
A326,8737,15.5,40.4,2009-01-01 00:00:00,2009-12-31 23:00:00,2009
A330,8731,19.9,39.0,2009-01-01 00:00:00,2009-12-31 23:00:00,2009
A331,8739,18.7,40.8,2009-01-01 00:00:00,2009-12-31 23:00:00,2009
A335,8730,19.5,39.1,2009-01-01 00:00:00,2009-12-31 23:00:00,2009
A336,8739,17.9,36.6,2009-01-01 00:00:00,2009-12-31 23:00:00,2009
A337,7108,13.8,38.7,2009-01-01 00:00:00,2009-12-31 23:00:00,2009
A338,6894,20.2,39.4,2009-01-01 00:00:00,2009-12-31 23:00:00,2009
A343,6896,17.0,40.2,2009-03-18 19:00:00,2009-12-31 23:00:00,2009
A345,8739,14.7,38.6,2009-01-01 00:00:00,2009-12-31 23:00:00,2009
A346,8738,17.8,38.4,2009-01-01 00:00:00,2009-12-31 23:00:00,2009
A354,8733,14.6,41.2,2009-01-01 00:00:00,2009-12-31 23:00:00,2009
A361,6060,17.2,38.7,2009-04-22 13:00:00,2009-12-31 23:00:00,2009
A362,5364,18.9,37.9,2009-05-21 18:00:00,2009-12-31 23:00:00,2009
A363,6111,18.4,39.4,2009-04-20 12:00:00,2009-12-31 23:00:00,2009
A364,5415,17.0,39.3,2009-05-19 13:00:00,2009-12-31 23:00:00,2009
A304,8738,21.1,31.4,2009-01-01 00:00:00,2009-12-31 23:00:00,2009
A316,8737,19.2,38.7,2009-01-01 00:00:00,2009-12-31 23:00:00,2009
A317,8683,20.5,35.5,2009-01-01 00:00:00,2009-12-31 23:00:00,2009
A318,8697,16.8,35.6,2009-01-01 00:00:00,2009-12-31 23:00:00,2009
A340,8737,18.9,38.1,2009-01-01 00:00:00,2009-12-31 23:00:00,2009
A344,8117,20.7,32.0,2009-01-01 10:00:00,2009-12-31 23:00:00,2009
A409,7838,21.3,33.7,2009-01-01 00:00:00,2009-12-31 23:00:00,2009
A417,8738,18.7,38.6,2009-01-01 00:00:00,2009-12-31 23:00:00,2009
A419,8737,16.5,37.8,2009-01-01 00:00:00,2009-12-31 23:00:00,2009
A420,8735,17.2,37.9,2009-01-01 00:00:00,2009-12-31 23:00:00,2009
A421,8734,19.8,36.6,2009-01-01 00:00:00,2009-12-31 23:00:00,2009
A102,8428,13.0,37.6,2009-01-01 00:00:00,2009-12-31 23:00:00,2009
A104,8737,11.3,37.0,2009-01-01 00:00:00,2009-12-31 23:00:00,2009
A136,1502,21.3,35.7,2009-10-30 10:00:00,2009-12-31 23:00:00,2009
A137,1547,21.3,35.7,2009-10-28 13:00:00,2009-12-31 23:00:00,2009
A138,2246,19.6,36.0,2009-09-28 13:00:00,2009-12-31 23:00:00,2009
A140,1978,19.3,35.8,2009-10-02 12:00:00,2009-12-31 23:00:00,2009
A101,259,25.1,36.2,2009-10-19 19:00:00,2009-10-30 13:00:00,2009
A110,7423,13.9,37.7,2009-01-01 00:00:00,2009-12-31 23:00:00,2009
A111,7385,18.3,36.4,2009-01-01 00:00:00,2009-12-31 23:00:00,2009
A112,8736,18.6,37.4,2009-01-01 00:00:00,2009-12-31 23:00:00,2009
A113,6641,19.0,37.2,2009-01-01 00:00:00,2009-12-31 23:00:00,2009
A117,5803,21.5,35.8,2009-01-01 00:00:00,2009-08-30 21:00:00,2009
A119,8742,22.6,37.0,2009-01-01 00:00:00,2009-12-31 23:00:00,2009
A120,8363,21.5,38.3,2009-01-01 00:00:00,2009-12-31 23:00:00,2009
A121,8734,22.0,37.5,2009-01-01 00:00:00,2009-12-31 23:00:00,2009
A122,8733,21.0,37.8,2009-01-01 00:00:00,2009-12-31 23:00:00,2009
A123,8738,22.7,37.1,2009-01-01 00:00:00,2009-12-31 23:00:00,2009
A124,8731,22.0,38.2,2009-01-01 00:00:00,2009-12-31 23:00:00,2009
A125,7708,19.8,38.0,2009-01-01 12:00:00,2009-12-31 23:00:00,2009
A126,8740,20.8,38.1,2009-01-01 00:00:00,2009-12-31 23:00:00,2009
A128,8739,20.7,36.6,2009-01-01 00:00:00,2009-12-31 23:00:00,2009
A242,8735,19.9,35.9,2009-01-01 00:00:00,2009-12-31 23:00:00,2009
A201,8260,22.3,35.9,2009-01-01 00:00:00,2009-12-31 23:00:00,2009
A202,6840,21.4,36.3,2009-01-01 00:00:00,2009-12-31 21:00:00,2009
A209,8740,20.6,35.6,2009-01-01 00:00:00,2009-12-31 23:00:00,2009
A210,8449,20.0,36.9,2009-01-01 00:00:00,2009-12-20 05:00:00,2009
A211,8740,20.1,36.4,2009-01-01 00:00:00,2009-12-31 23:00:00,2009
A212,8737,19.3,35.8,2009-01-01 00:00:00,2009-12-31 23:00:00,2009
A213,8227,20.7,36.4,2009-01-01 00:00:00,2009-12-31 23:00:00,2009
A214,8742,18.8,37.5,2009-01-01 00:00:00,2009-12-31 23:00:00,2009
A215,8735,22.4,33.0,2009-01-01 00:00:00,2009-12-31 23:00:00,2009
A226,8734,21.6,34.5,2009-01-01 00:00:00,2009-12-31 23:00:00,2009
A227,8737,22.3,32.5,2009-01-01 00:00:00,2009-12-31 23:00:00,2009
A229,8736,22.0,36.3,2009-01-01 00:00:00,2009-12-31 23:00:00,2009
A230,8733,18.1,32.6,2009-01-01 00:00:00,2009-12-31 23:00:00,2009
A231,8734,22.4,38.2,2009-01-01 00:00:00,2009-12-31 23:00:00,2009
A233,8737,18.0,41.7,2009-01-01 00:00:00,2009-12-31 23:00:00,2009
A235,8734,20.8,36.5,2009-01-01 00:00:00,2009-12-31 23:00:00,2009
A236,7415,22.0,35.1,2009-01-01 00:00:00,2009-12-31 13:00:00,2009
A240,4406,18.8,36.3,2009-06-30 14:00:00,2009-12-31 23:00:00,2009
A241,7807,18.9,39.2,2009-01-01 00:00:00,2009-12-22 16:00:00,2009
A925,8646,16.9,37.4,2009-01-01 00:00:00,2009-12-31 23:00:00,2009
A938,8522,9.2,35.7,2009-01-01 00:00:00,2009-12-31 23:00:00,2009
A939,8288,13.3,38.4,2009-01-01 00:00:00,2009-12-31 23:00:00,2009
A940,8236,14.8,36.8,2009-01-01 00:00:00,2009-12-31 23:00:00,2009
A009,8469,17.5,38.6,2009-01-01 00:00:00,2009-12-31 23:00:00,2009
A010,8578,13.2,39.6,2009-01-01 00:00:00,2009-12-31 23:00:00,2009
A018,8737,15.0,38.7,2009-01-01 00:00:00,2009-12-31 23:00:00,2009
A019,8737,13.2,38.6,2009-01-01 00:00:00,2009-12-31 23:00:00,2009
A020,8736,18.4,39.1,2009-01-01 00:00:00,2009-12-31 23:00:00,2009
A021,8736,15.2,37.7,2009-01-01 00:00:00,2009-12-31 23:00:00,2009
A038,8702,17.6,36.0,2009-01-01 00:00:00,2009-12-31 19:00:00,2009
A039,7521,16.8,38.9,2009-01-01 00:00:00,2009-12-31 21:00:00,2009
A044,5741,19.6,37.5,2009-03-16 18:00:00,2009-11-11 21:00:00,2009
A612,8740,15.1,37.5,2009-01-01 00:00:00,2009-12-31 23:00:00,2009
A613,8717,10.5,31.0,2009-01-01 00:00:00,2009-12-31 23:00:00,2009
A614,8726,15.9,36.9,2009-01-01 00:00:00,2009-12-31 23:00:00,2009
A615,8738,14.8,38.4,2009-01-01 00:00:00,2009-12-31 23:00:00,2009
A616,8733,16.3,35.8,2009-01-01 00:00:00,2009-12-31 23:00:00,2009
A617,8394,12.0,37.9,2009-01-01 00:00:00,2009-12-31 23:00:00,2009
A622,8737,14.6,37.0,2009-01-01 00:00:00,2009-12-31 23:00:00,2009
A623,8736,14.7,44.3,2009-01-01 00:00:00,2009-12-31 23:00:00,2009
A502,8738,6.4,30.6,2009-01-01 00:00:00,2009-12-31 23:00:00,2009
A505,8737,6.9,32.5,2009-01-01 00:00:00,2009-12-31 23:00:00,2009
A506,5391,11.1,37.1,2009-03-19 14:00:00,2009-10-31 01:00:00,2009
A507,8736,7.9,34.2,2009-01-01 00:00:00,2009-12-31 23:00:00,2009
A508,8737,14.9,39.3,2009-01-01 00:00:00,2009-12-31 23:00:00,2009
A509,8734,-0.2,28.4,2009-01-01 00:00:00,2009-12-31 23:00:00,2009
A510,8682,7.1,33.8,2009-01-01 00:00:00,2009-12-31 23:00:00,2009
A511,7379,14.6,35.5,2009-01-01 00:00:00,2009-12-31 23:00:00,2009
A512,8736,4.3,36.2,2009-01-01 00:00:00,2009-12-31 23:00:00,2009
A513,8429,7.7,32.2,2009-01-01 00:00:00,2009-12-31 23:00:00,2009
A514,8740,5.1,32.5,2009-01-01 00:00:00,2009-12-31 23:00:00,2009
A515,8736,4.6,32.0,2009-01-01 00:00:00,2009-12-31 23:00:00,2009
A516,8738,3.9,33.7,2009-01-01 00:00:00,2009-12-31 23:00:00,2009
A517,8709,12.5,36.2,2009-01-01 00:00:00,2009-12-31 23:00:00,2009
A518,8736,8.0,31.8,2009-01-01 00:00:00,2009-12-31 23:00:00,2009
A519,8738,6.6,35.5,2009-01-01 00:00:00,2009-12-31 23:00:00,2009
A520,8737,5.1,36.7,2009-01-01 00:00:00,2009-12-31 23:00:00,2009
A521,8736,9.8,33.9,2009-01-01 00:00:00,2009-12-31 23:00:00,2009
A522,8711,15.5,38.7,2009-01-01 00:00:00,2009-12-31 23:00:00,2009
A523,8739,5.8,33.3,2009-01-01 00:00:00,2009-12-31 23:00:00,2009
A524,8735,4.5,32.5,2009-01-01 00:00:00,2009-12-31 23:00:00,2009
A525,8738,5.3,33.5,2009-01-01 00:00:00,2009-12-31 23:00:00,2009
A526,8738,8.9,38.7,2009-01-01 00:00:00,2009-12-31 23:00:00,2009
A527,8736,13.7,37.3,2009-01-01 00:00:00,2009-12-31 23:00:00,2009
A528,8734,8.9,32.8,2009-01-01 00:00:00,2009-12-31 23:00:00,2009
A529,8739,3.0,31.6,2009-01-01 00:00:00,2009-12-31 23:00:00,2009
A530,8737,-0.8,30.5,2009-01-01 00:00:00,2009-12-31 23:00:00,2009
A531,8737,-0.1,28.9,2009-01-01 00:00:00,2009-12-31 23:00:00,2009
A532,8739,13.8,39.0,2009-01-01 00:00:00,2009-12-31 23:00:00,2009
A533,8683,10.4,34.3,2009-01-01 00:00:00,2009-12-31 23:00:00,2009
A534,8716,15.2,39.0,2009-01-01 00:00:00,2009-12-31 23:00:00,2009
A535,8739,5.0,34.5,2009-01-01 00:00:00,2009-12-31 23:00:00,2009
A536,8667,7.8,34.7,2009-01-01 00:00:00,2009-12-31 23:00:00,2009
A537,8739,10.1,30.8,2009-01-01 00:00:00,2009-12-31 23:00:00,2009
A538,8739,9.7,35.1,2009-01-01 00:00:00,2009-12-31 23:00:00,2009
A539,8736,12.1,38.6,2009-01-01 00:00:00,2009-12-31 23:00:00,2009
A540,8740,14.5,38.5,2009-01-01 00:00:00,2009-12-31 23:00:00,2009
A541,8736,10.2,34.7,2009-01-01 00:00:00,2009-12-31 23:00:00,2009
A542,8738,10.0,36.3,2009-01-01 00:00:00,2009-12-31 23:00:00,2009
A543,8746,12.7,37.8,2009-01-01 00:00:00,2009-12-31 23:00:00,2009
A544,8313,13.0,34.0,2009-01-01 00:00:00,2009-12-31 23:00:00,2009
A545,8739,11.7,36.8,2009-01-01 00:00:00,2009-12-31 23:00:00,2009
A546,8736,7.7,33.4,2009-01-01 00:00:00,2009-12-31 23:00:00,2009
A547,8741,9.5,38.5,2009-01-01 00:00:00,2009-12-31 23:00:00,2009
A548,8740,12.9,36.0,2009-01-01 00:00:00,2009-12-31 23:00:00,2009
A549,8740,7.1,37.9,2009-01-01 00:00:00,2009-12-31 23:00:00,2009
A550,8739,13.4,40.1,2009-01-01 00:00:00,2009-12-31 23:00:00,2009
A551,8737,9.1,36.0,2009-01-01 00:00:00,2009-12-31 23:00:00,2009
A552,8736,9.7,38.5,2009-01-01 00:00:00,2009-12-31 23:00:00,2009
A553,8737,9.9,32.9,2009-01-01 00:00:00,2009-12-31 23:00:00,2009
A554,8740,11.5,34.4,2009-01-01 00:00:00,2009-12-31 23:00:00,2009
A555,8723,9.3,30.9,2009-01-01 00:00:00,2009-12-31 23:00:00,2009
A601,8605,10.7,38.6,2009-01-01 00:00:00,2009-12-28 18:00:00,2009
A602,8661,11.6,38.8,2009-01-01 00:00:00,2009-12-31 23:00:00,2009
A603,6791,9.6,38.0,2009-01-01 00:00:00,2009-12-31 23:00:00,2009
A604,5476,11.9,37.2,2009-01-01 00:00:00,2009-12-31 23:00:00,2009
A606,7713,15.6,34.9,2009-01-01 00:00:00,2009-12-31 23:00:00,2009
A607,8737,13.9,37.7,2009-01-01 00:00:00,2009-12-31 23:00:00,2009
A608,8732,11.4,37.9,2009-01-01 00:00:00,2009-12-31 23:00:00,2009
A609,8682,8.5,35.3,2009-01-01 00:00:00,2009-12-31 23:00:00,2009
A610,6485,3.7,27.3,2009-01-01 00:00:00,2009-12-31 12:00:00,2009
A611,8736,8.0,34.8,2009-01-01 00:00:00,2009-12-31 23:00:00,2009
A618,8740,5.1,30.5,2009-01-01 00:00:00,2009-12-31 23:00:00,2009
A619,8737,10.5,36.1,2009-01-01 00:00:00,2009-12-31 23:00:00,2009
A620,8739,13.9,35.8,2009-01-01 00:00:00,2009-12-31 23:00:00,2009
A621,7962,10.4,38.5,2009-01-01 00:00:00,2009-12-31 09:00:00,2009
A652,8731,17.0,36.3,2009-01-01 00:00:00,2009-12-31 23:00:00,2009
A701,8735,7.4,34.0,2009-01-01 00:00:00,2009-12-31 23:00:00,2009
A705,3881,5.9,34.6,2009-01-01 00:00:00,2009-10-14 15:00:00,2009
A706,4212,1.0,27.2,2009-07-08 14:00:00,2009-12-31 23:00:00,2009
A707,8723,6.1,35.9,2009-01-01 00:00:00,2009-12-31 23:00:00,2009
A708,1834,16.4,36.3,2009-10-16 14:00:00,2009-12-31 23:00:00,2009
A711,8740,3.9,33.3,2009-01-01 00:00:00,2009-12-31 23:00:00,2009
A712,8315,4.8,39.6,2009-01-01 00:00:00,2009-12-31 23:00:00,2009
A713,8729,4.5,34.0,2009-01-01 00:00:00,2009-12-31 23:00:00,2009
A714,8366,4.4,33.6,2009-01-01 00:00:00,2009-12-31 23:00:00,2009
A715,8071,1.2,34.0,2009-01-01 00:00:00,2009-12-31 23:00:00,2009
A716,8738,4.2,36.3,2009-01-01 00:00:00,2009-12-31 23:00:00,2009
A718,8689,0.0,36.1,2009-01-01 00:00:00,2009-12-31 23:00:00,2009
A725,3580,11.0,35.0,2009-01-01 00:00:00,2009-12-31 23:00:00,2009
A726,8738,4.0,34.9,2009-01-01 00:00:00,2009-12-31 23:00:00,2009
A727,8733,6.9,36.2,2009-01-01 00:00:00,2009-12-31 23:00:00,2009
A728,7085,5.0,35.5,2009-01-01 00:00:00,2009-12-31 20:00:00,2009
A729,8738,6.9,37.4,2009-01-01 00:00:00,2009-12-31 23:00:00,2009
A733,8738,7.7,36.0,2009-01-01 00:00:00,2009-12-31 23:00:00,2009
A734,5863,4.4,36.4,2009-01-01 00:00:00,2009-12-31 23:00:00,2009
A735,8736,3.2,35.9,2009-01-01 00:00:00,2009-12-31 23:00:00,2009
A736,7705,4.9,35.3,2009-01-01 00:00:00,2009-12-31 21:00:00,2009
A737,6851,4.7,35.7,2009-01-01 00:00:00,2009-12-31 23:00:00,2009
A738,8737,5.7,34.5,2009-01-01 00:00:00,2009-12-31 23:00:00,2009
A739,7842,4.8,35.5,2009-01-01 00:00:00,2009-12-31 23:00:00,2009
A740,8726,2.9,32.3,2009-01-01 00:00:00,2009-12-31 23:00:00,2009
A741,8738,6.7,37.0,2009-01-01 00:00:00,2009-12-31 23:00:00,2009
A746,723,12.7,31.0,2009-12-01 20:00:00,2009-12-31 23:00:00,2009
A747,8735,3.3,35.8,2009-01-01 00:00:00,2009-12-31 23:00:00,2009
A753,3124,15.6,34.8,2009-01-01 00:00:00,2009-12-31 23:00:00,2009
A807,6022,0.7,33.7,2009-01-01 00:00:00,2009-12-31 23:00:00,2009
A818,8740,0.2,33.4,2009-01-01 00:00:00,2009-12-31 23:00:00,2009
A819,8713,-2.6,31.9,2009-01-01 00:00:00,2009-12-31 23:00:00,2009
A820,8700,1.3,37.8,2009-01-01 00:00:00,2009-12-31 23:00:00,2009
A821,8701,2.2,35.1,2009-01-01 00:00:00,2009-12-31 23:00:00,2009
A822,8292,2.5,34.2,2009-01-01 00:00:00,2009-12-31 23:00:00,2009
A823,8735,-1.3,31.1,2009-01-01 00:00:00,2009-12-31 23:00:00,2009
A824,7576,5.8,36.0,2009-01-01 00:00:00,2009-12-31 23:00:00,2009
A835,6467,4.6,35.4,2009-01-29 23:00:00,2009-12-31 23:00:00,2009
A842,7674,4.9,34.6,2009-01-01 00:00:00,2009-12-31 23:00:00,2009
A843,8702,0.3,35.5,2009-01-01 00:00:00,2009-12-31 23:00:00,2009
A846,8445,-1.4,37.8,2009-01-01 00:00:00,2009-12-31 23:00:00,2009
A847,8384,7.9,37.1,2009-01-01 00:00:00,2009-12-31 23:00:00,2009
A849,8719,5.7,36.9,2009-01-01 00:00:00,2009-12-31 23:00:00,2009
A850,1377,17.2,36.1,2009-01-01 00:00:00,2009-02-27 08:00:00,2009
A855,8692,0.5,38.2,2009-01-01 00:00:00,2009-12-31 23:00:00,2009
A869,8739,4.7,36.3,2009-01-01 00:00:00,2009-12-31 23:00:00,2009
A871,8737,4.1,34.0,2009-01-01 00:00:00,2009-12-31 23:00:00,2009
A873,7766,5.1,41.7,2009-01-01 00:00:00,2009-12-31 23:00:00,2009
A875,8631,-4.5,33.2,2009-01-01 00:00:00,2009-12-31 23:00:00,2009
A876,8723,-1.7,32.7,2009-01-01 00:00:00,2009-12-31 23:00:00,2009
A801,8738,0.7,35.5,2009-01-01 00:00:00,2009-12-31 23:00:00,2009
A802,7229,1.0,36.8,2009-01-01 00:00:00,2009-12-31 23:00:00,2009
A803,8717,-1.7,38.5,2009-01-01 00:00:00,2009-12-31 23:00:00,2009
A804,8723,-3.3,36.5,2009-01-01 00:00:00,2009-12-31 23:00:00,2009
A805,8733,-1.5,36.0,2009-01-01 00:00:00,2009-12-31 23:00:00,2009
A808,8729,3.0,32.5,2009-01-01 00:00:00,2009-12-31 23:00:00,2009
A809,8734,-1.0,39.3,2009-01-01 00:00:00,2009-12-31 23:00:00,2009
A810,8383,-3.9,37.9,2009-01-01 00:00:00,2009-12-31 23:00:00,2009
A811,8582,-1.7,33.6,2009-01-01 00:00:00,2009-12-31 23:00:00,2009
A812,8716,-0.9,33.7,2009-01-01 00:00:00,2009-12-31 23:00:00,2009
A813,8734,-0.5,34.8,2009-01-01 00:00:00,2009-12-31 23:00:00,2009
A826,8656,-1.7,38.0,2009-01-01 00:00:00,2009-12-31 23:00:00,2009
A827,8740,-0.8,34.7,2009-01-01 00:00:00,2009-12-31 23:00:00,2009
A828,8201,-2.4,33.4,2009-01-01 00:00:00,2009-12-31 23:00:00,2009
A829,8562,-4.5,29.2,2009-01-01 00:00:00,2009-12-31 23:00:00,2009
A830,8348,0.7,37.4,2009-01-01 00:00:00,2009-12-31 23:00:00,2009
A831,8704,-2.4,38.2,2009-01-01 00:00:00,2009-12-31 23:00:00,2009
A832,8739,-0.9,38.4,2009-01-01 00:00:00,2009-12-31 23:00:00,2009
A833,7907,-1.9,35.5,2009-02-04 13:00:00,2009-12-31 23:00:00,2009
A834,8596,2.0,33.3,2009-01-01 00:00:00,2009-12-31 23:00:00,2009
A836,8535,-1.0,36.3,2009-01-01 00:00:00,2009-12-31 23:00:00,2009
A837,8734,-1.9,34.3,2009-01-01 00:00:00,2009-12-31 23:00:00,2009
A838,8736,-1.0,35.0,2009-01-01 00:00:00,2009-12-31 23:00:00,2009
A839,8736,-2.2,34.9,2009-01-01 00:00:00,2009-12-31 23:00:00,2009
A840,8147,2.0,33.9,2009-01-01 00:00:00,2009-12-31 23:00:00,2009
A844,8739,-3.1,34.1,2009-01-01 00:00:00,2009-12-31 23:00:00,2009
A852,8737,0.4,38.1,2009-01-01 00:00:00,2009-12-31 23:00:00,2009
A853,8732,-1.9,38.0,2009-01-01 00:00:00,2009-12-31 23:00:00,2009
A854,8735,-1.5,35.9,2009-01-01 00:00:00,2009-12-31 23:00:00,2009
A856,8392,-1.0,34.8,2009-01-01 00:00:00,2009-12-31 23:00:00,2009
A878,8737,3.9,32.5,2009-01-01 00:00:00,2009-12-31 23:00:00,2009
A879,8589,-1.5,31.9,2009-01-01 00:00:00,2009-12-31 23:00:00,2009
A880,8737,-4.8,32.1,2009-01-01 00:00:00,2009-12-31 23:00:00,2009
A899,8653,-0.2,34.0,2009-01-01 00:00:00,2009-12-31 23:00:00,2009
A806,8720,6.6,34.8,2009-01-01 00:00:00,2009-12-31 23:00:00,2009
A814,8728,0.9,38.8,2009-01-01 00:00:00,2009-12-31 23:00:00,2009
A815,8316,-5.3,29.1,2009-01-01 00:00:00,2009-12-31 23:00:00,2009
A816,8735,-1.7,30.8,2009-01-01 00:00:00,2009-12-31 23:00:00,2009
A817,8739,5.3,40.1,2009-01-01 00:00:00,2009-12-31 23:00:00,2009
A841,8733,-2.8,34.9,2009-01-01 00:00:00,2009-12-31 23:00:00,2009
A845,8735,-3.9,26.3,2009-01-01 00:00:00,2009-12-31 23:00:00,2009
A848,8710,-0.5,32.7,2009-01-01 00:00:00,2009-12-31 23:00:00,2009
A851,8355,0.9,36.1,2009-01-01 00:00:00,2009-12-31 23:00:00,2009
A857,8732,0.1,43.0,2009-01-01 00:00:00,2009-12-31 23:00:00,2009
A858,8662,2.3,31.6,2009-01-01 00:00:00,2009-12-31 23:00:00,2009
A859,8736,-3.1,33.5,2009-01-01 00:00:00,2009-12-31 23:00:00,2009
A860,8736,-2.2,33.1,2009-01-01 00:00:00,2009-12-31 23:00:00,2009
A861,8245,-0.7,35.9,2009-01-01 00:00:00,2009-12-31 23:00:00,2009
A862,8588,-2.4,34.7,2009-01-01 00:00:00,2009-12-31 23:00:00,2009
A863,8738,0.3,36.0,2009-01-01 00:00:00,2009-12-31 23:00:00,2009
A864,7565,-2.8,35.4,2009-02-10 12:00:00,2009-12-23 22:00:00,2009
A866,8724,6.4,31.8,2009-01-01 00:00:00,2009-12-31 23:00:00,2009
A867,8736,0.8,36.3,2009-01-01 00:00:00,2009-12-31 23:00:00,2009
A001,8477,9.7,32.9,2010-01-01 10:00:00,2010-12-31 23:00:00,2010
A045,8755,6.3,35.0,2010-01-01 00:00:00,2010-12-31 23:00:00,2010
A002,8692,8.9,37.2,2010-01-01 00:00:00,2010-12-31 23:00:00,2010
A003,6695,6.2,36.0,2010-03-27 16:00:00,2010-12-31 23:00:00,2010
A011,8750,9.5,38.9,2010-01-01 00:00:00,2010-12-31 23:00:00,2010
A012,8756,10.7,35.5,2010-01-01 00:00:00,2010-12-31 23:00:00,2010
A013,8757,9.4,40.4,2010-01-01 00:00:00,2010-12-31 23:00:00,2010
A014,8753,15.4,40.4,2010-01-01 00:00:00,2010-12-31 23:00:00,2010
A015,6839,10.8,38.3,2010-01-01 00:00:00,2010-12-31 23:00:00,2010
A016,8658,4.3,38.2,2010-01-01 00:00:00,2010-12-31 23:00:00,2010
A017,8719,13.9,36.6,2010-01-01 00:00:00,2010-12-31 23:00:00,2010
A022,8750,14.7,37.5,2010-01-01 00:00:00,2010-12-31 23:00:00,2010
A023,8756,8.9,36.5,2010-01-01 00:00:00,2010-12-31 23:00:00,2010
A024,8756,10.4,39.1,2010-01-01 00:00:00,2010-12-31 23:00:00,2010
A025,7678,8.9,36.9,2010-01-01 11:00:00,2010-12-31 23:00:00,2010
A026,8150,3.1,38.4,2010-01-01 00:00:00,2010-12-31 23:00:00,2010
A027,8756,10.1,37.9,2010-01-01 00:00:00,2010-12-31 23:00:00,2010
A032,8757,16.5,38.8,2010-01-01 00:00:00,2010-12-31 23:00:00,2010
A033,8757,9.0,36.3,2010-01-01 00:00:00,2010-12-31 23:00:00,2010
A034,8755,9.1,34.7,2010-01-01 00:00:00,2010-12-31 23:00:00,2010
A035,8750,7.0,38.3,2010-01-01 00:00:00,2010-12-31 23:00:00,2010
A036,8756,9.2,32.3,2010-01-01 00:00:00,2010-12-31 23:00:00,2010
A037,1953,16.5,34.1,2010-10-11 15:00:00,2010-12-31 23:00:00,2010
A702,8219,6.8,37.5,2010-01-01 00:00:00,2010-12-31 23:00:00,2010
A703,8635,2.3,35.1,2010-01-01 00:00:00,2010-12-31 23:00:00,2010
A704,4918,10.1,39.4,2010-03-24 15:00:00,2010-12-31 23:00:00,2010
A709,8589,5.7,38.9,2010-01-01 00:00:00,2010-12-31 23:00:00,2010
A710,4643,8.8,37.8,2010-01-01 00:00:00,2010-12-31 23:00:00,2010
A717,8474,5.9,40.4,2010-01-01 00:00:00,2010-12-31 19:00:00,2010
A719,8573,7.4,40.0,2010-01-01 00:00:00,2010-12-31 23:00:00,2010
A720,8657,6.4,42.0,2010-01-01 00:00:00,2010-12-31 23:00:00,2010
A721,4126,4.2,37.6,2010-01-01 00:00:00,2010-12-31 23:00:00,2010
A722,8637,7.9,39.5,2010-01-01 00:00:00,2010-12-31 23:00:00,2010
A723,8229,5.1,41.0,2010-01-01 00:00:00,2010-12-31 15:00:00,2010
A724,4481,15.2,39.7,2010-01-01 13:00:00,2010-12-31 23:00:00,2010
A730,7670,7.7,36.5,2010-01-01 00:00:00,2010-12-31 23:00:00,2010
A731,8401,3.8,37.8,2010-01-01 00:00:00,2010-12-31 23:00:00,2010
A732,6640,8.9,37.5,2010-01-01 00:00:00,2010-12-31 23:00:00,2010
A742,5878,6.8,39.2,2010-01-01 11:00:00,2010-12-31 23:00:00,2010
A743,8754,1.7,40.1,2010-01-01 00:00:00,2010-12-31 23:00:00,2010
A749,8749,3.3,37.8,2010-01-01 00:00:00,2010-12-31 23:00:00,2010
A750,7734,2.1,38.2,2010-01-01 00:00:00,2010-12-31 23:00:00,2010
A751,7752,3.9,37.4,2010-01-01 00:00:00,2010-12-31 23:00:00,2010
A752,6598,5.5,38.1,2010-03-20 00:00:00,2010-12-31 23:00:00,2010
A754,8749,4.4,37.8,2010-01-01 00:00:00,2010-12-31 23:00:00,2010
A756,3249,6.3,40.3,2010-08-16 14:00:00,2010-12-31 23:00:00,2010
A901,6137,9.8,42.5,2010-01-01 00:00:00,2010-10-05 09:00:00,2010
A902,6153,8.8,39.6,2010-01-01 00:00:00,2010-12-31 23:00:00,2010
A903,4861,7.3,40.5,2010-01-01 12:00:00,2010-09-24 02:00:00,2010
A904,3064,16.8,39.5,2010-03-15 22:00:00,2010-12-31 23:00:00,2010
A905,4425,8.3,39.0,2010-06-14 15:00:00,2010-12-31 19:00:00,2010
A906,8545,13.5,38.5,2010-01-01 00:00:00,2010-12-31 23:00:00,2010
A907,5141,10.4,43.5,2010-01-01 00:00:00,2010-12-31 23:00:00,2010
A908,8749,11.5,39.3,2010-01-01 00:00:00,2010-12-31 23:00:00,2010
A910,3533,14.6,37.4,2010-01-03 16:00:00,2010-10-06 06:00:00,2010
A912,8748,7.5,37.6,2010-01-01 00:00:00,2010-12-31 23:00:00,2010
A913,8516,6.3,35.6,2010-01-01 00:00:00,2010-12-31 23:00:00,2010
A914,8748,11.1,38.9,2010-01-01 00:00:00,2010-12-31 23:00:00,2010
A915,2963,17.0,38.6,2010-08-30 13:00:00,2010-12-31 23:00:00,2010
A916,5737,14.1,36.6,2010-01-01 00:00:00,2010-12-31 23:00:00,2010
A917,8100,10.1,39.0,2010-01-01 00:00:00,2010-12-31 23:00:00,2010
A919,8748,12.9,37.0,2010-01-01 00:00:00,2010-12-31 23:00:00,2010
A920,8741,9.7,37.7,2010-01-01 00:00:00,2010-12-31 23:00:00,2010
A921,6226,15.6,40.3,2010-01-01 00:00:00,2010-09-17 19:00:00,2010
A922,6398,8.0,39.4,2010-02-17 19:00:00,2010-12-31 23:00:00,2010
A924,8625,12.6,37.8,2010-01-01 00:00:00,2010-12-31 23:00:00,2010
A926,8749,13.2,37.5,2010-01-01 00:00:00,2010-12-31 23:00:00,2010
A927,6979,9.4,39.1,2010-01-01 00:00:00,2010-10-19 06:00:00,2010
A928,7609,8.6,44.9,2010-01-01 00:00:00,2010-12-31 23:00:00,2010
A929,6345,10.9,39.2,2010-01-04 13:00:00,2010-12-31 23:00:00,2010
A930,8750,12.8,39.1,2010-01-01 00:00:00,2010-12-31 23:00:00,2010
A931,8750,7.5,37.9,2010-01-01 00:00:00,2010-12-31 23:00:00,2010
A932,8748,8.6,39.3,2010-01-01 00:00:00,2010-12-31 23:00:00,2010
A933,8749,8.1,39.2,2010-01-01 00:00:00,2010-12-31 23:00:00,2010
A934,8747,7.4,37.1,2010-01-01 00:00:00,2010-12-31 23:00:00,2010
A935,4846,10.0,41.9,2010-06-12 17:00:00,2010-12-31 23:00:00,2010
A936,8744,6.0,40.8,2010-01-01 00:00:00,2010-12-31 23:00:00,2010
A937,8748,7.8,39.3,2010-01-01 00:00:00,2010-12-31 23:00:00,2010
A303,8750,17.9,35.3,2010-01-01 00:00:00,2010-12-31 23:00:00,2010
A323,8432,17.6,39.2,2010-01-01 00:00:00,2010-12-31 23:00:00,2010
A327,8755,16.5,37.7,2010-01-01 00:00:00,2010-12-31 23:00:00,2010
A353,8753,16.6,36.0,2010-01-01 00:00:00,2010-12-31 23:00:00,2010
A355,6609,18.5,43.0,2010-01-01 00:00:00,2010-12-31 23:00:00,2010
A356,8756,17.0,36.2,2010-01-01 00:00:00,2010-12-31 23:00:00,2010
A401,8757,19.5,34.0,2010-01-01 00:00:00,2010-12-31 23:00:00,2010
A402,8498,11.3,38.9,2010-01-01 00:00:00,2010-12-31 23:00:00,2010
A404,8750,11.1,39.9,2010-01-01 00:00:00,2010-12-31 23:00:00,2010
A405,5540,18.4,35.2,2010-01-01 00:00:00,2010-12-31 23:00:00,2010
A406,8537,16.7,35.8,2010-01-01 00:00:00,2010-12-31 23:00:00,2010
A407,8750,12.5,34.2,2010-01-01 00:00:00,2010-12-31 23:00:00,2010
A408,8749,13.9,37.7,2010-01-01 00:00:00,2010-12-31 23:00:00,2010
A410,5117,15.7,31.9,2010-04-07 08:00:00,2010-12-31 19:00:00,2010
A412,6667,13.6,37.4,2010-01-01 00:00:00,2010-12-10 02:00:00,2010
A413,8749,14.9,36.9,2010-01-01 00:00:00,2010-12-31 23:00:00,2010
A414,8577,9.3,35.1,2010-01-01 00:00:00,2010-12-31 23:00:00,2010
A415,8088,12.6,40.1,2010-01-01 00:00:00,2010-12-31 23:00:00,2010
A416,8758,8.7,40.0,2010-01-01 00:00:00,2010-12-31 23:00:00,2010
A418,8756,14.1,40.2,2010-01-01 00:00:00,2010-12-31 23:00:00,2010
A422,3255,22.1,32.7,2010-01-01 00:00:00,2010-12-31 23:00:00,2010
A423,8756,19.0,37.7,2010-01-01 00:00:00,2010-12-31 23:00:00,2010
A424,8752,12.1,37.5,2010-01-01 00:00:00,2010-12-31 23:00:00,2010
A425,6499,14.6,37.0,2010-01-01 00:00:00,2010-12-31 23:00:00,2010
A426,8712,15.8,38.4,2010-01-01 00:00:00,2010-12-31 14:00:00,2010
A427,8755,14.0,34.5,2010-01-01 00:00:00,2010-12-31 23:00:00,2010
A428,8755,15.2,36.7,2010-01-01 00:00:00,2010-12-31 23:00:00,2010
A429,8754,13.9,39.7,2010-01-01 00:00:00,2010-12-31 23:00:00,2010
A430,8749,10.6,33.3,2010-01-01 00:00:00,2010-12-31 23:00:00,2010
A431,8757,17.5,34.1,2010-01-01 00:00:00,2010-12-31 23:00:00,2010
A432,6178,13.3,39.0,2010-01-01 00:00:00,2010-12-25 17:00:00,2010
A433,8757,12.8,39.3,2010-01-01 00:00:00,2010-12-31 23:00:00,2010
A434,8757,15.9,35.4,2010-01-01 00:00:00,2010-12-31 23:00:00,2010
A435,8746,14.3,37.3,2010-01-01 00:00:00,2010-12-31 23:00:00,2010
A436,8750,15.0,37.9,2010-01-01 00:00:00,2010-12-31 23:00:00,2010
A437,7298,16.2,32.5,2010-01-01 00:00:00,2010-12-31 23:00:00,2010
A438,5977,19.2,32.3,2010-01-01 00:00:00,2010-12-31 23:00:00,2010
A439,8756,15.1,40.6,2010-01-01 00:00:00,2010-12-31 23:00:00,2010
A440,8749,14.3,37.2,2010-01-01 00:00:00,2010-12-31 23:00:00,2010
A441,8756,14.8,36.8,2010-01-01 00:00:00,2010-12-31 23:00:00,2010
A442,8756,15.5,36.9,2010-01-01 00:00:00,2010-12-31 23:00:00,2010
A443,8750,11.5,37.0,2010-01-01 00:00:00,2010-12-31 23:00:00,2010
A444,8303,13.9,34.0,2010-01-01 00:00:00,2010-12-31 23:00:00,2010
A445,8747,11.8,37.5,2010-01-01 00:00:00,2010-12-31 23:00:00,2010
A446,8756,11.3,37.3,2010-01-01 00:00:00,2010-12-31 23:00:00,2010
A447,8749,13.2,34.8,2010-01-01 00:00:00,2010-12-31 23:00:00,2010
A305,2721,22.7,34.4,2010-01-01 00:00:00,2010-12-31 23:00:00,2010
A306,5740,20.0,39.6,2010-01-01 00:00:00,2010-12-31 23:00:00,2010
A314,8606,16.6,30.8,2010-01-01 00:00:00,2010-12-31 23:00:00,2010
A315,8296,18.3,38.4,2010-01-01 00:00:00,2010-12-31 20:00:00,2010
A319,7507,20.4,37.9,2010-01-01 13:00:00,2010-12-31 23:00:00,2010
A324,8274,18.2,42.8,2010-01-01 00:00:00,2010-12-31 23:00:00,2010
A325,8222,18.8,38.0,2010-01-01 00:00:00,2010-12-31 23:00:00,2010
A332,8757,19.2,38.9,2010-01-01 00:00:00,2010-12-31 23:00:00,2010
A339,6695,19.8,38.2,2010-01-01 00:00:00,2010-12-31 23:00:00,2010
A342,8476,20.2,38.7,2010-01-01 00:00:00,2010-12-31 23:00:00,2010
A347,8748,17.9,36.9,2010-01-01 00:00:00,2010-12-31 23:00:00,2010
A358,8750,21.5,40.3,2010-01-01 00:00:00,2010-12-31 23:00:00,2010
A359,7088,22.4,37.4,2010-01-01 00:00:00,2010-12-31 23:00:00,2010
A360,8749,21.1,37.2,2010-01-01 00:00:00,2010-12-31 23:00:00,2010
A203,7541,22.9,34.5,2010-01-01 00:00:00,2010-12-31 23:00:00,2010
A204,6866,15.0,39.3,2010-01-01 00:00:00,2010-11-19 14:00:00,2010
A205,4646,18.3,39.0,2010-01-01 00:00:00,2010-11-05 10:00:00,2010
A206,8748,20.4,39.4,2010-01-01 00:00:00,2010-12-31 23:00:00,2010
A207,7747,17.4,39.0,2010-01-01 00:00:00,2010-11-20 04:00:00,2010
A217,8747,22.6,33.5,2010-01-01 00:00:00,2010-12-31 23:00:00,2010
A218,8747,22.1,33.7,2010-01-01 00:00:00,2010-12-31 23:00:00,2010
A219,8746,22.4,37.3,2010-01-01 00:00:00,2010-12-31 23:00:00,2010
A220,8757,18.0,38.1,2010-01-01 00:00:00,2010-12-31 23:00:00,2010
A221,8756,17.3,39.4,2010-01-01 00:00:00,2010-12-31 23:00:00,2010
A222,8742,15.8,39.5,2010-01-01 00:00:00,2010-12-31 23:00:00,2010
A223,8130,14.3,39.5,2010-01-01 00:00:00,2010-12-31 23:00:00,2010
A224,8750,13.5,39.2,2010-01-01 00:00:00,2010-12-31 23:00:00,2010
A225,8759,17.6,39.2,2010-01-01 00:00:00,2010-12-31 23:00:00,2010
A237,7847,15.2,39.2,2010-01-01 00:00:00,2010-12-31 23:00:00,2010
A238,8748,17.8,36.9,2010-01-01 00:00:00,2010-12-31 23:00:00,2010
A310,8750,16.8,32.7,2010-01-01 00:00:00,2010-12-31 23:00:00,2010
A313,8749,16.1,34.9,2010-01-01 00:00:00,2010-12-31 23:00:00,2010
A320,7180,20.3,33.0,2010-01-01 00:00:00,2010-12-31 23:00:00,2010
A321,7407,19.8,39.2,2010-01-01 00:00:00,2010-12-31 23:00:00,2010
A333,8633,16.4,37.7,2010-01-01 00:00:00,2010-12-31 23:00:00,2010
A334,8759,13.9,37.2,2010-01-01 00:00:00,2010-12-31 23:00:00,2010
A348,8748,14.2,37.4,2010-01-01 00:00:00,2010-12-31 23:00:00,2010
A352,7631,19.0,32.8,2010-01-01 00:00:00,2010-12-31 23:00:00,2010
A301,8698,18.5,34.0,2010-01-01 00:00:00,2010-12-31 23:00:00,2010
A307,5719,17.4,38.1,2010-01-01 00:00:00,2010-12-31 23:00:00,2010
A309,7431,13.8,35.8,2010-01-01 00:00:00,2010-12-31 23:00:00,2010
A322,8755,14.5,33.3,2010-01-01 00:00:00,2010-12-31 23:00:00,2010
A328,8756,16.7,36.4,2010-01-01 00:00:00,2010-12-31 23:00:00,2010
A329,8757,17.1,38.4,2010-01-01 00:00:00,2010-12-31 23:00:00,2010
A341,8747,14.7,35.5,2010-01-01 00:00:00,2010-12-31 23:00:00,2010
A349,8749,13.5,37.8,2010-01-01 00:00:00,2010-12-31 23:00:00,2010
A350,7888,15.5,37.9,2010-01-01 00:00:00,2010-12-31 23:00:00,2010
A351,5774,19.8,38.8,2010-01-01 00:00:00,2010-12-31 23:00:00,2010
A357,8750,17.6,38.6,2010-01-01 00:00:00,2010-12-31 23:00:00,2010
A366,3298,17.3,39.1,2010-08-16 14:00:00,2010-12-31 23:00:00,2010
A308,8748,19.6,38.8,2010-01-01 00:00:00,2010-12-31 23:00:00,2010
A311,8754,18.5,41.4,2010-01-01 00:00:00,2010-12-31 23:00:00,2010
A312,8177,17.6,41.7,2010-01-01 00:00:00,2010-12-31 23:00:00,2010
A326,7654,17.8,40.7,2010-01-01 00:00:00,2010-12-31 23:00:00,2010
A330,8757,19.1,39.1,2010-01-01 00:00:00,2010-12-31 23:00:00,2010
A331,8757,18.9,40.4,2010-01-01 00:00:00,2010-12-31 23:00:00,2010
A335,8757,19.5,42.8,2010-01-01 00:00:00,2010-12-31 23:00:00,2010
A336,8749,18.1,40.4,2010-01-01 00:00:00,2010-12-31 23:00:00,2010
A337,8749,13.4,38.1,2010-01-01 00:00:00,2010-12-31 23:00:00,2010
A338,7859,19.0,40.7,2010-01-01 00:00:00,2010-12-31 23:00:00,2010
A343,8749,16.4,40.8,2010-01-01 00:00:00,2010-12-31 23:00:00,2010
A345,8723,15.1,39.2,2010-01-01 00:00:00,2010-12-31 23:00:00,2010
A346,8748,18.1,38.8,2010-01-01 00:00:00,2010-12-31 23:00:00,2010
A354,8756,13.9,41.5,2010-01-01 00:00:00,2010-12-31 23:00:00,2010
A361,8750,17.3,35.8,2010-01-01 00:00:00,2010-12-31 23:00:00,2010
A362,6920,18.4,39.5,2010-01-01 00:00:00,2010-12-31 23:00:00,2010
A363,8750,18.7,40.6,2010-01-01 00:00:00,2010-12-31 23:00:00,2010
A364,8749,18.1,40.1,2010-01-01 00:00:00,2010-12-31 23:00:00,2010
A365,4755,17.8,39.4,2010-06-16 12:00:00,2010-12-31 23:00:00,2010
A304,8750,20.3,32.7,2010-01-01 00:00:00,2010-12-31 23:00:00,2010
A316,8417,19.9,39.2,2010-01-01 00:00:00,2010-12-31 23:00:00,2010
A317,8503,21.3,36.3,2010-01-01 00:00:00,2010-12-31 23:00:00,2010
A318,8738,18.5,36.6,2010-01-01 00:00:00,2010-12-31 23:00:00,2010
A340,7987,21.2,38.6,2010-01-01 00:00:00,2010-12-31 23:00:00,2010
A344,8253,20.8,32.7,2010-01-01 00:00:00,2010-12-31 23:00:00,2010
A367,3196,18.0,36.2,2010-08-20 20:00:00,2010-12-31 23:00:00,2010
A409,7615,19.8,34.2,2010-01-01 00:00:00,2010-12-31 23:00:00,2010
A417,8750,16.8,35.2,2010-01-01 00:00:00,2010-12-31 23:00:00,2010
A419,8722,14.6,36.7,2010-01-01 00:00:00,2010-12-31 23:00:00,2010
A420,8738,15.4,36.3,2010-01-01 00:00:00,2010-12-31 23:00:00,2010
A421,7447,19.1,35.1,2010-01-01 00:00:00,2010-12-15 00:00:00,2010
A102,1287,21.6,34.7,2010-01-01 00:00:00,2010-02-23 16:00:00,2010
A104,8750,10.1,38.7,2010-01-01 00:00:00,2010-12-31 23:00:00,2010
A136,7325,12.0,37.2,2010-01-01 00:00:00,2010-11-02 15:00:00,2010
A137,1076,20.4,34.8,2010-01-01 00:00:00,2010-04-13 00:00:00,2010
A138,8749,11.6,37.4,2010-01-01 00:00:00,2010-12-31 23:00:00,2010
A140,8306,10.0,37.8,2010-01-01 00:00:00,2010-12-31 23:00:00,2010
A101,7932,21.4,37.3,2010-01-28 17:00:00,2010-12-31 23:00:00,2010
A110,5945,14.0,38.7,2010-01-01 00:00:00,2010-12-31 23:00:00,2010
A111,7771,13.4,37.8,2010-01-01 00:00:00,2010-12-31 23:00:00,2010
A112,3738,13.6,37.9,2010-01-01 00:00:00,2010-12-31 23:00:00,2010
A113,7437,15.9,36.7,2010-01-01 00:00:00,2010-12-31 23:00:00,2010
A117,3398,18.9,37.8,2010-07-19 16:00:00,2010-12-31 23:00:00,2010
A119,8748,20.9,43.2,2010-01-01 00:00:00,2010-12-31 23:00:00,2010
A120,5960,21.1,39.1,2010-01-01 00:00:00,2010-12-31 23:00:00,2010
A121,8750,21.2,37.2,2010-01-01 00:00:00,2010-12-31 23:00:00,2010
A122,8749,21.0,37.9,2010-01-01 00:00:00,2010-12-31 23:00:00,2010
A123,8748,21.9,42.7,2010-01-01 00:00:00,2010-12-31 23:00:00,2010
A124,7317,21.5,37.3,2010-01-01 00:00:00,2010-12-31 23:00:00,2010
A125,8747,20.5,41.5,2010-01-01 00:00:00,2010-12-31 23:00:00,2010
A126,8750,21.1,38.4,2010-01-01 00:00:00,2010-12-31 23:00:00,2010
A128,8749,19.4,36.5,2010-01-01 00:00:00,2010-12-31 23:00:00,2010
A242,7996,20.2,35.6,2010-01-01 00:00:00,2010-12-31 23:00:00,2010
A201,8747,22.2,35.2,2010-01-01 00:00:00,2010-12-31 23:00:00,2010
A202,6538,21.6,35.8,2010-01-01 11:00:00,2010-12-31 17:00:00,2010
A209,8749,20.3,35.0,2010-01-01 00:00:00,2010-12-31 23:00:00,2010
A210,1094,18.8,36.7,2010-08-03 20:00:00,2010-12-30 02:00:00,2010
A211,8749,17.9,37.7,2010-01-01 00:00:00,2010-12-31 23:00:00,2010
A212,8758,17.9,37.2,2010-01-01 00:00:00,2010-12-31 23:00:00,2010
A213,8747,19.9,35.7,2010-01-01 00:00:00,2010-12-31 23:00:00,2010
A214,8702,17.3,38.5,2010-01-01 00:00:00,2010-12-31 20:00:00,2010
A215,8748,22.6,33.4,2010-01-01 00:00:00,2010-12-31 23:00:00,2010
A226,8757,22.1,35.8,2010-01-01 00:00:00,2010-12-31 23:00:00,2010
A227,8747,22.6,33.1,2010-01-01 00:00:00,2010-12-31 23:00:00,2010
A229,8756,21.9,35.7,2010-01-01 00:00:00,2010-12-31 23:00:00,2010
A230,8749,18.3,32.5,2010-01-01 00:00:00,2010-12-31 23:00:00,2010
A231,8745,20.9,37.7,2010-01-01 00:00:00,2010-12-31 23:00:00,2010
A233,8748,15.6,40.5,2010-01-01 00:00:00,2010-12-31 23:00:00,2010
A235,8756,19.3,36.5,2010-01-01 00:00:00,2010-12-31 23:00:00,2010
A236,6625,21.9,34.8,2010-03-30 22:00:00,2010-12-31 23:00:00,2010
A240,7149,17.2,37.2,2010-01-01 00:00:00,2010-12-31 23:00:00,2010
A241,6954,17.2,40.4,2010-01-17 14:00:00,2010-12-31 23:00:00,2010
A925,6907,13.5,38.2,2010-01-01 00:00:00,2010-12-31 23:00:00,2010
A938,7565,8.0,36.5,2010-01-01 00:00:00,2010-12-31 23:00:00,2010
A939,8732,9.9,39.1,2010-01-01 00:00:00,2010-12-31 23:00:00,2010
A940,4611,13.9,37.7,2010-01-01 00:00:00,2010-12-31 23:00:00,2010
A135,3034,22.0,37.0,2010-08-27 14:00:00,2010-12-31 23:00:00,2010
A009,8748,17.8,40.6,2010-01-01 00:00:00,2010-12-31 23:00:00,2010
A010,8596,13.4,39.8,2010-01-01 00:00:00,2010-12-31 23:00:00,2010
A018,8646,15.0,39.5,2010-01-01 00:00:00,2010-12-31 23:00:00,2010
A019,8192,13.5,39.5,2010-01-01 00:00:00,2010-12-31 23:00:00,2010
A020,7252,16.5,39.9,2010-01-01 00:00:00,2010-12-31 23:00:00,2010
A021,8738,14.4,37.8,2010-01-01 00:00:00,2010-12-31 23:00:00,2010
A038,7052,16.4,36.3,2010-01-01 12:00:00,2010-12-31 23:00:00,2010
A039,6975,16.8,40.4,2010-01-01 12:00:00,2010-12-31 23:00:00,2010
A044,4706,18.6,38.3,2010-06-18 14:00:00,2010-12-31 23:00:00,2010
A612,8756,13.7,37.3,2010-01-01 00:00:00,2010-12-31 23:00:00,2010
A613,7955,8.3,31.9,2010-01-01 00:00:00,2010-12-31 23:00:00,2010
A614,8156,13.1,36.8,2010-01-01 00:00:00,2010-12-31 23:00:00,2010
A615,8754,14.0,40.3,2010-01-01 00:00:00,2010-12-31 23:00:00,2010
A616,7520,14.6,35.4,2010-01-01 00:00:00,2010-12-31 23:00:00,2010
A617,8510,10.5,40.6,2010-01-01 00:00:00,2010-12-31 23:00:00,2010
A622,8756,14.2,38.7,2010-01-01 00:00:00,2010-12-31 23:00:00,2010
A623,8756,11.9,38.2,2010-01-01 00:00:00,2010-12-31 23:00:00,2010
A502,8752,5.3,31.6,2010-01-01 00:00:00,2010-12-31 23:00:00,2010
A505,8756,8.1,33.1,2010-01-01 00:00:00,2010-12-31 23:00:00,2010
A506,4690,10.0,37.4,2010-06-17 20:00:00,2010-12-31 23:00:00,2010
A507,8676,9.2,35.1,2010-01-01 00:00:00,2010-12-31 23:00:00,2010
A508,8734,12.0,38.1,2010-01-01 00:00:00,2010-12-31 23:00:00,2010
A509,8749,-1.8,27.6,2010-01-01 00:00:00,2010-12-31 23:00:00,2010
A510,8076,3.7,35.0,2010-01-01 00:00:00,2010-12-31 23:00:00,2010
A511,8410,10.6,36.5,2010-01-01 00:00:00,2010-12-25 11:00:00,2010
A512,8750,4.7,38.4,2010-01-01 00:00:00,2010-12-31 23:00:00,2010
A513,8734,6.4,32.3,2010-01-01 00:00:00,2010-12-31 23:00:00,2010
A514,8751,3.8,33.7,2010-01-01 00:00:00,2010-12-31 23:00:00,2010
A515,8750,5.1,32.7,2010-01-01 00:00:00,2010-12-31 23:00:00,2010
A516,7803,5.1,34.6,2010-01-01 00:00:00,2010-12-31 23:00:00,2010
A517,8744,9.5,38.9,2010-01-01 00:00:00,2010-12-31 23:00:00,2010
A518,8497,7.9,31.4,2010-01-01 00:00:00,2010-12-31 23:00:00,2010
A519,8557,7.3,38.1,2010-01-01 00:00:00,2010-12-31 23:00:00,2010
A520,8755,6.5,37.5,2010-01-01 00:00:00,2010-12-31 23:00:00,2010
A521,8737,8.7,33.9,2010-01-01 00:00:00,2010-12-31 23:00:00,2010
A522,7449,12.3,37.2,2010-01-01 00:00:00,2010-12-31 23:00:00,2010
A523,8748,5.7,33.5,2010-01-01 00:00:00,2010-12-31 23:00:00,2010
A524,8749,6.5,33.8,2010-01-01 00:00:00,2010-12-31 23:00:00,2010
A525,8755,5.1,35.2,2010-01-01 00:00:00,2010-12-31 23:00:00,2010
A526,8748,8.4,39.6,2010-01-01 00:00:00,2010-12-31 23:00:00,2010
A527,8757,10.7,36.3,2010-01-01 00:00:00,2010-12-31 23:00:00,2010
A528,8750,9.7,32.8,2010-01-01 00:00:00,2010-12-31 23:00:00,2010
A529,8757,4.8,31.7,2010-01-01 00:00:00,2010-12-31 23:00:00,2010
A530,8756,0.9,31.2,2010-01-01 00:00:00,2010-12-31 23:00:00,2010
A531,8757,1.3,29.5,2010-01-01 00:00:00,2010-12-31 23:00:00,2010
A532,8674,10.0,39.1,2010-01-01 00:00:00,2010-12-31 23:00:00,2010
A533,8707,6.6,35.2,2010-01-01 00:00:00,2010-12-31 23:00:00,2010
A534,8140,13.1,38.9,2010-01-01 00:00:00,2010-12-31 23:00:00,2010
A535,8756,2.8,37.1,2010-01-01 00:00:00,2010-12-31 23:00:00,2010
A536,8683,8.7,35.1,2010-01-01 00:00:00,2010-12-31 23:00:00,2010
A537,8661,6.9,30.4,2010-01-01 00:00:00,2010-12-31 23:00:00,2010
A538,8752,7.7,35.6,2010-01-01 00:00:00,2010-12-31 23:00:00,2010
A539,8745,11.4,39.2,2010-01-01 00:00:00,2010-12-31 23:00:00,2010
A540,7914,11.4,37.2,2010-01-01 00:00:00,2010-12-31 23:00:00,2010
A541,8745,6.8,33.4,2010-01-01 00:00:00,2010-12-31 23:00:00,2010
A542,8386,9.8,36.3,2010-01-01 00:00:00,2010-12-31 23:00:00,2010
A543,8726,12.2,38.8,2010-01-01 00:00:00,2010-12-31 23:00:00,2010
A544,8749,11.4,35.7,2010-01-01 00:00:00,2010-12-31 23:00:00,2010
A545,8139,9.2,36.6,2010-01-01 00:00:00,2010-12-31 23:00:00,2010
A546,8749,8.2,33.3,2010-01-01 00:00:00,2010-12-31 23:00:00,2010
A547,8469,7.6,38.9,2010-01-01 00:00:00,2010-12-31 23:00:00,2010
A548,7874,11.1,36.0,2010-01-01 00:00:00,2010-12-30 15:00:00,2010
A549,8749,5.7,36.3,2010-01-01 00:00:00,2010-12-31 23:00:00,2010
A550,8757,11.3,39.7,2010-01-01 00:00:00,2010-12-31 23:00:00,2010
A551,8755,6.4,34.7,2010-01-01 00:00:00,2010-12-31 23:00:00,2010
A552,8693,7.0,38.4,2010-01-01 00:00:00,2010-12-31 23:00:00,2010
A553,8145,9.6,33.0,2010-01-01 00:00:00,2010-12-30 21:00:00,2010
A554,8702,7.4,35.3,2010-01-01 00:00:00,2010-12-31 23:00:00,2010
A555,8748,7.5,31.3,2010-01-01 00:00:00,2010-12-31 23:00:00,2010
A556,2265,13.3,31.5,2010-09-28 12:00:00,2010-12-31 22:00:00,2010
A601,6698,10.5,38.2,2010-03-27 21:00:00,2010-12-31 23:00:00,2010
A602,8756,11.8,40.0,2010-01-01 00:00:00,2010-12-31 23:00:00,2010
A603,8537,8.4,39.1,2010-01-01 00:00:00,2010-12-31 23:00:00,2010
A604,8425,7.9,41.0,2010-01-01 00:00:00,2010-12-31 23:00:00,2010
A606,8753,15.9,33.2,2010-01-01 00:00:00,2010-12-31 23:00:00,2010
A607,8222,12.6,40.5,2010-01-01 00:00:00,2010-12-30 17:00:00,2010
A608,8729,11.9,40.8,2010-01-01 00:00:00,2010-12-31 23:00:00,2010
A609,8757,8.0,36.1,2010-01-01 00:00:00,2010-12-31 23:00:00,2010
A610,6854,2.5,25.7,2010-01-02 20:00:00,2010-12-31 23:00:00,2010
A611,8749,8.6,36.6,2010-01-01 00:00:00,2010-12-31 23:00:00,2010
A618,8756,5.3,34.8,2010-01-01 00:00:00,2010-12-31 23:00:00,2010
A619,8753,11.1,37.1,2010-01-01 00:00:00,2010-12-31 23:00:00,2010
A620,8754,13.9,37.8,2010-01-01 00:00:00,2010-12-31 23:00:00,2010
A621,8370,10.5,40.3,2010-01-01 05:00:00,2010-12-31 23:00:00,2010
A624,2452,5.2,29.7,2010-09-20 18:00:00,2010-12-31 23:00:00,2010
A652,8344,16.1,37.3,2010-01-01 00:00:00,2010-12-31 23:00:00,2010
A701,8697,9.1,33.8,2010-01-01 00:00:00,2010-12-31 23:00:00,2010
A705,7648,6.1,35.9,2010-02-01 21:00:00,2010-12-31 23:00:00,2010
A706,8756,-0.1,27.6,2010-01-01 00:00:00,2010-12-31 23:00:00,2010
A707,8129,8.9,37.6,2010-01-01 00:00:00,2010-12-31 23:00:00,2010
A708,8749,7.2,34.0,2010-01-01 00:00:00,2010-12-31 23:00:00,2010
A711,8755,7.0,33.7,2010-01-01 00:00:00,2010-12-31 23:00:00,2010
A712,8379,7.8,38.2,2010-01-01 00:00:00,2010-12-31 23:00:00,2010
A713,8699,5.5,34.1,2010-01-01 00:00:00,2010-12-31 23:00:00,2010
A714,7250,6.4,34.0,2010-01-01 00:00:00,2010-12-31 23:00:00,2010
A715,5653,3.9,35.3,2010-01-01 00:00:00,2010-12-31 23:00:00,2010
A716,7262,5.7,36.7,2010-01-01 00:00:00,2010-12-31 23:00:00,2010
A718,8628,3.4,37.6,2010-01-01 00:00:00,2010-12-31 23:00:00,2010
A725,8099,7.3,33.4,2010-01-01 00:00:00,2010-12-31 23:00:00,2010
A726,8687,6.2,35.4,2010-01-01 00:00:00,2010-12-31 23:00:00,2010
A727,7263,9.0,37.2,2010-01-01 00:00:00,2010-12-31 23:00:00,2010
A728,7462,5.1,35.6,2010-01-01 13:00:00,2010-12-31 23:00:00,2010
A729,8743,6.7,38.2,2010-01-01 00:00:00,2010-12-31 23:00:00,2010
A733,8324,9.1,38.4,2010-01-01 00:00:00,2010-12-31 23:00:00,2010
A734,7991,6.8,37.5,2010-01-01 00:00:00,2010-12-31 23:00:00,2010
A735,8018,7.4,37.5,2010-01-01 00:00:00,2010-12-31 23:00:00,2010
A736,7451,6.8,41.9,2010-01-01 12:00:00,2010-12-31 23:00:00,2010
A737,6873,5.1,37.9,2010-01-01 00:00:00,2010-12-31 23:00:00,2010
A738,8754,5.1,35.4,2010-01-01 00:00:00,2010-12-31 23:00:00,2010
A739,8685,4.2,35.2,2010-01-01 00:00:00,2010-12-31 23:00:00,2010
A740,8749,4.3,33.1,2010-01-01 00:00:00,2010-12-31 23:00:00,2010
A741,8751,8.8,36.5,2010-01-01 00:00:00,2010-12-31 23:00:00,2010
A746,8334,2.6,34.2,2010-01-01 00:00:00,2010-12-31 23:00:00,2010
A747,8757,5.7,37.2,2010-01-01 00:00:00,2010-12-31 23:00:00,2010
A748,4606,7.3,37.4,2010-06-22 18:00:00,2010-12-31 23:00:00,2010
A753,8749,4.2,37.5,2010-01-01 00:00:00,2010-12-31 23:00:00,2010
A807,6547,5.0,33.5,2010-01-01 00:00:00,2010-12-31 23:00:00,2010
A818,8744,2.7,34.5,2010-01-01 00:00:00,2010-12-31 23:00:00,2010
A819,8717,1.7,33.0,2010-01-01 00:00:00,2010-12-31 23:00:00,2010
A820,8150,3.4,36.6,2010-01-01 00:00:00,2010-12-31 23:00:00,2010
A821,8716,4.0,35.9,2010-01-01 00:00:00,2010-12-31 23:00:00,2010
A822,6624,4.9,34.3,2010-01-01 00:00:00,2010-11-08 09:00:00,2010
A823,8698,0.2,30.8,2010-01-01 00:00:00,2010-12-31 23:00:00,2010
A824,8695,4.4,36.5,2010-01-01 00:00:00,2010-12-31 23:00:00,2010
A835,5481,8.6,37.2,2010-01-01 00:00:00,2010-12-31 23:00:00,2010
A842,5603,8.4,34.6,2010-01-01 00:00:00,2010-12-31 23:00:00,2010
A843,6834,0.9,35.3,2010-01-01 00:00:00,2010-12-31 23:00:00,2010
A846,8396,1.2,37.8,2010-01-01 00:00:00,2010-12-31 23:00:00,2010
A847,4788,12.2,35.3,2010-01-01 00:00:00,2010-12-31 23:00:00,2010
A849,1787,14.3,37.4,2010-01-01 00:00:00,2010-12-31 23:00:00,2010
A850,6922,6.0,39.2,2010-03-18 12:00:00,2010-12-31 23:00:00,2010
A855,8694,2.1,37.0,2010-01-01 00:00:00,2010-12-31 23:00:00,2010
A869,7752,5.4,38.5,2010-01-01 00:00:00,2010-11-20 03:00:00,2010
A871,8161,6.2,34.5,2010-01-01 00:00:00,2010-12-31 23:00:00,2010
A873,7994,8.8,39.6,2010-01-01 00:00:00,2010-12-31 23:00:00,2010
A875,8089,-4.7,33.1,2010-01-01 00:00:00,2010-12-31 23:00:00,2010
A876,8747,-1.9,31.5,2010-01-01 00:00:00,2010-12-31 23:00:00,2010
A801,8749,3.8,38.5,2010-01-01 00:00:00,2010-12-31 23:00:00,2010
A802,8717,2.4,38.0,2010-01-01 00:00:00,2010-12-31 23:00:00,2010
A803,8697,1.1,37.9,2010-01-01 00:00:00,2010-12-31 23:00:00,2010
A804,8713,-1.5,36.7,2010-01-01 00:00:00,2010-12-31 23:00:00,2010
A805,8749,0.0,35.8,2010-01-01 00:00:00,2010-12-31 23:00:00,2010
A808,8756,4.9,34.4,2010-01-01 00:00:00,2010-12-31 23:00:00,2010
A809,8750,0.1,36.8,2010-01-01 00:00:00,2010-12-31 23:00:00,2010
A810,8086,-1.3,38.8,2010-01-01 00:00:00,2010-12-31 23:00:00,2010
A811,8633,-0.9,34.0,2010-01-01 00:00:00,2010-12-31 23:00:00,2010
A812,8427,-0.2,34.0,2010-01-01 00:00:00,2010-12-31 23:00:00,2010
A813,8635,1.6,37.8,2010-01-01 00:00:00,2010-12-31 23:00:00,2010
A826,7684,0.5,38.1,2010-01-01 00:00:00,2010-12-31 23:00:00,2010
A827,8750,-1.3,35.8,2010-01-01 00:00:00,2010-12-31 23:00:00,2010
A828,8750,-0.4,34.1,2010-01-01 00:00:00,2010-12-31 23:00:00,2010
A829,8750,-2.7,29.6,2010-01-01 00:00:00,2010-12-31 23:00:00,2010
A830,8749,1.8,37.5,2010-01-01 00:00:00,2010-12-31 23:00:00,2010
A831,8738,-1.1,37.5,2010-01-01 00:00:00,2010-12-31 23:00:00,2010
A832,8757,1.0,38.1,2010-01-01 00:00:00,2010-12-31 23:00:00,2010
A833,8750,-0.3,36.5,2010-01-01 00:00:00,2010-12-31 23:00:00,2010
A834,8757,5.2,39.7,2010-01-01 00:00:00,2010-12-31 23:00:00,2010
A836,8745,0.2,36.0,2010-01-01 00:00:00,2010-12-31 23:00:00,2010
A837,8755,-0.4,34.5,2010-01-01 00:00:00,2010-12-31 23:00:00,2010
A838,8643,1.6,37.2,2010-01-01 00:00:00,2010-12-31 23:00:00,2010
A839,8756,-0.4,33.8,2010-01-01 00:00:00,2010-12-31 23:00:00,2010
A840,8731,0.5,34.1,2010-01-01 00:00:00,2010-12-31 23:00:00,2010
A844,8747,-0.9,33.4,2010-01-01 00:00:00,2010-12-31 23:00:00,2010
A852,8757,0.7,38.4,2010-01-01 00:00:00,2010-12-31 23:00:00,2010
A853,8756,0.9,35.8,2010-01-01 00:00:00,2010-12-31 23:00:00,2010
A854,8755,-0.5,35.7,2010-01-01 00:00:00,2010-12-31 23:00:00,2010
A856,8732,0.1,35.0,2010-01-01 00:00:00,2010-12-31 23:00:00,2010
A878,7245,6.6,38.4,2010-01-01 00:00:00,2010-12-31 23:00:00,2010
A879,8704,0.2,32.5,2010-01-01 00:00:00,2010-12-31 23:00:00,2010
A880,8750,-2.4,32.8,2010-01-01 00:00:00,2010-12-31 23:00:00,2010
A881,5949,0.5,36.2,2010-04-27 17:00:00,2010-12-31 23:00:00,2010
A899,8723,0.9,36.2,2010-01-01 00:00:00,2010-12-31 23:00:00,2010
A806,8746,6.7,34.8,2010-01-01 00:00:00,2010-12-31 23:00:00,2010
A814,8756,2.1,39.4,2010-01-01 00:00:00,2010-12-31 23:00:00,2010
A815,8739,-3.9,29.3,2010-01-01 00:00:00,2010-12-31 23:00:00,2010
A816,8748,-0.8,31.7,2010-01-01 00:00:00,2010-12-31 23:00:00,2010
A817,8748,4.8,40.2,2010-01-01 00:00:00,2010-12-31 23:00:00,2010
A841,8744,-2.9,34.4,2010-01-01 00:00:00,2010-12-31 23:00:00,2010
A845,8740,-4.2,26.7,2010-01-01 00:00:00,2010-12-31 23:00:00,2010
A848,7274,2.0,30.7,2010-01-01 00:00:00,2010-12-31 23:00:00,2010
A851,7400,6.8,34.7,2010-01-01 00:00:00,2010-12-31 23:00:00,2010
A857,8757,1.8,35.3,2010-01-01 00:00:00,2010-12-31 23:00:00,2010
A858,8751,-0.4,32.7,2010-01-01 00:00:00,2010-12-31 23:00:00,2010
A859,8753,-4.0,33.8,2010-01-01 00:00:00,2010-12-31 23:00:00,2010
A860,8587,-2.8,33.0,2010-01-01 00:00:00,2010-12-31 23:00:00,2010
A861,8738,-1.7,36.4,2010-01-01 00:00:00,2010-12-31 23:00:00,2010
A862,7108,0.7,34.7,2010-01-01 00:00:00,2010-12-31 23:00:00,2010
A863,8750,-0.3,36.1,2010-01-01 00:00:00,2010-12-31 23:00:00,2010
A864,6961,-1.7,31.4,2010-03-16 22:00:00,2010-12-31 23:00:00,2010
A866,7442,8.2,30.3,2010-01-01 00:00:00,2010-12-31 23:00:00,2010
A867,8754,3.9,38.1,2010-01-01 00:00:00,2010-12-31 23:00:00,2010
A868,4541,5.6,34.7,2010-06-25 18:00:00,2010-12-31 23:00:00,2010
A001,8751,11.2,33.3,2011-01-01 00:00:00,2011-12-31 23:00:00,2011
A045,8742,6.9,34.7,2011-01-01 00:00:00,2011-12-31 23:00:00,2011
A002,8699,10.0,36.9,2011-01-01 00:00:00,2011-12-31 23:00:00,2011
A003,8487,7.2,36.0,2011-01-01 00:00:00,2011-12-31 23:00:00,2011
A011,8747,6.8,38.3,2011-01-01 00:00:00,2011-12-31 23:00:00,2011
A012,8749,10.5,35.0,2011-01-01 00:00:00,2011-12-31 23:00:00,2011
A013,8271,12.7,40.1,2011-01-01 00:00:00,2011-12-31 23:00:00,2011
A014,8253,13.9,41.0,2011-01-01 00:00:00,2011-12-31 23:00:00,2011
A015,8693,10.8,37.2,2011-01-01 00:00:00,2011-12-31 23:00:00,2011
A016,8679,5.8,36.9,2011-01-01 00:00:00,2011-12-31 23:00:00,2011
A017,7864,16.0,36.3,2011-01-01 00:00:00,2011-12-31 23:00:00,2011
A022,8213,14.4,37.1,2011-01-01 00:00:00,2011-12-31 23:00:00,2011
A023,8747,9.8,36.3,2011-01-01 00:00:00,2011-12-31 23:00:00,2011
A024,8751,11.7,33.2,2011-01-01 00:00:00,2011-12-31 23:00:00,2011
A025,8747,8.0,36.4,2011-01-01 00:00:00,2011-12-31 23:00:00,2011
A026,8662,5.7,37.2,2011-01-01 00:00:00,2011-12-31 21:00:00,2011
A027,7999,9.2,37.1,2011-01-01 00:00:00,2011-12-31 23:00:00,2011
A032,7429,16.2,38.5,2011-01-01 00:00:00,2011-12-31 23:00:00,2011
A033,8748,8.5,36.3,2011-01-01 00:00:00,2011-12-31 23:00:00,2011
A034,8746,9.0,35.0,2011-01-01 00:00:00,2011-12-31 23:00:00,2011
A035,8748,7.9,38.4,2011-01-01 00:00:00,2011-12-31 23:00:00,2011
A036,8748,9.7,32.9,2011-01-01 00:00:00,2011-12-31 23:00:00,2011
A037,8749,8.6,35.6,2011-01-01 00:00:00,2011-12-31 23:00:00,2011
A702,5545,4.3,36.8,2011-01-01 00:00:00,2011-12-31 23:00:00,2011
A703,7869,0.9,35.4,2011-01-01 00:00:00,2011-12-31 23:00:00,2011
A704,5453,11.7,39.8,2011-01-01 00:00:00,2011-12-31 23:00:00,2011
A709,7751,4.0,37.1,2011-01-01 00:00:00,2011-12-31 23:00:00,2011
A710,6687,5.4,39.0,2011-01-01 00:00:00,2011-12-31 23:00:00,2011
A717,1962,15.5,38.4,2011-01-01 14:00:00,2011-12-31 23:00:00,2011
A719,8509,3.9,39.3,2011-01-01 00:00:00,2011-12-31 23:00:00,2011
A720,8749,6.9,39.7,2011-01-01 00:00:00,2011-12-31 23:00:00,2011
A721,8517,1.5,36.9,2011-01-01 00:00:00,2011-12-31 23:00:00,2011
A722,5648,3.9,39.8,2011-01-01 00:00:00,2011-12-31 23:00:00,2011
A723,7778,2.7,41.5,2011-01-01 20:00:00,2011-12-31 23:00:00,2011
A724,8692,9.6,39.7,2011-01-01 00:00:00,2011-12-31 23:00:00,2011
A730,7470,4.5,35.7,2011-01-01 00:00:00,2011-12-31 23:00:00,2011
A731,8454,1.6,37.5,2011-01-01 00:00:00,2011-12-31 21:00:00,2011
A732,8753,5.8,36.8,2011-01-01 00:00:00,2011-12-31 23:00:00,2011
A742,7980,6.7,38.4,2011-01-01 00:00:00,2011-12-31 23:00:00,2011
A743,8748,-0.3,38.0,2011-01-01 00:00:00,2011-12-31 23:00:00,2011
A749,8751,0.0,37.7,2011-01-01 00:00:00,2011-12-31 23:00:00,2011
A750,7284,-0.2,37.6,2011-01-01 00:00:00,2011-12-31 23:00:00,2011
A751,8253,1.0,36.3,2011-01-01 00:00:00,2011-12-31 23:00:00,2011
A752,8411,0.9,38.5,2011-01-01 00:00:00,2011-12-31 23:00:00,2011
A754,8750,2.1,36.9,2011-01-01 00:00:00,2011-12-31 23:00:00,2011
A756,7420,2.3,40.2,2011-01-01 00:00:00,2011-12-31 23:00:00,2011
A757,3437,7.1,39.2,2011-08-10 19:00:00,2011-12-31 23:00:00,2011
A758,3490,8.7,39.0,2011-08-08 13:00:00,2011-12-31 23:00:00,2011
A901,4488,10.7,38.9,2011-05-19 18:00:00,2011-12-31 23:00:00,2011
A902,6090,14.3,39.8,2011-01-01 00:00:00,2011-12-31 23:00:00,2011
A903,7650,11.5,39.4,2011-02-15 21:00:00,2011-12-31 23:00:00,2011
A904,8689,12.4,38.9,2011-01-01 00:00:00,2011-12-31 23:00:00,2011
A905,7248,9.5,36.8,2011-01-01 12:00:00,2011-12-31 23:00:00,2011
A906,3200,17.4,39.4,2011-01-01 00:00:00,2011-12-31 23:00:00,2011
A907,8754,9.1,41.0,2011-01-01 00:00:00,2011-12-31 23:00:00,2011
A908,8419,13.6,38.6,2011-01-01 00:00:00,2011-12-31 23:00:00,2011
A909,2315,16.2,35.0,2011-09-26 13:00:00,2011-12-31 23:00:00,2011
A910,7514,15.8,38.9,2011-02-20 22:00:00,2011-12-31 23:00:00,2011
A912,8702,8.8,35.2,2011-01-01 00:00:00,2011-12-31 23:00:00,2011
A913,8753,8.0,36.3,2011-01-01 00:00:00,2011-12-31 23:00:00,2011
A914,8752,13.0,39.1,2011-01-01 00:00:00,2011-12-31 23:00:00,2011
A915,7521,11.8,37.8,2011-01-01 00:00:00,2011-12-31 23:00:00,2011
A916,8706,14.2,39.8,2011-01-01 00:00:00,2011-12-31 23:00:00,2011
A917,6015,18.5,39.9,2011-01-01 00:00:00,2011-12-31 23:00:00,2011
A919,8439,15.6,38.7,2011-01-01 00:00:00,2011-12-31 20:00:00,2011
A920,8299,12.5,37.4,2011-01-01 00:00:00,2011-12-31 23:00:00,2011
A921,3540,18.4,40.7,2011-04-29 16:00:00,2011-12-31 23:00:00,2011
A922,7376,9.0,39.1,2011-01-01 00:00:00,2011-12-31 23:00:00,2011
A924,7037,14.7,37.8,2011-01-01 00:00:00,2011-12-28 19:00:00,2011
A926,8075,15.2,38.1,2011-01-01 00:00:00,2011-12-31 23:00:00,2011
A927,4400,12.2,34.7,2011-03-27 18:00:00,2011-12-31 23:00:00,2011
A928,8750,10.0,38.1,2011-01-01 00:00:00,2011-12-31 23:00:00,2011
A929,8752,11.7,38.5,2011-01-01 00:00:00,2011-12-31 23:00:00,2011
A930,6728,14.4,40.6,2011-01-01 00:00:00,2011-12-31 23:00:00,2011
A931,8751,9.1,37.4,2011-01-01 00:00:00,2011-12-31 23:00:00,2011
A932,7096,11.1,39.5,2011-01-01 00:00:00,2011-12-31 23:00:00,2011
A933,5359,14.5,37.3,2011-01-01 00:00:00,2011-12-31 23:00:00,2011
A934,8695,6.1,35.4,2011-01-01 00:00:00,2011-12-31 23:00:00,2011
A935,8752,11.1,40.0,2011-01-01 00:00:00,2011-12-31 23:00:00,2011
A936,8752,7.5,39.2,2011-01-01 00:00:00,2011-12-31 23:00:00,2011
A937,3946,16.9,37.8,2011-01-01 00:00:00,2011-12-31 23:00:00,2011
A303,8751,18.5,35.0,2011-01-01 00:00:00,2011-12-31 23:00:00,2011
A323,7998,17.2,41.1,2011-01-01 00:00:00,2011-12-31 23:00:00,2011
A327,7932,17.2,37.7,2011-01-01 00:00:00,2011-12-31 23:00:00,2011
A353,8741,16.7,37.9,2011-01-01 00:00:00,2011-12-31 23:00:00,2011
A355,8626,18.3,35.1,2011-01-01 00:00:00,2011-12-31 23:00:00,2011
A356,6904,17.8,36.3,2011-01-01 00:00:00,2011-12-31 23:00:00,2011
A401,8729,19.8,33.2,2011-01-01 00:00:00,2011-12-31 23:00:00,2011
A402,8749,12.2,38.7,2011-01-01 00:00:00,2011-12-31 23:00:00,2011
A404,8750,11.4,37.3,2011-01-01 00:00:00,2011-12-31 23:00:00,2011
A405,8718,14.5,33.6,2011-01-01 00:00:00,2011-12-31 23:00:00,2011
A406,8688,16.1,37.3,2011-01-01 00:00:00,2011-12-31 23:00:00,2011
A407,8708,12.2,33.4,2011-01-01 00:00:00,2011-12-31 23:00:00,2011
A408,8149,15.2,37.9,2011-01-01 00:00:00,2011-12-31 23:00:00,2011
A410,7691,14.5,33.9,2011-01-01 10:00:00,2011-12-31 23:00:00,2011
A412,3620,12.8,36.7,2011-01-12 10:00:00,2011-12-31 23:00:00,2011
A413,8751,14.1,37.7,2011-01-01 00:00:00,2011-12-31 23:00:00,2011
A414,8728,10.3,32.9,2011-01-01 00:00:00,2011-12-31 23:00:00,2011
A415,8456,12.4,39.4,2011-01-01 00:00:00,2011-12-31 23:00:00,2011
A416,4879,10.2,38.5,2011-01-01 00:00:00,2011-12-31 23:00:00,2011
A418,8749,16.0,38.6,2011-01-01 00:00:00,2011-12-31 23:00:00,2011
A422,6824,20.7,31.4,2011-01-01 00:00:00,2011-12-31 23:00:00,2011
A423,7706,17.9,34.8,2011-01-01 00:00:00,2011-12-31 23:00:00,2011
A424,8685,13.3,35.2,2011-01-01 00:00:00,2011-12-31 23:00:00,2011
A425,8109,14.1,37.1,2011-01-01 00:00:00,2011-12-31 23:00:00,2011
A426,7068,16.0,36.9,2011-01-01 14:00:00,2011-12-31 23:00:00,2011
A427,8743,12.2,34.8,2011-01-01 00:00:00,2011-12-31 23:00:00,2011
A428,8729,14.8,37.1,2011-01-01 00:00:00,2011-12-31 23:00:00,2011
A429,8113,14.7,37.9,2011-01-01 00:00:00,2011-12-31 23:00:00,2011
A430,8750,11.0,30.9,2011-01-01 00:00:00,2011-12-31 23:00:00,2011
A431,7712,16.9,33.6,2011-01-01 00:00:00,2011-12-31 23:00:00,2011
A432,7591,13.2,38.3,2011-01-14 14:00:00,2011-12-31 23:00:00,2011
A433,8749,13.4,38.0,2011-01-01 00:00:00,2011-12-31 23:00:00,2011
A434,8741,15.4,35.1,2011-01-01 00:00:00,2011-12-31 23:00:00,2011
A435,8516,15.3,37.1,2011-01-01 00:00:00,2011-12-31 23:00:00,2011
A436,7357,15.7,39.1,2011-01-01 00:00:00,2011-12-31 23:00:00,2011
A437,8747,15.2,33.3,2011-01-01 00:00:00,2011-12-31 23:00:00,2011
A438,8747,18.3,32.5,2011-01-01 00:00:00,2011-12-31 23:00:00,2011
A439,6047,13.7,39.9,2011-01-01 00:00:00,2011-12-31 23:00:00,2011
A440,8750,13.1,37.2,2011-01-01 00:00:00,2011-12-31 23:00:00,2011
A441,8390,14.4,37.4,2011-01-01 00:00:00,2011-12-31 23:00:00,2011
A442,8740,14.9,37.7,2011-01-01 00:00:00,2011-12-31 23:00:00,2011
A443,8752,11.9,36.2,2011-01-01 00:00:00,2011-12-31 23:00:00,2011
A444,7823,14.2,35.3,2011-01-01 00:00:00,2011-12-31 23:00:00,2011
A445,8749,13.1,37.7,2011-01-01 00:00:00,2011-12-31 23:00:00,2011
A446,8212,12.9,36.7,2011-01-01 00:00:00,2011-12-29 13:00:00,2011
A447,8748,11.8,34.1,2011-01-01 00:00:00,2011-12-31 23:00:00,2011
A305,7124,21.4,33.4,2011-01-01 00:00:00,2011-12-31 21:00:00,2011
A306,7801,19.6,38.8,2011-01-01 00:00:00,2011-12-31 19:00:00,2011
A314,8701,16.3,29.0,2011-01-01 00:00:00,2011-12-31 23:00:00,2011
A315,7495,16.0,36.8,2011-01-01 10:00:00,2011-12-31 23:00:00,2011
A319,7727,17.3,37.2,2011-01-01 00:00:00,2011-12-31 23:00:00,2011
A324,8722,17.4,37.7,2011-01-01 00:00:00,2011-12-31 23:00:00,2011
A325,8747,17.6,37.0,2011-01-01 00:00:00,2011-12-31 23:00:00,2011
A332,7166,18.6,37.5,2011-01-01 00:00:00,2011-12-31 23:00:00,2011
A339,4794,20.9,37.0,2011-01-01 00:00:00,2011-12-31 23:00:00,2011
A342,8752,18.5,39.6,2011-01-01 00:00:00,2011-12-31 23:00:00,2011
A347,8719,16.7,37.0,2011-01-01 00:00:00,2011-12-31 23:00:00,2011
A358,8751,20.7,40.0,2011-01-01 00:00:00,2011-12-31 23:00:00,2011
A359,8750,21.0,36.8,2011-01-01 00:00:00,2011-12-31 23:00:00,2011
A360,8753,20.6,36.1,2011-01-01 00:00:00,2011-12-31 23:00:00,2011
A203,6115,22.1,32.9,2011-01-01 00:00:00,2011-12-31 23:00:00,2011
A204,7674,15.6,39.4,2011-02-14 20:00:00,2011-12-31 23:00:00,2011
A205,6000,20.2,40.1,2011-02-11 13:00:00,2011-12-31 23:00:00,2011
A206,8587,19.9,38.2,2011-01-01 00:00:00,2011-12-31 23:00:00,2011
A207,7050,16.7,37.6,2011-02-16 17:00:00,2011-12-20 17:00:00,2011
A217,7718,22.6,32.9,2011-01-01 00:00:00,2011-12-25 17:00:00,2011
A218,7084,21.9,35.7,2011-01-01 00:00:00,2011-12-31 23:00:00,2011
A219,7340,20.8,34.3,2011-01-01 00:00:00,2011-12-31 23:00:00,2011
A220,8259,18.4,39.2,2011-01-01 00:00:00,2011-12-31 23:00:00,2011
A221,5954,16.5,40.8,2011-01-01 00:00:00,2011-12-31 23:00:00,2011
A222,7673,15.5,39.8,2011-01-01 00:00:00,2011-12-31 23:00:00,2011
A223,8247,13.8,39.4,2011-01-01 00:00:00,2011-12-31 23:00:00,2011
A224,8569,13.2,38.6,2011-01-01 00:00:00,2011-12-31 19:00:00,2011
A225,8605,17.0,38.7,2011-01-01 00:00:00,2011-12-31 23:00:00,2011
A237,8646,15.9,38.6,2011-01-01 00:00:00,2011-12-31 23:00:00,2011
A238,8749,17.2,36.7,2011-01-01 00:00:00,2011-12-31 23:00:00,2011
A310,8751,16.6,31.2,2011-01-01 00:00:00,2011-12-31 23:00:00,2011
A313,6690,16.8,32.8,2011-01-01 00:00:00,2011-12-31 23:00:00,2011
A320,7528,20.0,31.6,2011-01-01 00:00:00,2011-12-31 23:00:00,2011
A321,8481,18.3,38.6,2011-01-01 00:00:00,2011-12-31 23:00:00,2011
A333,5463,19.0,37.2,2011-01-01 00:00:00,2011-12-31 23:00:00,2011
A334,7434,14.4,35.1,2011-01-01 00:00:00,2011-12-31 23:00:00,2011
A348,8748,13.9,35.8,2011-01-01 00:00:00,2011-12-31 23:00:00,2011
A352,5357,19.4,32.1,2011-01-01 00:00:00,2011-12-31 23:00:00,2011
A301,8664,18.9,32.9,2011-01-01 00:00:00,2011-12-31 23:00:00,2011
A307,8733,18.6,37.5,2011-01-01 00:00:00,2011-12-31 23:00:00,2011
A309,8420,14.7,36.1,2011-01-01 00:00:00,2011-12-31 23:00:00,2011
A322,8464,15.1,33.1,2011-01-01 00:00:00,2011-12-31 23:00:00,2011
A328,8728,16.6,34.5,2011-01-01 00:00:00,2011-12-31 23:00:00,2011
A329,8750,18.1,38.6,2011-01-01 00:00:00,2011-12-31 23:00:00,2011
A341,7001,14.4,35.0,2011-01-01 00:00:00,2011-12-31 23:00:00,2011
A349,8752,14.7,38.1,2011-01-01 00:00:00,2011-12-31 23:00:00,2011
A350,7648,16.9,36.3,2011-01-01 17:00:00,2011-12-31 23:00:00,2011
A351,8666,17.2,39.1,2011-01-01 00:00:00,2011-12-31 23:00:00,2011
A357,8749,18.0,35.5,2011-01-01 00:00:00,2011-12-31 23:00:00,2011
A366,8753,15.9,36.9,2011-01-01 00:00:00,2011-12-31 23:00:00,2011
A308,8589,21.4,41.1,2011-01-01 00:00:00,2011-12-31 23:00:00,2011
A311,8749,18.1,42.0,2011-01-01 00:00:00,2011-12-31 23:00:00,2011
A312,5056,17.6,37.4,2011-01-01 00:00:00,2011-12-31 23:00:00,2011
A326,8743,15.3,41.0,2011-01-01 00:00:00,2011-12-31 23:00:00,2011
A330,8746,18.7,37.8,2011-01-01 00:00:00,2011-12-31 23:00:00,2011
A331,7838,16.7,40.1,2011-01-01 00:00:00,2011-12-31 23:00:00,2011
A335,7803,19.2,39.9,2011-01-01 00:00:00,2011-12-31 23:00:00,2011
A336,8460,15.5,41.1,2011-01-01 00:00:00,2011-12-31 23:00:00,2011
A337,7467,12.9,37.2,2011-01-01 00:00:00,2011-12-31 23:00:00,2011
A338,7453,18.9,39.2,2011-01-01 00:00:00,2011-12-31 23:00:00,2011
A343,7202,17.7,39.7,2011-01-01 00:00:00,2011-12-31 23:00:00,2011
A345,5661,12.4,39.1,2011-01-01 00:00:00,2011-12-31 23:00:00,2011
A346,7903,17.6,39.2,2011-01-01 00:00:00,2011-12-31 23:00:00,2011
A354,8183,14.3,41.0,2011-01-01 00:00:00,2011-12-31 23:00:00,2011
A361,8752,16.8,39.7,2011-01-01 00:00:00,2011-12-31 23:00:00,2011
A362,8739,18.6,39.6,2011-01-01 00:00:00,2011-12-31 23:00:00,2011
A363,8752,17.9,40.4,2011-01-01 00:00:00,2011-12-31 23:00:00,2011
A364,8750,18.6,40.3,2011-01-01 00:00:00,2011-12-31 23:00:00,2011
A365,8752,16.9,39.8,2011-01-01 00:00:00,2011-12-31 23:00:00,2011
A304,8726,20.7,31.6,2011-01-01 00:00:00,2011-12-31 23:00:00,2011
A316,8752,18.9,39.0,2011-01-01 00:00:00,2011-12-31 23:00:00,2011
A317,5670,20.1,35.7,2011-01-01 00:00:00,2011-12-31 23:00:00,2011
A318,7553,18.5,35.3,2011-01-01 00:00:00,2011-12-31 23:00:00,2011
A340,8750,19.8,37.6,2011-01-01 00:00:00,2011-12-31 23:00:00,2011
A344,8750,21.0,32.3,2011-01-01 00:00:00,2011-12-31 23:00:00,2011
A367,7246,16.9,35.5,2011-01-01 00:00:00,2011-12-31 23:00:00,2011
A409,8751,20.0,34.6,2011-01-01 00:00:00,2011-12-31 23:00:00,2011
A417,7869,16.5,36.3,2011-01-01 00:00:00,2011-12-31 23:00:00,2011
A419,8172,13.5,36.8,2011-01-01 00:00:00,2011-12-31 23:00:00,2011
A420,8737,14.3,38.2,2011-01-01 00:00:00,2011-12-31 23:00:00,2011
A421,6942,18.9,34.4,2011-03-17 12:00:00,2011-12-31 23:00:00,2011
A104,8750,12.2,37.3,2011-01-01 00:00:00,2011-12-31 23:00:00,2011
A136,6945,16.4,36.5,2011-03-16 22:00:00,2011-12-31 23:00:00,2011
A137,6913,15.3,40.0,2011-03-18 16:00:00,2011-12-31 23:00:00,2011
A138,8748,13.4,37.1,2011-01-01 00:00:00,2011-12-31 23:00:00,2011
A140,8474,11.2,37.3,2011-01-01 00:00:00,2011-12-31 23:00:00,2011
A101,8748,21.7,39.3,2011-01-01 00:00:00,2011-12-31 23:00:00,2011
A110,7400,13.0,37.8,2011-01-01 00:00:00,2011-12-31 23:00:00,2011
A111,8623,16.3,37.6,2011-01-01 00:00:00,2011-12-29 06:00:00,2011
A112,8752,15.7,37.7,2011-01-01 00:00:00,2011-12-31 23:00:00,2011
A113,8751,17.8,38.1,2011-01-01 00:00:00,2011-12-31 23:00:00,2011
A117,8751,21.3,36.4,2011-01-01 00:00:00,2011-12-31 23:00:00,2011
A119,8706,21.9,37.1,2011-01-01 00:00:00,2011-12-31 23:00:00,2011
A120,8749,21.7,36.7,2011-01-01 00:00:00,2011-12-31 23:00:00,2011
A121,8749,21.3,36.3,2011-01-01 00:00:00,2011-12-31 23:00:00,2011
A122,8701,21.1,39.5,2011-01-01 00:00:00,2011-12-31 23:00:00,2011
A123,7054,22.3,36.1,2011-01-01 00:00:00,2011-12-31 21:00:00,2011
A124,8576,21.2,37.5,2011-01-01 00:00:00,2011-12-31 23:00:00,2011
A125,8747,20.4,36.3,2011-01-01 00:00:00,2011-12-31 23:00:00,2011
A126,5854,20.1,37.4,2011-01-01 00:00:00,2011-12-31 23:00:00,2011
A128,8749,20.1,35.5,2011-01-01 00:00:00,2011-12-31 23:00:00,2011
A133,399,21.8,35.1,2011-12-15 09:00:00,2011-12-31 23:00:00,2011
A134,2889,21.0,35.8,2011-09-02 15:00:00,2011-12-31 23:00:00,2011
A242,2862,20.0,34.9,2011-01-01 00:00:00,2011-12-31 23:00:00,2011
A201,8672,21.8,35.3,2011-01-01 00:00:00,2011-12-31 23:00:00,2011
A202,5663,20.9,35.6,2011-01-01 11:00:00,2011-12-31 23:00:00,2011
A209,8749,20.2,35.0,2011-01-01 00:00:00,2011-12-31 23:00:00,2011
A210,1044,21.7,35.7,2011-01-04 19:00:00,2011-12-31 23:00:00,2011
A211,2012,20.7,36.3,2011-01-01 00:00:00,2011-12-14 19:00:00,2011
A212,8073,17.1,37.1,2011-01-01 00:00:00,2011-12-31 23:00:00,2011
A213,6802,20.5,35.4,2011-01-01 00:00:00,2011-12-31 23:00:00,2011
A214,7951,17.7,37.8,2011-01-01 15:00:00,2011-12-31 23:00:00,2011
A215,8204,21.3,32.7,2011-01-01 00:00:00,2011-12-31 23:00:00,2011
A226,7830,20.9,35.3,2011-01-01 00:00:00,2011-11-23 19:00:00,2011
A227,6356,21.8,33.0,2011-01-01 00:00:00,2011-10-06 17:00:00,2011
A229,8698,21.3,36.0,2011-01-01 00:00:00,2011-12-31 23:00:00,2011
A230,8750,18.3,32.3,2011-01-01 00:00:00,2011-12-31 23:00:00,2011
A231,8603,21.5,36.9,2011-01-01 00:00:00,2011-12-31 23:00:00,2011
A233,7669,17.0,40.7,2011-01-01 00:00:00,2011-12-31 23:00:00,2011
A235,7714,19.5,41.9,2011-01-01 00:00:00,2011-11-24 20:00:00,2011
A236,7842,21.5,40.9,2011-01-01 00:00:00,2011-11-24 08:00:00,2011
A240,8753,16.4,37.2,2011-01-01 00:00:00,2011-12-31 23:00:00,2011
A241,8108,17.9,39.9,2011-01-01 00:00:00,2011-12-31 23:00:00,2011
A246,2123,20.5,34.4,2011-10-04 13:00:00,2011-12-31 23:00:00,2011
A248,6173,20.0,36.2,2011-04-18 19:00:00,2011-12-31 23:00:00,2011
A925,4937,19.7,34.8,2011-01-01 00:00:00,2011-12-31 23:00:00,2011
A938,8750,10.0,35.9,2011-01-01 00:00:00,2011-12-31 23:00:00,2011
A939,8415,12.5,38.8,2011-01-01 00:00:00,2011-12-31 23:00:00,2011
A940,8751,13.8,38.0,2011-01-01 00:00:00,2011-12-31 23:00:00,2011
A135,8751,21.2,36.4,2011-01-01 00:00:00,2011-12-31 23:00:00,2011
A009,7805,18.4,40.8,2011-01-01 00:00:00,2011-12-31 23:00:00,2011
A010,8595,13.5,40.6,2011-01-01 00:00:00,2011-12-31 23:00:00,2011
A018,7539,15.9,39.7,2011-01-01 00:00:00,2011-12-31 23:00:00,2011
A019,8750,13.3,39.2,2011-01-01 00:00:00,2011-12-31 23:00:00,2011
A020,8748,17.1,40.1,2011-01-01 00:00:00,2011-12-31 23:00:00,2011
A021,8487,13.3,38.0,2011-01-01 00:00:00,2011-12-31 18:00:00,2011
A038,8752,16.9,36.5,2011-01-01 00:00:00,2011-12-31 23:00:00,2011
A039,8701,16.3,40.1,2011-01-01 00:00:00,2011-12-31 23:00:00,2011
A044,8751,17.5,38.4,2011-01-01 00:00:00,2011-12-31 23:00:00,2011
A612,8747,12.2,35.4,2011-01-01 00:00:00,2011-12-31 23:00:00,2011
A613,8753,8.5,29.8,2011-01-01 00:00:00,2011-12-31 23:00:00,2011
A614,8695,14.0,36.2,2011-01-01 00:00:00,2011-12-31 23:00:00,2011
A615,8747,13.0,37.1,2011-01-01 00:00:00,2011-12-31 23:00:00,2011
A616,8741,12.4,34.5,2011-01-01 00:00:00,2011-12-31 23:00:00,2011
A617,8034,9.8,37.7,2011-01-01 00:00:00,2011-12-31 23:00:00,2011
A622,7907,12.5,36.4,2011-01-01 00:00:00,2011-12-31 23:00:00,2011
A623,8038,13.7,38.3,2011-01-01 00:00:00,2011-12-31 23:00:00,2011
A657,2262,13.9,39.6,2011-09-28 18:00:00,2011-12-31 23:00:00,2011
A502,8749,5.7,31.6,2011-01-01 00:00:00,2011-12-31 23:00:00,2011
A505,8611,8.6,33.4,2011-01-01 00:00:00,2011-12-31 23:00:00,2011
A506,8723,11.2,36.8,2011-01-01 00:00:00,2011-12-31 23:00:00,2011
A507,8744,7.4,34.5,2011-01-01 00:00:00,2011-12-31 23:00:00,2011
A508,6999,13.0,36.8,2011-01-01 00:00:00,2011-12-31 23:00:00,2011
A509,8744,-3.2,28.6,2011-01-01 00:00:00,2011-12-31 23:00:00,2011
A510,8749,5.4,32.2,2011-01-01 00:00:00,2011-12-31 23:00:00,2011
A511,7852,12.7,37.2,2011-01-23 03:00:00,2011-12-31 23:00:00,2011
A512,8752,5.7,38.2,2011-01-01 00:00:00,2011-12-31 23:00:00,2011
A513,8745,6.7,33.1,2011-01-01 00:00:00,2011-12-31 23:00:00,2011
A514,8750,4.6,33.6,2011-01-01 00:00:00,2011-12-31 23:00:00,2011
A515,8752,4.2,33.7,2011-01-01 00:00:00,2011-12-31 23:00:00,2011
A516,8751,4.0,35.0,2011-01-01 00:00:00,2011-12-31 23:00:00,2011
A517,8194,9.9,37.5,2011-01-01 00:00:00,2011-12-31 23:00:00,2011
A518,8220,7.4,32.4,2011-01-01 00:00:00,2011-12-31 23:00:00,2011
A519,8742,5.6,37.8,2011-01-01 00:00:00,2011-12-31 23:00:00,2011
A520,8735,7.5,37.4,2011-01-01 00:00:00,2011-12-31 23:00:00,2011
A521,8749,9.8,34.1,2011-01-01 00:00:00,2011-12-31 23:00:00,2011
A522,7396,12.1,35.8,2011-01-01 00:00:00,2011-12-31 23:00:00,2011
A523,8749,6.3,33.7,2011-01-01 00:00:00,2011-12-31 23:00:00,2011
A524,8748,4.6,33.8,2011-01-01 00:00:00,2011-12-31 23:00:00,2011
A525,8741,5.6,34.1,2011-01-01 00:00:00,2011-12-31 23:00:00,2011
A526,8748,7.6,38.5,2011-01-01 00:00:00,2011-12-31 23:00:00,2011
A527,8506,12.5,35.2,2011-01-01 00:00:00,2011-12-31 23:00:00,2011
A528,8470,11.3,34.9,2011-01-01 00:00:00,2011-12-31 23:00:00,2011
A529,8216,3.3,33.9,2011-01-01 00:00:00,2011-12-30 15:00:00,2011
A530,8746,-2.9,32.4,2011-01-01 00:00:00,2011-12-31 23:00:00,2011
A531,8752,-1.7,29.9,2011-01-01 00:00:00,2011-12-31 23:00:00,2011
A532,8752,10.9,38.6,2011-01-01 00:00:00,2011-12-31 23:00:00,2011
A533,8739,8.3,33.9,2011-01-01 00:00:00,2011-12-31 23:00:00,2011
A534,8349,15.2,37.5,2011-01-01 00:00:00,2011-12-31 23:00:00,2011
A535,8747,4.5,34.9,2011-01-01 00:00:00,2011-12-31 23:00:00,2011
A536,7568,8.5,34.4,2011-01-01 00:00:00,2011-12-31 23:00:00,2011
A537,8424,8.2,29.8,2011-01-01 00:00:00,2011-12-31 23:00:00,2011
A538,8725,9.1,35.9,2011-01-01 00:00:00,2011-12-31 23:00:00,2011
A539,8748,11.7,37.1,2011-01-01 00:00:00,2011-12-31 23:00:00,2011
A540,8748,11.1,36.6,2011-01-01 00:00:00,2011-12-31 23:00:00,2011
A541,8751,8.2,33.6,2011-01-01 00:00:00,2011-12-31 23:00:00,2011
A542,8314,10.9,37.4,2011-01-01 00:00:00,2011-12-31 23:00:00,2011
A543,8748,12.6,36.8,2011-01-01 00:00:00,2011-12-31 23:00:00,2011
A544,8432,13.2,34.8,2011-01-01 00:00:00,2011-12-31 23:00:00,2011
A545,8749,8.4,39.5,2011-01-01 00:00:00,2011-12-31 23:00:00,2011
A546,8751,9.8,33.5,2011-01-01 00:00:00,2011-12-31 23:00:00,2011
A547,8752,8.3,38.6,2011-01-01 00:00:00,2011-12-31 23:00:00,2011
A548,8141,12.6,35.1,2011-01-01 13:00:00,2011-12-31 23:00:00,2011
A549,8383,4.9,35.1,2011-01-01 00:00:00,2011-12-31 23:00:00,2011
A550,8745,12.1,38.4,2011-01-01 00:00:00,2011-12-31 23:00:00,2011
A551,8216,8.6,33.6,2011-01-01 00:00:00,2011-12-31 23:00:00,2011
A552,7457,8.5,37.6,2011-01-01 00:00:00,2011-12-31 23:00:00,2011
A553,7707,12.2,34.2,2011-01-06 13:00:00,2011-12-31 23:00:00,2011
A554,8751,10.6,35.8,2011-01-01 00:00:00,2011-12-31 23:00:00,2011
A555,8704,10.8,32.0,2011-01-01 00:00:00,2011-12-31 23:00:00,2011
A556,5975,8.4,32.6,2011-01-01 10:00:00,2011-12-31 23:00:00,2011
A601,8738,10.1,39.7,2011-01-01 00:00:00,2011-12-31 23:00:00,2011
A602,8249,10.3,38.6,2011-01-01 00:00:00,2011-12-31 23:00:00,2011
A603,7944,9.1,38.5,2011-01-01 00:00:00,2011-12-31 23:00:00,2011
A604,8278,9.0,38.8,2011-01-01 00:00:00,2011-12-31 23:00:00,2011
A606,8721,13.8,31.0,2011-01-01 00:00:00,2011-12-31 23:00:00,2011
A607,8045,11.0,37.7,2011-01-01 12:00:00,2011-12-31 23:00:00,2011
A608,7933,11.2,37.6,2011-01-01 00:00:00,2011-12-31 23:00:00,2011
A609,8704,7.5,37.5,2011-01-01 00:00:00,2011-12-31 23:00:00,2011
A610,8743,2.5,27.7,2011-01-01 00:00:00,2011-12-31 23:00:00,2011
A611,6528,9.5,37.6,2011-01-01 00:00:00,2011-12-31 23:00:00,2011
A618,8134,6.0,31.0,2011-01-01 00:00:00,2011-12-31 23:00:00,2011
A619,8736,8.6,35.7,2011-01-01 00:00:00,2011-12-31 23:00:00,2011
A620,8704,12.1,33.9,2011-01-01 00:00:00,2011-12-31 23:00:00,2011
A621,7884,8.7,39.9,2011-01-01 00:00:00,2011-12-31 23:00:00,2011
A624,8748,-0.3,30.0,2011-01-01 00:00:00,2011-12-31 23:00:00,2011
A652,8630,15.4,36.1,2011-01-01 00:00:00,2011-12-31 23:00:00,2011
A701,8737,6.6,33.8,2011-01-01 00:00:00,2011-12-31 23:00:00,2011
A705,8751,2.4,37.4,2011-01-01 00:00:00,2011-12-31 23:00:00,2011
A706,8747,-2.8,28.6,2011-01-01 00:00:00,2011-12-31 23:00:00,2011
A707,8741,3.7,38.9,2011-01-01 00:00:00,2011-12-31 23:00:00,2011
A708,8746,5.6,33.3,2011-01-01 00:00:00,2011-12-31 23:00:00,2011
A711,8752,2.5,34.5,2011-01-01 00:00:00,2011-12-31 23:00:00,2011
A712,8243,4.5,37.7,2011-01-01 00:00:00,2011-12-31 23:00:00,2011
A713,8498,1.7,35.7,2011-01-01 00:00:00,2011-12-31 23:00:00,2011
A714,8517,3.4,34.5,2011-01-01 00:00:00,2011-12-22 11:00:00,2011
A715,8462,-0.8,35.2,2011-01-01 00:00:00,2011-12-31 23:00:00,2011
A716,7283,0.7,38.1,2011-01-01 01:00:00,2011-12-31 23:00:00,2011
A718,6292,-3.1,38.8,2011-01-01 00:00:00,2011-12-31 23:00:00,2011
A725,8233,1.0,34.8,2011-01-01 00:00:00,2011-12-31 23:00:00,2011
A726,7818,3.2,36.6,2011-01-01 00:00:00,2011-12-31 23:00:00,2011
A727,8750,3.6,39.2,2011-01-01 00:00:00,2011-12-31 23:00:00,2011
A728,7809,3.7,36.8,2011-01-01 00:00:00,2011-11-28 17:00:00,2011
A729,7012,6.5,38.7,2011-01-01 00:00:00,2011-12-31 23:00:00,2011
A733,6651,9.0,38.0,2011-01-01 00:00:00,2011-12-31 23:00:00,2011
A734,8745,0.4,44.3,2011-01-01 00:00:00,2011-12-31 23:00:00,2011
A735,8743,1.4,38.5,2011-01-01 00:00:00,2011-12-31 23:00:00,2011
A736,8353,1.1,37.1,2011-01-01 00:00:00,2011-12-31 23:00:00,2011
A737,8749,2.5,37.4,2011-01-01 00:00:00,2011-12-31 23:00:00,2011
A738,8039,4.0,35.8,2011-01-01 00:00:00,2011-12-31 23:00:00,2011
A739,8750,4.4,35.9,2011-01-01 00:00:00,2011-12-31 23:00:00,2011
A740,8725,2.0,34.5,2011-01-01 00:00:00,2011-12-31 23:00:00,2011
A741,8745,3.7,37.4,2011-01-01 00:00:00,2011-12-31 23:00:00,2011
A746,8753,-0.3,34.3,2011-01-01 00:00:00,2011-12-31 23:00:00,2011
A747,8738,2.1,37.4,2011-01-01 00:00:00,2011-12-31 23:00:00,2011
A748,8751,3.2,38.4,2011-01-01 00:00:00,2011-12-31 23:00:00,2011
A753,8752,1.6,37.0,2011-01-01 00:00:00,2011-12-31 23:00:00,2011
A755,6667,2.5,33.9,2011-03-29 00:00:00,2011-12-31 23:00:00,2011
A807,8703,0.8,32.4,2011-01-01 00:00:00,2011-12-31 23:00:00,2011
A818,8749,-2.0,33.7,2011-01-01 00:00:00,2011-12-31 23:00:00,2011
A819,8751,-2.9,32.0,2011-01-01 00:00:00,2011-12-31 23:00:00,2011
A820,8750,0.2,37.9,2011-01-01 00:00:00,2011-12-31 23:00:00,2011
A821,8737,0.0,37.0,2011-01-01 00:00:00,2011-12-31 23:00:00,2011
A822,7326,0.7,34.9,2011-02-16 11:00:00,2011-12-31 23:00:00,2011
A823,7794,0.7,30.2,2011-01-01 00:00:00,2011-12-31 23:00:00,2011
A824,7960,2.0,36.4,2011-01-01 00:00:00,2011-12-31 23:00:00,2011
A835,8751,2.8,36.8,2011-01-01 00:00:00,2011-12-31 23:00:00,2011
A842,8743,2.6,35.9,2011-01-01 00:00:00,2011-12-31 23:00:00,2011
A843,8642,-0.5,35.7,2011-01-01 00:00:00,2011-12-31 23:00:00,2011
A846,8611,-0.5,38.2,2011-01-01 00:00:00,2011-12-31 23:00:00,2011
A847,7874,8.5,33.5,2011-01-01 00:00:00,2011-12-31 23:00:00,2011
A849,8736,3.2,37.6,2011-01-01 00:00:00,2011-12-31 23:00:00,2011
A850,8708,1.1,38.9,2011-01-01 00:00:00,2011-12-31 23:00:00,2011
A855,7146,0.2,37.7,2011-01-01 00:00:00,2011-12-31 23:00:00,2011
A869,3678,10.5,39.0,2011-02-17 16:00:00,2011-12-31 23:00:00,2011
A871,8748,1.6,35.9,2011-01-01 00:00:00,2011-12-31 23:00:00,2011
A872,5123,-1.1,32.1,2011-04-18 13:00:00,2011-12-31 23:00:00,2011
A873,8747,5.8,38.2,2011-01-01 00:00:00,2011-12-31 23:00:00,2011
A874,5958,-5.2,33.1,2011-04-18 19:00:00,2011-12-31 23:00:00,2011
A875,8399,-2.3,33.0,2011-01-01 00:00:00,2011-12-31 23:00:00,2011
A876,8751,-3.4,32.0,2011-01-01 00:00:00,2011-12-31 23:00:00,2011
A801,8738,2.3,36.2,2011-01-01 00:00:00,2011-12-31 23:00:00,2011
A802,8750,1.6,34.5,2011-01-01 00:00:00,2011-12-31 23:00:00,2011
A803,7640,0.2,38.7,2011-01-01 00:00:00,2011-12-31 23:00:00,2011
A804,8636,-0.8,39.4,2011-01-01 00:00:00,2011-12-31 23:00:00,2011
A805,7331,-1.0,36.5,2011-01-01 00:00:00,2011-12-31 23:00:00,2011
A808,8747,3.1,31.6,2011-01-01 00:00:00,2011-12-31 23:00:00,2011
A809,8747,-0.7,40.9,2011-01-01 00:00:00,2011-12-31 23:00:00,2011
A810,8742,-1.7,38.8,2011-01-01 00:00:00,2011-12-31 23:00:00,2011
A811,8624,0.0,32.7,2011-01-01 00:00:00,2011-12-31 23:00:00,2011
A812,8330,-0.2,34.4,2011-01-01 00:00:00,2011-12-31 23:00:00,2011
A813,8746,1.2,37.2,2011-01-01 00:00:00,2011-12-31 23:00:00,2011
A826,8750,-2.0,38.0,2011-01-01 00:00:00,2011-12-31 23:00:00,2011
A827,8608,-0.9,36.6,2011-01-01 00:00:00,2011-12-31 23:00:00,2011
A828,8752,-1.2,34.4,2011-01-01 00:00:00,2011-12-31 23:00:00,2011
A829,8749,-4.0,29.3,2011-01-01 00:00:00,2011-12-31 23:00:00,2011
A830,7881,1.4,39.5,2011-01-01 00:00:00,2011-12-31 23:00:00,2011
A831,8740,-3.8,40.1,2011-01-01 00:00:00,2011-12-31 23:00:00,2011
A832,8748,-1.4,39.3,2011-01-01 00:00:00,2011-12-31 23:00:00,2011
A833,8625,-0.4,36.9,2011-01-01 00:00:00,2011-12-31 23:00:00,2011
A834,8592,3.6,33.7,2011-01-01 00:00:00,2011-12-31 23:00:00,2011
A836,8751,0.6,35.4,2011-01-01 00:00:00,2011-12-31 23:00:00,2011
A837,8747,-0.5,36.0,2011-01-01 00:00:00,2011-12-31 23:00:00,2011
A838,7906,1.2,34.2,2011-01-01 00:00:00,2011-12-31 23:00:00,2011
A839,8748,-1.1,35.9,2011-01-01 00:00:00,2011-12-31 23:00:00,2011
A840,8710,-1.4,35.6,2011-01-01 00:00:00,2011-12-31 23:00:00,2011
A844,8751,-1.7,33.0,2011-01-01 00:00:00,2011-12-31 23:00:00,2011
A852,5438,1.4,39.1,2011-01-01 00:00:00,2011-12-31 23:00:00,2011
A853,8743,-0.5,37.0,2011-01-01 00:00:00,2011-12-31 23:00:00,2011
A854,8742,-1.6,36.2,2011-01-01 00:00:00,2011-12-31 23:00:00,2011
A856,8732,-1.0,35.5,2011-01-01 00:00:00,2011-12-31 23:00:00,2011
A878,7773,4.0,32.6,2011-01-01 00:00:00,2011-12-31 23:00:00,2011
A879,8635,0.5,32.3,2011-01-01 00:00:00,2011-12-31 23:00:00,2011
A880,8750,-4.0,32.1,2011-01-01 00:00:00,2011-12-31 23:00:00,2011
A881,8750,-1.0,38.0,2011-01-01 00:00:00,2011-12-31 23:00:00,2011
A899,8746,1.6,31.9,2011-01-01 00:00:00,2011-12-31 23:00:00,2011
A806,8744,5.3,36.5,2011-01-01 00:00:00,2011-12-31 23:00:00,2011
A814,7883,1.5,37.0,2011-01-01 00:00:00,2011-12-31 23:00:00,2011
A815,8712,-3.5,28.1,2011-01-01 00:00:00,2011-12-31 23:00:00,2011
A816,8748,-1.0,31.7,2011-01-01 00:00:00,2011-12-31 23:00:00,2011
A817,8623,4.1,37.1,2011-01-01 00:00:00,2011-12-31 23:00:00,2011
A841,8750,-4.2,34.1,2011-01-01 00:00:00,2011-12-31 23:00:00,2011
A845,8673,-5.5,24.8,2011-01-01 00:00:00,2011-12-31 23:00:00,2011
A848,8678,2.3,33.1,2011-01-01 00:00:00,2011-12-31 23:00:00,2011
A851,6046,1.2,38.0,2011-01-01 00:00:00,2011-12-31 23:00:00,2011
A857,8740,-0.5,34.4,2011-01-01 00:00:00,2011-12-31 23:00:00,2011
A858,8740,-0.1,33.5,2011-01-01 00:00:00,2011-12-31 23:00:00,2011
A859,8741,-5.2,31.4,2011-01-01 00:00:00,2011-12-31 23:00:00,2011
A860,8525,-2.4,32.4,2011-01-01 00:00:00,2011-12-31 23:00:00,2011
A861,4414,-9.6,44.3,2011-01-01 00:00:00,2011-12-31 23:00:00,2011
A862,8269,-3.0,31.8,2011-01-01 00:00:00,2011-12-18 05:00:00,2011
A863,8748,-0.1,34.3,2011-01-01 00:00:00,2011-12-31 23:00:00,2011
A864,8741,-3.5,33.5,2011-01-01 00:00:00,2011-12-31 23:00:00,2011
A866,8663,7.6,30.3,2011-01-01 00:00:00,2011-12-31 23:00:00,2011
A867,8290,1.7,34.1,2011-01-01 00:00:00,2011-12-31 23:00:00,2011
A868,8745,4.3,36.5,2011-01-01 00:00:00,2011-12-31 23:00:00,2011
A001,8776,12.1,33.9,2012-01-01 00:00:00,2012-12-31 23:00:00,2012
A045,8776,8.3,35.4,2012-01-01 00:00:00,2012-12-31 23:00:00,2012
A002,8693,9.8,38.6,2012-01-01 00:00:00,2012-12-31 23:00:00,2012
A003,8683,7.4,38.7,2012-01-01 00:00:00,2012-12-31 23:00:00,2012
A011,7814,10.5,40.8,2012-01-01 00:00:00,2012-12-31 23:00:00,2012
A012,8778,11.0,36.4,2012-01-01 00:00:00,2012-12-31 23:00:00,2012
A013,8777,10.4,40.3,2012-01-01 00:00:00,2012-12-31 23:00:00,2012
A014,8525,14.9,40.4,2012-01-01 00:00:00,2012-12-31 23:00:00,2012
A015,8778,10.7,37.2,2012-01-01 00:00:00,2012-12-31 23:00:00,2012
A016,8778,2.4,38.9,2012-01-01 00:00:00,2012-12-31 23:00:00,2012
A017,8778,16.2,37.1,2012-01-01 00:00:00,2012-12-31 23:00:00,2012
A022,8570,15.8,37.4,2012-01-01 00:00:00,2012-12-31 23:00:00,2012
A023,7166,8.9,37.9,2012-01-01 00:00:00,2012-12-31 23:00:00,2012
A024,8777,10.3,34.5,2012-01-01 00:00:00,2012-12-31 23:00:00,2012
A025,8443,7.2,38.9,2012-01-01 00:00:00,2012-12-31 23:00:00,2012
A026,7418,3.2,38.3,2012-01-01 11:00:00,2012-12-31 23:00:00,2012
A027,7010,9.9,38.4,2012-01-01 00:00:00,2012-12-31 23:00:00,2012
A032,7787,16.5,41.5,2012-01-01 00:00:00,2012-12-31 23:00:00,2012
A033,7706,8.6,38.1,2012-01-01 00:00:00,2012-12-31 23:00:00,2012
A034,8772,9.2,37.3,2012-01-01 00:00:00,2012-12-31 23:00:00,2012
A035,8492,6.6,39.2,2012-01-01 00:00:00,2012-12-31 23:00:00,2012
A036,8780,10.1,34.3,2012-01-01 00:00:00,2012-12-31 23:00:00,2012
A037,8781,11.2,36.2,2012-01-01 00:00:00,2012-12-31 23:00:00,2012
A702,8781,7.3,39.4,2012-01-01 00:00:00,2012-12-31 23:00:00,2012
A703,8320,4.3,36.2,2012-01-01 00:00:00,2012-12-31 23:00:00,2012
A704,8779,7.7,41.1,2012-01-01 00:00:00,2012-12-31 23:00:00,2012
A709,8781,7.3,39.2,2012-01-01 00:00:00,2012-12-31 23:00:00,2012
A710,5892,6.6,39.1,2012-01-01 00:00:00,2012-12-31 23:00:00,2012
A717,8769,2.5,40.7,2012-01-01 00:00:00,2012-12-31 23:00:00,2012
A719,8532,5.1,40.9,2012-01-01 00:00:00,2012-12-31 23:00:00,2012
A720,8779,5.8,40.7,2012-01-01 00:00:00,2012-12-31 23:00:00,2012
A721,8779,4.5,39.3,2012-01-01 00:00:00,2012-12-31 23:00:00,2012
A722,8779,6.2,40.3,2012-01-01 00:00:00,2012-12-31 23:00:00,2012
A723,8558,4.9,41.2,2012-01-01 00:00:00,2012-12-31 23:00:00,2012
A724,8781,9.7,42.8,2012-01-01 00:00:00,2012-12-31 23:00:00,2012
A730,8778,8.0,36.9,2012-01-01 00:00:00,2012-12-31 23:00:00,2012
A731,8032,3.2,39.8,2012-01-01 12:00:00,2012-12-31 23:00:00,2012
A732,8771,6.2,37.8,2012-01-01 00:00:00,2012-12-31 23:00:00,2012
A742,8780,5.9,40.4,2012-01-01 00:00:00,2012-12-31 23:00:00,2012
A743,8769,3.2,40.2,2012-01-01 00:00:00,2012-12-31 23:00:00,2012
A749,8781,4.3,39.7,2012-01-01 00:00:00,2012-12-31 23:00:00,2012
A750,8781,1.3,38.9,2012-01-01 00:00:00,2012-12-31 23:00:00,2012
A751,8781,2.1,38.2,2012-01-01 00:00:00,2012-12-31 23:00:00,2012
A752,7089,7.1,39.3,2012-01-01 00:00:00,2012-12-31 23:00:00,2012
A754,8781,5.4,39.1,2012-01-01 00:00:00,2012-12-31 23:00:00,2012
A756,8781,4.2,40.5,2012-01-01 00:00:00,2012-12-31 23:00:00,2012
A757,8778,2.8,39.7,2012-01-01 00:00:00,2012-12-31 23:00:00,2012
A758,8106,4.0,39.2,2012-01-01 00:00:00,2012-12-31 23:00:00,2012
A760,609,18.6,34.7,2012-12-06 15:00:00,2012-12-31 23:00:00,2012
A761,680,20.7,34.8,2012-12-03 13:00:00,2012-12-31 23:00:00,2012
A901,8779,11.3,40.3,2012-01-01 00:00:00,2012-12-31 23:00:00,2012
A902,8781,10.2,38.3,2012-01-01 00:00:00,2012-12-31 23:00:00,2012
A903,8651,10.2,38.9,2012-01-01 00:00:00,2012-12-31 23:00:00,2012
A904,8456,13.3,38.8,2012-01-01 00:00:00,2012-12-31 23:00:00,2012
A905,7909,10.7,37.8,2012-01-01 00:00:00,2012-12-31 23:00:00,2012
A906,8781,14.1,39.0,2012-01-01 00:00:00,2012-12-31 23:00:00,2012
A907,8779,8.2,40.6,2012-01-01 00:00:00,2012-12-31 23:00:00,2012
A908,8781,14.9,38.6,2012-01-01 00:00:00,2012-12-31 23:00:00,2012
A909,8779,5.8,37.2,2012-01-01 00:00:00,2012-12-31 23:00:00,2012
A910,8781,15.8,38.7,2012-01-01 00:00:00,2012-12-31 23:00:00,2012
A912,8708,10.9,37.0,2012-01-01 00:00:00,2012-12-31 23:00:00,2012
A913,8580,6.1,36.4,2012-01-01 00:00:00,2012-12-31 23:00:00,2012
A914,4032,13.8,36.4,2012-01-01 00:00:00,2012-12-14 12:00:00,2012
A915,8781,11.7,37.9,2012-01-01 00:00:00,2012-12-31 23:00:00,2012
A916,7313,13.6,39.2,2012-01-01 00:00:00,2012-12-31 23:00:00,2012
A917,8779,12.5,39.0,2012-01-01 00:00:00,2012-12-31 23:00:00,2012
A919,7466,15.3,43.7,2012-01-01 13:00:00,2012-12-31 23:00:00,2012
A920,8781,13.1,38.7,2012-01-01 00:00:00,2012-12-31 23:00:00,2012
A921,8781,16.8,39.4,2012-01-01 00:00:00,2012-12-31 23:00:00,2012
A922,6932,8.4,40.5,2012-01-01 00:00:00,2012-12-31 23:00:00,2012
A924,7280,13.2,37.6,2012-01-06 15:00:00,2012-12-31 23:00:00,2012
A926,7857,16.1,37.0,2012-01-01 13:00:00,2012-12-31 23:00:00,2012
A927,8437,12.8,37.9,2012-01-01 00:00:00,2012-12-31 23:00:00,2012
A928,8394,12.5,38.2,2012-01-01 00:00:00,2012-12-31 23:00:00,2012
A929,8781,13.2,38.3,2012-01-01 00:00:00,2012-12-31 23:00:00,2012
A930,8780,15.5,39.2,2012-01-01 00:00:00,2012-12-31 23:00:00,2012
A931,7778,10.1,38.0,2012-01-01 00:00:00,2012-12-31 23:00:00,2012
A932,8779,10.9,40.6,2012-01-01 00:00:00,2012-12-31 23:00:00,2012
A933,6681,11.2,40.3,2012-01-01 00:00:00,2012-12-31 23:00:00,2012
A934,8149,7.2,36.3,2012-01-01 00:00:00,2012-12-31 23:00:00,2012
A935,8780,10.0,40.9,2012-01-01 00:00:00,2012-12-31 23:00:00,2012
A936,7419,5.6,39.7,2012-01-01 00:00:00,2012-12-31 23:00:00,2012
A937,8781,7.7,40.3,2012-01-01 00:00:00,2012-12-31 23:00:00,2012
A941,6242,8.8,41.3,2012-03-30 13:00:00,2012-12-31 23:00:00,2012
A303,8322,18.7,33.4,2012-01-01 00:00:00,2012-12-31 23:00:00,2012
A323,8320,16.7,40.4,2012-01-01 00:00:00,2012-12-12 18:00:00,2012
A327,8757,16.5,38.2,2012-01-01 00:00:00,2012-12-31 23:00:00,2012
A353,8781,16.5,36.4,2012-01-01 00:00:00,2012-12-31 23:00:00,2012
A355,8781,18.5,33.9,2012-01-01 00:00:00,2012-12-31 23:00:00,2012
A356,8760,17.5,35.8,2012-01-01 00:00:00,2012-12-31 23:00:00,2012
A401,8772,19.9,33.5,2012-01-01 00:00:00,2012-12-31 23:00:00,2012
A402,7308,12.6,39.8,2012-01-01 00:00:00,2012-12-31 23:00:00,2012
A404,8497,11.7,37.5,2012-01-01 00:00:00,2012-12-31 23:00:00,2012
A405,8778,16.2,36.1,2012-01-01 00:00:00,2012-12-31 23:00:00,2012
A406,8571,16.4,34.9,2012-01-01 00:00:00,2012-12-31 23:00:00,2012
A407,8671,13.3,34.9,2012-01-01 00:00:00,2012-12-31 23:00:00,2012
A408,8780,14.7,36.4,2012-01-01 00:00:00,2012-12-31 23:00:00,2012
A410,8348,15.0,32.1,2012-01-01 00:00:00,2012-12-31 23:00:00,2012
A412,8683,14.1,36.1,2012-01-01 00:00:00,2012-12-31 23:00:00,2012
A413,8034,14.9,37.7,2012-01-01 00:00:00,2012-12-31 23:00:00,2012
A414,8764,11.1,34.8,2012-01-01 00:00:00,2012-12-31 23:00:00,2012
A415,8780,13.6,41.6,2012-01-01 00:00:00,2012-12-31 23:00:00,2012
A416,7528,10.6,39.3,2012-01-01 00:00:00,2012-12-31 23:00:00,2012
A418,7261,16.6,40.5,2012-01-01 00:00:00,2012-12-31 23:00:00,2012
A422,5815,21.2,30.3,2012-01-01 00:00:00,2012-12-31 23:00:00,2012
A423,8752,17.9,37.0,2012-01-01 00:00:00,2012-12-31 23:00:00,2012
A424,8770,13.8,37.0,2012-01-01 00:00:00,2012-12-31 23:00:00,2012
A425,8779,13.8,39.0,2012-01-01 00:00:00,2012-12-31 23:00:00,2012
A426,8776,16.3,39.4,2012-01-01 00:00:00,2012-12-31 23:00:00,2012
A427,7494,13.1,34.1,2012-01-01 00:00:00,2012-12-31 23:00:00,2012
A428,7308,15.5,35.6,2012-01-01 00:00:00,2012-12-31 23:00:00,2012
A429,8563,15.2,39.7,2012-01-01 00:00:00,2012-12-31 23:00:00,2012
A430,8780,11.5,33.2,2012-01-01 00:00:00,2012-12-31 23:00:00,2012
A431,8781,17.1,37.0,2012-01-01 00:00:00,2012-12-31 23:00:00,2012
A432,8780,14.7,39.6,2012-01-01 00:00:00,2012-12-31 23:00:00,2012
A433,8771,14.2,40.2,2012-01-01 00:00:00,2012-12-31 23:00:00,2012
A434,8778,16.3,34.7,2012-01-01 00:00:00,2012-12-31 23:00:00,2012
A435,8781,14.9,37.1,2012-01-01 00:00:00,2012-12-31 23:00:00,2012
A436,8781,15.7,37.2,2012-01-01 00:00:00,2012-12-31 23:00:00,2012
A437,8780,15.1,33.0,2012-01-01 00:00:00,2012-12-31 23:00:00,2012
A438,8775,18.7,32.1,2012-01-01 00:00:00,2012-12-31 23:00:00,2012
A439,8777,15.9,41.0,2012-01-01 00:00:00,2012-12-31 23:00:00,2012
A440,8755,14.0,36.6,2012-01-01 00:00:00,2012-12-31 23:00:00,2012
A441,8780,14.7,36.7,2012-01-01 00:00:00,2012-12-31 23:00:00,2012
A442,8780,16.0,37.2,2012-01-01 00:00:00,2012-12-31 23:00:00,2012
A443,8780,10.7,37.1,2012-01-01 00:00:00,2012-12-31 23:00:00,2012
A444,8452,13.7,32.9,2012-01-01 00:00:00,2012-12-31 23:00:00,2012
A445,8638,13.6,37.3,2012-01-01 00:00:00,2012-12-31 23:00:00,2012
A446,6275,12.5,36.8,2012-01-06 13:00:00,2012-12-31 23:00:00,2012
A447,7654,13.6,34.2,2012-01-01 00:00:00,2012-12-31 23:00:00,2012
A305,8160,21.0,34.4,2012-01-01 10:00:00,2012-12-31 23:00:00,2012
A306,6584,20.1,39.3,2012-01-01 11:00:00,2012-12-31 23:00:00,2012
A314,8190,16.4,30.0,2012-01-01 00:00:00,2012-12-31 23:00:00,2012
A315,8781,16.5,38.1,2012-01-01 00:00:00,2012-12-31 23:00:00,2012
A319,6755,19.7,37.8,2012-01-01 00:00:00,2012-12-17 02:00:00,2012
A324,8777,18.9,37.6,2012-01-01 00:00:00,2012-12-31 23:00:00,2012
A325,7725,20.8,37.6,2012-01-01 00:00:00,2012-12-31 23:00:00,2012
A332,7123,19.1,37.9,2012-01-01 00:00:00,2012-12-31 23:00:00,2012
A339,8776,20.7,37.2,2012-01-01 00:00:00,2012-12-31 23:00:00,2012
A342,8781,20.4,38.9,2012-01-01 00:00:00,2012-12-31 23:00:00,2012
A347,8287,17.5,37.6,2012-01-01 00:00:00,2012-12-23 21:00:00,2012
A358,8199,22.1,40.6,2012-01-01 00:00:00,2012-12-31 23:00:00,2012
A359,8781,22.3,37.5,2012-01-01 00:00:00,2012-12-31 23:00:00,2012
A360,8775,20.9,36.7,2012-01-01 00:00:00,2012-12-31 23:00:00,2012
A203,8781,21.9,34.0,2012-01-01 00:00:00,2012-12-31 23:00:00,2012
A204,7718,15.2,39.6,2012-01-01 00:00:00,2012-12-29 04:00:00,2012
A205,8780,18.5,38.8,2012-01-01 00:00:00,2012-12-31 23:00:00,2012
A206,8701,20.2,40.4,2012-01-01 00:00:00,2012-12-31 23:00:00,2012
A207,7092,18.1,38.7,2012-01-20 17:00:00,2012-12-31 23:00:00,2012
A217,6979,23.5,32.1,2012-01-02 17:00:00,2012-12-31 23:00:00,2012
A218,8649,21.8,32.5,2012-01-01 00:00:00,2012-12-31 23:00:00,2012
A219,8780,21.6,42.4,2012-01-01 00:00:00,2012-12-31 23:00:00,2012
A220,8003,19.4,39.5,2012-01-01 00:00:00,2012-12-31 23:00:00,2012
A221,8781,18.2,39.0,2012-01-01 00:00:00,2012-12-31 23:00:00,2012
A222,7624,17.2,40.9,2012-01-01 00:00:00,2012-12-31 23:00:00,2012
A223,8781,13.4,40.6,2012-01-01 00:00:00,2012-12-31 23:00:00,2012
A224,7441,13.4,38.6,2012-01-01 18:00:00,2012-12-31 23:00:00,2012
A225,8655,16.8,38.4,2012-01-01 00:00:00,2012-12-31 23:00:00,2012
A237,7003,15.8,40.4,2012-01-01 00:00:00,2012-12-31 18:00:00,2012
A238,8781,17.8,37.5,2012-01-01 00:00:00,2012-12-31 23:00:00,2012
A310,8775,16.7,32.1,2012-01-01 00:00:00,2012-12-31 23:00:00,2012
A313,8781,17.0,33.7,2012-01-01 00:00:00,2012-12-31 23:00:00,2012
A320,1557,22.4,32.2,2012-01-01 00:00:00,2012-12-31 23:00:00,2012
A321,8779,19.4,38.9,2012-01-01 00:00:00,2012-12-31 23:00:00,2012
A333,8780,15.4,37.8,2012-01-01 00:00:00,2012-12-31 23:00:00,2012
A334,8781,14.8,36.8,2012-01-01 00:00:00,2012-12-31 23:00:00,2012
A348,8712,14.4,36.4,2012-01-01 00:00:00,2012-12-31 22:00:00,2012
A352,7067,19.2,32.6,2012-01-01 00:00:00,2012-12-31 23:00:00,2012
A301,8687,18.2,34.5,2012-01-01 00:00:00,2012-12-31 23:00:00,2012
A307,8777,17.9,38.0,2012-01-01 00:00:00,2012-12-31 23:00:00,2012
A309,8778,14.0,36.4,2012-01-01 00:00:00,2012-12-31 23:00:00,2012
A322,8779,14.6,33.4,2012-01-01 00:00:00,2012-12-31 23:00:00,2012
A328,8779,16.9,34.3,2012-01-01 00:00:00,2012-12-31 23:00:00,2012
A329,8777,18.4,38.3,2012-01-01 00:00:00,2012-12-31 23:00:00,2012
A341,8780,13.9,34.7,2012-01-01 00:00:00,2012-12-31 23:00:00,2012
A349,8690,15.4,38.7,2012-01-01 00:00:00,2012-12-31 23:00:00,2012
A350,8781,17.2,37.8,2012-01-01 00:00:00,2012-12-31 23:00:00,2012
A351,8515,16.9,39.5,2012-01-01 00:00:00,2012-12-31 23:00:00,2012
A357,8781,17.1,37.7,2012-01-01 00:00:00,2012-12-31 23:00:00,2012
A366,8780,17.8,38.6,2012-01-01 00:00:00,2012-12-31 23:00:00,2012
A308,7197,19.3,40.3,2012-01-01 00:00:00,2012-12-31 23:00:00,2012
A311,8773,18.9,41.3,2012-01-01 00:00:00,2012-12-31 23:00:00,2012
A312,8435,16.4,41.6,2012-01-01 00:00:00,2012-12-31 23:00:00,2012
A326,8778,14.7,40.6,2012-01-01 00:00:00,2012-12-31 23:00:00,2012
A330,8633,19.1,39.5,2012-01-01 00:00:00,2012-12-31 20:00:00,2012
A331,8778,17.8,40.8,2012-01-01 00:00:00,2012-12-31 23:00:00,2012
A335,8639,19.5,41.2,2012-01-01 00:00:00,2012-12-31 23:00:00,2012
A336,8781,16.0,40.7,2012-01-01 00:00:00,2012-12-31 23:00:00,2012
A337,8500,14.2,39.3,2012-01-01 00:00:00,2012-12-31 20:00:00,2012
A338,8191,18.5,42.1,2012-01-01 00:00:00,2012-12-31 23:00:00,2012
A343,8781,18.7,41.2,2012-01-01 00:00:00,2012-12-31 23:00:00,2012
A345,8778,12.9,40.3,2012-01-01 00:00:00,2012-12-31 23:00:00,2012
A346,8781,18.1,39.8,2012-01-01 00:00:00,2012-12-31 23:00:00,2012
A354,7211,15.4,41.8,2012-01-01 00:00:00,2012-12-31 23:00:00,2012
A361,8692,16.8,40.7,2012-01-01 00:00:00,2012-12-31 23:00:00,2012
A362,8453,19.9,40.2,2012-01-01 00:00:00,2012-12-31 23:00:00,2012
A363,8781,19.3,41.2,2012-01-01 00:00:00,2012-12-31 23:00:00,2012
A364,8780,18.2,40.2,2012-01-01 00:00:00,2012-12-31 23:00:00,2012
A365,8781,16.7,39.6,2012-01-01 00:00:00,2012-12-31 23:00:00,2012
A304,8339,20.8,31.1,2012-01-01 00:00:00,2012-12-31 23:00:00,2012
A316,8781,20.4,39.2,2012-01-01 00:00:00,2012-12-31 23:00:00,2012
A317,8347,20.0,37.0,2012-01-01 00:00:00,2012-12-31 23:00:00,2012
A318,8626,19.5,36.0,2012-01-01 00:00:00,2012-12-31 23:00:00,2012
A340,8778,21.0,37.8,2012-01-01 00:00:00,2012-12-31 23:00:00,2012
A344,7833,20.6,34.7,2012-01-01 00:00:00,2012-12-02 18:00:00,2012
A367,8781,17.7,36.2,2012-01-01 00:00:00,2012-12-31 23:00:00,2012
A409,8780,20.0,33.0,2012-01-01 00:00:00,2012-12-31 23:00:00,2012
A417,8762,17.0,35.1,2012-01-01 00:00:00,2012-12-31 23:00:00,2012
A419,8781,15.4,36.3,2012-01-01 00:00:00,2012-12-31 23:00:00,2012
A420,8130,16.3,37.4,2012-01-01 00:00:00,2012-12-31 23:00:00,2012
A421,8402,16.6,36.6,2012-01-01 00:00:00,2012-12-31 23:00:00,2012
A102,865,19.5,35.5,2012-10-12 16:00:00,2012-11-17 17:00:00,2012
A104,8778,13.4,37.2,2012-01-01 00:00:00,2012-12-31 23:00:00,2012
A136,7120,14.6,36.3,2012-01-01 00:00:00,2012-12-31 23:00:00,2012
A137,7664,13.5,41.1,2012-01-01 00:00:00,2012-12-31 23:00:00,2012
A138,7164,13.6,34.6,2012-01-01 00:00:00,2012-12-31 23:00:00,2012
A140,8778,9.5,36.9,2012-01-01 00:00:00,2012-12-31 23:00:00,2012
A101,8781,21.8,37.1,2012-01-01 00:00:00,2012-12-31 23:00:00,2012
A109,2916,19.2,36.7,2012-08-31 00:00:00,2012-12-31 23:00:00,2012
A110,8731,14.2,38.2,2012-01-01 00:00:00,2012-12-31 23:00:00,2012
A111,6347,17.1,37.4,2012-01-05 07:00:00,2012-12-31 23:00:00,2012
A112,7792,17.1,37.4,2012-01-01 00:00:00,2012-12-31 23:00:00,2012
A113,8780,17.0,38.6,2012-01-01 00:00:00,2012-12-31 23:00:00,2012
A117,8781,20.8,36.7,2012-01-01 00:00:00,2012-12-31 23:00:00,2012
A119,8782,21.9,37.7,2012-01-01 00:00:00,2012-12-31 23:00:00,2012
A120,8502,19.9,37.4,2012-01-01 00:00:00,2012-12-31 23:00:00,2012
A121,8411,22.1,36.9,2012-01-01 00:00:00,2012-12-31 23:00:00,2012
A122,8782,20.4,36.1,2012-01-01 00:00:00,2012-12-31 23:00:00,2012
A123,6492,22.4,35.8,2012-01-01 00:00:00,2012-12-31 22:00:00,2012
A124,8781,21.4,37.7,2012-01-01 00:00:00,2012-12-31 23:00:00,2012
A125,8715,18.3,36.3,2012-01-01 00:00:00,2012-12-31 23:00:00,2012
A126,8777,19.6,37.2,2012-01-01 00:00:00,2012-12-31 23:00:00,2012
A128,8768,19.5,39.5,2012-01-01 00:00:00,2012-12-31 23:00:00,2012
A133,8781,18.2,38.8,2012-01-01 00:00:00,2012-12-31 23:00:00,2012
A134,8781,20.8,36.1,2012-01-01 00:00:00,2012-12-31 23:00:00,2012
A242,8781,20.3,36.0,2012-01-01 00:00:00,2012-12-31 23:00:00,2012
A201,8561,21.9,35.3,2012-01-01 00:00:00,2012-12-31 23:00:00,2012
A202,8521,21.4,36.5,2012-01-01 00:00:00,2012-12-31 23:00:00,2012
A209,8781,19.7,36.5,2012-01-01 00:00:00,2012-12-31 23:00:00,2012
A210,8063,19.7,36.6,2012-01-01 00:00:00,2012-12-31 20:00:00,2012
A211,7782,17.8,37.6,2012-02-11 16:00:00,2012-12-31 23:00:00,2012
A212,8164,18.4,36.7,2012-01-01 00:00:00,2012-12-31 23:00:00,2012
A213,8779,19.5,36.1,2012-01-01 00:00:00,2012-12-31 23:00:00,2012
A214,8779,18.4,37.7,2012-01-01 00:00:00,2012-12-31 23:00:00,2012
A215,8779,21.8,43.0,2012-01-01 00:00:00,2012-12-31 23:00:00,2012
A226,5861,22.0,34.5,2012-01-05 17:00:00,2012-12-31 23:00:00,2012
A227,7992,22.4,32.5,2012-02-02 20:00:00,2012-12-31 23:00:00,2012
A229,8022,21.3,35.7,2012-01-01 00:00:00,2012-12-31 23:00:00,2012
A230,8638,17.9,31.6,2012-01-01 00:00:00,2012-12-31 23:00:00,2012
A231,8370,20.0,36.1,2012-01-01 00:00:00,2012-12-31 23:00:00,2012
A232,4275,21.4,38.2,2012-07-06 18:00:00,2012-12-31 23:00:00,2012
A233,7733,15.7,39.9,2012-01-01 00:00:00,2012-12-31 23:00:00,2012
A235,6730,18.3,35.6,2012-02-09 18:00:00,2012-12-31 23:00:00,2012
A236,7700,21.8,34.9,2012-02-14 14:00:00,2012-12-31 23:00:00,2012
A239,4178,21.8,36.3,2012-07-10 19:00:00,2012-12-31 23:00:00,2012
A240,8781,17.0,36.8,2012-01-01 00:00:00,2012-12-31 23:00:00,2012
A241,7804,17.8,40.5,2012-01-01 00:00:00,2012-12-31 23:00:00,2012
A246,8781,19.2,35.8,2012-01-01 00:00:00,2012-12-31 23:00:00,2012
A248,8780,20.6,36.2,2012-01-01 00:00:00,2012-12-31 23:00:00,2012
A925,8132,16.1,38.5,2012-01-01 00:00:00,2012-12-05 12:00:00,2012
A938,8668,12.2,36.3,2012-01-01 00:00:00,2012-12-31 23:00:00,2012
A939,8778,14.0,39.3,2012-01-01 00:00:00,2012-12-31 23:00:00,2012
A940,8780,15.3,38.8,2012-01-01 00:00:00,2012-12-31 23:00:00,2012
A135,8780,21.6,38.4,2012-01-01 00:00:00,2012-12-31 23:00:00,2012
A009,7550,18.4,39.8,2012-01-01 00:00:00,2012-12-31 23:00:00,2012
A010,7999,12.9,39.7,2012-01-01 00:00:00,2012-12-31 23:00:00,2012
A018,8775,15.0,39.9,2012-01-01 00:00:00,2012-12-31 23:00:00,2012
A019,8781,13.6,39.4,2012-01-01 00:00:00,2012-12-31 23:00:00,2012
A020,8642,17.2,39.2,2012-01-01 00:00:00,2012-12-31 23:00:00,2012
A021,7203,14.0,37.7,2012-01-01 15:00:00,2012-12-31 23:00:00,2012
A038,8780,17.5,37.2,2012-01-01 00:00:00,2012-12-31 23:00:00,2012
A039,8778,17.1,39.8,2012-01-01 00:00:00,2012-12-31 23:00:00,2012
A040,1155,18.5,36.1,2012-10-30 13:00:00,2012-12-17 15:00:00,2012
A041,827,20.4,35.2,2012-11-27 13:00:00,2012-12-31 23:00:00,2012
A043,1498,20.3,35.6,2012-10-30 14:00:00,2012-12-31 23:00:00,2012
A044,8781,18.4,38.0,2012-01-01 00:00:00,2012-12-31 23:00:00,2012
A612,8772,14.8,37.6,2012-01-01 00:00:00,2012-12-31 23:00:00,2012
A613,8778,8.3,32.1,2012-01-01 00:00:00,2012-12-31 23:00:00,2012
A614,8777,14.6,37.3,2012-01-01 00:00:00,2012-12-31 23:00:00,2012
A615,8779,14.1,39.3,2012-01-01 00:00:00,2012-12-31 23:00:00,2012
A616,8778,14.3,34.2,2012-01-01 00:00:00,2012-12-31 23:00:00,2012
A617,8777,11.0,41.2,2012-01-01 00:00:00,2012-12-31 23:00:00,2012
A622,8776,14.1,39.7,2012-01-01 00:00:00,2012-12-31 23:00:00,2012
A623,8777,13.7,38.6,2012-01-01 00:00:00,2012-12-31 23:00:00,2012
A657,8774,11.2,45.0,2012-01-01 00:00:00,2012-12-31 23:00:00,2012
A502,6941,6.0,32.4,2012-01-01 00:00:00,2012-12-31 23:00:00,2012
A505,8719,9.1,35.8,2012-01-01 00:00:00,2012-12-31 23:00:00,2012
A506,8744,12.8,38.5,2012-01-01 00:00:00,2012-12-31 23:00:00,2012
A507,8777,9.1,36.6,2012-01-01 00:00:00,2012-12-31 23:00:00,2012
A508,8773,14.0,38.1,2012-01-01 00:00:00,2012-12-31 23:00:00,2012
A509,8779,1.0,29.5,2012-01-01 00:00:00,2012-12-31 23:00:00,2012
A510,8778,5.9,36.9,2012-01-01 00:00:00,2012-12-31 23:00:00,2012
A511,8098,12.6,38.0,2012-01-01 00:00:00,2012-12-08 12:00:00,2012
A512,8419,4.5,40.0,2012-01-01 00:00:00,2012-12-31 23:00:00,2012
A513,8776,6.4,34.4,2012-01-01 00:00:00,2012-12-31 23:00:00,2012
A514,7144,5.1,34.7,2012-01-01 00:00:00,2012-12-31 23:00:00,2012
A515,8781,5.4,35.2,2012-01-01 00:00:00,2012-12-31 23:00:00,2012
A516,8103,4.7,36.8,2012-01-01 00:00:00,2012-12-31 23:00:00,2012
A517,8758,11.1,39.6,2012-01-01 00:00:00,2012-12-31 23:00:00,2012
A518,8777,7.4,34.2,2012-01-01 00:00:00,2012-12-31 23:00:00,2012
A519,8770,6.5,40.8,2012-01-01 00:00:00,2012-12-31 23:00:00,2012
A520,8335,6.7,40.0,2012-01-01 00:00:00,2012-12-13 21:00:00,2012
A521,8711,9.8,36.6,2012-01-01 00:00:00,2012-12-31 23:00:00,2012
A522,8762,13.8,38.3,2012-01-01 00:00:00,2012-12-31 23:00:00,2012
A523,8781,5.3,36.0,2012-01-01 00:00:00,2012-12-31 23:00:00,2012
A524,8743,5.9,36.5,2012-01-01 00:00:00,2012-12-31 23:00:00,2012
A525,8778,4.9,36.6,2012-01-01 00:00:00,2012-12-31 23:00:00,2012
A526,8067,8.0,40.2,2012-01-01 00:00:00,2012-12-31 23:00:00,2012
A527,8747,13.0,39.0,2012-01-01 00:00:00,2012-12-31 23:00:00,2012
A528,8781,11.2,37.1,2012-01-01 00:00:00,2012-12-31 23:00:00,2012
A529,7909,6.1,34.0,2012-01-01 17:00:00,2012-12-31 23:00:00,2012
A530,8753,1.0,33.4,2012-01-01 00:00:00,2012-12-31 23:00:00,2012
A531,8779,1.3,31.3,2012-01-01 00:00:00,2012-12-31 23:00:00,2012
A532,8722,11.8,41.0,2012-01-01 00:00:00,2012-12-31 23:00:00,2012
A533,8769,9.4,36.5,2012-01-01 00:00:00,2012-12-31 23:00:00,2012
A534,4322,19.1,40.7,2012-01-01 00:00:00,2012-12-31 23:00:00,2012
A535,8780,2.4,37.1,2012-01-01 00:00:00,2012-12-31 23:00:00,2012
A536,7900,8.1,36.6,2012-01-01 00:00:00,2012-12-31 23:00:00,2012
A537,8775,8.0,31.3,2012-01-01 00:00:00,2012-12-31 23:00:00,2012
A538,8565,9.3,38.8,2012-01-01 00:00:00,2012-12-31 23:00:00,2012
A539,8776,15.8,36.9,2012-01-01 00:00:00,2012-12-31 23:00:00,2012
A540,8774,13.1,39.3,2012-01-01 00:00:00,2012-12-31 23:00:00,2012
A541,8780,8.9,35.7,2012-01-01 00:00:00,2012-12-31 23:00:00,2012
A542,8705,12.6,39.6,2012-01-01 00:00:00,2012-12-28 19:00:00,2012
A543,8773,14.7,39.4,2012-01-01 00:00:00,2012-12-31 23:00:00,2012
A544,7868,13.6,37.2,2012-01-01 00:00:00,2012-12-31 23:00:00,2012
A545,8361,10.3,44.8,2012-01-01 00:00:00,2012-12-31 23:00:00,2012
A546,8780,8.1,36.5,2012-01-01 00:00:00,2012-12-31 23:00:00,2012
A547,8780,10.4,41.4,2012-01-01 00:00:00,2012-12-31 23:00:00,2012
A548,8780,13.5,38.2,2012-01-01 00:00:00,2012-12-31 23:00:00,2012
A549,8776,4.6,37.3,2012-01-01 00:00:00,2012-12-31 23:00:00,2012
A550,8661,13.6,40.7,2012-01-01 00:00:00,2012-12-31 23:00:00,2012
A551,7639,8.9,36.4,2012-01-01 00:00:00,2012-12-31 23:00:00,2012
A552,8771,9.0,39.6,2012-01-01 00:00:00,2012-12-31 23:00:00,2012
A553,8781,12.5,36.8,2012-01-01 00:00:00,2012-12-31 23:00:00,2012
A554,8774,11.6,39.4,2012-01-01 00:00:00,2012-12-31 23:00:00,2012
A555,8781,8.8,33.7,2012-01-01 00:00:00,2012-12-31 23:00:00,2012
A556,8663,7.4,34.5,2012-01-01 00:00:00,2012-12-31 23:00:00,2012
A557,1762,15.0,37.0,2012-10-19 14:00:00,2012-12-31 23:00:00,2012
A601,8776,11.9,41.5,2012-01-01 00:00:00,2012-12-31 23:00:00,2012
A602,8778,13.2,41.6,2012-01-01 00:00:00,2012-12-31 23:00:00,2012
A603,8780,10.4,40.1,2012-01-01 00:00:00,2012-12-31 23:00:00,2012
A604,8643,9.4,39.8,2012-01-01 00:00:00,2012-12-31 23:00:00,2012
A606,7081,15.8,32.9,2012-01-01 00:00:00,2012-12-31 23:00:00,2012
A607,8775,12.8,40.5,2012-01-01 00:00:00,2012-12-31 23:00:00,2012
A608,7975,12.7,38.9,2012-01-01 00:00:00,2012-12-31 23:00:00,2012
A609,8607,9.3,38.5,2012-01-01 00:00:00,2012-12-26 19:00:00,2012
A610,8780,2.1,27.4,2012-01-01 00:00:00,2012-12-31 23:00:00,2012
A611,8781,8.3,38.2,2012-01-01 00:00:00,2012-12-31 23:00:00,2012
A618,8776,6.9,31.7,2012-01-01 00:00:00,2012-12-31 23:00:00,2012
A619,8458,11.9,40.9,2012-01-01 00:00:00,2012-12-31 20:00:00,2012
A620,8773,14.7,34.4,2012-01-01 00:00:00,2012-12-31 23:00:00,2012
A621,7900,11.9,41.4,2012-01-01 00:00:00,2012-12-31 23:00:00,2012
A624,8776,1.8,31.1,2012-01-01 00:00:00,2012-12-31 23:00:00,2012
A652,8770,16.5,39.5,2012-01-01 00:00:00,2012-12-31 23:00:00,2012
A701,8746,9.3,36.3,2012-01-01 00:00:00,2012-12-31 23:00:00,2012
A705,8781,7.2,38.6,2012-01-01 00:00:00,2012-12-31 23:00:00,2012
A706,8770,1.4,43.0,2012-01-01 00:00:00,2012-12-31 23:00:00,2012
A707,8771,8.2,38.8,2012-01-01 00:00:00,2012-12-31 23:00:00,2012
A708,8766,6.4,35.1,2012-01-01 00:00:00,2012-12-31 23:00:00,2012
A711,7107,5.8,35.9,2012-01-01 00:00:00,2012-12-31 23:00:00,2012
A712,8773,7.5,40.4,2012-01-01 00:00:00,2012-12-31 23:00:00,2012
A713,8598,4.8,36.2,2012-01-01 00:00:00,2012-12-31 23:00:00,2012
A714,6882,5.7,36.3,2012-03-19 13:00:00,2012-12-31 23:00:00,2012
A715,8439,4.0,36.3,2012-01-01 00:00:00,2012-12-31 23:00:00,2012
A716,8781,4.8,37.6,2012-01-01 00:00:00,2012-12-31 23:00:00,2012
A718,7812,2.4,38.9,2012-01-01 00:00:00,2012-12-31 17:00:00,2012
A725,8463,6.1,35.5,2012-01-01 00:00:00,2012-12-31 23:00:00,2012
A726,8776,5.6,36.7,2012-01-01 00:00:00,2012-12-31 23:00:00,2012
A727,7842,6.5,38.9,2012-01-01 00:00:00,2012-12-31 23:00:00,2012
A728,7706,6.6,38.3,2012-02-14 19:00:00,2012-12-31 23:00:00,2012
A729,8778,7.2,41.2,2012-01-01 00:00:00,2012-12-31 23:00:00,2012
A733,8775,9.1,40.9,2012-01-01 00:00:00,2012-12-31 23:00:00,2012
A734,8774,5.5,41.3,2012-01-01 00:00:00,2012-12-31 23:00:00,2012
A735,8780,5.4,41.3,2012-01-01 00:00:00,2012-12-31 23:00:00,2012
A736,8508,4.3,39.5,2012-01-01 00:00:00,2012-12-31 23:00:00,2012
A737,8780,5.6,38.6,2012-01-01 00:00:00,2012-12-31 23:00:00,2012
A738,6915,6.4,36.7,2012-01-01 00:00:00,2012-12-31 23:00:00,2012
A739,7911,7.0,36.8,2012-01-01 00:00:00,2012-12-31 23:00:00,2012
A740,7586,5.2,33.2,2012-01-01 00:00:00,2012-12-31 23:00:00,2012
A741,7766,6.9,39.9,2012-01-01 00:00:00,2012-12-31 23:00:00,2012
A746,8774,2.6,34.8,2012-01-01 00:00:00,2012-12-31 23:00:00,2012
A747,8761,4.1,38.9,2012-01-01 00:00:00,2012-12-31 23:00:00,2012
A748,8780,5.3,39.2,2012-01-01 00:00:00,2012-12-31 23:00:00,2012
A753,8771,4.4,38.4,2012-01-01 00:00:00,2012-12-31 23:00:00,2012
A755,8521,5.5,36.0,2012-01-01 00:00:00,2012-12-31 23:00:00,2012
A807,8568,4.8,34.2,2012-01-01 00:00:00,2012-12-31 23:00:00,2012
A818,8780,2.0,34.0,2012-01-01 00:00:00,2012-12-31 23:00:00,2012
A819,8466,1.3,33.0,2012-01-01 00:00:00,2012-12-31 23:00:00,2012
A820,8781,2.3,39.2,2012-01-01 00:00:00,2012-12-31 23:00:00,2012
A821,8762,4.1,37.9,2012-01-01 00:00:00,2012-12-31 23:00:00,2012
A822,7901,4.9,35.2,2012-01-01 00:00:00,2012-12-31 23:00:00,2012
A823,8208,-0.3,30.7,2012-01-01 00:00:00,2012-12-31 23:00:00,2012
A824,8781,5.8,39.4,2012-01-01 00:00:00,2012-12-31 23:00:00,2012
A835,8780,7.3,38.9,2012-01-01 00:00:00,2012-12-31 23:00:00,2012
A842,8426,5.6,37.0,2012-01-01 00:00:00,2012-12-31 23:00:00,2012
A843,8780,3.4,36.8,2012-01-01 00:00:00,2012-12-31 23:00:00,2012
A846,7755,0.4,39.5,2012-01-01 00:00:00,2012-12-31 23:00:00,2012
A847,8780,10.9,35.7,2012-01-01 00:00:00,2012-12-31 23:00:00,2012
A849,7981,7.0,38.8,2012-01-01 00:00:00,2012-12-31 23:00:00,2012
A850,8781,5.8,40.8,2012-01-01 00:00:00,2012-12-31 23:00:00,2012
A855,8781,2.7,36.1,2012-01-01 00:00:00,2012-12-31 23:00:00,2012
A869,8748,5.9,40.7,2012-01-01 00:00:00,2012-12-31 23:00:00,2012
A871,8255,7.0,35.8,2012-01-01 00:00:00,2012-12-31 23:00:00,2012
A872,8779,2.4,32.8,2012-01-01 00:00:00,2012-12-31 23:00:00,2012
A873,8774,8.7,40.2,2012-01-01 00:00:00,2012-12-31 23:00:00,2012
A874,8711,-0.8,34.1,2012-01-01 00:00:00,2012-12-31 23:00:00,2012
A875,8781,-0.8,33.8,2012-01-01 00:00:00,2012-12-31 23:00:00,2012
A876,8778,-1.4,33.2,2012-01-01 00:00:00,2012-12-31 23:00:00,2012
A801,8779,1.7,39.0,2012-01-01 00:00:00,2012-12-31 23:00:00,2012
A802,8781,0.7,39.6,2012-01-01 00:00:00,2012-12-31 23:00:00,2012
A803,8446,-1.3,38.3,2012-01-01 00:00:00,2012-12-31 23:00:00,2012
A804,8763,-2.5,37.7,2012-01-01 00:00:00,2012-12-31 23:00:00,2012
A805,8757,-1.7,36.5,2012-01-01 00:00:00,2012-12-31 23:00:00,2012
A808,7688,1.3,41.2,2012-01-01 00:00:00,2012-12-31 23:00:00,2012
A809,7913,-1.3,41.0,2012-01-01 00:00:00,2012-12-31 23:00:00,2012
A810,8778,-3.5,38.8,2012-01-01 00:00:00,2012-12-31 23:00:00,2012
A811,8779,-1.1,35.7,2012-01-01 00:00:00,2012-12-31 23:00:00,2012
A812,8583,-0.4,35.3,2012-01-01 00:00:00,2012-12-31 23:00:00,2012
A813,8780,-0.5,37.3,2012-01-01 00:00:00,2012-12-31 23:00:00,2012
A826,8252,-3.3,39.7,2012-01-01 00:00:00,2012-12-31 23:00:00,2012
A827,8781,-1.8,37.5,2012-01-01 00:00:00,2012-12-31 23:00:00,2012
A828,8781,-2.8,33.6,2012-01-01 00:00:00,2012-12-31 23:00:00,2012
A829,8781,-4.6,30.9,2012-01-01 00:00:00,2012-12-31 23:00:00,2012
A830,7806,-1.7,37.8,2012-01-01 00:00:00,2012-12-31 23:00:00,2012
A831,7785,-5.5,38.1,2012-01-01 00:00:00,2012-12-31 23:00:00,2012
A832,7865,-2.8,39.5,2012-01-01 00:00:00,2012-12-31 23:00:00,2012
A833,8781,-1.5,37.7,2012-01-01 00:00:00,2012-12-31 23:00:00,2012
A834,8677,3.0,35.2,2012-01-01 00:00:00,2012-12-31 23:00:00,2012
A836,8159,-0.2,37.8,2012-01-01 00:00:00,2012-12-31 23:00:00,2012
A837,7793,-1.5,35.2,2012-01-01 00:00:00,2012-12-31 23:00:00,2012
A838,6946,-0.2,37.8,2012-01-01 00:00:00,2012-12-31 23:00:00,2012
A839,8759,-2.1,35.4,2012-01-01 00:00:00,2012-12-31 23:00:00,2012
A840,8782,-1.8,35.3,2012-01-01 00:00:00,2012-12-31 23:00:00,2012
A844,8779,-2.3,33.8,2012-01-01 00:00:00,2012-12-31 23:00:00,2012
A852,8082,-0.5,39.1,2012-01-01 00:00:00,2012-12-31 23:00:00,2012
A853,7746,-2.8,35.9,2012-01-01 00:00:00,2012-12-31 23:00:00,2012
A854,7813,-1.5,35.7,2012-01-01 00:00:00,2012-12-31 23:00:00,2012
A856,8521,-2.9,36.0,2012-01-01 00:00:00,2012-12-31 23:00:00,2012
A878,8713,3.3,39.4,2012-01-01 00:00:00,2012-12-31 23:00:00,2012
A879,8688,0.4,33.1,2012-01-01 00:00:00,2012-12-31 23:00:00,2012
A880,7933,-3.4,32.2,2012-01-01 00:00:00,2012-12-31 23:00:00,2012
A881,8203,-2.1,37.4,2012-01-01 00:00:00,2012-12-31 23:00:00,2012
A882,1798,10.1,38.8,2012-10-08 12:00:00,2012-12-31 23:00:00,2012
A883,434,14.9,34.9,2012-12-13 21:00:00,2012-12-31 23:00:00,2012
A899,6869,0.0,35.8,2012-01-01 00:00:00,2012-12-31 23:00:00,2012
A806,8664,7.3,38.7,2012-01-01 00:00:00,2012-12-31 23:00:00,2012
A814,8780,1.7,42.1,2012-01-01 00:00:00,2012-12-31 23:00:00,2012
A815,8685,-2.8,28.7,2012-01-01 00:00:00,2012-12-31 23:00:00,2012
A816,8773,-1.0,31.8,2012-01-01 00:00:00,2012-12-31 23:00:00,2012
A817,8780,6.0,38.7,2012-01-01 00:00:00,2012-12-31 23:00:00,2012
A841,8781,-1.6,35.3,2012-01-01 00:00:00,2012-12-31 23:00:00,2012
A845,8715,-5.0,26.1,2012-01-01 00:00:00,2012-12-31 23:00:00,2012
A848,5986,1.7,32.4,2012-01-01 00:00:00,2012-12-31 23:00:00,2012
A851,8154,5.1,36.9,2012-01-01 00:00:00,2012-12-31 23:00:00,2012
A857,8778,-1.0,35.4,2012-01-01 00:00:00,2012-12-31 23:00:00,2012
A858,8770,0.0,34.5,2012-01-01 00:00:00,2012-12-31 23:00:00,2012
A859,8247,-1.6,33.5,2012-01-01 00:00:00,2012-12-31 23:00:00,2012
A860,8781,-0.9,32.7,2012-01-01 00:00:00,2012-12-31 23:00:00,2012
A861,8781,0.9,36.0,2012-01-01 00:00:00,2012-12-31 23:00:00,2012
A862,8673,1.3,34.4,2012-01-05 12:00:00,2012-12-31 23:00:00,2012
A863,8778,1.4,36.0,2012-01-01 00:00:00,2012-12-31 23:00:00,2012
A864,8779,-0.4,33.0,2012-01-01 00:00:00,2012-12-31 23:00:00,2012
A866,8422,8.5,32.1,2012-01-01 00:00:00,2012-12-31 23:00:00,2012
A867,8390,2.7,38.4,2012-01-01 00:00:00,2012-12-31 17:00:00,2012
A868,8781,6.2,39.0,2012-01-01 00:00:00,2012-12-31 23:00:00,2012
A001,8740,11.8,32.7,2013-01-01 00:00:00,2013-12-31 23:00:00,2013
A045,8678,5.9,33.8,2013-01-01 00:00:00,2013-12-31 23:00:00,2013
A002,8737,9.7,36.3,2013-01-01 00:00:00,2013-12-31 23:00:00,2013
A003,7814,7.9,36.2,2013-01-01 00:00:00,2013-12-31 23:00:00,2013
A011,8745,7.0,38.9,2013-01-01 00:00:00,2013-12-31 23:00:00,2013
A012,8741,10.1,34.0,2013-01-01 00:00:00,2013-12-31 23:00:00,2013
A013,7984,12.7,39.2,2013-01-01 00:00:00,2013-12-31 23:00:00,2013
A014,8732,11.9,39.7,2013-01-01 00:00:00,2013-12-31 23:00:00,2013
A015,8119,10.9,36.7,2013-01-01 00:00:00,2013-12-31 23:00:00,2013
A016,8738,5.5,36.7,2013-01-01 00:00:00,2013-12-31 23:00:00,2013
A017,8023,15.7,36.2,2013-01-01 00:00:00,2013-12-31 23:00:00,2013
A022,8745,15.4,37.1,2013-01-01 00:00:00,2013-12-31 23:00:00,2013
A023,8438,8.0,37.9,2013-01-01 00:00:00,2013-12-31 23:00:00,2013
A024,8740,10.1,32.4,2013-01-01 00:00:00,2013-12-31 23:00:00,2013
A025,8736,5.6,36.0,2013-01-01 00:00:00,2013-12-31 23:00:00,2013
A026,8746,5.3,36.4,2013-01-01 00:00:00,2013-12-31 23:00:00,2013
A027,8682,7.8,36.9,2013-01-01 00:00:00,2013-12-31 23:00:00,2013
A028,4491,9.5,36.8,2013-06-27 21:00:00,2013-12-31 23:00:00,2013
A032,8743,16.9,37.9,2013-01-01 00:00:00,2013-12-31 23:00:00,2013
A033,8734,9.7,36.1,2013-01-01 00:00:00,2013-12-31 23:00:00,2013
A034,7121,9.3,35.1,2013-01-01 00:00:00,2013-12-31 23:00:00,2013
A035,8745,9.1,38.3,2013-01-01 00:00:00,2013-12-31 23:00:00,2013
A036,8739,9.7,32.8,2013-01-01 00:00:00,2013-12-31 23:00:00,2013
A037,8746,8.5,35.5,2013-01-01 00:00:00,2013-12-31 23:00:00,2013
A702,8744,5.1,35.6,2013-01-01 00:00:00,2013-12-31 23:00:00,2013
A703,8744,0.8,35.2,2013-01-01 00:00:00,2013-12-31 23:00:00,2013
A704,8739,4.8,39.3,2013-01-01 00:00:00,2013-12-31 23:00:00,2013
A709,8724,2.9,37.2,2013-01-01 00:00:00,2013-12-31 02:00:00,2013
A710,8744,4.7,39.0,2013-01-01 00:00:00,2013-12-31 23:00:00,2013
A717,8147,-0.1,39.0,2013-01-01 00:00:00,2013-12-31 23:00:00,2013
A719,8742,2.4,39.3,2013-01-01 00:00:00,2013-12-31 23:00:00,2013
A720,8744,4.2,38.7,2013-01-01 00:00:00,2013-12-31 23:00:00,2013
A721,8684,0.9,37.4,2013-01-01 00:00:00,2013-12-31 23:00:00,2013
A722,8746,3.7,38.4,2013-01-01 00:00:00,2013-12-31 23:00:00,2013
A723,7489,2.0,40.3,2013-01-01 00:00:00,2013-12-27 15:00:00,2013
A724,8543,8.2,39.6,2013-01-01 00:00:00,2013-12-31 23:00:00,2013
A730,8746,4.3,35.8,2013-01-01 00:00:00,2013-12-31 23:00:00,2013
A731,8739,1.0,37.7,2013-01-01 00:00:00,2013-12-31 23:00:00,2013
A732,8564,1.7,37.0,2013-01-01 00:00:00,2013-12-31 23:00:00,2013
A742,8746,5.5,38.7,2013-01-01 00:00:00,2013-12-31 23:00:00,2013
A743,8728,-1.8,38.3,2013-01-01 00:00:00,2013-12-31 23:00:00,2013
A749,8746,1.0,37.3,2013-01-01 00:00:00,2013-12-31 23:00:00,2013
A750,8630,-0.2,37.7,2013-01-01 00:00:00,2013-12-31 23:00:00,2013
A751,8517,1.7,36.7,2013-01-01 00:00:00,2013-12-31 23:00:00,2013
A752,8125,2.0,38.3,2013-01-01 00:00:00,2013-12-31 23:00:00,2013
A754,8746,0.1,36.9,2013-01-01 00:00:00,2013-12-31 23:00:00,2013
A756,8745,0.2,39.9,2013-01-01 00:00:00,2013-12-31 23:00:00,2013
A757,8737,-2.0,39.1,2013-01-01 00:00:00,2013-12-31 23:00:00,2013
A758,8745,1.4,39.4,2013-01-01 00:00:00,2013-12-31 23:00:00,2013
A759,6282,4.5,38.0,2013-04-09 17:00:00,2013-12-31 23:00:00,2013
A760,8724,4.8,37.0,2013-01-01 00:00:00,2013-12-31 23:00:00,2013
A761,8744,6.8,37.5,2013-01-01 00:00:00,2013-12-31 23:00:00,2013
A901,8740,9.1,39.8,2013-01-01 00:00:00,2013-12-31 23:00:00,2013
A902,8201,6.9,38.0,2013-01-01 00:00:00,2013-12-17 11:00:00,2013
A903,8453,9.0,38.5,2013-01-01 00:00:00,2013-12-31 23:00:00,2013
A904,6534,10.1,38.2,2013-01-01 00:00:00,2013-12-31 23:00:00,2013
A905,8149,7.2,36.8,2013-01-01 00:00:00,2013-12-31 23:00:00,2013
A906,8538,15.3,37.6,2013-01-01 00:00:00,2013-12-31 23:00:00,2013
A907,8740,9.0,39.9,2013-01-01 00:00:00,2013-12-31 23:00:00,2013
A908,7010,13.3,38.6,2013-01-01 00:00:00,2013-12-31 14:00:00,2013
A909,8637,7.8,36.5,2013-01-01 00:00:00,2013-12-31 23:00:00,2013
A910,8497,14.6,38.1,2013-01-01 00:00:00,2013-12-31 23:00:00,2013
A912,7496,7.1,35.0,2013-01-01 00:00:00,2013-12-31 23:00:00,2013
A913,8482,6.5,35.5,2013-01-01 00:00:00,2013-12-31 23:00:00,2013
A914,7322,10.3,37.7,2013-01-08 11:00:00,2013-12-31 23:00:00,2013
A915,5496,15.2,38.0,2013-01-01 00:00:00,2013-12-31 11:00:00,2013
A916,8745,14.3,38.8,2013-01-01 00:00:00,2013-12-31 23:00:00,2013
A917,8084,10.3,37.6,2013-01-01 00:00:00,2013-12-21 23:00:00,2013
A919,8527,13.4,37.3,2013-01-01 00:00:00,2013-12-31 23:00:00,2013
A920,8739,10.0,35.6,2013-01-01 00:00:00,2013-12-31 23:00:00,2013
A921,7722,16.9,40.0,2013-01-01 00:00:00,2013-12-31 23:00:00,2013
A922,7583,8.6,38.2,2013-01-01 00:00:00,2013-12-31 23:00:00,2013
A924,8746,13.1,37.5,2013-01-01 00:00:00,2013-12-31 23:00:00,2013
A926,7749,12.8,36.7,2013-01-01 00:00:00,2013-12-31 23:00:00,2013
A927,8746,8.9,36.7,2013-01-01 00:00:00,2013-12-31 23:00:00,2013
A928,8746,9.6,36.9,2013-01-01 00:00:00,2013-12-31 23:00:00,2013
A929,7484,11.7,36.9,2013-01-01 00:00:00,2013-12-31 23:00:00,2013
A930,8746,13.2,38.6,2013-01-01 00:00:00,2013-12-31 23:00:00,2013
A931,8745,7.3,36.6,2013-01-01 00:00:00,2013-12-31 23:00:00,2013
A932,8745,11.5,39.2,2013-01-01 00:00:00,2013-12-31 23:00:00,2013
A933,8744,7.1,37.1,2013-01-01 00:00:00,2013-12-31 23:00:00,2013
A934,8746,5.8,34.5,2013-01-01 00:00:00,2013-12-31 23:00:00,2013
A935,8718,8.8,39.6,2013-01-01 00:00:00,2013-12-31 23:00:00,2013
A936,8746,7.2,38.5,2013-01-01 00:00:00,2013-12-31 23:00:00,2013
A937,8744,8.4,37.9,2013-01-01 00:00:00,2013-12-31 23:00:00,2013
A941,8746,8.5,39.5,2013-01-01 00:00:00,2013-12-31 23:00:00,2013
A303,8739,18.8,34.4,2013-01-01 00:00:00,2013-12-31 23:00:00,2013
A323,7143,17.9,40.3,2013-01-23 12:00:00,2013-12-31 23:00:00,2013
A327,8041,18.1,38.4,2013-01-01 00:00:00,2013-12-31 23:00:00,2013
A353,8746,17.6,37.4,2013-01-01 00:00:00,2013-12-31 23:00:00,2013
A355,8746,19.4,34.9,2013-01-01 00:00:00,2013-12-31 23:00:00,2013
A356,8595,17.9,36.1,2013-01-01 00:00:00,2013-12-31 23:00:00,2013
A401,7674,20.1,34.6,2013-01-01 00:00:00,2013-12-31 23:00:00,2013
A402,8728,12.8,39.6,2013-01-01 00:00:00,2013-12-31 23:00:00,2013
A404,8417,12.7,37.0,2013-01-01 00:00:00,2013-12-31 23:00:00,2013
A405,7178,18.3,34.5,2013-01-01 00:00:00,2013-12-31 23:00:00,2013
A406,8737,17.4,35.7,2013-01-01 00:00:00,2013-12-31 23:00:00,2013
A407,8744,13.8,34.5,2013-01-01 00:00:00,2013-12-31 23:00:00,2013
A408,8740,15.8,37.4,2013-01-01 00:00:00,2013-12-31 23:00:00,2013
A410,7624,14.1,32.2,2013-01-01 00:00:00,2013-12-31 23:00:00,2013
A412,8746,13.8,38.1,2013-01-01 00:00:00,2013-12-31 23:00:00,2013
A413,8145,15.9,37.5,2013-01-01 00:00:00,2013-12-31 23:00:00,2013
A414,8728,10.6,34.3,2013-01-01 00:00:00,2013-12-31 23:00:00,2013
A415,8746,14.7,40.5,2013-01-01 00:00:00,2013-12-31 23:00:00,2013
A416,8746,9.7,39.2,2013-01-01 00:00:00,2013-12-31 23:00:00,2013
A418,8727,17.0,39.7,2013-01-01 00:00:00,2013-12-31 23:00:00,2013
A422,6559,20.0,31.2,2013-01-01 00:00:00,2013-12-31 23:00:00,2013
A423,8734,20.3,37.8,2013-01-01 00:00:00,2013-12-31 23:00:00,2013
A424,8314,13.6,37.0,2013-01-01 00:00:00,2013-12-31 23:00:00,2013
A425,7947,14.8,38.6,2013-01-01 00:00:00,2013-12-31 23:00:00,2013
A426,8691,18.1,38.5,2013-01-01 00:00:00,2013-12-31 23:00:00,2013
A427,8585,14.1,36.0,2013-01-01 00:00:00,2013-12-31 23:00:00,2013
A428,8716,15.4,37.7,2013-01-01 00:00:00,2013-12-31 23:00:00,2013
A429,8742,15.5,39.5,2013-01-01 00:00:00,2013-12-31 23:00:00,2013
A430,8737,12.3,32.6,2013-01-01 00:00:00,2013-12-31 23:00:00,2013
A431,8107,18.6,33.5,2013-01-01 00:00:00,2013-12-31 16:00:00,2013
A432,8746,16.8,39.5,2013-01-01 00:00:00,2013-12-31 23:00:00,2013
A433,8725,15.2,39.0,2013-01-01 00:00:00,2013-12-31 23:00:00,2013
A434,8738,16.6,35.5,2013-01-01 00:00:00,2013-12-31 23:00:00,2013
A435,8715,15.1,38.3,2013-01-01 00:00:00,2013-12-31 23:00:00,2013
A436,8264,16.1,38.7,2013-01-01 00:00:00,2013-12-31 23:00:00,2013
A437,8746,15.7,34.0,2013-01-01 00:00:00,2013-12-31 23:00:00,2013
A438,8746,18.4,31.6,2013-01-01 00:00:00,2013-12-31 23:00:00,2013
A439,7330,16.8,40.8,2013-01-01 00:00:00,2013-12-31 23:00:00,2013
A440,8304,14.7,39.2,2013-01-01 00:00:00,2013-12-31 23:00:00,2013
A441,8731,16.2,37.2,2013-01-01 00:00:00,2013-12-31 23:00:00,2013
A442,8444,16.2,41.2,2013-01-01 00:00:00,2013-12-31 23:00:00,2013
A443,7666,12.6,37.8,2013-01-01 00:00:00,2013-12-31 23:00:00,2013
A444,7739,15.0,33.4,2013-01-01 00:00:00,2013-12-31 23:00:00,2013
A445,8746,13.2,36.3,2013-01-01 00:00:00,2013-12-31 23:00:00,2013
A446,8740,11.8,38.0,2013-01-01 00:00:00,2013-12-31 23:00:00,2013
A447,8745,14.0,35.8,2013-01-01 00:00:00,2013-12-31 23:00:00,2013
A305,8740,21.6,34.0,2013-01-01 00:00:00,2013-12-31 23:00:00,2013
A306,8746,19.3,39.0,2013-01-01 00:00:00,2013-12-31 23:00:00,2013
A314,8745,16.9,30.8,2013-01-01 00:00:00,2013-12-31 23:00:00,2013
A315,8746,16.9,37.3,2013-01-01 00:00:00,2013-12-31 23:00:00,2013
A319,7640,19.0,38.4,2013-02-04 13:00:00,2013-12-31 23:00:00,2013
A324,8740,18.9,37.9,2013-01-01 00:00:00,2013-12-31 23:00:00,2013
A325,7489,19.5,38.0,2013-01-01 00:00:00,2013-12-31 23:00:00,2013
A332,7950,19.4,39.0,2013-01-01 00:00:00,2013-12-31 23:00:00,2013
A339,8743,20.2,38.1,2013-01-01 00:00:00,2013-12-31 23:00:00,2013
A342,8745,19.6,44.1,2013-01-01 00:00:00,2013-12-31 23:00:00,2013
A347,7363,17.4,37.6,2013-01-08 16:00:00,2013-12-31 23:00:00,2013
A358,8746,21.0,39.9,2013-01-01 00:00:00,2013-12-31 23:00:00,2013
A359,7722,23.0,37.2,2013-01-01 00:00:00,2013-12-31 23:00:00,2013
A360,8744,21.1,36.9,2013-01-01 00:00:00,2013-12-31 23:00:00,2013
A203,8413,21.9,34.1,2013-01-01 00:00:00,2013-12-31 23:00:00,2013
A204,7527,14.9,38.9,2013-01-10 02:00:00,2013-12-31 23:00:00,2013
A205,8745,18.4,38.8,2013-01-01 00:00:00,2013-12-31 23:00:00,2013
A206,8744,21.3,38.1,2013-01-01 00:00:00,2013-12-31 23:00:00,2013
A207,8746,18.9,38.6,2013-01-01 00:00:00,2013-12-31 23:00:00,2013
A217,8744,22.3,32.6,2013-01-01 00:00:00,2013-12-31 23:00:00,2013
A218,7184,21.9,32.3,2013-01-01 00:00:00,2013-12-31 23:00:00,2013
A219,8746,22.1,35.3,2013-01-01 00:00:00,2013-12-31 23:00:00,2013
A220,6163,20.6,38.9,2013-01-01 00:00:00,2013-12-31 23:00:00,2013
A221,8635,18.1,39.3,2013-01-01 00:00:00,2013-12-31 23:00:00,2013
A222,8729,16.7,40.3,2013-01-01 00:00:00,2013-12-31 23:00:00,2013
A223,7597,14.3,40.4,2013-01-01 00:00:00,2013-12-31 23:00:00,2013
A224,8743,14.3,39.0,2013-01-01 00:00:00,2013-12-31 23:00:00,2013
A225,8738,17.6,38.5,2013-01-01 00:00:00,2013-12-31 23:00:00,2013
A237,7679,18.1,39.3,2013-01-01 12:00:00,2013-12-31 23:00:00,2013
A238,8722,19.0,43.4,2013-01-01 00:00:00,2013-12-31 23:00:00,2013
A310,8577,17.4,33.3,2013-01-01 00:00:00,2013-12-31 23:00:00,2013
A313,7136,17.4,34.9,2013-01-01 00:00:00,2013-12-31 23:00:00,2013
A320,8063,20.3,33.2,2013-01-01 00:00:00,2013-12-31 23:00:00,2013
A321,7856,18.7,39.1,2013-01-01 00:00:00,2013-12-31 23:00:00,2013
A333,8639,16.4,38.2,2013-01-01 00:00:00,2013-12-31 23:00:00,2013
A334,8744,15.2,35.9,2013-01-01 00:00:00,2013-12-31 23:00:00,2013
A348,7726,13.8,37.8,2013-01-01 11:00:00,2013-12-31 23:00:00,2013
A352,8739,19.6,34.0,2013-01-01 00:00:00,2013-12-31 23:00:00,2013
A301,8735,19.0,34.1,2013-01-01 00:00:00,2013-12-31 23:00:00,2013
A307,8742,18.6,39.1,2013-01-01 00:00:00,2013-12-31 23:00:00,2013
A309,7721,14.8,36.6,2013-01-01 00:00:00,2013-12-31 23:00:00,2013
A322,8615,15.4,33.9,2013-01-01 00:00:00,2013-12-31 23:00:00,2013
A328,8026,16.8,35.8,2013-01-01 00:00:00,2013-12-31 23:00:00,2013
A329,8391,18.6,39.2,2013-01-01 00:00:00,2013-12-31 23:00:00,2013
A341,8366,14.1,35.3,2013-01-01 00:00:00,2013-12-31 23:00:00,2013
A349,8746,16.3,38.7,2013-01-01 00:00:00,2013-12-31 23:00:00,2013
A350,8746,18.1,40.0,2013-01-01 00:00:00,2013-12-31 23:00:00,2013
A351,8737,18.6,41.2,2013-01-01 00:00:00,2013-12-31 23:00:00,2013
A357,8744,18.0,36.5,2013-01-01 00:00:00,2013-12-31 23:00:00,2013
A366,7833,18.0,38.1,2013-01-01 00:00:00,2013-12-31 23:00:00,2013
A308,7750,20.6,38.1,2013-01-01 00:00:00,2013-12-31 23:00:00,2013
A311,8740,18.8,41.1,2013-01-01 00:00:00,2013-12-31 23:00:00,2013
A312,7823,19.7,39.8,2013-01-01 00:00:00,2013-12-31 23:00:00,2013
A326,8683,17.1,40.8,2013-01-01 00:00:00,2013-12-31 23:00:00,2013
A330,8016,20.4,39.3,2013-01-01 10:00:00,2013-12-31 23:00:00,2013
A331,8739,20.4,41.0,2013-01-01 00:00:00,2013-12-31 23:00:00,2013
A335,8739,19.7,39.7,2013-01-01 00:00:00,2013-12-31 23:00:00,2013
A336,8117,18.1,41.7,2013-01-01 00:00:00,2013-12-31 23:00:00,2013
A337,7436,15.2,39.4,2013-01-01 12:00:00,2013-12-31 23:00:00,2013
A338,8745,19.3,41.4,2013-01-01 00:00:00,2013-12-31 23:00:00,2013
A343,8745,19.1,41.1,2013-01-01 00:00:00,2013-12-31 23:00:00,2013
A345,8647,15.9,40.3,2013-01-01 00:00:00,2013-12-31 23:00:00,2013
A346,8746,18.7,40.8,2013-01-01 00:00:00,2013-12-31 23:00:00,2013
A354,8745,14.0,42.1,2013-01-01 00:00:00,2013-12-31 23:00:00,2013
A361,7815,16.1,40.1,2013-01-01 00:00:00,2013-12-31 23:00:00,2013
A362,8602,19.4,39.5,2013-01-01 00:00:00,2013-12-31 23:00:00,2013
A363,8745,18.5,40.4,2013-01-01 00:00:00,2013-12-31 23:00:00,2013
A364,7597,19.7,40.0,2013-01-01 00:00:00,2013-12-31 23:00:00,2013
A365,8346,18.7,40.2,2013-01-01 00:00:00,2013-12-31 23:00:00,2013
A304,8126,20.8,32.9,2013-01-01 00:00:00,2013-12-31 23:00:00,2013
A316,8746,19.5,39.1,2013-01-01 00:00:00,2013-12-31 23:00:00,2013
A317,8746,20.2,38.9,2013-01-01 00:00:00,2013-12-31 23:00:00,2013
A318,8521,18.2,37.0,2013-01-01 00:00:00,2013-12-31 23:00:00,2013
A340,7934,19.8,38.8,2013-01-01 00:00:00,2013-12-31 23:00:00,2013
A344,5857,20.6,32.6,2013-01-22 13:00:00,2013-12-31 23:00:00,2013
A367,8744,16.6,37.6,2013-01-01 00:00:00,2013-12-31 23:00:00,2013
A409,8737,20.8,41.0,2013-01-01 00:00:00,2013-12-31 23:00:00,2013
A417,8725,18.3,36.0,2013-01-01 00:00:00,2013-12-31 23:00:00,2013
A419,7782,15.4,37.3,2013-01-01 00:00:00,2013-12-31 23:00:00,2013
A420,7380,17.6,37.6,2013-01-01 00:00:00,2013-12-31 23:00:00,2013
A421,8727,19.9,35.4,2013-01-01 00:00:00,2013-12-31 23:00:00,2013
A102,2329,21.1,34.4,2013-01-04 07:00:00,2013-06-10 14:00:00,2013
A104,8628,9.3,36.6,2013-01-01 00:00:00,2013-12-31 23:00:00,2013
A136,8235,13.5,35.7,2013-01-01 00:00:00,2013-12-31 23:00:00,2013
A137,7521,12.7,37.8,2013-01-01 00:00:00,2013-11-10 22:00:00,2013
A138,8745,12.9,35.7,2013-01-01 00:00:00,2013-12-31 23:00:00,2013
A140,8408,8.8,35.6,2013-01-01 00:00:00,2013-12-31 21:00:00,2013
A101,8624,21.7,36.3,2013-01-01 00:00:00,2013-12-31 23:00:00,2013
A109,7969,13.4,35.2,2013-01-01 00:00:00,2013-12-31 23:00:00,2013
A110,8705,11.5,37.4,2013-01-01 00:00:00,2013-12-31 23:00:00,2013
A111,8746,14.1,36.6,2013-01-01 00:00:00,2013-12-31 23:00:00,2013
A112,3226,22.0,34.8,2013-01-01 00:00:00,2013-08-26 12:00:00,2013
A113,8726,18.0,36.6,2013-01-01 00:00:00,2013-12-31 23:00:00,2013
A117,8425,20.1,36.0,2013-01-01 00:00:00,2013-12-31 23:00:00,2013
A119,8720,21.9,36.5,2013-01-01 00:00:00,2013-12-31 23:00:00,2013
A120,8338,21.8,36.6,2013-01-01 00:00:00,2013-12-31 23:00:00,2013
A121,8612,21.9,35.7,2013-01-01 00:00:00,2013-12-31 23:00:00,2013
A122,8709,21.7,35.0,2013-01-01 00:00:00,2013-12-31 23:00:00,2013
A123,8490,22.1,34.7,2013-01-01 03:00:00,2013-12-31 23:00:00,2013
A124,8745,21.9,37.3,2013-01-01 00:00:00,2013-12-31 23:00:00,2013
A125,8712,20.4,36.2,2013-01-01 00:00:00,2013-12-31 23:00:00,2013
A126,8745,19.8,37.0,2013-01-01 00:00:00,2013-12-31 23:00:00,2013
A128,6973,20.4,39.6,2013-01-01 00:00:00,2013-12-31 23:00:00,2013
A133,8038,18.8,36.2,2013-01-01 00:00:00,2013-12-31 23:00:00,2013
A134,8745,18.9,36.3,2013-01-01 00:00:00,2013-12-31 23:00:00,2013
A242,5855,21.1,36.1,2013-01-01 00:00:00,2013-12-31 23:00:00,2013
A249,367,22.3,33.0,2013-12-16 17:00:00,2013-12-31 23:00:00,2013
A201,8733,21.8,34.6,2013-01-01 00:00:00,2013-12-31 23:00:00,2013
A202,8739,21.5,34.8,2013-01-01 00:00:00,2013-12-31 23:00:00,2013
A209,8746,20.3,33.5,2013-01-01 00:00:00,2013-12-31 23:00:00,2013
A210,8103,20.0,35.8,2013-01-01 03:00:00,2013-12-31 23:00:00,2013
A211,7555,19.0,35.2,2013-01-01 00:00:00,2013-12-31 23:00:00,2013
A212,8736,19.3,35.3,2013-01-01 00:00:00,2013-12-31 23:00:00,2013
A213,7652,20.3,35.6,2013-01-01 00:00:00,2013-12-31 20:00:00,2013
A214,8738,18.0,38.2,2013-01-01 00:00:00,2013-12-31 23:00:00,2013
A215,8032,21.6,32.5,2013-01-01 00:00:00,2013-12-25 21:00:00,2013
A226,8686,21.8,34.4,2013-01-01 00:00:00,2013-12-31 23:00:00,2013
A227,8746,22.3,32.6,2013-01-01 00:00:00,2013-12-31 23:00:00,2013
A229,8732,20.6,34.6,2013-01-01 00:00:00,2013-12-31 23:00:00,2013
A230,7068,18.8,31.9,2013-01-01 00:00:00,2013-12-31 23:00:00,2013
A231,5403,21.8,35.5,2013-01-01 00:00:00,2013-12-31 23:00:00,2013
A232,8746,21.3,36.1,2013-01-01 00:00:00,2013-12-31 23:00:00,2013
A233,8746,16.3,39.8,2013-01-01 00:00:00,2013-12-31 23:00:00,2013
A235,8741,20.1,35.7,2013-01-01 00:00:00,2013-12-31 23:00:00,2013
A236,8734,22.2,34.8,2013-01-01 00:00:00,2013-12-31 23:00:00,2013
A239,8639,21.8,34.4,2013-01-01 00:00:00,2013-12-31 23:00:00,2013
A240,8746,18.9,35.7,2013-01-01 00:00:00,2013-12-31 23:00:00,2013
A241,8746,18.3,40.5,2013-01-01 00:00:00,2013-12-31 23:00:00,2013
A246,8745,19.6,35.1,2013-01-01 00:00:00,2013-12-31 23:00:00,2013
A248,8738,20.0,35.0,2013-01-01 00:00:00,2013-12-31 23:00:00,2013
A925,6659,13.5,35.9,2013-02-05 14:00:00,2013-12-31 23:00:00,2013
A938,8743,8.2,35.9,2013-01-01 00:00:00,2013-12-31 23:00:00,2013
A939,7462,12.1,37.8,2013-01-01 00:00:00,2013-12-31 23:00:00,2013
A940,8743,13.4,40.1,2013-01-01 00:00:00,2013-12-31 23:00:00,2013
A135,8746,21.2,37.9,2013-01-01 00:00:00,2013-12-31 23:00:00,2013
A009,7847,18.5,40.8,2013-01-01 10:00:00,2013-12-31 23:00:00,2013
A010,7139,14.3,39.7,2013-01-01 00:00:00,2013-12-31 23:00:00,2013
A018,7694,15.3,39.3,2013-01-01 00:00:00,2013-12-29 19:00:00,2013
A019,8746,14.3,39.3,2013-01-01 00:00:00,2013-12-31 23:00:00,2013
A020,8330,18.2,39.4,2013-01-01 00:00:00,2013-12-31 23:00:00,2013
A021,3718,19.5,37.5,2013-01-01 00:00:00,2013-12-31 23:00:00,2013
A038,8745,16.6,36.3,2013-01-01 00:00:00,2013-12-31 23:00:00,2013
A039,8326,17.5,41.2,2013-01-01 00:00:00,2013-12-31 23:00:00,2013
A040,8030,13.3,36.3,2013-01-30 19:00:00,2013-12-31 23:00:00,2013
A041,8745,15.7,38.9,2013-01-01 00:00:00,2013-12-31 23:00:00,2013
A043,8458,18.0,37.5,2013-01-01 00:00:00,2013-12-31 18:00:00,2013
A044,8745,19.0,44.7,2013-01-01 00:00:00,2013-12-31 23:00:00,2013
A612,8735,13.9,36.5,2013-01-01 00:00:00,2013-12-31 23:00:00,2013
A613,8010,10.6,30.6,2013-01-01 00:00:00,2013-12-31 23:00:00,2013
A614,7574,15.1,37.1,2013-01-01 00:00:00,2013-12-31 23:00:00,2013
A615,8740,14.6,38.1,2013-01-01 00:00:00,2013-12-31 23:00:00,2013
A616,8741,14.2,37.0,2013-01-01 00:00:00,2013-12-31 23:00:00,2013
A617,8746,12.2,38.6,2013-01-01 00:00:00,2013-12-31 23:00:00,2013
A622,8356,15.0,36.4,2013-01-01 00:00:00,2013-12-16 00:00:00,2013
A623,8739,14.0,38.8,2013-01-01 00:00:00,2013-12-31 23:00:00,2013
A657,8737,11.4,35.5,2013-01-01 00:00:00,2013-12-31 23:00:00,2013
A502,8738,7.8,31.4,2013-01-01 00:00:00,2013-12-31 23:00:00,2013
A505,7557,8.2,33.6,2013-01-01 00:00:00,2013-12-31 23:00:00,2013
A506,8745,12.1,37.9,2013-01-01 00:00:00,2013-12-31 23:00:00,2013
A507,8733,7.6,34.9,2013-01-01 00:00:00,2013-12-31 23:00:00,2013
A508,8739,14.0,39.3,2013-01-01 00:00:00,2013-12-31 23:00:00,2013
A509,8746,-0.4,28.4,2013-01-01 00:00:00,2013-12-31 23:00:00,2013
A510,8742,6.8,34.5,2013-01-01 00:00:00,2013-12-31 23:00:00,2013
A511,7573,12.8,36.8,2013-02-18 20:00:00,2013-12-31 23:00:00,2013
A512,8741,7.0,38.4,2013-01-01 00:00:00,2013-12-31 23:00:00,2013
A513,8733,9.5,38.6,2013-01-01 00:00:00,2013-12-31 23:00:00,2013
A514,8465,6.2,33.2,2013-01-01 00:00:00,2013-12-20 20:00:00,2013
A515,8745,6.4,32.7,2013-01-01 00:00:00,2013-12-31 23:00:00,2013
A516,8739,5.0,35.0,2013-01-01 00:00:00,2013-12-31 23:00:00,2013
A517,8736,12.7,38.2,2013-01-01 00:00:00,2013-12-31 23:00:00,2013
A518,8739,8.4,33.0,2013-01-01 00:00:00,2013-12-31 23:00:00,2013
A519,8603,5.5,38.1,2013-01-01 00:00:00,2013-12-31 23:00:00,2013
A520,6826,6.0,38.6,2013-03-21 17:00:00,2013-12-31 23:00:00,2013
A521,8739,12.0,36.0,2013-01-01 00:00:00,2013-12-31 23:00:00,2013
A522,8745,13.2,39.2,2013-01-01 00:00:00,2013-12-31 23:00:00,2013
A523,8746,5.6,34.7,2013-01-01 00:00:00,2013-12-31 23:00:00,2013
A524,8706,7.7,33.4,2013-01-01 00:00:00,2013-12-31 23:00:00,2013
A525,8733,6.1,34.4,2013-01-01 00:00:00,2013-12-31 23:00:00,2013
A526,8746,6.9,39.5,2013-01-01 00:00:00,2013-12-31 23:00:00,2013
A527,8740,13.0,36.6,2013-01-01 00:00:00,2013-12-31 23:00:00,2013
A528,8746,10.6,35.2,2013-01-01 00:00:00,2013-12-31 23:00:00,2013
A529,8736,5.8,32.5,2013-01-01 00:00:00,2013-12-31 23:00:00,2013
A530,8732,0.6,32.1,2013-01-01 00:00:00,2013-12-31 23:00:00,2013
A531,8731,1.5,29.4,2013-01-01 00:00:00,2013-12-31 23:00:00,2013
A532,8436,10.8,39.4,2013-01-01 00:00:00,2013-12-31 23:00:00,2013
A533,8688,6.9,35.7,2013-01-01 00:00:00,2013-12-31 23:00:00,2013
A534,8746,14.1,37.3,2013-01-01 00:00:00,2013-12-31 23:00:00,2013
A535,8738,5.7,35.9,2013-01-01 00:00:00,2013-12-31 23:00:00,2013
A536,8734,8.9,36.1,2013-01-01 00:00:00,2013-12-31 23:00:00,2013
A537,8740,8.8,31.3,2013-01-01 00:00:00,2013-12-31 23:00:00,2013
A538,8739,9.5,36.7,2013-01-01 00:00:00,2013-12-31 23:00:00,2013
A539,6318,11.7,39.7,2013-01-01 00:00:00,2013-12-31 23:00:00,2013
A540,8024,12.5,37.9,2013-01-01 00:00:00,2013-12-31 23:00:00,2013
A541,8746,9.6,34.9,2013-01-01 00:00:00,2013-12-31 23:00:00,2013
A542,7528,11.3,38.0,2013-02-20 18:00:00,2013-12-31 23:00:00,2013
A543,7559,14.2,38.4,2013-01-01 00:00:00,2013-12-31 23:00:00,2013
A544,7781,12.9,35.6,2013-01-01 00:00:00,2013-12-31 23:00:00,2013
A545,8675,10.6,37.9,2013-01-01 00:00:00,2013-12-31 23:00:00,2013
A546,8746,8.9,34.6,2013-01-01 00:00:00,2013-12-31 23:00:00,2013
A547,8118,10.3,45.0,2013-01-01 00:00:00,2013-12-28 00:00:00,2013
A548,8643,13.6,36.4,2013-01-01 00:00:00,2013-12-31 23:00:00,2013
A549,8740,6.7,37.0,2013-01-01 00:00:00,2013-12-31 23:00:00,2013
A550,8733,14.1,41.0,2013-01-01 00:00:00,2013-12-31 23:00:00,2013
A551,8738,9.5,36.2,2013-01-01 00:00:00,2013-12-31 23:00:00,2013
A552,8734,10.1,39.5,2013-01-01 00:00:00,2013-12-31 23:00:00,2013
A553,8744,12.0,35.1,2013-01-01 00:00:00,2013-12-31 23:00:00,2013
A554,7921,11.0,38.1,2013-01-01 00:00:00,2013-12-31 23:00:00,2013
A555,8742,10.7,32.4,2013-01-01 00:00:00,2013-12-31 23:00:00,2013
A556,8463,6.5,32.1,2013-01-01 00:00:00,2013-12-31 23:00:00,2013
A557,8639,7.9,36.9,2013-01-01 00:00:00,2013-12-31 23:00:00,2013
A601,8723,11.2,39.1,2013-01-01 00:00:00,2013-12-31 23:00:00,2013
A602,8720,12.9,40.5,2013-01-01 00:00:00,2013-12-31 23:00:00,2013
A603,8635,9.9,40.5,2013-01-01 00:00:00,2013-12-31 23:00:00,2013
A604,8745,10.5,38.7,2013-01-01 00:00:00,2013-12-31 23:00:00,2013
A606,8724,15.9,31.7,2013-01-01 00:00:00,2013-12-31 23:00:00,2013
A607,8293,13.3,38.7,2013-01-01 00:00:00,2013-12-31 23:00:00,2013
A608,7024,13.3,39.7,2013-01-01 00:00:00,2013-12-31 23:00:00,2013
A609,6825,7.5,36.4,2013-02-28 19:00:00,2013-12-11 04:00:00,2013
A610,8739,2.9,25.9,2013-01-01 00:00:00,2013-12-31 23:00:00,2013
A611,8737,8.5,37.4,2013-01-01 00:00:00,2013-12-31 23:00:00,2013
A618,8731,6.5,32.1,2013-01-01 00:00:00,2013-12-31 23:00:00,2013
A619,7414,10.9,36.5,2013-01-01 13:00:00,2013-12-31 23:00:00,2013
A620,8738,14.8,34.9,2013-01-01 00:00:00,2013-12-31 23:00:00,2013
A621,8710,10.4,40.1,2013-01-01 00:00:00,2013-12-31 23:00:00,2013
A624,8742,1.5,31.8,2013-01-01 00:00:00,2013-12-31 23:00:00,2013
A652,8731,14.7,39.7,2013-01-01 00:00:00,2013-12-31 23:00:00,2013
A701,8713,6.0,34.5,2013-01-01 00:00:00,2013-12-31 23:00:00,2013
A705,6994,7.6,35.6,2013-01-01 00:00:00,2013-12-31 23:00:00,2013
A706,8733,0.7,28.1,2013-01-01 00:00:00,2013-12-31 23:00:00,2013
A707,8738,4.0,36.7,2013-01-01 00:00:00,2013-12-31 23:00:00,2013
A708,8730,6.5,33.2,2013-01-01 00:00:00,2013-12-31 23:00:00,2013
A711,8739,4.1,33.4,2013-01-01 00:00:00,2013-12-31 23:00:00,2013
A712,8417,5.9,37.3,2013-01-01 00:00:00,2013-12-18 14:00:00,2013
A713,8606,5.6,35.8,2013-01-01 00:00:00,2013-12-31 23:00:00,2013
A714,8719,1.1,34.5,2013-01-01 00:00:00,2013-12-31 23:00:00,2013
A715,6929,2.4,35.3,2013-01-01 00:00:00,2013-12-31 23:00:00,2013
A716,8745,2.0,37.3,2013-01-01 00:00:00,2013-12-31 23:00:00,2013
A718,5814,-0.7,37.1,2013-01-01 01:00:00,2013-12-25 23:00:00,2013
A725,7279,2.7,33.7,2013-01-01 00:00:00,2013-12-31 23:00:00,2013
A726,8733,5.7,35.8,2013-01-01 00:00:00,2013-12-31 23:00:00,2013
A727,8737,5.8,39.3,2013-01-01 00:00:00,2013-12-31 23:00:00,2013
A728,7757,5.5,36.1,2013-01-01 00:00:00,2013-12-31 23:00:00,2013
A729,2226,17.8,36.6,2013-01-01 00:00:00,2013-04-04 11:00:00,2013
A733,8740,6.1,37.5,2013-01-01 00:00:00,2013-12-31 23:00:00,2013
A734,8745,1.4,43.9,2013-01-01 00:00:00,2013-12-31 23:00:00,2013
A735,8746,2.3,37.4,2013-01-01 00:00:00,2013-12-31 23:00:00,2013
A736,8737,2.9,36.5,2013-01-01 00:00:00,2013-12-31 23:00:00,2013
A737,8036,3.7,36.5,2013-01-01 00:00:00,2013-12-31 23:00:00,2013
A738,8643,5.4,35.0,2013-01-01 00:00:00,2013-12-31 23:00:00,2013
A739,8745,5.5,35.7,2013-01-01 00:00:00,2013-12-31 23:00:00,2013
A740,8639,5.1,33.0,2013-01-01 00:00:00,2013-12-31 23:00:00,2013
A741,8726,5.1,37.3,2013-01-01 00:00:00,2013-12-31 23:00:00,2013
A746,7223,-0.3,33.7,2013-01-01 00:00:00,2013-12-31 23:00:00,2013
A747,8721,3.6,37.1,2013-01-01 00:00:00,2013-12-31 23:00:00,2013
A748,8745,5.1,37.7,2013-01-01 00:00:00,2013-12-31 23:00:00,2013
A753,8736,4.0,37.4,2013-01-01 00:00:00,2013-12-31 23:00:00,2013
A755,8745,4.9,34.7,2013-01-01 00:00:00,2013-12-31 23:00:00,2013
A807,8548,6.3,33.9,2013-01-01 00:00:00,2013-12-31 23:00:00,2013
A818,8743,-1.7,33.9,2013-01-01 00:00:00,2013-12-31 23:00:00,2013
A819,8434,-2.5,31.6,2013-01-01 00:00:00,2013-12-31 23:00:00,2013
A820,8363,0.1,36.8,2013-01-01 00:00:00,2013-12-31 22:00:00,2013
A821,8552,2.0,36.0,2013-01-01 00:00:00,2013-12-31 23:00:00,2013
A822,8493,0.1,33.8,2013-01-01 00:00:00,2013-12-31 23:00:00,2013
A823,8564,-3.8,29.5,2013-01-01 00:00:00,2013-12-31 23:00:00,2013
A824,8593,2.5,36.8,2013-01-01 00:00:00,2013-12-31 23:00:00,2013
A835,8745,1.9,35.6,2013-01-01 00:00:00,2013-12-31 23:00:00,2013
A842,8276,1.6,33.8,2013-01-01 00:00:00,2013-12-31 23:00:00,2013
A843,8554,-1.0,34.2,2013-01-01 00:00:00,2013-12-31 23:00:00,2013
A846,7808,0.8,39.1,2013-01-01 00:00:00,2013-12-31 23:00:00,2013
A847,4955,10.7,37.3,2013-01-01 00:00:00,2013-12-31 23:00:00,2013
A849,8738,2.2,38.4,2013-01-01 00:00:00,2013-12-31 23:00:00,2013
A850,8746,2.5,37.3,2013-01-01 00:00:00,2013-12-31 23:00:00,2013
A855,7394,0.8,36.3,2013-01-01 00:00:00,2013-12-31 23:00:00,2013
A869,7680,2.7,37.1,2013-01-01 00:00:00,2013-12-31 23:00:00,2013
A871,8747,1.0,34.9,2013-01-01 00:00:00,2013-12-31 23:00:00,2013
A872,8746,-1.8,30.6,2013-01-01 00:00:00,2013-12-31 23:00:00,2013
A873,8735,2.4,38.3,2013-01-01 00:00:00,2013-12-31 23:00:00,2013
A874,8646,-3.6,33.6,2013-01-01 00:00:00,2013-12-31 23:00:00,2013
A875,8743,-1.6,34.3,2013-01-01 00:00:00,2013-12-31 23:00:00,2013
A876,8144,-2.9,31.6,2013-01-01 00:00:00,2013-12-31 23:00:00,2013
A801,8631,1.7,38.9,2013-01-01 00:00:00,2013-12-31 23:00:00,2013
A802,8746,2.1,36.5,2013-01-01 00:00:00,2013-12-31 23:00:00,2013
A803,8742,0.2,38.8,2013-01-01 00:00:00,2013-12-31 23:00:00,2013
A804,6787,1.8,36.1,2013-01-01 00:00:00,2013-12-17 16:00:00,2013
A805,8160,-0.4,35.4,2013-01-01 00:00:00,2013-12-07 15:00:00,2013
A808,8737,2.5,33.4,2013-01-01 00:00:00,2013-12-31 23:00:00,2013
A809,8745,0.9,39.5,2013-01-01 00:00:00,2013-12-31 23:00:00,2013
A810,7827,-1.9,37.4,2013-01-01 00:00:00,2013-12-31 20:00:00,2013
A811,8738,-0.5,38.0,2013-01-01 01:00:00,2013-12-31 23:00:00,2013
A812,8624,-0.4,36.7,2013-01-01 00:00:00,2013-12-31 23:00:00,2013
A813,8127,3.6,38.5,2013-01-01 00:00:00,2013-12-31 23:00:00,2013
A826,7732,-0.1,39.2,2013-01-01 00:00:00,2013-12-31 23:00:00,2013
A827,8746,-0.1,38.3,2013-01-01 00:00:00,2013-12-31 23:00:00,2013
A828,8746,-1.3,33.7,2013-01-01 00:00:00,2013-12-31 23:00:00,2013
A829,8742,-3.6,29.7,2013-01-01 00:00:00,2013-12-31 23:00:00,2013
A830,8738,0.9,37.3,2013-01-01 00:00:00,2013-12-31 23:00:00,2013
A831,8738,-2.2,39.8,2013-01-01 00:00:00,2013-12-31 23:00:00,2013
A832,8738,0.0,39.1,2013-01-01 00:00:00,2013-12-31 23:00:00,2013
A833,7512,-0.2,37.3,2013-01-01 00:00:00,2013-12-31 23:00:00,2013
A834,8730,3.9,36.3,2013-01-01 00:00:00,2013-12-31 23:00:00,2013
A836,8746,0.5,40.4,2013-01-01 00:00:00,2013-12-31 23:00:00,2013
A837,8740,-1.2,35.6,2013-01-01 00:00:00,2013-12-31 23:00:00,2013
A838,8739,1.0,38.0,2013-01-01 00:00:00,2013-12-31 23:00:00,2013
A839,8735,-1.0,35.9,2013-01-01 00:00:00,2013-12-31 23:00:00,2013
A840,8745,-0.5,35.1,2013-01-01 00:00:00,2013-12-31 23:00:00,2013
A844,8746,-2.2,33.6,2013-01-01 00:00:00,2013-12-31 23:00:00,2013
A852,8728,1.4,38.9,2013-01-01 00:00:00,2013-12-31 23:00:00,2013
A853,8737,-1.5,37.7,2013-01-01 00:00:00,2013-12-31 23:00:00,2013
A854,8739,-0.5,35.9,2013-01-01 00:00:00,2013-12-31 23:00:00,2013
A856,8727,-1.2,34.6,2013-01-01 00:00:00,2013-12-31 23:00:00,2013
A878,8745,3.5,35.9,2013-01-01 00:00:00,2013-12-31 23:00:00,2013
A879,8723,-0.9,33.2,2013-01-01 00:00:00,2013-12-31 23:00:00,2013
A880,8721,-2.3,33.2,2013-01-01 00:00:00,2013-12-31 23:00:00,2013
A881,8180,1.2,38.7,2013-01-01 00:00:00,2013-12-31 23:00:00,2013
A882,8726,1.6,39.3,2013-01-01 00:00:00,2013-12-31 23:00:00,2013
A883,7712,6.2,37.6,2013-01-01 00:00:00,2013-12-31 23:00:00,2013
A884,702,14.6,40.9,2013-12-02 18:00:00,2013-12-31 23:00:00,2013
A899,8746,0.7,39.9,2013-01-01 00:00:00,2013-12-31 23:00:00,2013
A806,8729,4.4,36.7,2013-01-01 00:00:00,2013-12-31 23:00:00,2013
A814,8746,0.9,38.2,2013-01-01 00:00:00,2013-12-31 23:00:00,2013
A815,8124,-3.3,29.0,2013-01-01 00:00:00,2013-12-31 23:00:00,2013
A816,8679,-1.7,30.8,2013-01-01 00:00:00,2013-12-31 23:00:00,2013
A817,8746,2.2,38.8,2013-01-01 00:00:00,2013-12-31 23:00:00,2013
A841,8746,-2.1,34.8,2013-01-01 00:00:00,2013-12-31 23:00:00,2013
A845,8718,-7.6,23.2,2013-01-01 00:00:00,2013-12-31 23:00:00,2013
A848,6311,-8.2,40.5,2013-01-01 00:00:00,2013-12-31 23:00:00,2013
A851,7858,0.4,37.5,2013-01-01 00:00:00,2013-12-31 23:00:00,2013
A857,6841,-0.2,33.7,2013-01-01 00:00:00,2013-12-31 23:00:00,2013
A858,8325,1.8,33.5,2013-01-01 00:00:00,2013-12-31 23:00:00,2013
A859,8694,-1.2,33.5,2013-01-01 00:00:00,2013-12-31 23:00:00,2013
A860,8746,-3.1,34.0,2013-01-01 00:00:00,2013-12-31 23:00:00,2013
A861,8746,-1.7,34.8,2013-01-01 00:00:00,2013-12-31 23:00:00,2013
A862,8703,-2.9,35.8,2013-01-01 00:00:00,2013-12-31 23:00:00,2013
A863,7966,-1.6,37.5,2013-01-01 00:00:00,2013-12-31 23:00:00,2013
A864,8738,-2.5,33.3,2013-01-01 00:00:00,2013-12-31 23:00:00,2013
A866,8738,5.4,30.8,2013-01-01 00:00:00,2013-12-31 23:00:00,2013
A867,7996,4.5,35.6,2013-01-02 13:00:00,2013-12-31 23:00:00,2013
A868,8740,2.0,37.6,2013-01-01 00:00:00,2013-12-31 23:00:00,2013
A001,8760,11.6,34.5,2014-01-01 00:00:00,2014-12-31 23:00:00,2014
A045,8758,8.4,36.1,2014-01-01 00:00:00,2014-12-31 23:00:00,2014
A046,1888,16.5,35.6,2014-10-13 14:00:00,2014-12-31 23:00:00,2014
A002,8760,10.3,39.1,2014-01-01 00:00:00,2014-12-31 23:00:00,2014
A003,8758,9.3,38.7,2014-01-01 00:00:00,2014-12-31 23:00:00,2014
A011,8726,10.1,41.3,2014-01-01 00:00:00,2014-12-31 23:00:00,2014
A012,6837,11.9,36.6,2014-01-01 00:00:00,2014-12-31 23:00:00,2014
A013,8483,12.8,40.9,2014-01-01 00:00:00,2014-12-30 14:00:00,2014
A014,8751,15.2,40.9,2014-01-01 00:00:00,2014-12-31 23:00:00,2014
A015,8759,9.9,38.0,2014-01-01 00:00:00,2014-12-31 23:00:00,2014
A016,8760,8.7,38.9,2014-01-01 00:00:00,2014-12-31 23:00:00,2014
A017,8760,14.5,36.8,2014-01-01 00:00:00,2014-12-31 23:00:00,2014
A022,8125,14.7,38.3,2014-01-01 00:00:00,2014-12-31 23:00:00,2014
A023,8759,11.2,38.1,2014-01-01 00:00:00,2014-12-31 23:00:00,2014
A024,8581,12.3,33.5,2014-01-01 00:00:00,2014-12-31 23:00:00,2014
A025,7583,10.5,38.5,2014-01-01 00:00:00,2014-12-31 23:00:00,2014
A026,8760,7.3,38.8,2014-01-01 00:00:00,2014-12-31 23:00:00,2014
A027,6419,11.1,39.2,2014-01-01 00:00:00,2014-12-31 23:00:00,2014
A028,8755,12.6,39.5,2014-01-01 00:00:00,2014-12-31 23:00:00,2014
A032,8760,16.7,41.7,2014-01-01 00:00:00,2014-12-31 23:00:00,2014
A033,8759,9.2,39.3,2014-01-01 00:00:00,2014-12-31 23:00:00,2014
A034,8750,11.8,37.5,2014-01-01 00:00:00,2014-12-31 23:00:00,2014
A035,7749,10.3,36.5,2014-01-01 00:00:00,2014-12-31 23:00:00,2014
A036,8758,11.0,34.4,2014-01-01 00:00:00,2014-12-31 23:00:00,2014
A037,8283,11.1,37.2,2014-01-01 00:00:00,2014-12-31 23:00:00,2014
A702,8760,8.2,40.2,2014-01-01 00:00:00,2014-12-31 23:00:00,2014
A703,8760,4.7,37.7,2014-01-01 00:00:00,2014-12-31 23:00:00,2014
A704,8747,9.8,42.5,2014-01-01 00:00:00,2014-12-31 23:00:00,2014
A709,7741,8.5,40.3,2014-02-12 11:00:00,2014-12-31 23:00:00,2014
A710,8512,9.1,41.4,2014-01-01 00:00:00,2014-12-31 23:00:00,2014
A717,3813,12.7,39.3,2014-01-01 00:00:00,2014-12-31 23:00:00,2014
A719,2709,9.4,38.5,2014-01-01 00:00:00,2014-12-31 23:00:00,2014
A720,8760,11.4,42.9,2014-01-01 00:00:00,2014-12-31 23:00:00,2014
A721,8760,6.8,40.3,2014-01-01 00:00:00,2014-12-31 23:00:00,2014
A722,8760,8.3,40.9,2014-01-01 00:00:00,2014-12-31 23:00:00,2014
A723,7705,6.7,42.7,2014-02-13 23:00:00,2014-12-31 23:00:00,2014
A724,8760,11.5,39.1,2014-01-01 00:00:00,2014-12-31 23:00:00,2014
A730,8760,8.9,37.6,2014-01-01 00:00:00,2014-12-31 23:00:00,2014
A731,8760,5.3,41.1,2014-01-01 00:00:00,2014-12-31 23:00:00,2014
A732,7192,9.1,35.0,2014-01-01 00:00:00,2014-12-31 15:00:00,2014
A742,8760,9.6,40.7,2014-01-01 00:00:00,2014-12-31 23:00:00,2014
A743,8759,4.3,40.9,2014-01-01 00:00:00,2014-12-31 23:00:00,2014
A749,8760,6.8,41.0,2014-01-01 00:00:00,2014-12-31 23:00:00,2014
A750,7903,3.3,40.2,2014-01-01 00:00:00,2014-12-31 23:00:00,2014
A751,8422,7.0,38.3,2014-01-01 00:00:00,2014-12-31 23:00:00,2014
A752,7170,5.1,40.4,2014-01-01 00:00:00,2014-12-31 23:00:00,2014
A754,8760,6.1,39.5,2014-01-01 00:00:00,2014-12-31 23:00:00,2014
A756,8760,6.8,42.5,2014-01-01 00:00:00,2014-12-31 23:00:00,2014
A757,8538,5.3,40.5,2014-01-01 00:00:00,2014-12-31 23:00:00,2014
A758,8622,5.3,41.4,2014-01-01 00:00:00,2014-12-31 23:00:00,2014
A759,8760,10.5,39.1,2014-01-01 00:00:00,2014-12-31 23:00:00,2014
A760,8755,9.9,38.7,2014-01-01 00:00:00,2014-12-31 23:00:00,2014
A761,8760,10.4,39.0,2014-01-01 00:00:00,2014-12-31 23:00:00,2014
A901,8105,12.8,39.9,2014-01-01 00:00:00,2014-12-31 23:00:00,2014
A902,7197,10.8,38.9,2014-02-19 14:00:00,2014-12-31 23:00:00,2014
A903,7203,12.9,39.5,2014-01-01 00:00:00,2014-12-31 23:00:00,2014
A904,8760,13.7,38.4,2014-01-01 00:00:00,2014-12-31 23:00:00,2014
A905,6003,12.5,37.5,2014-01-01 00:00:00,2014-12-31 23:00:00,2014
A906,8760,15.6,37.6,2014-01-01 00:00:00,2014-12-31 23:00:00,2014
A907,8760,12.0,40.6,2014-01-01 00:00:00,2014-12-31 23:00:00,2014
A908,5746,14.3,38.2,2014-01-01 13:00:00,2014-12-31 23:00:00,2014
A909,7584,11.5,38.2,2014-01-01 00:00:00,2014-12-31 23:00:00,2014
A910,7481,15.4,38.1,2014-01-01 00:00:00,2014-12-31 23:00:00,2014
A912,7277,11.4,36.1,2014-01-01 00:00:00,2014-12-31 23:00:00,2014
A913,8407,10.9,34.6,2014-01-01 00:00:00,2014-12-30 05:00:00,2014
A914,8760,15.1,38.3,2014-01-01 00:00:00,2014-12-31 23:00:00,2014
A915,7514,11.9,38.4,2014-01-01 08:00:00,2014-12-31 23:00:00,2014
A916,2408,15.0,37.6,2014-01-01 00:00:00,2014-12-31 23:00:00,2014
A917,5367,13.2,39.0,2014-01-03 15:00:00,2014-12-31 23:00:00,2014
A919,7164,15.1,37.5,2014-01-01 00:00:00,2014-12-31 23:00:00,2014
A920,8000,14.0,36.9,2014-01-01 00:00:00,2014-12-31 23:00:00,2014
A921,8735,16.7,39.5,2014-01-01 00:00:00,2014-12-31 23:00:00,2014
A922,7855,11.0,38.6,2014-01-01 00:00:00,2014-12-31 23:00:00,2014
A924,8760,14.5,37.2,2014-01-01 00:00:00,2014-12-31 23:00:00,2014
A926,8760,15.6,36.5,2014-01-01 00:00:00,2014-12-31 23:00:00,2014
A927,1976,19.4,33.6,2014-01-01 00:00:00,2014-03-24 13:00:00,2014
A928,8760,13.0,38.6,2014-01-01 00:00:00,2014-12-31 23:00:00,2014
A929,8439,13.6,39.6,2014-01-01 00:00:00,2014-12-31 23:00:00,2014
A930,8318,15.8,40.1,2014-01-01 00:00:00,2014-12-31 23:00:00,2014
A931,8759,12.0,38.6,2014-01-01 00:00:00,2014-12-31 23:00:00,2014
A932,8760,13.8,40.4,2014-01-01 00:00:00,2014-12-31 23:00:00,2014
A933,8760,11.4,39.2,2014-01-01 00:00:00,2014-12-31 23:00:00,2014
A934,8760,10.6,36.8,2014-01-01 00:00:00,2014-12-31 23:00:00,2014
A935,6130,13.0,39.7,2014-01-01 00:00:00,2014-12-31 23:00:00,2014
A936,8759,11.3,38.7,2014-01-01 00:00:00,2014-12-31 23:00:00,2014
A937,8760,10.3,37.9,2014-01-01 00:00:00,2014-12-31 23:00:00,2014
A941,8760,12.2,39.5,2014-01-01 00:00:00,2014-12-31 23:00:00,2014
A303,8759,18.2,33.4,2014-01-01 00:00:00,2014-12-31 23:00:00,2014
A323,7782,17.0,39.4,2014-01-01 00:00:00,2014-12-31 23:00:00,2014
A327,8760,17.3,36.6,2014-01-01 00:00:00,2014-12-31 23:00:00,2014
A353,8760,16.9,36.0,2014-01-01 00:00:00,2014-12-31 23:00:00,2014
A355,8760,19.2,35.9,2014-01-01 00:00:00,2014-12-31 23:00:00,2014
A356,8468,16.8,33.8,2014-01-01 00:00:00,2014-12-31 23:00:00,2014
A401,8175,20.3,35.4,2014-01-01 00:00:00,2014-12-31 23:00:00,2014
A402,8754,14.0,39.0,2014-01-01 00:00:00,2014-12-31 23:00:00,2014
A404,8760,12.6,36.9,2014-01-01 00:00:00,2014-12-31 23:00:00,2014
A405,7694,17.1,33.5,2014-01-01 00:00:00,2014-12-31 23:00:00,2014
A406,8754,16.6,33.7,2014-01-01 00:00:00,2014-12-31 23:00:00,2014
A407,8760,12.5,33.4,2014-01-01 00:00:00,2014-12-31 23:00:00,2014
A408,8760,16.0,36.8,2014-01-01 00:00:00,2014-12-31 23:00:00,2014
A410,8747,15.2,31.1,2014-01-01 00:00:00,2014-12-31 23:00:00,2014
A412,8759,13.9,38.4,2014-01-01 00:00:00,2014-12-31 23:00:00,2014
A413,8735,15.4,36.6,2014-01-01 00:00:00,2014-12-31 23:00:00,2014
A414,8109,10.4,34.0,2014-01-01 00:00:00,2014-12-05 13:00:00,2014
A415,7964,14.9,39.8,2014-01-01 00:00:00,2014-12-31 23:00:00,2014
A416,8760,12.1,39.4,2014-01-01 00:00:00,2014-12-31 23:00:00,2014
A418,7900,16.7,40.8,2014-01-01 00:00:00,2014-12-31 23:00:00,2014
A422,5140,20.7,30.9,2014-01-01 00:00:00,2014-12-31 23:00:00,2014
A423,8204,19.8,35.9,2014-01-01 00:00:00,2014-12-31 23:00:00,2014
A424,8488,14.6,36.9,2014-01-01 00:00:00,2014-12-31 23:00:00,2014
A425,8758,16.5,38.0,2014-01-01 00:00:00,2014-12-31 23:00:00,2014
A426,8719,16.5,38.1,2014-01-01 00:00:00,2014-12-31 23:00:00,2014
A427,8691,13.2,32.7,2014-01-01 00:00:00,2014-12-31 23:00:00,2014
A428,8721,15.9,36.1,2014-01-01 00:00:00,2014-12-31 23:00:00,2014
A429,8405,16.3,39.2,2014-01-01 00:00:00,2014-12-31 23:00:00,2014
A430,8760,11.3,31.9,2014-01-01 00:00:00,2014-12-31 23:00:00,2014
A431,6445,17.5,32.8,2014-01-01 11:00:00,2014-12-31 23:00:00,2014
A432,8760,14.8,39.2,2014-01-01 00:00:00,2014-12-31 23:00:00,2014
A433,8747,14.9,38.3,2014-01-01 00:00:00,2014-12-31 23:00:00,2014
A434,8410,15.7,36.8,2014-01-01 00:00:00,2014-12-31 23:00:00,2014
A435,7588,16.2,36.6,2014-01-01 00:00:00,2014-12-31 23:00:00,2014
A436,7956,15.8,38.0,2014-01-01 00:00:00,2014-12-31 23:00:00,2014
A437,8758,15.8,31.9,2014-01-01 00:00:00,2014-12-31 23:00:00,2014
A438,7471,18.1,31.1,2014-01-01 00:00:00,2014-12-31 23:00:00,2014
A439,8760,16.4,40.4,2014-01-01 00:00:00,2014-12-31 23:00:00,2014
A440,8760,11.1,37.0,2014-01-01 00:00:00,2014-12-31 23:00:00,2014
A441,8752,15.5,35.4,2014-01-01 00:00:00,2014-12-31 23:00:00,2014
A442,8760,15.7,36.7,2014-01-01 00:00:00,2014-12-31 23:00:00,2014
A443,8760,12.6,37.7,2014-01-01 00:00:00,2014-12-31 23:00:00,2014
A444,8760,15.0,32.0,2014-01-01 00:00:00,2014-12-31 23:00:00,2014
A445,8760,13.7,34.9,2014-01-01 00:00:00,2014-12-31 23:00:00,2014
A446,8759,12.7,36.1,2014-01-01 00:00:00,2014-12-31 23:00:00,2014
A447,8760,13.7,33.3,2014-01-01 00:00:00,2014-12-31 23:00:00,2014
A305,8759,22.0,34.1,2014-01-01 00:00:00,2014-12-31 23:00:00,2014
A306,7885,19.8,38.5,2014-01-01 00:00:00,2014-12-31 23:00:00,2014
A314,8760,16.6,30.0,2014-01-01 00:00:00,2014-12-31 23:00:00,2014
A315,7198,16.9,37.4,2014-01-01 00:00:00,2014-12-31 23:00:00,2014
A319,8760,18.1,38.3,2014-01-01 00:00:00,2014-12-31 23:00:00,2014
A324,8759,18.7,37.8,2014-01-01 00:00:00,2014-12-31 23:00:00,2014
A325,7971,18.4,37.3,2014-01-01 00:00:00,2014-12-31 23:00:00,2014
A332,8758,18.8,38.4,2014-01-01 00:00:00,2014-12-31 23:00:00,2014
A339,8654,20.3,37.6,2014-01-01 00:00:00,2014-12-31 21:00:00,2014
A342,8760,19.4,38.6,2014-01-01 00:00:00,2014-12-31 23:00:00,2014
A347,8734,18.5,37.5,2014-01-01 00:00:00,2014-12-31 23:00:00,2014
A358,8760,21.7,38.9,2014-01-01 00:00:00,2014-12-31 23:00:00,2014
A359,8759,22.7,37.2,2014-01-01 00:00:00,2014-12-31 23:00:00,2014
A360,7682,20.6,37.7,2014-01-01 00:00:00,2014-12-31 23:00:00,2014
A203,7996,21.8,34.3,2014-01-01 00:00:00,2014-12-31 23:00:00,2014
A204,7906,15.7,38.7,2014-01-01 00:00:00,2014-12-25 17:00:00,2014
A205,8746,17.6,38.7,2014-01-01 00:00:00,2014-12-31 23:00:00,2014
A206,7271,20.3,38.6,2014-01-01 00:00:00,2014-12-31 23:00:00,2014
A207,8760,19.0,37.9,2014-01-01 00:00:00,2014-12-31 23:00:00,2014
A217,6898,22.4,32.3,2014-01-01 00:00:00,2014-10-15 19:00:00,2014
A218,8756,21.5,31.7,2014-01-01 00:00:00,2014-12-31 23:00:00,2014
A219,8760,22.0,42.6,2014-01-01 00:00:00,2014-12-31 23:00:00,2014
A220,8257,19.7,42.9,2014-01-01 00:00:00,2014-12-31 23:00:00,2014
A221,8760,18.1,38.3,2014-01-01 00:00:00,2014-12-31 23:00:00,2014
A222,8749,16.8,38.7,2014-01-01 00:00:00,2014-12-31 23:00:00,2014
A223,8758,15.1,41.0,2014-01-01 00:00:00,2014-12-31 23:00:00,2014
A224,8737,15.3,38.8,2014-01-01 00:00:00,2014-12-31 19:00:00,2014
A225,8141,18.8,38.3,2014-01-01 00:00:00,2014-12-31 23:00:00,2014
A237,7829,17.2,38.8,2014-01-01 00:00:00,2014-12-31 23:00:00,2014
A238,8760,18.5,36.8,2014-01-01 00:00:00,2014-12-31 23:00:00,2014
A310,8760,17.0,32.5,2014-01-01 00:00:00,2014-12-31 23:00:00,2014
A313,8760,17.0,33.2,2014-01-01 00:00:00,2014-12-31 23:00:00,2014
A320,8319,20.1,32.2,2014-01-01 00:00:00,2014-12-31 23:00:00,2014
A321,8617,18.9,37.9,2014-01-01 00:00:00,2014-12-31 23:00:00,2014
A333,8760,16.3,37.9,2014-01-01 00:00:00,2014-12-31 23:00:00,2014
A334,7577,14.5,35.6,2014-01-01 00:00:00,2014-12-31 23:00:00,2014
A348,8760,14.5,36.4,2014-01-01 00:00:00,2014-12-31 23:00:00,2014
A352,8758,19.0,32.7,2014-01-01 00:00:00,2014-12-31 23:00:00,2014
A301,8595,18.8,35.2,2014-01-01 00:00:00,2014-12-31 23:00:00,2014
A307,8760,18.5,38.5,2014-01-01 00:00:00,2014-12-31 23:00:00,2014
A309,8415,14.0,36.0,2014-01-01 01:00:00,2014-12-31 23:00:00,2014
A322,7616,15.1,32.6,2014-01-01 00:00:00,2014-12-31 23:00:00,2014
A328,8760,16.5,34.5,2014-01-01 00:00:00,2014-12-31 23:00:00,2014
A329,8760,18.2,38.1,2014-01-01 00:00:00,2014-12-31 23:00:00,2014
A341,7527,15.4,33.9,2014-01-01 00:00:00,2014-12-31 23:00:00,2014
A349,8760,15.5,38.2,2014-01-01 00:00:00,2014-12-31 23:00:00,2014
A350,8760,16.9,37.1,2014-01-01 00:00:00,2014-12-31 23:00:00,2014
A351,8700,17.3,38.9,2014-01-01 00:00:00,2014-12-31 23:00:00,2014
A357,8759,17.6,34.7,2014-01-01 00:00:00,2014-12-31 23:00:00,2014
A366,8757,17.4,37.8,2014-01-01 00:00:00,2014-12-31 22:00:00,2014
A308,8760,20.3,38.3,2014-01-01 00:00:00,2014-12-31 23:00:00,2014
A311,8740,19.9,40.3,2014-01-01 00:00:00,2014-12-31 23:00:00,2014
A312,7542,18.0,39.5,2014-01-01 00:00:00,2014-12-31 23:00:00,2014
A326,8633,17.3,40.1,2014-01-01 00:00:00,2014-12-31 23:00:00,2014
A330,7941,20.0,39.4,2014-01-01 00:00:00,2014-12-31 23:00:00,2014
A331,8070,16.5,39.8,2014-01-01 00:00:00,2014-12-31 23:00:00,2014
A335,8020,19.1,40.3,2014-01-01 00:00:00,2014-12-31 16:00:00,2014
A336,8286,15.6,39.8,2014-01-01 00:00:00,2014-12-31 17:00:00,2014
A337,7904,14.0,38.1,2014-01-01 00:00:00,2014-12-31 17:00:00,2014
A338,8760,18.7,41.4,2014-01-01 00:00:00,2014-12-31 23:00:00,2014
A343,8226,19.5,40.5,2014-01-01 00:00:00,2014-12-31 23:00:00,2014
A345,8509,14.0,39.4,2014-01-01 00:00:00,2014-12-31 23:00:00,2014
A346,8760,18.7,39.5,2014-01-01 00:00:00,2014-12-31 23:00:00,2014
A354,7965,15.6,41.1,2014-01-01 00:00:00,2014-12-31 23:00:00,2014
A361,7956,16.2,40.1,2014-01-01 00:00:00,2014-12-31 23:00:00,2014
A362,8760,18.7,39.3,2014-01-01 00:00:00,2014-12-31 23:00:00,2014
A363,8760,19.3,40.2,2014-01-01 00:00:00,2014-12-31 23:00:00,2014
A364,8760,18.5,37.4,2014-01-01 00:00:00,2014-12-31 23:00:00,2014
A365,8079,16.4,39.1,2014-01-01 00:00:00,2014-12-31 23:00:00,2014
A304,8335,20.6,31.6,2014-01-01 00:00:00,2014-12-31 23:00:00,2014
A316,7377,19.4,39.0,2014-01-01 00:00:00,2014-12-31 23:00:00,2014
A317,7117,19.6,37.0,2014-01-01 00:00:00,2014-11-29 05:00:00,2014
A318,8404,19.3,35.7,2014-01-01 00:00:00,2014-12-31 22:00:00,2014
A340,8758,21.1,37.9,2014-01-01 00:00:00,2014-12-31 23:00:00,2014
A344,6883,20.8,32.7,2014-01-01 00:00:00,2014-12-31 23:00:00,2014
A367,7835,17.0,36.3,2014-01-01 00:00:00,2014-12-31 23:00:00,2014
A409,8760,20.6,37.4,2014-01-01 00:00:00,2014-12-31 23:00:00,2014
A417,7961,17.3,35.2,2014-01-01 00:00:00,2014-12-31 23:00:00,2014
A419,8759,14.7,35.9,2014-01-01 00:00:00,2014-12-31 23:00:00,2014
A420,8604,15.6,36.8,2014-01-01 00:00:00,2014-12-31 23:00:00,2014
A421,8463,19.0,34.1,2014-01-01 00:00:00,2014-12-31 23:00:00,2014
A102,3967,14.1,36.7,2014-07-19 17:00:00,2014-12-31 23:00:00,2014
A104,3908,19.0,36.1,2014-01-01 00:00:00,2014-12-31 23:00:00,2014
A136,6288,16.5,36.0,2014-01-01 00:00:00,2014-12-31 23:00:00,2014
A137,968,20.5,34.5,2014-11-21 15:00:00,2014-12-31 23:00:00,2014
A138,6855,15.5,35.9,2014-01-01 00:00:00,2014-12-31 23:00:00,2014
A140,7664,12.2,36.0,2014-01-01 14:00:00,2014-12-31 23:00:00,2014
A101,8665,22.4,37.1,2014-01-01 00:00:00,2014-12-31 23:00:00,2014
A109,7774,16.9,35.2,2014-01-01 00:00:00,2014-12-31 23:00:00,2014
A110,8430,15.3,37.0,2014-01-01 00:00:00,2014-12-31 23:00:00,2014
A111,8613,18.8,35.9,2014-01-01 00:00:00,2014-12-31 23:00:00,2014
A112,2317,21.7,36.4,2014-09-18 15:00:00,2014-12-31 23:00:00,2014
A113,8759,18.0,37.7,2014-01-01 00:00:00,2014-12-31 23:00:00,2014
A117,8680,20.7,37.5,2014-01-01 00:00:00,2014-12-31 23:00:00,2014
A119,8396,21.7,37.1,2014-01-01 00:00:00,2014-12-19 07:00:00,2014
A120,6400,21.1,36.7,2014-01-01 00:00:00,2014-12-31 23:00:00,2014
A121,8756,21.8,35.6,2014-01-01 00:00:00,2014-12-31 23:00:00,2014
A122,8515,20.7,36.5,2014-01-01 00:00:00,2014-12-31 23:00:00,2014
A123,3262,22.4,33.6,2014-01-01 00:00:00,2014-08-30 17:00:00,2014
A124,8760,21.9,36.8,2014-01-01 00:00:00,2014-12-31 23:00:00,2014
A125,8760,19.3,38.8,2014-01-01 00:00:00,2014-12-31 23:00:00,2014
A126,8759,19.6,36.8,2014-01-01 00:00:00,2014-12-31 23:00:00,2014
A128,8760,20.9,36.7,2014-01-01 00:00:00,2014-12-31 23:00:00,2014
A133,4923,21.4,36.8,2014-01-01 00:00:00,2014-12-31 23:00:00,2014
A134,8757,20.4,35.4,2014-01-01 00:00:00,2014-12-31 23:00:00,2014
A242,8470,20.5,35.8,2014-01-01 00:00:00,2014-12-31 23:00:00,2014
A249,8760,21.5,34.8,2014-01-01 00:00:00,2014-12-31 23:00:00,2014
A201,8437,21.8,35.6,2014-01-01 00:00:00,2014-12-31 23:00:00,2014
A202,8679,21.3,36.3,2014-01-01 00:00:00,2014-12-31 22:00:00,2014
A209,8759,20.3,34.5,2014-01-01 00:00:00,2014-12-31 23:00:00,2014
A210,8419,19.0,40.3,2014-01-01 00:00:00,2014-12-31 23:00:00,2014
A211,7492,19.6,37.2,2014-01-01 00:00:00,2014-12-31 23:00:00,2014
A212,8760,19.2,36.2,2014-01-01 00:00:00,2014-12-31 23:00:00,2014
A213,6291,20.0,36.5,2014-01-01 12:00:00,2014-12-31 23:00:00,2014
A214,8760,18.2,37.0,2014-01-01 00:00:00,2014-12-31 23:00:00,2014
A215,7608,22.5,32.4,2014-01-01 16:00:00,2014-12-31 23:00:00,2014
A226,8750,21.1,34.3,2014-01-01 00:00:00,2014-12-31 23:00:00,2014
A227,8760,21.8,32.5,2014-01-01 00:00:00,2014-12-31 23:00:00,2014
A229,8755,20.8,35.1,2014-01-01 00:00:00,2014-12-31 23:00:00,2014
A230,6071,17.9,32.7,2014-01-01 00:00:00,2014-12-31 23:00:00,2014
A231,4822,21.9,36.1,2014-01-01 00:00:00,2014-12-31 23:00:00,2014
A232,8760,21.0,37.2,2014-01-01 00:00:00,2014-12-31 23:00:00,2014
A233,8760,16.7,39.5,2014-01-01 00:00:00,2014-12-31 23:00:00,2014
A235,8760,18.5,35.9,2014-01-01 00:00:00,2014-12-31 23:00:00,2014
A236,8468,22.1,35.3,2014-01-01 00:00:00,2014-12-31 23:00:00,2014
A239,5570,21.5,34.0,2014-01-01 00:00:00,2014-08-21 02:00:00,2014
A240,8759,19.2,36.7,2014-01-01 00:00:00,2014-12-31 23:00:00,2014
A241,8686,16.1,38.5,2014-01-01 00:00:00,2014-12-31 23:00:00,2014
A246,8760,20.2,36.0,2014-01-01 00:00:00,2014-12-31 23:00:00,2014
A248,7643,20.0,36.3,2014-01-01 14:00:00,2014-12-31 23:00:00,2014
A925,8207,17.1,37.2,2014-01-01 00:00:00,2014-12-09 13:00:00,2014
A938,8760,11.9,34.6,2014-01-01 00:00:00,2014-12-31 23:00:00,2014
A939,8759,14.5,38.3,2014-01-01 00:00:00,2014-12-31 23:00:00,2014
A940,7221,16.4,37.8,2014-01-01 00:00:00,2014-11-17 15:00:00,2014
A135,8040,21.5,37.8,2014-01-01 00:00:00,2014-12-31 23:00:00,2014
A009,8546,18.5,40.2,2014-01-01 00:00:00,2014-12-31 23:00:00,2014
A010,8760,13.5,40.4,2014-01-01 00:00:00,2014-12-31 23:00:00,2014
A018,6749,17.1,40.1,2014-02-26 16:00:00,2014-12-31 23:00:00,2014
A019,8760,14.8,39.1,2014-01-01 00:00:00,2014-12-31 23:00:00,2014
A020,8759,17.9,39.0,2014-01-01 00:00:00,2014-12-31 23:00:00,2014
A021,7364,15.5,37.2,2014-01-01 00:00:00,2014-12-31 23:00:00,2014
A038,8760,17.7,36.7,2014-01-01 00:00:00,2014-12-31 23:00:00,2014
A039,8563,17.8,39.6,2014-01-01 00:00:00,2014-12-31 23:00:00,2014
A040,8759,12.9,36.2,2014-01-01 00:00:00,2014-12-31 23:00:00,2014
A041,8456,16.2,38.9,2014-01-01 00:00:00,2014-12-31 23:00:00,2014
A043,8645,17.3,36.9,2014-01-01 14:00:00,2014-12-31 23:00:00,2014
A044,8760,20.3,37.2,2014-01-01 00:00:00,2014-12-31 23:00:00,2014
A612,8570,13.6,35.7,2014-01-01 00:00:00,2014-12-31 23:00:00,2014
A613,8305,9.7,31.4,2014-01-01 00:00:00,2014-12-31 23:00:00,2014
A614,8754,14.6,34.7,2014-01-01 00:00:00,2014-12-31 23:00:00,2014
A615,8123,14.1,37.3,2014-01-01 00:00:00,2014-12-31 23:00:00,2014
A616,8518,13.9,33.8,2014-01-01 00:00:00,2014-12-31 23:00:00,2014
A617,8759,10.9,40.5,2014-01-01 00:00:00,2014-12-31 23:00:00,2014
A622,6822,14.4,38.5,2014-02-20 20:00:00,2014-12-31 20:00:00,2014
A623,8755,13.5,38.8,2014-01-01 00:00:00,2014-12-31 23:00:00,2014
A657,8757,10.8,35.1,2014-01-01 00:00:00,2014-12-31 23:00:00,2014
A502,8758,6.7,33.0,2014-01-01 00:00:00,2014-12-31 23:00:00,2014
A505,8754,10.0,36.2,2014-01-01 00:00:00,2014-12-31 23:00:00,2014
A506,8759,11.7,38.3,2014-01-01 00:00:00,2014-12-31 23:00:00,2014
A507,8758,10.6,38.3,2014-01-01 00:00:00,2014-12-31 23:00:00,2014
A508,8522,15.6,37.5,2014-01-01 00:00:00,2014-12-31 23:00:00,2014
A509,8706,1.5,31.0,2014-01-01 00:00:00,2014-12-31 23:00:00,2014
A510,8760,6.0,36.9,2014-01-01 00:00:00,2014-12-31 23:00:00,2014
A511,7535,12.1,35.7,2014-01-01 00:00:00,2014-12-31 23:00:00,2014
A512,8752,7.5,41.4,2014-01-01 00:00:00,2014-12-31 23:00:00,2014
A513,8757,7.8,35.2,2014-01-01 00:00:00,2014-12-31 23:00:00,2014
A514,7611,5.2,36.1,2014-02-17 21:00:00,2014-12-31 23:00:00,2014
A515,8756,7.0,36.2,2014-01-01 00:00:00,2014-12-31 23:00:00,2014
A516,8676,7.1,37.7,2014-01-01 00:00:00,2014-12-31 23:00:00,2014
A517,7849,10.9,39.6,2014-01-01 00:00:00,2014-12-31 23:00:00,2014
A518,8759,9.0,35.0,2014-01-01 00:00:00,2014-12-31 23:00:00,2014
A519,8315,7.3,41.1,2014-01-01 00:00:00,2014-12-31 23:00:00,2014
A520,8757,8.2,40.3,2014-01-01 00:00:00,2014-12-31 23:00:00,2014
A521,8758,11.3,36.6,2014-01-01 00:00:00,2014-12-31 23:00:00,2014
A522,8760,13.3,35.1,2014-01-01 00:00:00,2014-12-31 23:00:00,2014
A523,8760,7.5,36.3,2014-01-01 00:00:00,2014-12-31 23:00:00,2014
A524,8757,9.0,37.2,2014-01-01 00:00:00,2014-12-31 23:00:00,2014
A525,8338,8.2,38.2,2014-01-01 00:00:00,2014-12-14 15:00:00,2014
A526,7881,10.8,39.1,2014-01-01 00:00:00,2014-12-31 23:00:00,2014
A527,8757,13.0,36.6,2014-01-01 00:00:00,2014-12-31 23:00:00,2014
A528,8760,12.1,36.3,2014-01-01 00:00:00,2014-12-31 23:00:00,2014
A529,8758,5.3,36.1,2014-01-01 00:00:00,2014-12-31 23:00:00,2014
A530,8758,1.0,35.0,2014-01-01 00:00:00,2014-12-31 23:00:00,2014
A531,8758,0.3,32.6,2014-01-01 00:00:00,2014-12-31 23:00:00,2014
A532,7550,11.9,39.0,2014-01-01 00:00:00,2014-12-21 12:00:00,2014
A533,8718,7.6,35.0,2014-01-01 00:00:00,2014-12-31 23:00:00,2014
A534,8757,14.3,37.6,2014-01-01 00:00:00,2014-12-31 23:00:00,2014
A535,8757,4.6,37.2,2014-01-01 00:00:00,2014-12-31 23:00:00,2014
A536,8685,11.1,37.9,2014-01-01 00:00:00,2014-12-31 23:00:00,2014
A537,8755,8.5,31.4,2014-01-01 00:00:00,2014-12-31 23:00:00,2014
A538,8760,8.9,37.7,2014-01-01 00:00:00,2014-12-31 23:00:00,2014
A539,7698,13.0,40.1,2014-01-01 00:00:00,2014-12-31 23:00:00,2014
A540,8760,12.4,36.9,2014-01-01 00:00:00,2014-12-31 23:00:00,2014
A541,8760,7.7,34.7,2014-01-01 00:00:00,2014-12-31 23:00:00,2014
A542,8758,11.5,39.3,2014-01-01 00:00:00,2014-12-31 23:00:00,2014
A543,7684,15.1,43.1,2014-01-01 00:00:00,2014-12-31 23:00:00,2014
A544,7864,12.5,36.7,2014-01-01 12:00:00,2014-12-31 23:00:00,2014
A545,8524,9.3,39.2,2014-01-01 00:00:00,2014-12-31 20:00:00,2014
A546,8755,10.1,36.3,2014-01-01 00:00:00,2014-12-31 23:00:00,2014
A547,8690,9.7,43.9,2014-01-01 21:00:00,2014-12-31 23:00:00,2014
A548,7558,13.9,36.7,2014-01-01 00:00:00,2014-12-31 23:00:00,2014
A549,7566,6.1,36.1,2014-01-01 00:00:00,2014-12-31 23:00:00,2014
A550,8330,13.0,39.3,2014-01-01 00:00:00,2014-12-31 17:00:00,2014
A551,8757,9.7,35.5,2014-01-01 00:00:00,2014-12-31 23:00:00,2014
A552,8549,9.9,38.7,2014-01-01 00:00:00,2014-12-31 23:00:00,2014
A553,8760,11.8,36.1,2014-01-01 00:00:00,2014-12-31 23:00:00,2014
A554,8753,10.0,37.9,2014-01-01 00:00:00,2014-12-31 23:00:00,2014
A555,8755,9.7,33.3,2014-01-01 00:00:00,2014-12-31 23:00:00,2014
A556,8760,6.6,33.9,2014-01-01 00:00:00,2014-12-31 23:00:00,2014
A557,8760,6.0,39.2,2014-01-01 00:00:00,2014-12-31 23:00:00,2014
F501,8092,8.7,34.3,2014-01-22 19:00:00,2014-12-31 23:00:00,2014
A601,8750,12.2,41.7,2014-01-01 00:00:00,2014-12-31 23:00:00,2014
A602,8421,11.9,41.4,2014-01-01 00:00:00,2014-12-31 23:00:00,2014
A603,7536,9.8,39.5,2014-01-01 00:00:00,2014-12-31 23:00:00,2014
A604,8760,9.6,39.9,2014-01-01 00:00:00,2014-12-31 23:00:00,2014
A606,8752,16.4,33.7,2014-01-01 00:00:00,2014-12-31 23:00:00,2014
A607,8754,12.5,40.2,2014-01-01 00:00:00,2014-12-31 23:00:00,2014
A608,8756,12.1,39.3,2014-01-01 00:00:00,2014-12-31 23:00:00,2014
A609,6772,7.6,38.7,2014-02-18 21:00:00,2014-12-31 23:00:00,2014
A610,8757,1.8,28.4,2014-01-01 00:00:00,2014-12-31 23:00:00,2014
A611,8677,8.1,39.9,2014-01-01 00:00:00,2014-12-31 23:00:00,2014
A618,8758,6.0,34.0,2014-01-01 00:00:00,2014-12-31 23:00:00,2014
A619,8756,11.1,37.8,2014-01-01 00:00:00,2014-12-31 23:00:00,2014
A620,8416,13.7,33.0,2014-01-01 00:00:00,2014-12-31 23:00:00,2014
A621,8757,10.4,41.6,2014-01-01 00:00:00,2014-12-31 23:00:00,2014
A624,8573,-0.2,33.2,2014-01-01 00:00:00,2014-12-31 23:00:00,2014
A652,8752,15.8,38.4,2014-01-01 00:00:00,2014-12-31 23:00:00,2014
A701,8556,9.6,38.4,2014-01-01 00:00:00,2014-12-31 23:00:00,2014
A705,7769,8.3,39.6,2014-01-01 00:00:00,2014-12-31 23:00:00,2014
A706,8756,2.7,30.3,2014-01-01 00:00:00,2014-12-31 23:00:00,2014
A707,8760,10.2,39.7,2014-01-01 00:00:00,2014-12-31 23:00:00,2014
A708,8760,9.3,37.3,2014-01-01 00:00:00,2014-12-31 23:00:00,2014
A711,8759,7.8,37.2,2014-01-01 00:00:00,2014-12-31 23:00:00,2014
A712,6601,7.2,38.7,2014-03-31 17:00:00,2014-12-31 23:00:00,2014
A713,8607,5.3,37.1,2014-01-01 00:00:00,2014-12-31 23:00:00,2014
A714,8388,6.3,36.4,2014-01-01 00:00:00,2014-12-31 23:00:00,2014
A715,5631,3.9,36.6,2014-01-01 00:00:00,2014-12-31 23:00:00,2014
A716,8755,3.7,38.4,2014-01-01 00:00:00,2014-12-31 23:00:00,2014
A718,6868,1.5,40.0,2014-01-03 00:00:00,2014-12-31 23:00:00,2014
A725,6828,9.2,36.8,2014-01-01 00:00:00,2014-12-31 23:00:00,2014
A726,7830,7.1,38.5,2014-01-01 00:00:00,2014-12-31 23:00:00,2014
A727,8760,8.8,40.5,2014-01-01 00:00:00,2014-12-31 23:00:00,2014
A728,8752,6.2,38.7,2014-01-01 00:00:00,2014-12-31 23:00:00,2014
A729,678,18.8,35.8,2014-12-03 18:00:00,2014-12-31 23:00:00,2014
A733,8750,8.7,40.0,2014-01-01 00:00:00,2014-12-31 23:00:00,2014
A734,7934,6.6,41.5,2014-01-01 00:00:00,2014-12-31 23:00:00,2014
A735,8756,5.5,40.7,2014-01-01 00:00:00,2014-12-31 23:00:00,2014
A736,8757,6.0,40.0,2014-01-01 00:00:00,2014-12-31 23:00:00,2014
A737,7657,7.3,39.7,2014-01-01 00:00:00,2014-12-31 23:00:00,2014
A738,8066,8.4,38.4,2014-01-01 00:00:00,2014-12-31 23:00:00,2014
A739,8760,7.6,38.9,2014-01-01 00:00:00,2014-12-31 23:00:00,2014
A740,8732,4.8,35.8,2014-01-01 00:00:00,2014-12-31 23:00:00,2014
A741,8746,6.7,40.1,2014-01-01 00:00:00,2014-12-31 23:00:00,2014
A746,8086,1.4,35.4,2014-01-01 00:00:00,2014-12-31 23:00:00,2014
A747,8734,5.9,40.2,2014-01-01 00:00:00,2014-12-31 23:00:00,2014
A748,8760,8.2,41.2,2014-01-01 00:00:00,2014-12-31 23:00:00,2014
A753,8539,5.2,40.8,2014-01-01 00:00:00,2014-12-31 23:00:00,2014
A755,8760,6.8,37.5,2014-01-01 00:00:00,2014-12-31 23:00:00,2014
A807,6768,6.7,34.7,2014-01-01 00:00:00,2014-12-31 23:00:00,2014
A818,7249,1.7,34.9,2014-01-01 00:00:00,2014-12-31 23:00:00,2014
A819,8757,0.4,34.4,2014-01-01 00:00:00,2014-12-31 23:00:00,2014
A820,7945,4.3,40.1,2014-01-01 11:00:00,2014-12-30 17:00:00,2014
A821,8758,2.4,37.6,2014-01-01 00:00:00,2014-12-31 23:00:00,2014
A822,7163,4.7,35.8,2014-01-01 00:00:00,2014-12-31 23:00:00,2014
A823,7918,1.4,31.3,2014-01-01 00:00:00,2014-12-31 23:00:00,2014
A824,7981,9.8,38.9,2014-01-01 00:00:00,2014-12-31 23:00:00,2014
A835,8760,8.7,37.8,2014-01-01 00:00:00,2014-12-31 23:00:00,2014
A842,8716,7.3,36.1,2014-01-01 00:00:00,2014-12-31 23:00:00,2014
A843,7644,3.6,37.8,2014-01-01 00:00:00,2014-12-30 17:00:00,2014
A846,8434,3.2,40.0,2014-01-01 00:00:00,2014-12-31 20:00:00,2014
A847,8760,10.1,35.0,2014-01-01 00:00:00,2014-12-31 23:00:00,2014
A849,8759,8.5,38.9,2014-01-01 00:00:00,2014-12-31 23:00:00,2014
A850,8740,5.8,39.0,2014-01-01 00:00:00,2014-12-31 23:00:00,2014
A855,8124,5.1,39.3,2014-01-01 00:00:00,2014-12-31 23:00:00,2014
A869,8593,7.9,39.3,2014-01-01 00:00:00,2014-12-31 23:00:00,2014
A871,8185,6.6,35.8,2014-01-01 00:00:00,2014-12-31 23:00:00,2014
A872,7457,3.7,32.5,2014-01-01 00:00:00,2014-12-31 23:00:00,2014
A873,8756,8.4,38.3,2014-01-01 00:00:00,2014-12-31 23:00:00,2014
A874,8489,-0.8,35.2,2014-01-01 00:00:00,2014-12-31 23:00:00,2014
A875,8682,0.9,34.9,2014-01-01 00:00:00,2014-12-31 23:00:00,2014
A876,8760,1.4,33.6,2014-01-01 00:00:00,2014-12-31 23:00:00,2014
A801,8739,3.8,40.6,2014-01-01 00:00:00,2014-12-31 23:00:00,2014
A802,8734,3.2,37.6,2014-01-01 00:00:00,2014-12-31 23:00:00,2014
A803,7939,0.1,40.0,2014-01-01 00:00:00,2014-12-31 23:00:00,2014
A805,7105,1.2,35.9,2014-03-10 23:00:00,2014-12-31 23:00:00,2014
A808,8759,4.0,34.3,2014-01-01 00:00:00,2014-12-31 23:00:00,2014
A809,8758,2.9,38.7,2014-01-01 00:00:00,2014-12-31 23:00:00,2014
A810,7815,1.2,38.2,2014-01-01 12:00:00,2014-12-31 23:00:00,2014
A811,8758,1.8,34.6,2014-01-01 00:00:00,2014-12-31 23:00:00,2014
A812,7800,2.8,35.2,2014-01-01 00:00:00,2014-12-31 23:00:00,2014
A813,7624,2.5,39.7,2014-01-01 00:00:00,2014-12-31 23:00:00,2014
A826,8470,-0.1,38.5,2014-01-01 00:00:00,2014-12-22 23:00:00,2014
A827,8174,0.9,36.3,2014-01-01 00:00:00,2014-12-31 23:00:00,2014
A828,7576,0.6,34.8,2014-01-01 00:00:00,2014-12-31 23:00:00,2014
A829,8450,-2.5,31.3,2014-01-01 00:00:00,2014-12-31 23:00:00,2014
A830,8125,3.0,40.1,2014-01-01 00:00:00,2014-12-31 23:00:00,2014
A831,8757,-0.9,38.7,2014-01-01 00:00:00,2014-12-31 23:00:00,2014
A832,8641,0.9,39.0,2014-01-01 00:00:00,2014-12-31 23:00:00,2014
A833,7928,1.4,37.4,2014-01-01 00:00:00,2014-12-31 23:00:00,2014
A834,8752,5.0,37.9,2014-01-01 00:00:00,2014-12-31 23:00:00,2014
A836,7603,0.5,36.6,2014-01-01 00:00:00,2014-12-31 23:00:00,2014
A837,8758,-0.1,34.7,2014-01-01 00:00:00,2014-12-31 23:00:00,2014
A838,7638,2.6,39.0,2014-01-01 00:00:00,2014-12-31 23:00:00,2014
A839,8758,-0.5,35.0,2014-01-01 00:00:00,2014-12-31 23:00:00,2014
A840,8717,-0.5,35.3,2014-01-01 00:00:00,2014-12-31 23:00:00,2014
A844,8757,-1.1,35.1,2014-01-01 00:00:00,2014-12-31 23:00:00,2014
A852,5771,4.1,39.7,2014-01-01 00:00:00,2014-12-31 23:00:00,2014
A853,8759,0.7,36.6,2014-01-01 00:00:00,2014-12-31 23:00:00,2014
A854,8759,2.2,36.7,2014-01-01 00:00:00,2014-12-31 23:00:00,2014
A856,7876,0.8,35.4,2014-01-01 00:00:00,2014-12-31 23:00:00,2014
A878,7915,5.8,38.2,2014-01-01 00:00:00,2014-12-31 23:00:00,2014
A879,8748,-0.4,34.1,2014-01-01 00:00:00,2014-12-31 23:00:00,2014
A880,8760,-3.5,33.4,2014-01-01 00:00:00,2014-12-31 23:00:00,2014
A881,8587,1.2,36.7,2014-01-01 00:00:00,2014-12-31 23:00:00,2014
A882,8744,3.1,40.2,2014-01-01 00:00:00,2014-12-31 23:00:00,2014
A883,7927,2.1,37.6,2014-01-01 00:00:00,2014-12-31 23:00:00,2014
A884,8759,1.4,41.0,2014-01-01 00:00:00,2014-12-31 23:00:00,2014
A899,7641,1.0,35.5,2014-01-01 00:00:00,2014-12-31 23:00:00,2014
A806,8757,7.1,34.7,2014-01-01 00:00:00,2014-12-31 23:00:00,2014
A814,8760,3.9,40.5,2014-01-01 00:00:00,2014-12-31 23:00:00,2014
A815,8759,-2.9,29.9,2014-01-01 00:00:00,2014-12-31 23:00:00,2014
A816,7528,2.3,32.6,2014-01-01 00:00:00,2014-12-31 23:00:00,2014
A817,7268,6.8,40.5,2014-01-01 00:00:00,2014-12-31 23:00:00,2014
A841,8760,-0.6,34.7,2014-01-01 00:00:00,2014-12-31 23:00:00,2014
A845,6665,0.4,26.3,2014-01-01 00:00:00,2014-12-31 23:00:00,2014
A848,8759,3.1,34.3,2014-01-01 00:00:00,2014-12-31 23:00:00,2014
A851,8760,3.4,35.8,2014-01-01 00:00:00,2014-12-31 23:00:00,2014
A857,8759,1.5,36.1,2014-01-01 00:00:00,2014-12-31 23:00:00,2014
A858,7314,0.9,33.7,2014-01-01 00:00:00,2014-12-31 23:00:00,2014
A859,8739,-0.9,34.4,2014-01-01 00:00:00,2014-12-31 23:00:00,2014
A860,8759,-1.1,33.1,2014-01-01 00:00:00,2014-12-31 23:00:00,2014
A861,8582,-0.3,36.1,2014-01-01 00:00:00,2014-12-31 23:00:00,2014
A862,8678,-1.0,35.8,2014-01-01 00:00:00,2014-12-31 23:00:00,2014
A863,8736,2.3,36.7,2014-01-01 00:00:00,2014-12-31 23:00:00,2014
A864,8758,-1.7,34.3,2014-01-01 00:00:00,2014-12-31 23:00:00,2014
A865,1231,9.9,30.1,2014-11-10 16:00:00,2014-12-31 23:00:00,2014
A866,8616,6.7,30.2,2014-01-01 00:00:00,2014-12-31 13:00:00,2014
A867,8743,4.5,38.4,2014-01-01 00:00:00,2014-12-31 23:00:00,2014
A868,8759,6.2,36.5,2014-01-01 00:00:00,2014-12-31 23:00:00,2014
A001,8745,12.1,34.9,2015-01-01 00:00:00,2015-12-31 23:00:00,2015
A045,8523,7.9,37.0,2015-01-01 00:00:00,2015-12-31 23:00:00,2015
A046,8662,11.3,36.5,2015-01-01 00:00:00,2015-12-31 23:00:00,2015
A002,8754,12.2,40.0,2015-01-01 00:00:00,2015-12-31 23:00:00,2015
A003,8754,10.0,39.0,2015-01-01 00:00:00,2015-12-31 23:00:00,2015
A011,8712,14.0,41.1,2015-01-01 00:00:00,2015-12-31 23:00:00,2015
A012,8659,11.1,36.7,2015-01-01 12:00:00,2015-12-31 23:00:00,2015
A013,5686,14.1,41.7,2015-01-01 14:00:00,2015-12-31 23:00:00,2015
A014,8690,16.0,42.5,2015-01-01 00:00:00,2015-12-31 23:00:00,2015
A015,8471,11.1,39.2,2015-01-01 00:00:00,2015-12-31 23:00:00,2015
A016,8754,9.7,39.2,2015-01-01 00:00:00,2015-12-31 23:00:00,2015
A017,8557,16.1,38.4,2015-01-01 00:00:00,2015-12-31 23:00:00,2015
A022,8754,15.3,39.7,2015-01-01 00:00:00,2015-12-31 23:00:00,2015
A023,6498,13.2,38.6,2015-01-01 00:00:00,2015-12-31 23:00:00,2015
A024,7883,11.4,34.7,2015-01-01 00:00:00,2015-12-31 23:00:00,2015
A025,8420,12.0,39.3,2015-01-01 00:00:00,2015-12-31 23:00:00,2015
A026,8462,8.7,39.8,2015-01-01 00:00:00,2015-12-31 23:00:00,2015
A027,7810,14.8,39.8,2015-01-01 00:00:00,2015-12-31 23:00:00,2015
A028,8228,14.2,41.0,2015-01-01 00:00:00,2015-12-31 23:00:00,2015
A032,7847,17.2,41.0,2015-01-01 00:00:00,2015-12-31 23:00:00,2015
A033,8755,10.5,39.2,2015-01-01 00:00:00,2015-12-31 23:00:00,2015
A034,8249,12.6,37.6,2015-01-01 00:00:00,2015-12-31 23:00:00,2015
A035,8751,12.4,41.7,2015-01-01 00:00:00,2015-12-31 23:00:00,2015
A036,8630,10.1,34.9,2015-01-01 00:00:00,2015-12-31 23:00:00,2015
A037,8754,10.8,37.7,2015-01-01 00:00:00,2015-12-31 23:00:00,2015
A702,8759,9.1,37.8,2015-01-01 00:00:00,2015-12-31 23:00:00,2015
A703,8757,6.0,36.8,2015-01-01 00:00:00,2015-12-31 23:00:00,2015
A704,8671,11.4,41.1,2015-01-01 00:00:00,2015-12-31 23:00:00,2015
A709,8369,8.8,38.8,2015-01-01 00:00:00,2015-12-31 23:00:00,2015
A710,8684,11.7,41.0,2015-01-01 00:00:00,2015-12-31 21:00:00,2015
A717,5834,11.7,40.3,2015-01-01 00:00:00,2015-10-26 11:00:00,2015
A719,7296,11.3,40.4,2015-01-01 00:00:00,2015-12-31 23:00:00,2015
A720,8377,12.9,40.0,2015-01-01 00:00:00,2015-12-31 23:00:00,2015
A721,7403,7.1,38.6,2015-01-01 00:00:00,2015-12-31 23:00:00,2015
A722,5636,11.2,39.4,2015-01-01 00:00:00,2015-12-31 23:00:00,2015
A723,7383,7.5,40.6,2015-01-01 00:00:00,2015-12-22 14:00:00,2015
A724,6641,15.6,40.9,2015-01-01 00:00:00,2015-12-31 23:00:00,2015
A730,8757,10.5,38.6,2015-01-01 00:00:00,2015-12-31 23:00:00,2015
A731,8759,7.3,39.2,2015-01-01 00:00:00,2015-12-31 23:00:00,2015
A732,6135,9.2,37.0,2015-01-01 13:00:00,2015-12-31 23:00:00,2015
A742,8758,11.9,41.3,2015-01-01 00:00:00,2015-12-31 23:00:00,2015
A743,8711,6.8,38.9,2015-01-01 00:00:00,2015-12-31 19:00:00,2015
A749,8418,6.5,38.4,2015-01-01 00:00:00,2015-12-31 23:00:00,2015
A750,8025,6.0,37.9,2015-01-01 00:00:00,2015-12-02 18:00:00,2015
A751,8111,7.3,37.1,2015-01-01 00:00:00,2015-12-31 23:00:00,2015
A752,8758,6.7,38.2,2015-01-01 00:00:00,2015-12-31 23:00:00,2015
A754,8759,7.8,38.6,2015-01-01 00:00:00,2015-12-31 23:00:00,2015
A756,8758,10.1,39.9,2015-01-01 00:00:00,2015-12-31 23:00:00,2015
A757,8759,6.3,39.3,2015-01-01 00:00:00,2015-12-31 23:00:00,2015
A758,8726,7.5,38.9,2015-01-01 01:00:00,2015-12-31 23:00:00,2015
A759,8361,10.6,39.0,2015-01-01 00:00:00,2015-12-26 18:00:00,2015
A760,8757,12.0,40.5,2015-01-01 00:00:00,2015-12-31 23:00:00,2015
A761,8363,13.2,39.3,2015-01-01 00:00:00,2015-12-31 23:00:00,2015
A901,8756,15.7,41.2,2015-01-01 00:00:00,2015-12-31 23:00:00,2015
A902,7595,13.6,39.8,2015-01-01 00:00:00,2015-12-31 11:00:00,2015
A903,6981,13.8,40.4,2015-01-01 00:00:00,2015-12-31 23:00:00,2015
A904,8759,17.1,39.8,2015-01-01 00:00:00,2015-12-31 23:00:00,2015
A905,7974,15.0,39.1,2015-01-01 00:00:00,2015-12-31 23:00:00,2015
A906,6334,18.4,38.3,2015-01-01 00:00:00,2015-12-31 18:00:00,2015
A907,8760,14.1,40.8,2015-01-01 00:00:00,2015-12-31 23:00:00,2015
A908,8718,14.9,40.4,2015-01-01 00:00:00,2015-12-31 23:00:00,2015
A909,7585,12.5,38.7,2015-01-01 00:00:00,2015-12-31 23:00:00,2015
A910,5129,19.0,38.8,2015-01-01 00:00:00,2015-12-31 21:00:00,2015
A912,7630,13.7,36.1,2015-01-01 00:00:00,2015-12-31 23:00:00,2015
A913,3965,7.1,36.0,2015-01-09 17:00:00,2015-12-31 23:00:00,2015
A914,8759,16.6,39.3,2015-01-01 00:00:00,2015-12-31 23:00:00,2015
A915,8040,12.8,39.6,2015-01-01 00:00:00,2015-12-31 23:00:00,2015
A916,8759,12.2,40.2,2015-01-01 00:00:00,2015-12-31 23:00:00,2015
A917,7583,15.4,40.0,2015-01-01 00:00:00,2015-12-31 23:00:00,2015
A919,7659,15.3,38.8,2015-01-01 00:00:00,2015-12-17 16:00:00,2015
A920,7152,15.8,38.0,2015-01-01 00:00:00,2015-12-31 23:00:00,2015
A921,1102,21.4,38.2,2015-01-01 00:00:00,2015-12-31 23:00:00,2015
A922,8091,12.9,40.7,2015-01-01 00:00:00,2015-12-31 23:00:00,2015
A924,6683,17.4,38.2,2015-01-01 00:00:00,2015-12-31 23:00:00,2015
A926,8759,16.9,37.5,2015-01-01 00:00:00,2015-12-31 23:00:00,2015
A927,4085,16.6,39.4,2015-07-14 19:00:00,2015-12-31 23:00:00,2015
A928,8759,14.3,39.7,2015-01-01 00:00:00,2015-12-31 23:00:00,2015
A929,7009,15.0,40.1,2015-01-01 00:00:00,2015-12-31 23:00:00,2015
A930,8759,16.3,40.9,2015-01-01 00:00:00,2015-12-31 23:00:00,2015
A931,8759,13.4,38.4,2015-01-01 00:00:00,2015-12-31 23:00:00,2015
A932,6566,15.8,41.4,2015-01-01 00:00:00,2015-12-31 23:00:00,2015
A933,8758,14.2,39.7,2015-01-01 00:00:00,2015-12-31 23:00:00,2015
A934,8759,12.4,37.9,2015-01-01 00:00:00,2015-12-31 23:00:00,2015
A935,7216,14.9,41.9,2015-01-01 00:00:00,2015-11-10 12:00:00,2015
A936,6412,13.9,40.6,2015-01-01 00:00:00,2015-12-31 23:00:00,2015
A937,8714,14.1,40.6,2015-01-01 00:00:00,2015-12-31 23:00:00,2015
A941,5196,16.4,41.6,2015-01-01 00:00:00,2015-12-31 23:00:00,2015
A303,8756,19.2,36.3,2015-01-01 00:00:00,2015-12-31 23:00:00,2015
A323,8759,17.3,41.9,2015-01-01 00:00:00,2015-12-31 23:00:00,2015
A327,7783,16.5,40.1,2015-01-01 00:00:00,2015-12-31 23:00:00,2015
A353,8759,17.0,39.8,2015-01-01 00:00:00,2015-12-31 23:00:00,2015
A355,8758,21.8,42.2,2015-01-01 00:00:00,2015-12-31 23:00:00,2015
A356,7474,18.1,37.3,2015-01-01 00:00:00,2015-12-31 23:00:00,2015
A401,8757,20.9,34.8,2015-01-01 00:00:00,2015-12-31 23:00:00,2015
A402,8759,13.5,41.0,2015-01-01 00:00:00,2015-12-31 23:00:00,2015
A404,6989,13.7,38.4,2015-01-01 00:00:00,2015-12-31 23:00:00,2015
A405,8759,17.1,34.1,2015-01-01 00:00:00,2015-12-31 23:00:00,2015
A406,6524,17.5,38.9,2015-01-01 00:00:00,2015-12-31 23:00:00,2015
A407,7481,14.1,35.8,2015-01-01 00:00:00,2015-12-31 23:00:00,2015
A408,8760,14.9,41.3,2015-01-01 00:00:00,2015-12-31 23:00:00,2015
A410,8758,14.0,35.2,2015-01-01 00:00:00,2015-12-31 23:00:00,2015
A412,8736,13.7,41.2,2015-01-01 00:00:00,2015-12-31 23:00:00,2015
A413,6579,14.2,39.4,2015-01-01 00:00:00,2015-12-31 23:00:00,2015
A414,4210,10.6,35.1,2015-05-03 21:00:00,2015-12-31 23:00:00,2015
A415,6417,13.9,40.9,2015-01-01 00:00:00,2015-12-31 23:00:00,2015
A416,8757,10.4,41.1,2015-01-01 00:00:00,2015-12-31 23:00:00,2015
A418,6544,17.1,41.7,2015-01-01 00:00:00,2015-12-31 23:00:00,2015
A422,8759,20.9,31.4,2015-01-01 00:00:00,2015-12-31 23:00:00,2015
A423,8754,18.3,38.9,2015-01-01 00:00:00,2015-12-31 23:00:00,2015
A424,8757,13.9,38.0,2015-01-01 00:00:00,2015-12-31 23:00:00,2015
A425,8760,14.5,40.2,2015-01-01 00:00:00,2015-12-31 23:00:00,2015
A426,8750,17.3,40.6,2015-01-01 00:00:00,2015-12-31 23:00:00,2015
A427,7673,13.9,35.5,2015-01-01 00:00:00,2015-12-31 23:00:00,2015
A428,7668,14.7,38.4,2015-01-01 00:00:00,2015-12-31 23:00:00,2015
A429,7625,14.2,40.6,2015-01-01 00:00:00,2015-12-31 23:00:00,2015
A430,8722,11.3,33.1,2015-01-01 00:00:00,2015-12-31 23:00:00,2015
A431,8443,16.2,34.4,2015-01-01 00:00:00,2015-12-31 23:00:00,2015
A432,8741,12.9,40.3,2015-01-01 00:00:00,2015-12-31 23:00:00,2015
A433,8595,14.4,40.6,2015-01-01 00:00:00,2015-12-31 23:00:00,2015
A434,8758,16.4,38.3,2015-01-01 00:00:00,2015-12-31 23:00:00,2015
A435,8759,14.0,38.0,2015-01-01 00:00:00,2015-12-31 23:00:00,2015
A436,8759,15.2,40.5,2015-01-01 00:00:00,2015-12-31 23:00:00,2015
A437,8501,15.8,34.6,2015-01-01 00:00:00,2015-12-31 23:00:00,2015
A438,7295,18.6,32.7,2015-01-01 00:00:00,2015-12-31 23:00:00,2015
A439,8253,15.0,42.4,2015-01-01 00:00:00,2015-12-31 23:00:00,2015
A440,8036,12.9,39.8,2015-01-01 00:00:00,2015-12-31 23:00:00,2015
A441,8749,14.5,39.5,2015-01-01 00:00:00,2015-12-31 23:00:00,2015
A442,8760,14.4,39.3,2015-01-01 00:00:00,2015-12-31 23:00:00,2015
A443,8591,11.0,38.7,2015-01-01 00:00:00,2015-12-31 23:00:00,2015
A444,8511,14.5,35.1,2015-01-01 00:00:00,2015-12-31 23:00:00,2015
A445,7737,15.4,39.1,2015-01-01 00:00:00,2015-12-31 23:00:00,2015
A446,8390,13.1,39.3,2015-01-01 00:00:00,2015-12-31 23:00:00,2015
A447,8758,13.4,35.9,2015-01-01 00:00:00,2015-12-31 23:00:00,2015
A448,3198,19.7,39.5,2015-08-20 18:00:00,2015-12-31 23:00:00,2015
A450,3249,17.3,40.3,2015-08-18 15:00:00,2015-12-31 23:00:00,2015
A305,8758,21.8,33.6,2015-01-01 00:00:00,2015-12-31 23:00:00,2015
A306,5544,20.2,39.1,2015-01-01 00:00:00,2015-12-31 23:00:00,2015
A314,8759,16.4,30.2,2015-01-01 00:00:00,2015-12-31 23:00:00,2015
A315,8244,16.9,38.8,2015-01-01 00:00:00,2015-12-31 23:00:00,2015
A319,7624,20.1,39.0,2015-01-01 00:00:00,2015-12-24 14:00:00,2015
A324,7968,20.2,37.4,2015-01-01 00:00:00,2015-12-31 23:00:00,2015
A325,8759,20.5,38.1,2015-01-01 00:00:00,2015-12-31 23:00:00,2015
A332,7340,19.7,38.6,2015-01-01 00:00:00,2015-12-31 23:00:00,2015
A339,7893,20.6,37.7,2015-01-01 11:00:00,2015-12-31 23:00:00,2015
A342,8759,19.6,39.7,2015-01-01 00:00:00,2015-12-31 23:00:00,2015
A347,7551,18.2,38.0,2015-01-01 00:00:00,2015-12-31 23:00:00,2015
A358,8578,21.3,39.4,2015-01-01 00:00:00,2015-12-31 23:00:00,2015
A359,8333,22.9,37.8,2015-01-01 00:00:00,2015-12-31 23:00:00,2015
A360,8759,21.3,37.5,2015-01-01 00:00:00,2015-12-31 23:00:00,2015
A203,8755,21.9,34.6,2015-01-01 00:00:00,2015-12-31 23:00:00,2015
A204,6560,14.0,40.7,2015-03-01 18:00:00,2015-12-02 17:00:00,2015
A205,8589,19.1,40.7,2015-01-01 00:00:00,2015-12-31 23:00:00,2015
A206,4493,21.3,40.0,2015-01-01 00:00:00,2015-12-31 23:00:00,2015
A207,8536,19.5,39.3,2015-01-01 00:00:00,2015-12-31 23:00:00,2015
A217,1594,25.6,32.4,2015-10-26 13:00:00,2015-12-31 23:00:00,2015
A218,8268,21.7,32.0,2015-01-01 00:00:00,2015-12-31 18:00:00,2015
A219,7938,22.3,43.2,2015-01-01 00:00:00,2015-11-27 18:00:00,2015
A220,8755,19.4,40.8,2015-01-01 00:00:00,2015-12-31 23:00:00,2015
A221,7772,18.4,41.9,2015-01-01 00:00:00,2015-12-31 23:00:00,2015
A222,6355,15.9,40.7,2015-01-01 00:00:00,2015-12-19 10:00:00,2015
A223,8758,14.5,41.1,2015-01-01 00:00:00,2015-12-31 23:00:00,2015
A224,6848,16.3,38.9,2015-01-01 00:00:00,2015-12-31 23:00:00,2015
A225,8760,18.6,40.2,2015-01-01 00:00:00,2015-12-31 23:00:00,2015
A237,8757,16.5,40.6,2015-01-01 00:00:00,2015-12-31 23:00:00,2015
A238,8758,19.4,38.4,2015-01-01 00:00:00,2015-12-31 23:00:00,2015
A310,6296,17.1,34.2,2015-01-01 00:00:00,2015-12-31 23:00:00,2015
A313,8760,17.2,34.3,2015-01-01 00:00:00,2015-12-31 23:00:00,2015
A320,8043,20.4,32.5,2015-01-01 00:00:00,2015-12-31 23:00:00,2015
A321,7722,19.6,39.2,2015-01-01 00:00:00,2015-12-30 17:00:00,2015
A333,8758,16.8,39.3,2015-01-01 00:00:00,2015-12-31 23:00:00,2015
A334,8115,14.7,36.1,2015-01-01 00:00:00,2015-12-31 23:00:00,2015
A348,8758,14.1,37.4,2015-01-01 00:00:00,2015-12-31 23:00:00,2015
A352,8759,19.2,32.6,2015-01-01 00:00:00,2015-12-31 23:00:00,2015
A301,8639,18.9,33.9,2015-01-01 00:00:00,2015-12-31 23:00:00,2015
A307,8760,18.0,38.6,2015-01-01 00:00:00,2015-12-31 23:00:00,2015
A309,8746,15.0,37.1,2015-01-01 00:00:00,2015-12-31 23:00:00,2015
A322,7891,15.2,34.7,2015-01-01 00:00:00,2015-12-31 23:00:00,2015
A328,7890,16.9,36.1,2015-01-01 00:00:00,2015-12-31 23:00:00,2015
A329,8625,18.5,39.7,2015-01-01 00:00:00,2015-12-31 23:00:00,2015
A341,8759,14.5,35.9,2015-01-01 00:00:00,2015-12-31 23:00:00,2015
A349,8625,16.5,39.3,2015-01-01 00:00:00,2015-12-31 23:00:00,2015
A350,8759,17.1,38.6,2015-01-01 00:00:00,2015-12-31 23:00:00,2015
A351,8735,17.3,41.3,2015-01-01 00:00:00,2015-12-31 23:00:00,2015
A357,7935,17.8,37.2,2015-01-01 00:00:00,2015-12-31 23:00:00,2015
A366,5767,17.9,39.4,2015-01-01 13:00:00,2015-12-31 23:00:00,2015
A308,8759,19.6,39.1,2015-01-01 00:00:00,2015-12-31 23:00:00,2015
A311,6720,20.8,41.8,2015-01-01 00:00:00,2015-12-31 23:00:00,2015
A312,8712,17.7,40.7,2015-01-01 00:00:00,2015-12-31 23:00:00,2015
A326,5674,17.6,41.8,2015-01-01 00:00:00,2015-12-31 23:00:00,2015
A330,8135,20.2,40.8,2015-01-01 00:00:00,2015-12-31 23:00:00,2015
A331,8214,20.7,40.9,2015-01-01 00:00:00,2015-12-31 23:00:00,2015
A335,7586,19.8,40.9,2015-01-01 12:00:00,2015-12-31 23:00:00,2015
A336,7485,17.6,41.0,2015-01-01 11:00:00,2015-12-31 23:00:00,2015
A337,7406,13.7,39.9,2015-01-06 13:00:00,2015-12-31 23:00:00,2015
A338,8723,18.3,41.7,2015-01-01 00:00:00,2015-12-31 23:00:00,2015
A343,8225,19.4,41.5,2015-01-01 00:00:00,2015-12-31 23:00:00,2015
A345,7715,14.5,40.5,2015-01-01 00:00:00,2015-12-31 23:00:00,2015
A346,8759,18.1,40.4,2015-01-01 00:00:00,2015-12-31 23:00:00,2015
A354,8433,15.2,42.1,2015-01-01 00:00:00,2015-12-31 23:00:00,2015
A361,8759,17.4,41.0,2015-01-01 00:00:00,2015-12-31 23:00:00,2015
A362,8308,18.7,40.3,2015-01-01 00:00:00,2015-12-31 23:00:00,2015
A363,8759,18.8,42.2,2015-01-01 00:00:00,2015-12-31 23:00:00,2015
A364,8336,19.8,41.7,2015-01-01 00:00:00,2015-12-31 17:00:00,2015
A365,8759,19.4,40.0,2015-01-01 00:00:00,2015-12-31 23:00:00,2015
A304,8400,21.2,32.1,2015-01-01 00:00:00,2015-12-31 22:00:00,2015
A316,8072,20.0,39.4,2015-01-01 00:00:00,2015-12-06 18:00:00,2015
A317,6627,19.5,37.2,2015-03-03 19:00:00,2015-12-31 23:00:00,2015
A318,7862,19.3,35.8,2015-01-01 11:00:00,2015-12-31 23:00:00,2015
A340,6515,20.9,38.6,2015-01-01 00:00:00,2015-12-31 23:00:00,2015
A344,8703,20.8,32.5,2015-01-01 00:00:00,2015-12-31 23:00:00,2015
A367,8759,17.6,36.7,2015-01-01 00:00:00,2015-12-31 23:00:00,2015
A409,8760,19.4,36.4,2015-01-01 00:00:00,2015-12-31 23:00:00,2015
A417,8751,16.4,38.6,2015-01-01 00:00:00,2015-12-31 23:00:00,2015
A419,6860,14.3,39.2,2015-01-01 00:00:00,2015-12-31 23:00:00,2015
A420,8759,15.2,40.0,2015-01-01 00:00:00,2015-12-31 23:00:00,2015
A421,8759,18.8,36.5,2015-01-01 00:00:00,2015-12-31 23:00:00,2015
A102,8753,14.8,37.2,2015-01-01 00:00:00,2015-12-31 23:00:00,2015
A104,3703,20.5,37.5,2015-01-01 00:00:00,2015-12-31 23:00:00,2015
A108,5525,17.9,35.8,2015-05-15 19:00:00,2015-12-31 23:00:00,2015
A136,8683,17.2,37.1,2015-01-01 00:00:00,2015-12-31 23:00:00,2015
A137,8740,16.2,37.5,2015-01-01 00:00:00,2015-12-31 23:00:00,2015
A138,8755,17.0,36.8,2015-01-01 00:00:00,2015-12-31 23:00:00,2015
A140,8164,13.0,37.4,2015-01-01 00:00:00,2015-12-31 23:00:00,2015
A101,8754,21.5,38.9,2015-01-01 00:00:00,2015-12-31 23:00:00,2015
A109,8755,19.6,36.3,2015-01-01 00:00:00,2015-12-31 23:00:00,2015
A110,4021,21.2,38.7,2015-01-01 00:00:00,2015-12-31 23:00:00,2015
A111,5982,20.1,37.4,2015-01-01 00:00:00,2015-12-31 23:00:00,2015
A112,8753,18.9,38.8,2015-01-01 00:00:00,2015-12-31 23:00:00,2015
A113,8704,17.9,38.8,2015-01-01 00:00:00,2015-12-31 23:00:00,2015
A117,8326,21.8,39.0,2015-01-01 00:00:00,2015-12-31 23:00:00,2015
A119,8596,22.0,38.5,2015-01-07 14:00:00,2015-12-31 23:00:00,2015
A120,8033,21.8,38.5,2015-01-01 00:00:00,2015-12-31 23:00:00,2015
A121,8754,22.2,37.2,2015-01-01 00:00:00,2015-12-31 23:00:00,2015
A122,6637,21.2,38.0,2015-01-01 00:00:00,2015-11-07 17:00:00,2015
A123,7370,22.5,37.3,2015-02-27 17:00:00,2015-12-31 23:00:00,2015
A124,6350,22.0,38.7,2015-01-01 00:00:00,2015-12-31 23:00:00,2015
A125,8754,19.8,38.7,2015-01-01 00:00:00,2015-12-31 23:00:00,2015
A126,8721,20.7,39.4,2015-01-01 00:00:00,2015-12-31 23:00:00,2015
A128,8754,20.3,38.6,2015-01-01 00:00:00,2015-12-31 23:00:00,2015
A133,8754,19.9,39.5,2015-01-01 00:00:00,2015-12-31 23:00:00,2015
A134,3593,21.4,37.7,2015-01-01 00:00:00,2015-12-31 23:00:00,2015
A242,7544,19.7,37.0,2015-01-01 00:00:00,2015-12-31 23:00:00,2015
A249,5099,22.0,34.8,2015-01-01 00:00:00,2015-12-31 23:00:00,2015
A201,8557,22.3,38.5,2015-01-01 00:00:00,2015-12-31 23:00:00,2015
A202,5589,22.2,37.6,2015-01-01 11:00:00,2015-12-31 23:00:00,2015
A209,6861,20.9,35.6,2015-01-01 00:00:00,2015-12-31 23:00:00,2015
A210,7340,20.3,36.1,2015-01-01 00:00:00,2015-12-31 23:00:00,2015
A211,8759,19.6,39.6,2015-01-01 00:00:00,2015-12-31 23:00:00,2015
A212,8760,18.6,38.0,2015-01-01 00:00:00,2015-12-31 23:00:00,2015
A213,3587,21.1,37.5,2015-01-01 00:00:00,2015-12-31 22:00:00,2015
A214,8759,18.9,39.4,2015-01-01 00:00:00,2015-12-31 23:00:00,2015
A215,5820,22.1,33.0,2015-01-01 00:00:00,2015-12-31 23:00:00,2015
A226,8752,21.9,34.9,2015-01-01 00:00:00,2015-12-31 23:00:00,2015
A227,8084,22.3,33.2,2015-01-01 00:00:00,2015-12-31 23:00:00,2015
A229,7465,20.7,36.6,2015-01-01 00:00:00,2015-12-31 23:00:00,2015
A230,6044,18.8,33.6,2015-01-01 00:00:00,2015-12-31 23:00:00,2015
A231,8759,22.0,38.3,2015-01-01 00:00:00,2015-12-31 23:00:00,2015
A232,7584,21.1,39.8,2015-01-01 00:00:00,2015-11-30 15:00:00,2015
A233,6991,14.2,40.2,2015-01-01 00:00:00,2015-12-31 23:00:00,2015
A235,8760,19.2,36.3,2015-01-01 00:00:00,2015-12-31 23:00:00,2015
A236,6010,21.8,36.4,2015-01-01 00:00:00,2015-12-31 23:00:00,2015
A239,2985,23.6,36.2,2015-08-29 15:00:00,2015-12-31 23:00:00,2015
A240,8759,18.5,36.9,2015-01-01 00:00:00,2015-12-31 23:00:00,2015
A241,7983,14.1,39.1,2015-01-01 00:00:00,2015-12-31 23:00:00,2015
A246,7285,20.9,37.5,2015-01-01 00:00:00,2015-12-31 23:00:00,2015
A248,8736,20.2,37.8,2015-01-01 00:00:00,2015-12-31 16:00:00,2015
A250,2867,23.2,35.3,2015-09-03 13:00:00,2015-12-31 23:00:00,2015
A925,6839,18.0,38.1,2015-02-09 17:00:00,2015-12-31 23:00:00,2015
A938,7930,14.2,36.4,2015-01-01 00:00:00,2015-12-31 23:00:00,2015
A939,7291,16.8,40.0,2015-01-01 00:00:00,2015-12-31 23:00:00,2015
A940,5962,16.6,38.9,2015-04-27 14:00:00,2015-12-31 23:00:00,2015
A135,8751,21.1,39.0,2015-01-01 00:00:00,2015-12-31 23:00:00,2015
A009,7381,18.5,41.0,2015-01-01 00:00:00,2015-12-13 17:00:00,2015
A010,8754,13.3,41.3,2015-01-01 00:00:00,2015-12-31 23:00:00,2015
A018,7086,16.1,41.1,2015-01-01 00:00:00,2015-12-31 23:00:00,2015
A019,8754,13.7,41.6,2015-01-01 00:00:00,2015-12-31 23:00:00,2015
A020,8352,16.5,41.3,2015-01-01 00:00:00,2015-12-31 23:00:00,2015
A021,4594,17.2,38.8,2015-01-01 00:00:00,2015-12-31 23:00:00,2015
A038,7919,17.2,37.7,2015-01-01 00:00:00,2015-12-31 23:00:00,2015
A039,8183,16.9,40.8,2015-01-01 00:00:00,2015-12-12 19:00:00,2015
A040,8599,12.1,37.3,2015-01-01 00:00:00,2015-12-31 23:00:00,2015
A041,7966,13.9,40.2,2015-01-01 00:00:00,2015-12-01 09:00:00,2015
A043,8754,17.5,39.1,2015-01-01 00:00:00,2015-12-31 23:00:00,2015
A044,8753,19.0,38.8,2015-01-01 00:00:00,2015-12-31 23:00:00,2015
A052,3249,18.1,40.9,2015-08-18 15:00:00,2015-12-31 23:00:00,2015
A054,3221,17.0,41.0,2015-08-19 19:00:00,2015-12-31 23:00:00,2015
A612,8147,14.7,38.7,2015-01-01 00:00:00,2015-12-31 23:00:00,2015
A613,7807,11.3,33.1,2015-01-01 00:00:00,2015-12-31 23:00:00,2015
A614,7491,16.1,38.3,2015-01-01 00:00:00,2015-12-31 23:00:00,2015
A615,8758,16.0,38.9,2015-01-01 00:00:00,2015-12-31 23:00:00,2015
A616,8759,16.2,36.4,2015-01-01 00:00:00,2015-12-31 23:00:00,2015
A617,8759,13.7,41.7,2015-01-01 00:00:00,2015-12-31 23:00:00,2015
A622,6626,16.3,38.2,2015-01-01 12:00:00,2015-12-31 23:00:00,2015
A623,8756,14.6,39.3,2015-01-01 00:00:00,2015-12-31 23:00:00,2015
A657,8535,12.4,38.0,2015-01-01 00:00:00,2015-12-31 23:00:00,2015
A502,8760,9.7,33.4,2015-01-01 00:00:00,2015-12-31 23:00:00,2015
A505,8760,11.0,36.1,2015-01-01 00:00:00,2015-12-31 23:00:00,2015
A506,8353,13.0,39.7,2015-01-01 00:00:00,2015-12-31 23:00:00,2015
A507,8759,13.3,38.0,2015-01-01 00:00:00,2015-12-31 23:00:00,2015
A508,8760,14.4,40.0,2015-01-01 00:00:00,2015-12-31 23:00:00,2015
A509,7181,2.6,30.0,2015-01-01 00:00:00,2015-12-31 23:00:00,2015
A510,8759,8.4,37.5,2015-01-01 00:00:00,2015-12-31 23:00:00,2015
A511,8758,13.2,38.3,2015-01-01 00:00:00,2015-12-31 23:00:00,2015
A512,8759,12.2,41.3,2015-01-01 00:00:00,2015-12-31 23:00:00,2015
A513,8759,9.8,35.8,2015-01-01 00:00:00,2015-12-31 23:00:00,2015
A514,8759,6.8,35.6,2015-01-01 00:00:00,2015-12-31 23:00:00,2015
A515,8758,9.4,35.1,2015-01-01 00:00:00,2015-12-31 23:00:00,2015
A516,8585,9.6,37.3,2015-01-01 00:00:00,2015-12-31 23:00:00,2015
A517,8218,13.9,40.7,2015-01-01 00:00:00,2015-12-31 23:00:00,2015
A518,8759,10.6,34.9,2015-01-01 00:00:00,2015-12-31 23:00:00,2015
A519,7865,12.5,41.6,2015-01-01 00:00:00,2015-12-31 23:00:00,2015
A520,8759,9.8,40.1,2015-01-01 00:00:00,2015-12-31 23:00:00,2015
A521,8757,10.9,37.7,2015-01-01 00:00:00,2015-12-31 23:00:00,2015
A522,7660,15.9,37.0,2015-01-01 00:00:00,2015-11-24 23:00:00,2015
A523,8758,10.0,36.5,2015-01-01 00:00:00,2015-12-31 23:00:00,2015
A524,8113,9.0,36.2,2015-01-01 00:00:00,2015-12-31 23:00:00,2015
A525,7805,11.6,37.7,2015-02-09 19:00:00,2015-12-31 23:00:00,2015
A526,6504,9.6,41.3,2015-01-01 00:00:00,2015-12-31 23:00:00,2015
A527,6892,14.3,38.3,2015-01-01 00:00:00,2015-12-31 23:00:00,2015
A528,8757,11.1,38.2,2015-01-01 00:00:00,2015-12-31 23:00:00,2015
A529,7953,5.3,35.4,2015-01-01 00:00:00,2015-11-28 14:00:00,2015
A530,8759,4.0,34.0,2015-01-01 00:00:00,2015-12-31 23:00:00,2015
A531,8757,0.8,31.9,2015-01-01 00:00:00,2015-12-31 23:00:00,2015
A532,6027,13.2,40.8,2015-04-24 20:00:00,2015-12-31 23:00:00,2015
A533,8731,10.2,37.2,2015-01-01 00:00:00,2015-12-31 23:00:00,2015
A534,8759,15.9,39.6,2015-01-01 00:00:00,2015-12-31 23:00:00,2015
A535,8759,6.3,38.1,2015-01-01 00:00:00,2015-12-31 23:00:00,2015
A536,8757,9.4,39.7,2015-01-01 00:00:00,2015-12-31 23:00:00,2015
A537,8754,9.4,32.5,2015-01-01 00:00:00,2015-12-31 23:00:00,2015
A538,8758,10.3,39.5,2015-01-01 00:00:00,2015-12-31 23:00:00,2015
A539,8373,13.2,41.5,2015-01-01 00:00:00,2015-12-31 23:00:00,2015
A540,8758,14.0,38.4,2015-01-01 00:00:00,2015-12-31 23:00:00,2015
A541,8758,10.5,36.7,2015-01-01 00:00:00,2015-12-31 23:00:00,2015
A542,8274,11.9,40.9,2015-01-01 00:00:00,2015-12-31 23:00:00,2015
A543,8760,16.4,40.1,2015-01-01 00:00:00,2015-12-31 23:00:00,2015
A544,8759,9.3,39.0,2015-01-01 00:00:00,2015-12-31 23:00:00,2015
A545,7396,10.1,40.8,2015-01-01 00:00:00,2015-12-31 23:00:00,2015
A546,6762,10.8,37.4,2015-01-01 00:00:00,2015-12-27 19:00:00,2015
A547,7841,9.7,41.2,2015-01-01 00:00:00,2015-12-31 23:00:00,2015
A548,8759,11.0,38.4,2015-01-01 00:00:00,2015-12-31 23:00:00,2015
A549,8451,6.2,37.0,2015-01-01 00:00:00,2015-12-31 23:00:00,2015
A550,6351,15.6,40.9,2015-01-01 11:00:00,2015-12-31 23:00:00,2015
A551,8757,11.0,37.5,2015-01-01 00:00:00,2015-12-31 23:00:00,2015
A552,8757,11.1,40.3,2015-01-01 00:00:00,2015-12-31 23:00:00,2015
A553,8757,10.6,37.3,2015-01-01 00:00:00,2015-12-31 23:00:00,2015
A554,8760,11.9,39.4,2015-01-01 00:00:00,2015-12-31 23:00:00,2015
A555,8724,11.1,36.7,2015-01-01 00:00:00,2015-12-31 23:00:00,2015
A556,8759,8.1,36.0,2015-01-01 00:00:00,2015-12-31 23:00:00,2015
A557,8759,8.8,38.3,2015-01-01 00:00:00,2015-12-31 23:00:00,2015
A561,3249,9.4,37.4,2015-08-18 15:00:00,2015-12-31 23:00:00,2015
F501,8751,9.7,35.3,2015-01-01 00:00:00,2015-12-31 23:00:00,2015
A601,8750,13.4,40.9,2015-01-01 00:00:00,2015-12-31 23:00:00,2015
A602,8757,14.2,42.4,2015-01-01 00:00:00,2015-12-31 23:00:00,2015
A603,8717,11.4,41.0,2015-01-01 00:00:00,2015-12-31 23:00:00,2015
A604,7260,12.9,41.2,2015-01-01 00:00:00,2015-12-31 23:00:00,2015
A606,8607,17.1,34.2,2015-01-01 00:00:00,2015-12-31 23:00:00,2015
A607,8758,15.6,39.8,2015-01-01 00:00:00,2015-12-31 23:00:00,2015
A608,8759,14.8,38.3,2015-01-01 00:00:00,2015-12-31 23:00:00,2015
A609,7992,11.3,39.0,2015-01-01 00:00:00,2015-12-31 23:00:00,2015
A610,4720,5.3,29.9,2015-01-01 00:00:00,2015-12-19 16:00:00,2015
A611,7849,10.3,37.5,2015-01-01 00:00:00,2015-12-31 23:00:00,2015
A618,8758,8.7,33.1,2015-01-01 00:00:00,2015-12-31 23:00:00,2015
A619,8278,14.0,38.7,2015-01-01 00:00:00,2015-12-31 23:00:00,2015
A620,7990,16.3,35.1,2015-01-01 00:00:00,2015-12-30 18:00:00,2015
A621,8737,13.7,42.2,2015-01-01 00:00:00,2015-12-31 23:00:00,2015
A624,8758,3.5,33.1,2015-01-01 00:00:00,2015-12-31 23:00:00,2015
A652,8655,17.1,38.4,2015-01-01 00:00:00,2015-12-31 23:00:00,2015
A659,2891,15.6,40.9,2015-09-02 11:00:00,2015-12-31 23:00:00,2015
A667,2866,15.9,38.3,2015-09-03 13:00:00,2015-12-31 23:00:00,2015
A701,8760,11.2,36.7,2015-01-01 00:00:00,2015-12-31 23:00:00,2015
A705,8757,10.0,37.9,2015-01-01 00:00:00,2015-12-31 23:00:00,2015
A706,8758,1.1,29.9,2015-01-01 00:00:00,2015-12-31 23:00:00,2015
A707,8714,12.1,39.0,2015-01-01 00:00:00,2015-12-31 23:00:00,2015
A708,8760,10.6,36.5,2015-01-01 00:00:00,2015-12-31 23:00:00,2015
A711,8760,9.8,36.2,2015-01-01 00:00:00,2015-12-31 23:00:00,2015
A712,7644,10.8,38.6,2015-01-01 00:00:00,2015-12-31 23:00:00,2015
A713,8592,7.1,36.6,2015-01-01 00:00:00,2015-12-31 23:00:00,2015
A714,7692,7.7,35.7,2015-01-01 00:00:00,2015-12-31 23:00:00,2015
A715,8759,5.9,36.5,2015-01-01 00:00:00,2015-12-31 23:00:00,2015
A716,7627,7.2,38.4,2015-01-01 00:00:00,2015-12-31 23:00:00,2015
A718,8597,6.6,39.4,2015-01-01 00:00:00,2015-12-31 23:00:00,2015
A725,8760,8.9,36.3,2015-01-01 00:00:00,2015-12-31 23:00:00,2015
A726,8409,8.0,37.2,2015-01-01 00:00:00,2015-12-31 23:00:00,2015
A727,7513,11.8,37.9,2015-01-01 00:00:00,2015-12-31 23:00:00,2015
A728,7510,9.3,38.1,2015-01-01 00:00:00,2015-12-31 23:00:00,2015
A729,8758,13.2,39.7,2015-01-01 00:00:00,2015-12-31 23:00:00,2015
A733,8754,12.6,39.3,2015-01-01 00:00:00,2015-12-31 23:00:00,2015
A734,8327,8.7,39.7,2015-01-01 00:00:00,2015-12-31 23:00:00,2015
A735,7786,11.0,39.6,2015-01-01 00:00:00,2015-12-31 23:00:00,2015
A736,7580,9.7,39.3,2015-01-01 00:00:00,2015-12-31 23:00:00,2015
A737,8759,10.4,38.4,2015-01-01 00:00:00,2015-12-31 23:00:00,2015
A738,8141,10.8,38.8,2015-01-01 00:00:00,2015-12-31 23:00:00,2015
A739,8414,9.8,38.5,2015-01-01 00:00:00,2015-12-31 23:00:00,2015
A740,8161,6.2,35.5,2015-01-01 00:00:00,2015-12-31 23:00:00,2015
A741,7546,10.1,39.4,2015-01-01 00:00:00,2015-12-31 23:00:00,2015
A746,8403,4.3,34.6,2015-01-01 00:00:00,2015-12-31 23:00:00,2015
A747,8737,9.2,40.0,2015-01-01 00:00:00,2015-12-31 23:00:00,2015
A748,8759,10.4,41.8,2015-01-01 00:00:00,2015-12-31 23:00:00,2015
A753,8285,9.3,39.8,2015-01-01 00:00:00,2015-12-31 23:00:00,2015
A755,8759,7.8,35.7,2015-01-01 00:00:00,2015-12-31 23:00:00,2015
A807,8723,7.0,33.6,2015-01-01 00:00:00,2015-12-31 23:00:00,2015
A818,7046,4.3,33.7,2015-01-01 00:00:00,2015-12-31 23:00:00,2015
A819,8574,0.8,33.0,2015-01-01 00:00:00,2015-12-31 18:00:00,2015
A820,6587,4.6,37.6,2015-01-01 15:00:00,2015-12-31 23:00:00,2015
A821,7015,7.2,37.9,2015-01-01 00:00:00,2015-12-31 23:00:00,2015
A822,7881,4.8,35.5,2015-01-01 00:00:00,2015-12-31 22:00:00,2015
A823,7836,0.2,31.5,2015-01-01 00:00:00,2015-12-31 23:00:00,2015
A824,6358,8.8,38.5,2015-01-01 00:00:00,2015-12-09 16:00:00,2015
A835,8759,7.8,36.7,2015-01-01 00:00:00,2015-12-31 23:00:00,2015
A842,7805,8.3,36.0,2015-01-01 00:00:00,2015-12-31 17:00:00,2015
A843,5858,2.9,36.0,2015-01-01 13:00:00,2015-12-31 23:00:00,2015
A846,6100,4.1,37.6,2015-01-01 13:00:00,2015-12-31 23:00:00,2015
A847,8759,10.6,36.6,2015-01-01 00:00:00,2015-12-31 23:00:00,2015
A849,7220,9.0,38.3,2015-01-01 00:00:00,2015-12-31 23:00:00,2015
A850,6741,8.0,39.5,2015-01-01 00:00:00,2015-12-31 23:00:00,2015
A855,7671,4.9,38.1,2015-01-01 00:00:00,2015-12-31 23:00:00,2015
A869,7576,8.0,37.3,2015-01-01 00:00:00,2015-12-31 23:00:00,2015
A871,8759,6.2,35.8,2015-01-01 00:00:00,2015-12-31 23:00:00,2015
A872,8759,6.0,32.2,2015-01-01 00:00:00,2015-12-31 23:00:00,2015
A873,8756,7.6,39.2,2015-01-01 00:00:00,2015-12-31 23:00:00,2015
A874,8759,0.1,34.2,2015-01-01 00:00:00,2015-12-31 23:00:00,2015
A875,7735,-0.2,33.9,2015-01-01 00:00:00,2015-12-31 23:00:00,2015
A876,8705,0.8,33.4,2015-01-01 00:00:00,2015-12-31 23:00:00,2015
A801,8746,6.3,36.5,2015-01-01 00:00:00,2015-12-31 23:00:00,2015
A802,7738,2.6,32.9,2015-01-01 00:00:00,2015-12-31 23:00:00,2015
A803,8758,1.5,36.2,2015-01-01 00:00:00,2015-12-31 23:00:00,2015
A805,8178,2.9,33.7,2015-01-01 00:00:00,2015-12-07 18:00:00,2015
A808,7620,6.2,33.4,2015-01-01 00:00:00,2015-12-31 23:00:00,2015
A809,8759,1.6,35.8,2015-01-01 00:00:00,2015-12-31 23:00:00,2015
A810,3139,12.8,34.4,2015-01-01 00:00:00,2015-12-31 23:00:00,2015
A811,8760,0.7,32.8,2015-01-01 00:00:00,2015-12-31 23:00:00,2015
A812,8637,2.2,32.8,2015-01-01 00:00:00,2015-12-31 23:00:00,2015
A813,8752,2.7,36.0,2015-01-01 00:00:00,2015-12-31 23:00:00,2015
A826,7949,0.1,35.0,2015-02-03 19:00:00,2015-12-31 23:00:00,2015
A827,8639,0.0,33.5,2015-01-01 00:00:00,2015-12-31 23:00:00,2015
A828,8266,1.3,31.9,2015-01-01 00:00:00,2015-12-31 23:00:00,2015
A829,8251,-1.2,28.8,2015-01-01 00:00:00,2015-12-12 23:00:00,2015
A830,8760,3.8,34.8,2015-01-01 00:00:00,2015-12-31 23:00:00,2015
A831,5998,0.7,36.6,2015-01-01 00:00:00,2015-12-31 23:00:00,2015
A832,8741,1.5,37.3,2015-01-01 00:00:00,2015-12-31 23:00:00,2015
A833,8757,2.3,33.0,2015-01-01 00:00:00,2015-12-31 23:00:00,2015
A834,8247,6.5,33.7,2015-01-01 00:00:00,2015-12-31 23:00:00,2015
A836,8758,-0.1,35.0,2015-01-01 00:00:00,2015-12-31 23:00:00,2015
A837,7848,1.3,32.4,2015-01-01 00:00:00,2015-12-31 23:00:00,2015
A838,8475,4.2,35.3,2015-01-01 00:00:00,2015-12-31 23:00:00,2015
A839,8759,1.2,32.4,2015-01-01 00:00:00,2015-12-31 23:00:00,2015
A840,6695,2.5,32.3,2015-01-01 00:00:00,2015-12-31 23:00:00,2015
A844,6244,1.1,30.9,2015-01-01 00:00:00,2015-12-31 23:00:00,2015
A852,7852,2.8,35.9,2015-01-01 00:00:00,2015-12-31 23:00:00,2015
A853,8759,2.3,33.5,2015-01-01 00:00:00,2015-12-31 23:00:00,2015
A854,8540,3.1,33.8,2015-01-01 00:00:00,2015-12-31 23:00:00,2015
A856,8753,1.8,32.8,2015-01-01 00:00:00,2015-12-31 23:00:00,2015
A878,8657,7.1,34.7,2015-01-01 00:00:00,2015-12-31 23:00:00,2015
A879,8756,0.1,31.1,2015-01-01 00:00:00,2015-12-31 23:00:00,2015
A880,8759,-1.8,30.6,2015-01-01 00:00:00,2015-12-31 23:00:00,2015
A881,8677,1.3,34.4,2015-01-01 00:00:00,2015-12-31 23:00:00,2015
A882,8731,3.7,36.6,2015-01-01 00:00:00,2015-12-31 23:00:00,2015
A883,7914,1.5,34.5,2015-01-01 00:00:00,2015-12-31 23:00:00,2015
A884,8758,3.6,37.7,2015-01-01 00:00:00,2015-12-31 23:00:00,2015
A899,7657,1.1,33.9,2015-01-01 00:00:00,2015-12-31 23:00:00,2015
A806,8442,7.4,37.5,2015-01-01 00:00:00,2015-12-31 23:00:00,2015
A814,8349,4.9,38.4,2015-01-01 00:00:00,2015-12-31 23:00:00,2015
A815,7886,-2.8,26.7,2015-01-01 00:00:00,2015-12-31 23:00:00,2015
A816,8417,3.1,30.7,2015-01-01 00:00:00,2015-12-31 23:00:00,2015
A817,8669,6.2,37.3,2015-01-01 00:00:00,2015-12-31 23:00:00,2015
A841,8759,0.5,35.9,2015-01-01 00:00:00,2015-12-31 23:00:00,2015
A845,8760,-3.0,24.8,2015-01-01 00:00:00,2015-12-31 23:00:00,2015
A848,4768,4.0,32.5,2015-01-01 00:00:00,2015-12-31 23:00:00,2015
A851,7070,4.1,37.5,2015-01-01 00:00:00,2015-12-31 23:00:00,2015
A857,7924,3.1,32.7,2015-01-01 00:00:00,2015-12-31 23:00:00,2015
A858,8759,2.5,31.4,2015-01-01 00:00:00,2015-12-31 23:00:00,2015
A859,8412,0.1,32.0,2015-01-01 00:00:00,2015-12-31 23:00:00,2015
A860,8759,0.2,31.8,2015-01-01 00:00:00,2015-12-31 23:00:00,2015
A861,8557,0.6,34.8,2015-01-01 00:00:00,2015-12-31 23:00:00,2015
A862,8323,-1.1,33.6,2015-01-01 00:00:00,2015-12-31 23:00:00,2015
A863,8490,1.9,34.4,2015-01-01 00:00:00,2015-12-31 23:00:00,2015
A864,8760,-1.5,32.2,2015-01-01 00:00:00,2015-12-31 23:00:00,2015
A865,8749,-0.6,31.1,2015-01-01 00:00:00,2015-12-31 23:00:00,2015
A866,6783,8.4,33.0,2015-01-01 12:00:00,2015-10-27 13:00:00,2015
A867,8759,5.3,35.9,2015-01-01 00:00:00,2015-12-31 23:00:00,2015
A868,8760,6.2,38.3,2015-01-01 00:00:00,2015-12-31 23:00:00,2015
A001,8782,9.9,33.5,2016-01-01 00:00:00,2016-12-31 23:00:00,2016
A045,8578,8.5,34.6,2016-01-01 00:00:00,2016-12-31 23:00:00,2016
A046,8465,10.2,35.0,2016-01-01 00:00:00,2016-12-31 23:00:00,2016
A002,8784,10.6,38.2,2016-01-01 00:00:00,2016-12-31 23:00:00,2016
A003,8783,8.1,37.2,2016-01-01 00:00:00,2016-12-31 23:00:00,2016
A011,7034,7.5,38.8,2016-01-01 00:00:00,2016-12-31 23:00:00,2016
A012,8742,11.0,35.2,2016-01-01 00:00:00,2016-12-31 23:00:00,2016
A013,6616,13.9,40.0,2016-01-01 00:00:00,2016-12-31 23:00:00,2016
A014,8753,15.1,39.0,2016-01-01 00:00:00,2016-12-31 23:00:00,2016
A015,8782,11.4,36.7,2016-01-01 00:00:00,2016-12-31 23:00:00,2016
A016,8782,3.8,37.4,2016-01-01 00:00:00,2016-12-31 23:00:00,2016
A017,7934,16.4,37.3,2016-01-01 00:00:00,2016-12-30 17:00:00,2016
A022,7490,14.6,36.8,2016-01-01 00:00:00,2016-12-31 23:00:00,2016
A023,8784,10.1,37.1,2016-01-01 00:00:00,2016-12-31 23:00:00,2016
A024,8783,11.3,33.1,2016-01-01 00:00:00,2016-12-31 23:00:00,2016
A025,7918,7.2,37.0,2016-01-01 00:00:00,2016-12-31 23:00:00,2016
A026,6690,-6.8,37.4,2016-01-01 00:00:00,2016-12-31 23:00:00,2016
A027,8760,10.7,37.3,2016-01-01 00:00:00,2016-12-31 23:00:00,2016
A028,8745,12.6,38.0,2016-01-01 00:00:00,2016-12-31 23:00:00,2016
A032,8782,17.7,41.1,2016-01-01 00:00:00,2016-12-31 23:00:00,2016
A033,8783,9.1,37.5,2016-01-01 00:00:00,2016-12-31 23:00:00,2016
A034,8778,11.1,36.3,2016-01-01 00:00:00,2016-12-31 23:00:00,2016
A035,8783,7.2,39.0,2016-01-01 00:00:00,2016-12-31 23:00:00,2016
A036,8784,9.9,33.2,2016-01-01 00:00:00,2016-12-31 23:00:00,2016
A037,8602,9.8,37.1,2016-01-01 00:00:00,2016-12-31 23:00:00,2016
A702,8778,6.4,36.1,2016-01-01 00:00:00,2016-12-31 23:00:00,2016
A703,8770,4.1,35.0,2016-01-01 00:00:00,2016-12-31 23:00:00,2016
A704,7029,5.3,38.3,2016-01-01 00:00:00,2016-12-31 23:00:00,2016
A709,6828,5.3,37.2,2016-01-01 00:00:00,2016-12-31 23:00:00,2016
A710,7782,4.9,39.7,2016-01-01 22:00:00,2016-12-31 23:00:00,2016
A717,7930,5.2,40.0,2016-02-05 12:00:00,2016-12-31 23:00:00,2016
A719,8745,7.2,39.3,2016-01-01 00:00:00,2016-12-31 23:00:00,2016
A720,6433,7.3,39.8,2016-01-01 00:00:00,2016-12-31 23:00:00,2016
A721,8784,3.9,37.8,2016-01-01 00:00:00,2016-12-31 23:00:00,2016
A722,8692,8.1,39.1,2016-01-01 00:00:00,2016-12-31 23:00:00,2016
A723,7963,5.3,42.0,2016-02-03 21:00:00,2016-12-31 23:00:00,2016
A724,7001,9.9,38.6,2016-01-01 00:00:00,2016-12-31 23:00:00,2016
A730,7330,6.7,34.8,2016-01-01 00:00:00,2016-12-31 23:00:00,2016
A731,6860,1.9,38.6,2016-01-01 00:00:00,2016-12-31 23:00:00,2016
A732,8420,6.9,36.5,2016-01-01 00:00:00,2016-12-31 23:00:00,2016
A742,8200,3.9,37.3,2016-01-01 00:00:00,2016-12-31 23:00:00,2016
A743,8164,1.8,38.6,2016-01-01 16:00:00,2016-12-31 23:00:00,2016
A749,7496,3.0,38.1,2016-01-01 00:00:00,2016-12-31 23:00:00,2016
A750,7576,1.4,37.5,2016-02-02 14:00:00,2016-12-31 23:00:00,2016
A751,8783,3.1,37.3,2016-01-01 00:00:00,2016-12-31 23:00:00,2016
A752,7788,5.0,38.7,2016-01-01 00:00:00,2016-12-31 23:00:00,2016
A754,8755,3.2,37.7,2016-01-01 00:00:00,2016-12-31 23:00:00,2016
A756,8782,2.4,40.0,2016-01-01 00:00:00,2016-12-31 23:00:00,2016
A757,8560,1.9,39.3,2016-01-01 00:00:00,2016-12-31 23:00:00,2016
A758,7014,4.4,38.2,2016-01-01 00:00:00,2016-12-31 23:00:00,2016
A759,8094,7.1,39.1,2016-01-29 17:00:00,2016-12-31 23:00:00,2016
A760,8783,6.3,36.9,2016-01-01 00:00:00,2016-12-31 23:00:00,2016
A761,8783,9.1,38.2,2016-01-01 00:00:00,2016-12-31 23:00:00,2016
A901,7790,12.2,39.4,2016-01-01 00:00:00,2016-12-31 23:00:00,2016
A902,7024,11.2,37.5,2016-02-24 15:00:00,2016-12-31 23:00:00,2016
A903,5647,14.0,38.1,2016-01-01 00:00:00,2016-12-31 23:00:00,2016
A904,8782,14.1,38.4,2016-01-01 00:00:00,2016-12-31 23:00:00,2016
A905,8700,11.3,36.7,2016-01-01 00:00:00,2016-12-31 23:00:00,2016
A906,7631,14.6,37.7,2016-01-01 13:00:00,2016-12-31 23:00:00,2016
A907,7095,10.7,40.2,2016-01-01 00:00:00,2016-12-31 23:00:00,2016
A908,6792,15.6,38.3,2016-01-01 00:00:00,2016-12-31 23:00:00,2016
A909,7876,8.0,36.2,2016-01-01 00:00:00,2016-12-31 22:00:00,2016
A910,7992,15.8,38.6,2016-01-01 11:00:00,2016-12-31 23:00:00,2016
A912,6451,10.8,34.9,2016-01-01 00:00:00,2016-12-31 23:00:00,2016
A913,8783,8.7,35.1,2016-01-01 00:00:00,2016-12-31 23:00:00,2016
A914,6682,14.6,38.6,2016-01-01 00:00:00,2016-12-31 23:00:00,2016
A915,7218,14.2,37.9,2016-01-01 00:00:00,2016-12-31 23:00:00,2016
A916,7983,12.9,39.6,2016-01-01 00:00:00,2016-12-31 23:00:00,2016
A917,7217,13.4,37.9,2016-01-01 00:00:00,2016-12-31 23:00:00,2016
A919,5351,15.7,37.2,2016-02-27 00:00:00,2016-12-31 23:00:00,2016
A920,7418,14.3,37.1,2016-01-01 00:00:00,2016-12-31 23:00:00,2016
A921,8783,17.3,41.0,2016-01-01 00:00:00,2016-12-31 23:00:00,2016
A922,7419,10.9,38.8,2016-01-01 00:00:00,2016-12-31 23:00:00,2016
A924,8122,13.4,37.9,2016-01-01 00:00:00,2016-12-31 23:00:00,2016
A926,7666,16.2,36.8,2016-01-01 00:00:00,2016-12-31 23:00:00,2016
A927,8782,12.2,36.7,2016-01-01 00:00:00,2016-12-31 23:00:00,2016
A928,7393,13.1,37.6,2016-01-01 00:00:00,2016-12-31 23:00:00,2016
A929,7291,13.2,38.4,2016-01-01 00:00:00,2016-12-31 23:00:00,2016
A930,7525,16.1,39.0,2016-01-01 00:00:00,2016-12-31 23:00:00,2016
A931,8781,10.9,36.9,2016-01-01 00:00:00,2016-12-31 23:00:00,2016
A932,7951,13.5,40.2,2016-01-01 00:00:00,2016-12-31 23:00:00,2016
A933,8000,9.7,37.8,2016-01-01 00:00:00,2016-12-31 23:00:00,2016
A934,6453,9.2,35.8,2016-01-01 00:00:00,2016-12-31 23:00:00,2016
A935,7194,11.4,39.0,2016-02-24 12:00:00,2016-12-31 23:00:00,2016
A936,8783,9.2,38.8,2016-01-01 00:00:00,2016-12-31 23:00:00,2016
A937,8430,10.2,39.2,2016-01-01 00:00:00,2016-12-31 23:00:00,2016
A941,8783,9.9,39.3,2016-01-01 00:00:00,2016-12-31 23:00:00,2016
A303,8784,17.8,36.3,2016-01-01 00:00:00,2016-12-31 23:00:00,2016
A323,7056,17.2,42.8,2016-01-01 00:00:00,2016-12-31 23:00:00,2016
A327,8662,16.4,39.2,2016-01-01 00:00:00,2016-12-31 23:00:00,2016
A353,7603,17.2,38.2,2016-01-01 00:00:00,2016-12-31 23:00:00,2016
A355,8382,19.0,38.0,2016-01-01 00:00:00,2016-12-31 23:00:00,2016
A356,8783,16.7,36.1,2016-01-01 00:00:00,2016-12-31 23:00:00,2016
A401,7935,21.2,34.0,2016-01-01 00:00:00,2016-12-31 23:00:00,2016
A402,8783,13.9,38.5,2016-01-01 00:00:00,2016-12-31 23:00:00,2016
A404,8783,12.9,36.7,2016-01-01 00:00:00,2016-12-31 23:00:00,2016
A405,8783,15.9,34.1,2016-01-01 00:00:00,2016-12-31 23:00:00,2016
A406,8782,17.5,38.3,2016-01-01 00:00:00,2016-12-31 23:00:00,2016
A407,8783,13.6,36.6,2016-01-01 00:00:00,2016-12-31 23:00:00,2016
A408,8784,16.0,40.0,2016-01-01 00:00:00,2016-12-31 23:00:00,2016
A410,8783,15.8,34.8,2016-01-01 00:00:00,2016-12-31 23:00:00,2016
A412,8783,14.5,40.5,2016-01-01 00:00:00,2016-12-31 23:00:00,2016
A413,6646,17.2,39.3,2016-01-01 00:00:00,2016-12-31 23:00:00,2016
A414,8783,11.7,36.9,2016-01-01 00:00:00,2016-12-31 23:00:00,2016
A415,8722,13.8,39.7,2016-01-01 00:00:00,2016-12-31 23:00:00,2016
A416,6794,13.5,38.8,2016-01-01 00:00:00,2016-12-31 23:00:00,2016
A418,7885,17.2,39.9,2016-01-01 00:00:00,2016-12-31 23:00:00,2016
A422,7387,21.0,32.4,2016-01-01 00:00:00,2016-12-31 23:00:00,2016
A423,7478,20.1,39.0,2016-01-01 00:00:00,2016-12-31 23:00:00,2016
A424,7822,14.1,37.2,2016-01-01 00:00:00,2016-12-31 23:00:00,2016
A425,8396,14.8,40.4,2016-01-01 00:00:00,2016-12-31 23:00:00,2016
A426,6338,16.9,38.9,2016-01-01 00:00:00,2016-12-31 20:00:00,2016
A427,8261,14.1,37.7,2016-01-01 00:00:00,2016-12-27 18:00:00,2016
A428,5170,16.1,38.5,2016-01-01 00:00:00,2016-11-28 14:00:00,2016
A429,8782,15.3,39.9,2016-01-01 00:00:00,2016-12-31 23:00:00,2016
A430,8758,11.3,32.4,2016-01-01 00:00:00,2016-12-31 23:00:00,2016
A431,7200,18.0,33.0,2016-01-01 10:00:00,2016-11-15 09:00:00,2016
A432,7595,15.4,39.0,2016-01-01 00:00:00,2016-12-31 23:00:00,2016
A433,7510,13.7,40.7,2016-01-01 00:00:00,2016-12-31 23:00:00,2016
A434,8784,16.6,37.1,2016-01-01 00:00:00,2016-12-31 23:00:00,2016
A435,7908,15.1,37.9,2016-01-01 00:00:00,2016-12-31 23:00:00,2016
A436,8783,16.8,40.8,2016-01-01 00:00:00,2016-12-31 23:00:00,2016
A437,8343,16.3,34.0,2016-01-01 00:00:00,2016-12-31 23:00:00,2016
A438,7869,19.0,33.4,2016-01-01 00:00:00,2016-12-31 23:00:00,2016
A439,8172,14.7,40.2,2016-01-01 00:00:00,2016-12-31 23:00:00,2016
A440,8783,11.1,40.2,2016-01-01 00:00:00,2016-12-31 23:00:00,2016
A441,8773,15.4,39.5,2016-01-01 00:00:00,2016-12-31 23:00:00,2016
A442,8661,16.1,38.9,2016-01-01 00:00:00,2016-12-31 23:00:00,2016
A443,8783,12.5,37.9,2016-01-01 00:00:00,2016-12-31 23:00:00,2016
A444,8783,15.1,35.0,2016-01-01 00:00:00,2016-12-31 23:00:00,2016
A445,8783,14.2,39.9,2016-01-01 00:00:00,2016-12-31 23:00:00,2016
A446,8784,14.5,40.3,2016-01-01 00:00:00,2016-12-31 23:00:00,2016
A447,7148,13.3,37.7,2016-01-01 00:00:00,2016-12-31 23:00:00,2016
A448,8784,17.8,38.9,2016-01-01 00:00:00,2016-12-31 23:00:00,2016
A449,3066,19.3,38.2,2016-05-28 02:00:00,2016-12-31 23:00:00,2016
A450,8774,14.4,40.3,2016-01-01 00:00:00,2016-12-31 23:00:00,2016
A452,5068,11.7,39.2,2016-06-03 19:00:00,2016-12-31 23:00:00,2016
A454,5076,13.9,38.4,2016-06-03 11:00:00,2016-12-31 23:00:00,2016
A455,5122,13.4,34.2,2016-06-01 13:00:00,2016-12-31 23:00:00,2016
A305,6982,22.5,34.3,2016-01-01 00:00:00,2016-12-31 23:00:00,2016
A306,8456,19.9,39.8,2016-01-01 00:00:00,2016-12-31 23:00:00,2016
A314,8630,16.7,31.8,2016-01-01 00:00:00,2016-12-31 23:00:00,2016
A315,8431,17.5,39.2,2016-01-01 00:00:00,2016-12-31 23:00:00,2016
A319,7511,18.5,40.4,2016-02-14 13:00:00,2016-12-31 23:00:00,2016
A324,8117,18.1,38.7,2016-01-01 00:00:00,2016-12-31 23:00:00,2016
A325,8590,19.2,38.5,2016-01-01 00:00:00,2016-12-31 23:00:00,2016
A332,8153,19.8,38.6,2016-01-01 00:00:00,2016-12-31 23:00:00,2016
A339,7909,20.8,38.6,2016-01-01 00:00:00,2016-12-31 23:00:00,2016
A342,7950,19.8,40.1,2016-01-01 00:00:00,2016-12-31 23:00:00,2016
A347,8780,18.5,38.3,2016-01-01 00:00:00,2016-12-31 23:00:00,2016
A358,8783,21.4,40.5,2016-01-01 00:00:00,2016-12-31 23:00:00,2016
A359,8783,22.4,40.8,2016-01-01 00:00:00,2016-12-31 23:00:00,2016
A360,6843,21.6,37.6,2016-01-01 00:00:00,2016-12-31 23:00:00,2016
A203,8782,22.1,34.9,2016-01-01 00:00:00,2016-12-31 23:00:00,2016
A204,7992,15.1,39.3,2016-02-02 23:00:00,2016-12-31 23:00:00,2016
A205,8783,18.2,39.0,2016-01-01 00:00:00,2016-12-31 23:00:00,2016
A206,8783,21.2,39.7,2016-01-01 00:00:00,2016-12-31 23:00:00,2016
A207,8780,19.4,38.2,2016-01-01 00:00:00,2016-12-31 23:00:00,2016
A217,8783,22.9,32.7,2016-01-01 00:00:00,2016-12-31 23:00:00,2016
A218,2343,22.0,33.3,2016-01-01 18:00:00,2016-12-31 23:00:00,2016
A219,7618,22.2,43.4,2016-02-18 13:00:00,2016-12-31 23:00:00,2016
A220,8779,18.9,40.1,2016-01-01 00:00:00,2016-12-31 23:00:00,2016
A221,7099,18.0,39.2,2016-01-01 00:00:00,2016-12-31 23:00:00,2016
A222,7156,15.9,40.2,2016-02-22 13:00:00,2016-12-31 23:00:00,2016
A223,8782,14.3,39.9,2016-01-01 00:00:00,2016-12-31 23:00:00,2016
A224,6493,14.3,38.7,2016-01-01 00:00:00,2016-12-03 08:00:00,2016
A225,6922,18.4,39.0,2016-01-01 00:00:00,2016-12-31 23:00:00,2016
A237,6980,19.7,40.4,2016-01-01 00:00:00,2016-12-31 23:00:00,2016
A238,8784,18.3,41.4,2016-01-01 00:00:00,2016-12-31 23:00:00,2016
A310,8784,17.2,33.2,2016-01-01 00:00:00,2016-12-31 23:00:00,2016
A313,8265,16.7,33.7,2016-01-01 00:00:00,2016-12-31 23:00:00,2016
A320,7808,19.8,33.0,2016-01-01 00:00:00,2016-12-31 23:00:00,2016
A321,6487,20.3,39.3,2016-01-05 13:00:00,2016-12-31 23:00:00,2016
A333,7599,15.6,38.7,2016-01-01 00:00:00,2016-12-31 23:00:00,2016
A334,7834,14.9,36.5,2016-01-01 00:00:00,2016-12-31 23:00:00,2016
A348,7673,15.1,36.7,2016-01-01 00:00:00,2016-12-31 23:00:00,2016
A352,7726,18.9,33.3,2016-01-01 00:00:00,2016-12-31 23:00:00,2016
A301,8504,18.4,33.8,2016-01-01 00:00:00,2016-12-31 23:00:00,2016
A307,8783,18.6,39.3,2016-01-01 00:00:00,2016-12-31 23:00:00,2016
A309,8784,12.3,37.4,2016-01-01 00:00:00,2016-12-31 23:00:00,2016
A322,8783,15.0,34.5,2016-01-01 00:00:00,2016-12-31 23:00:00,2016
A328,8447,16.8,35.1,2016-01-01 00:00:00,2016-12-31 23:00:00,2016
A329,7640,17.1,38.9,2016-01-01 00:00:00,2016-12-31 23:00:00,2016
A341,8783,13.3,34.8,2016-01-01 00:00:00,2016-12-31 23:00:00,2016
A349,8783,14.6,39.4,2016-01-01 00:00:00,2016-12-31 23:00:00,2016
A350,8078,17.1,38.0,2016-01-01 00:00:00,2016-12-31 23:00:00,2016
A351,8067,16.5,40.5,2016-01-01 00:00:00,2016-12-31 23:00:00,2016
A357,8489,17.1,37.0,2016-01-01 00:00:00,2016-12-31 23:00:00,2016
A366,7940,17.1,39.0,2016-01-01 10:00:00,2016-12-31 23:00:00,2016
A308,8783,20.0,39.3,2016-01-01 00:00:00,2016-12-31 23:00:00,2016
A311,8784,21.0,41.1,2016-01-01 00:00:00,2016-12-31 23:00:00,2016
A312,8783,17.2,40.9,2016-01-01 00:00:00,2016-12-31 23:00:00,2016
A326,8104,16.5,40.6,2016-01-01 00:00:00,2016-12-31 23:00:00,2016
A330,8228,20.5,39.8,2016-01-01 00:00:00,2016-12-31 23:00:00,2016
A331,8784,19.2,40.7,2016-01-01 00:00:00,2016-12-31 23:00:00,2016
A335,6745,21.1,40.6,2016-01-01 00:00:00,2016-12-31 23:00:00,2016
A336,6879,16.0,40.4,2016-01-01 00:00:00,2016-12-31 23:00:00,2016
A337,8633,15.0,38.8,2016-01-01 00:00:00,2016-12-31 23:00:00,2016
A338,8533,18.0,43.8,2016-01-01 00:00:00,2016-12-31 23:00:00,2016
A343,7505,18.7,41.3,2016-01-01 00:00:00,2016-12-31 23:00:00,2016
A345,8688,14.5,39.8,2016-01-01 00:00:00,2016-12-31 23:00:00,2016
A346,8118,18.9,39.5,2016-01-01 00:00:00,2016-12-04 06:00:00,2016
A354,8783,14.7,42.3,2016-01-01 00:00:00,2016-12-31 23:00:00,2016
A361,7940,16.3,40.7,2016-01-01 00:00:00,2016-12-28 14:00:00,2016
A362,8783,20.7,39.5,2016-01-01 00:00:00,2016-12-31 23:00:00,2016
A363,7755,19.9,41.2,2016-01-01 00:00:00,2016-12-31 23:00:00,2016
A364,8046,18.6,40.8,2016-01-02 14:00:00,2016-12-31 23:00:00,2016
A365,8284,19.5,40.2,2016-01-01 00:00:00,2016-12-31 23:00:00,2016
A304,7989,21.3,32.2,2016-01-01 10:00:00,2016-12-31 23:00:00,2016
A316,6991,20.2,39.3,2016-02-22 14:00:00,2016-12-31 23:00:00,2016
A317,7633,21.0,38.0,2016-01-01 10:00:00,2016-12-31 21:00:00,2016
A318,7342,20.8,39.1,2016-01-01 00:00:00,2016-12-31 23:00:00,2016
A340,7479,21.0,38.9,2016-01-01 00:00:00,2016-12-31 23:00:00,2016
A344,7414,21.0,32.5,2016-01-01 00:00:00,2016-12-31 23:00:00,2016
A367,8022,17.1,36.8,2016-01-01 00:00:00,2016-12-31 23:00:00,2016
A409,8784,20.7,34.4,2016-01-01 00:00:00,2016-12-31 23:00:00,2016
A417,8057,17.9,38.8,2016-01-01 00:00:00,2016-12-31 23:00:00,2016
A419,8784,15.2,39.9,2016-01-01 00:00:00,2016-12-31 23:00:00,2016
A420,6967,15.7,39.9,2016-01-01 00:00:00,2016-12-31 23:00:00,2016
A421,4710,19.5,34.9,2016-01-01 00:00:00,2016-12-31 23:00:00,2016
A102,8784,14.7,37.3,2016-01-01 00:00:00,2016-12-31 23:00:00,2016
A104,4117,19.0,36.0,2016-01-01 00:00:00,2016-12-31 23:00:00,2016
A108,8774,16.4,36.2,2016-01-01 00:00:00,2016-12-31 23:00:00,2016
A136,7100,16.0,37.1,2016-01-01 00:00:00,2016-12-31 18:00:00,2016
A137,6985,15.3,38.1,2016-01-01 00:00:00,2016-12-31 20:00:00,2016
A138,6242,16.8,36.2,2016-01-01 00:00:00,2016-12-31 23:00:00,2016
A140,8783,12.9,37.0,2016-01-01 00:00:00,2016-12-31 23:00:00,2016
A101,8749,22.3,41.4,2016-01-01 00:00:00,2016-12-31 23:00:00,2016
A109,4401,17.4,35.4,2016-01-01 00:00:00,2016-07-07 16:00:00,2016
A110,6202,16.4,37.2,2016-01-01 00:00:00,2016-12-31 23:00:00,2016
A111,8782,17.4,38.1,2016-01-01 00:00:00,2016-12-31 23:00:00,2016
A112,2624,21.1,36.9,2016-01-01 00:00:00,2016-12-31 23:00:00,2016
A113,8376,18.0,38.3,2016-01-01 00:00:00,2016-12-31 23:00:00,2016
A117,8783,20.8,38.2,2016-01-01 00:00:00,2016-12-31 23:00:00,2016
A119,8571,22.2,37.2,2016-01-01 00:00:00,2016-12-31 23:00:00,2016
A120,5332,21.8,37.2,2016-01-01 00:00:00,2016-12-31 23:00:00,2016
A121,7604,21.8,35.7,2016-01-01 00:00:00,2016-12-31 23:00:00,2016
A122,2844,21.9,35.7,2016-06-02 15:00:00,2016-09-29 19:00:00,2016
A123,8360,22.8,36.2,2016-01-01 00:00:00,2016-12-31 23:00:00,2016
A124,8784,21.6,38.6,2016-01-01 00:00:00,2016-12-31 23:00:00,2016
A125,8384,19.6,37.9,2016-01-01 00:00:00,2016-12-31 23:00:00,2016
A126,5340,20.1,38.6,2016-01-01 00:00:00,2016-12-31 23:00:00,2016
A128,1540,22.6,39.5,2016-01-01 00:00:00,2016-12-31 11:00:00,2016
A133,8783,20.5,38.3,2016-01-01 00:00:00,2016-12-31 23:00:00,2016
A134,8783,20.8,36.0,2016-01-01 00:00:00,2016-12-31 23:00:00,2016
A242,8783,19.7,36.3,2016-01-01 00:00:00,2016-12-31 23:00:00,2016
A249,6842,22.2,34.7,2016-01-01 00:00:00,2016-12-31 23:00:00,2016
A201,8782,22.4,35.4,2016-01-01 00:00:00,2016-12-31 23:00:00,2016
A202,8700,21.7,37.1,2016-01-01 00:00:00,2016-12-31 23:00:00,2016
A209,8452,21.1,34.5,2016-01-01 00:00:00,2016-12-31 23:00:00,2016
A210,6496,19.5,36.8,2016-01-01 00:00:00,2016-12-31 23:00:00,2016
A211,8420,19.4,37.4,2016-01-01 00:00:00,2016-12-31 23:00:00,2016
A212,8410,18.4,37.3,2016-01-01 00:00:00,2016-12-31 23:00:00,2016
A213,7185,19.9,35.8,2016-01-01 00:00:00,2016-12-31 23:00:00,2016
A214,8251,17.8,37.6,2016-01-01 00:00:00,2016-12-31 23:00:00,2016
A215,8776,22.7,32.7,2016-01-01 00:00:00,2016-12-31 23:00:00,2016
A216,1063,20.9,34.9,2016-11-17 17:00:00,2016-12-31 23:00:00,2016
A226,7317,21.6,34.9,2016-01-01 00:00:00,2016-12-31 23:00:00,2016
A227,7428,22.4,32.9,2016-01-01 00:00:00,2016-12-31 23:00:00,2016
A229,8782,21.5,36.4,2016-01-01 00:00:00,2016-12-31 23:00:00,2016
A230,6888,19.1,32.6,2016-01-01 00:00:00,2016-12-31 23:00:00,2016
A231,7321,22.2,37.6,2016-01-01 00:00:00,2016-12-31 23:00:00,2016
A232,5039,20.8,38.8,2016-05-30 17:00:00,2016-12-31 23:00:00,2016
A233,6178,19.1,38.2,2016-01-01 00:00:00,2016-12-31 23:00:00,2016
A234,1209,20.7,34.8,2016-11-11 15:00:00,2016-12-31 23:00:00,2016
A235,8781,18.7,36.7,2016-01-01 00:00:00,2016-12-31 23:00:00,2016
A236,7474,22.8,35.2,2016-01-01 00:00:00,2016-12-31 23:00:00,2016
A239,8783,21.8,35.4,2016-01-01 00:00:00,2016-12-31 23:00:00,2016
A240,7320,17.3,36.1,2016-01-01 00:00:00,2016-12-31 23:00:00,2016
A241,8783,14.1,38.9,2016-01-01 00:00:00,2016-12-31 23:00:00,2016
A246,8656,20.2,36.2,2016-01-01 00:00:00,2016-12-31 23:00:00,2016
A247,2625,20.8,35.7,2016-09-13 14:00:00,2016-12-31 23:00:00,2016
A248,7705,20.1,36.9,2016-01-01 13:00:00,2016-12-31 23:00:00,2016
A250,8783,21.3,35.5,2016-01-01 00:00:00,2016-12-31 23:00:00,2016
A925,7769,15.7,37.7,2016-01-01 00:00:00,2016-12-31 23:00:00,2016
A938,6012,11.6,35.5,2016-01-01 00:00:00,2016-12-31 23:00:00,2016
A939,8784,14.7,38.8,2016-01-01 00:00:00,2016-12-31 23:00:00,2016
A940,7850,15.8,38.3,2016-01-01 00:00:00,2016-12-21 17:00:00,2016
A135,7672,21.7,37.9,2016-01-01 00:00:00,2016-12-31 23:00:00,2016
A009,8139,19.5,40.2,2016-01-27 20:00:00,2016-12-31 23:00:00,2016
A010,8152,13.8,40.3,2016-01-01 00:00:00,2016-12-31 23:00:00,2016
A018,8767,16.8,39.7,2016-01-01 00:00:00,2016-12-31 23:00:00,2016
A019,8390,13.7,39.5,2016-01-01 00:00:00,2016-12-31 23:00:00,2016
A020,8088,18.0,39.7,2016-01-01 00:00:00,2016-12-31 23:00:00,2016
A021,8783,14.5,37.8,2016-01-01 00:00:00,2016-12-31 23:00:00,2016
A038,8783,17.3,36.3,2016-01-01 00:00:00,2016-12-31 23:00:00,2016
A039,8165,17.2,39.7,2016-01-26 18:00:00,2016-12-31 23:00:00,2016
A040,7785,12.6,36.4,2016-01-01 00:00:00,2016-12-31 23:00:00,2016
A041,5373,20.4,38.6,2016-01-28 18:00:00,2016-12-31 23:00:00,2016
A043,7414,17.6,37.0,2016-01-01 00:00:00,2016-12-31 23:00:00,2016
A044,7755,18.1,37.6,2016-01-01 00:00:00,2016-12-31 12:00:00,2016
A048,3707,17.7,37.4,2016-07-30 12:00:00,2016-12-31 23:00:00,2016
A049,1213,21.1,37.5,2016-11-11 00:00:00,2016-12-31 23:00:00,2016
A050,2859,19.0,40.2,2016-09-01 00:00:00,2016-12-31 23:00:00,2016
A051,6442,13.8,39.4,2016-04-07 13:00:00,2016-12-31 23:00:00,2016
A052,8642,16.8,39.9,2016-01-01 00:00:00,2016-12-31 23:00:00,2016
A053,6579,15.5,38.1,2016-04-01 14:00:00,2016-12-31 23:00:00,2016
A054,8783,14.1,39.7,2016-01-01 00:00:00,2016-12-31 23:00:00,2016
A055,1105,20.8,37.9,2016-11-15 00:00:00,2016-12-31 23:00:00,2016
A612,8783,14.4,36.2,2016-01-01 00:00:00,2016-12-31 23:00:00,2016
A613,8398,9.8,34.5,2016-01-01 00:00:00,2016-12-31 23:00:00,2016
A614,8783,15.2,38.2,2016-01-01 00:00:00,2016-12-31 23:00:00,2016
A615,8783,14.7,38.4,2016-01-01 00:00:00,2016-12-31 23:00:00,2016
A616,8768,14.0,37.2,2016-01-01 00:00:00,2016-12-31 20:00:00,2016
A617,7610,12.7,40.7,2016-01-01 00:00:00,2016-12-31 23:00:00,2016
A622,8784,14.8,39.5,2016-01-01 00:00:00,2016-12-31 23:00:00,2016
A623,8782,14.3,40.0,2016-01-01 00:00:00,2016-12-31 23:00:00,2016
A657,7147,10.9,37.7,2016-01-01 00:00:00,2016-12-31 23:00:00,2016
A502,8781,5.6,31.7,2016-01-01 00:00:00,2016-12-31 23:00:00,2016
A505,8767,10.4,34.0,2016-01-01 00:00:00,2016-12-31 23:00:00,2016
A506,8776,11.7,38.0,2016-01-01 00:00:00,2016-12-31 23:00:00,2016
A507,8757,9.9,35.5,2016-01-01 00:00:00,2016-12-31 23:00:00,2016
A508,8699,13.6,42.1,2016-01-01 00:00:00,2016-12-31 23:00:00,2016
A509,8672,-2.1,29.5,2016-01-01 00:00:00,2016-12-27 08:00:00,2016
A510,8778,6.6,35.2,2016-01-01 00:00:00,2016-12-31 23:00:00,2016
A511,8783,12.4,37.6,2016-01-01 00:00:00,2016-12-31 23:00:00,2016
A512,7564,4.3,39.4,2016-01-01 00:00:00,2016-12-31 23:00:00,2016
A513,8781,7.8,33.9,2016-01-01 00:00:00,2016-12-31 23:00:00,2016
A514,8782,3.5,34.5,2016-01-01 00:00:00,2016-12-31 23:00:00,2016
A515,6716,4.9,34.3,2016-01-01 00:00:00,2016-12-31 23:00:00,2016
A516,7984,3.5,35.6,2016-01-01 00:00:00,2016-12-31 23:00:00,2016
A517,8240,10.5,38.3,2016-01-01 00:00:00,2016-12-31 23:00:00,2016
A518,8782,7.4,32.8,2016-01-01 00:00:00,2016-12-31 23:00:00,2016
A519,8783,4.3,38.5,2016-01-01 00:00:00,2016-12-31 23:00:00,2016
A520,8781,4.4,38.0,2016-01-01 00:00:00,2016-12-31 23:00:00,2016
A521,8759,10.1,35.5,2016-01-01 00:00:00,2016-12-31 23:00:00,2016
A522,7281,14.2,37.3,2016-03-03 14:00:00,2016-12-31 23:00:00,2016
A523,8495,5.6,34.2,2016-01-01 00:00:00,2016-12-20 01:00:00,2016
A524,7851,5.5,34.9,2016-01-01 00:00:00,2016-12-31 23:00:00,2016
A525,8781,4.1,35.9,2016-01-01 00:00:00,2016-12-31 23:00:00,2016
A526,7492,10.8,39.3,2016-01-01 00:00:00,2016-12-31 23:00:00,2016
A527,8203,12.5,38.6,2016-01-01 00:00:00,2016-12-31 23:00:00,2016
A528,6698,11.6,35.4,2016-01-01 00:00:00,2016-12-31 23:00:00,2016
A529,6344,4.3,34.4,2016-04-11 16:00:00,2016-12-31 23:00:00,2016
A530,8354,-1.2,32.1,2016-01-01 00:00:00,2016-12-31 23:00:00,2016
A531,8780,-1.7,31.1,2016-01-01 00:00:00,2016-12-31 23:00:00,2016
A532,8783,10.8,39.3,2016-01-01 00:00:00,2016-12-31 23:00:00,2016
A533,8741,7.6,35.2,2016-01-01 00:00:00,2016-12-31 23:00:00,2016
A534,8781,14.9,39.4,2016-01-01 00:00:00,2016-12-31 23:00:00,2016
A535,8784,1.6,36.5,2016-01-01 00:00:00,2016-12-31 23:00:00,2016
A536,8116,7.0,35.9,2016-01-01 00:00:00,2016-12-31 23:00:00,2016
A537,8784,8.8,31.2,2016-01-01 00:00:00,2016-12-31 23:00:00,2016
A538,8783,9.7,36.8,2016-01-01 00:00:00,2016-12-31 23:00:00,2016
A539,8784,13.3,39.1,2016-01-01 00:00:00,2016-12-31 23:00:00,2016
A540,8784,12.8,40.5,2016-01-01 00:00:00,2016-12-31 23:00:00,2016
A541,6871,9.1,35.9,2016-01-01 00:00:00,2016-12-31 23:00:00,2016
A542,8783,10.8,38.6,2016-01-01 00:00:00,2016-12-31 23:00:00,2016
A543,8783,12.9,38.8,2016-01-01 00:00:00,2016-12-31 23:00:00,2016
A544,8784,13.5,36.3,2016-01-01 00:00:00,2016-12-31 23:00:00,2016
A545,7255,8.3,40.9,2016-01-01 00:00:00,2016-12-31 23:00:00,2016
A546,5227,10.5,35.8,2016-03-16 21:00:00,2016-12-31 23:00:00,2016
A547,8406,6.7,40.1,2016-01-01 00:00:00,2016-12-31 23:00:00,2016
A548,5381,16.5,36.4,2016-01-01 00:00:00,2016-12-31 23:00:00,2016
A549,7822,5.1,38.2,2016-01-01 00:00:00,2016-12-31 23:00:00,2016
A550,8783,12.9,42.3,2016-01-01 00:00:00,2016-12-31 23:00:00,2016
A551,8783,8.3,36.4,2016-01-01 00:00:00,2016-12-31 23:00:00,2016
A552,8633,9.0,39.9,2016-01-01 00:00:00,2016-12-31 23:00:00,2016
A553,7144,11.7,35.3,2016-01-01 00:00:00,2016-12-31 23:00:00,2016
A554,8784,10.3,36.5,2016-01-01 00:00:00,2016-12-31 23:00:00,2016
A555,8775,11.2,31.7,2016-01-01 00:00:00,2016-12-31 23:00:00,2016
A556,8673,6.1,33.3,2016-01-01 00:00:00,2016-12-31 23:00:00,2016
A557,8780,7.1,37.1,2016-01-01 00:00:00,2016-12-31 23:00:00,2016
A559,4412,13.0,39.6,2016-06-27 19:00:00,2016-12-31 23:00:00,2016
A561,8783,1.4,35.0,2016-01-01 00:00:00,2016-12-31 23:00:00,2016
A563,959,18.4,37.0,2016-11-21 12:00:00,2016-12-31 23:00:00,2016
A565,887,13.8,34.4,2016-11-24 17:00:00,2016-12-31 23:00:00,2016
A569,4899,5.9,35.8,2016-06-10 21:00:00,2016-12-31 23:00:00,2016
F501,8737,9.2,32.5,2016-01-01 00:00:00,2016-12-31 23:00:00,2016
A601,8783,10.9,39.3,2016-01-01 00:00:00,2016-12-31 23:00:00,2016
A602,8781,12.3,39.8,2016-01-01 00:00:00,2016-12-31 23:00:00,2016
A603,8779,9.5,39.3,2016-01-01 00:00:00,2016-12-31 23:00:00,2016
A604,8783,10.0,39.5,2016-01-01 00:00:00,2016-12-31 23:00:00,2016
A606,8623,15.9,34.8,2016-01-01 00:00:00,2016-12-31 23:00:00,2016
A607,8784,12.4,39.3,2016-01-01 00:00:00,2016-12-31 23:00:00,2016
A608,8781,12.0,38.6,2016-01-01 00:00:00,2016-12-31 23:00:00,2016
A609,8469,8.7,37.7,2016-01-01 00:00:00,2016-12-18 20:00:00,2016
A610,4012,2.5,27.5,2016-04-13 18:00:00,2016-12-31 23:00:00,2016
A611,7434,7.6,37.0,2016-01-01 00:00:00,2016-12-31 23:00:00,2016
A618,8383,5.5,31.6,2016-01-01 00:00:00,2016-12-31 23:00:00,2016
A619,8159,9.3,37.8,2016-01-01 00:00:00,2016-12-31 22:00:00,2016
A620,6600,13.8,35.4,2016-01-02 14:00:00,2016-12-31 23:00:00,2016
A621,8683,10.1,39.7,2016-01-01 00:00:00,2016-12-31 23:00:00,2016
A624,8783,2.1,30.1,2016-01-01 00:00:00,2016-12-31 23:00:00,2016
A625,4901,7.0,37.4,2016-06-10 18:00:00,2016-12-31 23:00:00,2016
A626,4954,6.8,36.6,2016-06-06 22:00:00,2016-12-31 23:00:00,2016
A652,8780,15.4,37.0,2016-01-01 00:00:00,2016-12-31 23:00:00,2016
A659,8784,8.8,40.1,2016-01-01 00:00:00,2016-12-31 23:00:00,2016
A667,7957,10.4,37.0,2016-01-01 00:00:00,2016-12-31 23:00:00,2016
A701,8716,4.5,36.1,2016-01-01 00:00:00,2016-12-31 23:00:00,2016
A705,8779,4.4,36.8,2016-01-01 00:00:00,2016-12-31 23:00:00,2016
A706,8342,-1.5,29.5,2016-01-01 00:00:00,2016-12-31 16:00:00,2016
A707,7908,6.4,37.7,2016-01-01 00:00:00,2016-12-31 23:00:00,2016
A708,8774,7.8,34.3,2016-01-01 00:00:00,2016-12-31 23:00:00,2016
A711,7914,4.7,35.1,2016-01-01 00:00:00,2016-12-31 23:00:00,2016
A712,8783,1.4,39.0,2016-01-01 00:00:00,2016-12-31 23:00:00,2016
A713,8704,2.4,35.7,2016-01-01 00:00:00,2016-12-31 23:00:00,2016
A714,8783,3.0,34.4,2016-01-01 00:00:00,2016-12-31 23:00:00,2016
A715,8295,-2.2,35.5,2016-01-01 00:00:00,2016-12-16 08:00:00,2016
A716,8775,1.5,38.2,2016-01-01 00:00:00,2016-12-31 23:00:00,2016
A718,8426,-1.6,37.8,2016-01-01 00:00:00,2016-12-31 23:00:00,2016
A725,8769,5.6,35.2,2016-01-01 00:00:00,2016-12-31 23:00:00,2016
A726,6477,7.7,36.5,2016-01-01 00:00:00,2016-12-31 23:00:00,2016
A727,8784,5.4,38.6,2016-01-01 00:00:00,2016-12-31 23:00:00,2016
A728,8783,2.5,36.8,2016-01-01 00:00:00,2016-12-31 23:00:00,2016
A729,8782,4.4,38.5,2016-01-01 00:00:00,2016-12-31 23:00:00,2016
A733,7991,8.9,38.2,2016-01-01 00:00:00,2016-12-31 23:00:00,2016
A734,8781,3.0,39.0,2016-01-01 00:00:00,2016-12-31 23:00:00,2016
A735,8783,2.8,38.4,2016-01-01 00:00:00,2016-12-31 23:00:00,2016
A736,8784,2.2,37.7,2016-01-01 00:00:00,2016-12-31 23:00:00,2016
A737,8782,3.5,38.0,2016-01-01 00:00:00,2016-12-31 23:00:00,2016
A738,8783,4.1,36.4,2016-01-01 00:00:00,2016-12-31 23:00:00,2016
A739,8783,4.2,37.0,2016-01-01 00:00:00,2016-12-31 23:00:00,2016
A740,8783,-0.8,34.8,2016-01-01 00:00:00,2016-12-31 23:00:00,2016
A741,8783,5.5,38.7,2016-01-01 00:00:00,2016-12-31 23:00:00,2016
A746,8779,-3.2,35.3,2016-01-01 00:00:00,2016-12-31 23:00:00,2016
A747,8761,0.9,37.6,2016-01-01 00:00:00,2016-12-31 23:00:00,2016
A748,8783,3.4,39.2,2016-01-01 00:00:00,2016-12-31 23:00:00,2016
A753,8781,1.1,38.4,2016-01-01 00:00:00,2016-12-31 23:00:00,2016
A755,7808,6.5,35.8,2016-01-01 00:00:00,2016-12-31 23:00:00,2016
A762,1277,15.1,36.7,2016-11-08 19:00:00,2016-12-31 23:00:00,2016
A764,1468,13.9,35.4,2016-10-31 20:00:00,2016-12-31 23:00:00,2016
A807,8500,5.3,33.7,2016-01-01 00:00:00,2016-12-31 23:00:00,2016
A818,8584,-0.8,33.5,2016-01-01 00:00:00,2016-12-31 23:00:00,2016
A819,7533,-2.4,32.4,2016-01-01 14:00:00,2016-12-31 23:00:00,2016
A820,8782,1.6,37.6,2016-01-01 00:00:00,2016-12-31 23:00:00,2016
A821,8783,-0.4,36.3,2016-01-01 00:00:00,2016-12-31 23:00:00,2016
A822,8624,1.7,36.7,2016-01-01 12:00:00,2016-12-31 23:00:00,2016
A823,7097,-1.6,29.9,2016-01-01 00:00:00,2016-12-31 23:00:00,2016
A824,5932,4.0,36.8,2016-01-30 18:00:00,2016-12-31 12:00:00,2016
A835,8075,5.1,36.5,2016-01-01 00:00:00,2016-12-31 23:00:00,2016
A842,6592,6.0,38.4,2016-01-02 17:00:00,2016-12-31 23:00:00,2016
A843,7781,0.3,34.6,2016-01-01 00:00:00,2016-12-31 23:00:00,2016
A846,8603,-0.5,37.1,2016-01-01 00:00:00,2016-12-31 23:00:00,2016
A847,4721,7.2,35.2,2016-01-01 00:00:00,2016-12-31 23:00:00,2016
A849,8783,2.6,37.5,2016-01-01 00:00:00,2016-12-31 23:00:00,2016
A850,8677,3.8,37.8,2016-01-01 00:00:00,2016-12-31 23:00:00,2016
A855,8505,0.9,36.2,2016-01-01 00:00:00,2016-12-31 23:00:00,2016
A869,7292,4.3,37.2,2016-01-01 00:00:00,2016-12-31 23:00:00,2016
A871,8783,4.1,34.8,2016-01-01 00:00:00,2016-12-31 23:00:00,2016
A872,8770,1.3,30.7,2016-01-01 00:00:00,2016-12-31 23:00:00,2016
A873,8784,4.4,39.9,2016-01-01 00:00:00,2016-12-31 23:00:00,2016
A874,8598,-5.1,33.2,2016-01-01 00:00:00,2016-12-31 23:00:00,2016
A875,7612,-6.4,32.5,2016-01-01 00:00:00,2016-12-31 23:00:00,2016
A876,8779,-1.8,32.7,2016-01-01 00:00:00,2016-12-31 23:00:00,2016
B803,3576,5.4,35.6,2016-08-05 00:00:00,2016-12-31 23:00:00,2016
B804,3501,0.7,33.4,2016-08-08 00:00:00,2016-12-31 23:00:00,2016
B806,5116,-2.4,32.2,2016-06-01 19:00:00,2016-12-31 23:00:00,2016
A801,8641,5.0,38.9,2016-01-01 00:00:00,2016-12-31 23:00:00,2016
A802,6883,4.6,35.2,2016-01-01 00:00:00,2016-12-31 23:00:00,2016
A803,8783,0.9,36.6,2016-01-01 00:00:00,2016-12-31 23:00:00,2016
A804,3556,3.7,33.9,2016-08-05 19:00:00,2016-12-31 23:00:00,2016
A805,5014,0.6,34.6,2016-03-16 14:00:00,2016-12-31 23:00:00,2016
A808,8416,3.5,34.8,2016-01-01 00:00:00,2016-12-31 23:00:00,2016
A809,6158,3.4,38.6,2016-01-01 00:00:00,2016-12-31 23:00:00,2016
A810,7336,0.6,36.9,2016-01-01 00:00:00,2016-12-31 23:00:00,2016
A811,8782,1.4,34.2,2016-01-01 00:00:00,2016-12-31 23:00:00,2016
A812,8726,0.7,34.5,2016-01-01 00:00:00,2016-12-31 23:00:00,2016
A813,7865,2.3,37.9,2016-01-01 00:00:00,2016-12-31 23:00:00,2016
A826,8784,-0.1,38.0,2016-01-01 00:00:00,2016-12-31 23:00:00,2016
A827,6636,2.5,36.5,2016-01-01 00:00:00,2016-12-31 23:00:00,2016
A828,7592,-0.3,32.6,2016-01-01 00:00:00,2016-12-31 23:00:00,2016
A829,6299,-0.3,29.0,2016-02-15 22:00:00,2016-12-31 23:00:00,2016
A830,6041,2.4,37.4,2016-01-01 00:00:00,2016-12-31 23:00:00,2016
A831,8783,-2.6,37.7,2016-01-01 00:00:00,2016-12-31 23:00:00,2016
A832,6590,0.4,37.1,2016-01-01 00:00:00,2016-12-31 23:00:00,2016
A833,8783,1.0,35.9,2016-01-01 00:00:00,2016-12-31 23:00:00,2016
A834,7347,5.3,35.5,2016-01-01 00:00:00,2016-12-31 23:00:00,2016
A836,8271,1.1,34.9,2016-01-01 00:00:00,2016-12-10 15:00:00,2016
A837,8637,0.5,34.0,2016-01-01 00:00:00,2016-12-30 16:00:00,2016
A838,8681,3.3,37.2,2016-01-01 00:00:00,2016-12-31 23:00:00,2016
A839,8771,-1.4,33.0,2016-01-01 00:00:00,2016-12-31 23:00:00,2016
A840,8694,-0.3,34.0,2016-01-01 00:00:00,2016-12-31 23:00:00,2016
A844,8687,-2.0,32.5,2016-01-01 00:00:00,2016-12-31 23:00:00,2016
A852,7635,1.9,37.4,2016-01-01 00:00:00,2016-12-31 23:00:00,2016
A853,8782,-0.4,34.9,2016-01-01 00:00:00,2016-12-31 23:00:00,2016
A854,8783,-0.8,35.2,2016-01-01 00:00:00,2016-12-31 23:00:00,2016
A856,7886,1.2,33.3,2016-01-01 00:00:00,2016-12-31 23:00:00,2016
A878,8497,5.3,36.0,2016-01-01 00:00:00,2016-12-31 23:00:00,2016
A879,8771,-0.1,31.5,2016-01-01 00:00:00,2016-12-31 23:00:00,2016
A880,7722,-2.7,30.9,2016-01-01 00:00:00,2016-12-31 23:00:00,2016
A881,5728,4.0,35.6,2016-01-01 00:00:00,2016-12-31 23:00:00,2016
A882,7875,2.5,36.9,2016-01-01 00:00:00,2016-12-31 23:00:00,2016
A883,8783,-0.2,35.7,2016-01-01 00:00:00,2016-12-31 23:00:00,2016
A884,8735,1.4,39.5,2016-01-01 00:00:00,2016-12-31 23:00:00,2016
A886,3415,2.8,34.6,2016-08-11 16:00:00,2016-12-31 23:00:00,2016
A889,6466,0.5,35.8,2016-04-06 14:00:00,2016-12-31 23:00:00,2016
A894,6416,-4.1,34.1,2016-04-08 14:00:00,2016-12-31 23:00:00,2016
A897,876,7.4,30.5,2016-11-25 12:00:00,2016-12-31 23:00:00,2016
A899,8783,3.1,35.4,2016-01-01 00:00:00,2016-12-31 23:00:00,2016
A806,8775,3.8,37.3,2016-01-01 00:00:00,2016-12-31 23:00:00,2016
A814,8697,-0.5,38.1,2016-01-01 00:00:00,2016-12-31 23:00:00,2016
A815,8784,-5.0,27.3,2016-01-01 00:00:00,2016-12-31 23:00:00,2016
A816,8038,-0.1,31.3,2016-01-01 00:00:00,2016-12-31 23:00:00,2016
A817,7601,6.4,39.6,2016-01-01 00:00:00,2016-12-29 17:00:00,2016
A841,6440,-2.2,33.4,2016-01-01 00:00:00,2016-12-31 23:00:00,2016
A845,8780,-5.0,24.4,2016-01-01 00:00:00,2016-12-31 23:00:00,2016
A848,8783,0.8,31.9,2016-01-01 00:00:00,2016-12-31 23:00:00,2016
A851,8783,-0.4,36.0,2016-01-01 00:00:00,2016-12-31 23:00:00,2016
A857,8257,1.5,33.8,2016-01-01 00:00:00,2016-12-31 23:00:00,2016
A858,8489,0.1,32.9,2016-01-01 00:00:00,2016-12-31 23:00:00,2016
A859,8687,-1.4,32.0,2016-01-01 00:00:00,2016-12-31 23:00:00,2016
A860,8783,-3.2,31.9,2016-01-01 00:00:00,2016-12-31 23:00:00,2016
A861,8777,-2.7,34.5,2016-01-01 00:00:00,2016-12-31 23:00:00,2016
A862,8525,-2.5,33.7,2016-01-01 00:00:00,2016-12-31 23:00:00,2016
A863,8446,-1.4,35.7,2016-01-01 00:00:00,2016-12-31 23:00:00,2016
A864,8779,-3.6,33.2,2016-01-01 00:00:00,2016-12-31 23:00:00,2016
A865,8780,-2.6,31.1,2016-01-01 00:00:00,2016-12-31 23:00:00,2016
A866,7615,5.3,30.5,2016-02-18 17:00:00,2016-12-31 23:00:00,2016
A867,8768,2.2,34.8,2016-01-01 00:00:00,2016-12-31 23:00:00,2016
A868,8480,2.8,38.5,2016-01-01 00:00:00,2016-12-31 23:00:00,2016
A870,5072,-2.7,32.3,2016-06-03 15:00:00,2016-12-31 23:00:00,2016
A001,8760,10.4,35.4,2017-01-01 00:00:00,2017-12-31 23:00:00,2017
A042,3851,10.6,36.0,2017-07-19 19:00:00,2017-12-31 23:00:00,2017
A045,8478,6.6,37.3,2017-01-01 00:00:00,2017-12-31 23:00:00,2017
A046,8429,8.7,36.7,2017-01-01 00:00:00,2017-12-31 23:00:00,2017
A047,7653,9.0,36.1,2017-02-09 19:00:00,2017-12-31 23:00:00,2017
A002,8760,8.9,38.6,2017-01-01 00:00:00,2017-12-31 23:00:00,2017
A003,8759,8.3,37.1,2017-01-01 00:00:00,2017-12-31 23:00:00,2017
A011,7298,8.1,40.5,2017-01-01 00:00:00,2017-12-31 23:00:00,2017
A012,8645,9.9,36.7,2017-01-01 00:00:00,2017-12-31 23:00:00,2017
A013,8758,12.1,41.1,2017-01-01 00:00:00,2017-12-31 23:00:00,2017
A014,8063,14.1,41.7,2017-01-01 00:00:00,2017-12-31 23:00:00,2017
A015,8677,9.9,38.7,2017-01-01 00:00:00,2017-12-31 23:00:00,2017
A016,8162,6.1,39.3,2017-01-01 00:00:00,2017-12-31 23:00:00,2017
A017,8077,13.9,38.2,2017-01-01 13:00:00,2017-12-31 23:00:00,2017
A022,8411,14.0,38.4,2017-01-01 00:00:00,2017-12-31 23:00:00,2017
A023,8236,8.5,38.6,2017-01-01 00:00:00,2017-12-31 23:00:00,2017
A024,8752,10.7,34.4,2017-01-01 00:00:00,2017-12-31 23:00:00,2017
A025,8759,5.7,38.3,2017-01-01 00:00:00,2017-12-31 23:00:00,2017
A026,5442,4.5,34.7,2017-01-01 00:00:00,2017-08-15 20:00:00,2017
A027,7677,8.8,39.2,2017-01-01 00:00:00,2017-12-31 23:00:00,2017
A028,8760,10.6,39.1,2017-01-01 00:00:00,2017-12-31 23:00:00,2017
A029,2960,16.0,39.3,2017-08-26 00:00:00,2017-12-31 23:00:00,2017
A031,4246,15.2,41.2,2017-07-01 00:00:00,2017-12-31 23:00:00,2017
A032,7367,17.1,40.2,2017-01-01 00:00:00,2017-12-31 23:00:00,2017
A033,7776,8.7,38.4,2017-01-01 00:00:00,2017-12-31 23:00:00,2017
A034,8760,10.7,36.5,2017-01-01 00:00:00,2017-12-31 23:00:00,2017
A035,8459,10.1,39.5,2017-01-01 00:00:00,2017-12-31 23:00:00,2017
A036,8759,9.0,35.2,2017-01-01 00:00:00,2017-12-31 23:00:00,2017
A037,8657,9.2,37.3,2017-01-01 00:00:00,2017-12-31 23:00:00,2017
A702,8740,5.5,38.1,2017-01-01 00:00:00,2017-12-31 23:00:00,2017
A703,8760,0.2,35.7,2017-01-01 00:00:00,2017-12-31 23:00:00,2017
A704,6818,6.7,40.1,2017-01-01 00:00:00,2017-12-31 23:00:00,2017
A709,6101,5.1,38.5,2017-01-01 00:00:00,2017-12-31 23:00:00,2017
A710,7826,5.3,39.7,2017-01-01 00:00:00,2017-12-31 23:00:00,2017
A717,8760,1.2,40.0,2017-01-01 00:00:00,2017-12-31 23:00:00,2017
A719,7125,8.1,41.0,2017-01-01 00:00:00,2017-12-31 23:00:00,2017
A720,8404,3.8,40.2,2017-01-01 00:00:00,2017-12-31 23:00:00,2017
A721,8757,0.9,38.4,2017-01-01 00:00:00,2017-12-31 23:00:00,2017
A722,8112,3.7,40.1,2017-01-01 00:00:00,2017-12-31 23:00:00,2017
A723,8728,5.9,41.3,2017-01-01 00:00:00,2017-12-31 23:00:00,2017
A724,6070,9.4,38.4,2017-01-01 00:00:00,2017-12-31 23:00:00,2017
A730,6038,7.7,36.9,2017-01-01 00:00:00,2017-12-31 23:00:00,2017
A731,8056,2.8,39.4,2017-01-01 00:00:00,2017-12-31 23:00:00,2017
A732,8400,3.5,37.5,2017-01-01 00:00:00,2017-12-31 23:00:00,2017
A742,8639,5.5,40.3,2017-01-01 00:00:00,2017-12-31 23:00:00,2017
A743,8759,-0.4,38.9,2017-01-01 00:00:00,2017-12-31 23:00:00,2017
A749,8760,1.0,38.3,2017-01-01 00:00:00,2017-12-31 23:00:00,2017
A750,8667,0.1,38.9,2017-01-01 00:00:00,2017-12-31 23:00:00,2017
A751,8255,0.1,37.2,2017-01-01 00:00:00,2017-12-31 23:00:00,2017
A752,8758,1.8,37.7,2017-01-01 00:00:00,2017-12-31 23:00:00,2017
A754,5988,4.5,38.9,2017-01-01 00:00:00,2017-12-31 23:00:00,2017
A756,6812,1.5,40.4,2017-01-01 00:00:00,2017-10-12 22:00:00,2017
A757,8759,-1.6,39.5,2017-01-01 00:00:00,2017-12-31 23:00:00,2017
A758,8640,0.0,38.8,2017-01-01 00:00:00,2017-12-31 22:00:00,2017
A759,8760,6.0,44.4,2017-01-01 00:00:00,2017-12-31 23:00:00,2017
A760,8500,6.0,37.7,2017-01-01 00:00:00,2017-12-31 23:00:00,2017
A761,8125,6.4,38.1,2017-01-01 00:00:00,2017-12-31 23:00:00,2017
A901,7489,9.1,39.8,2017-01-01 00:00:00,2017-12-31 21:00:00,2017
A902,7232,6.5,38.2,2017-01-01 00:00:00,2017-11-02 09:00:00,2017
A903,8345,8.4,38.9,2017-01-01 00:00:00,2017-12-31 10:00:00,2017
A904,8760,10.2,39.1,2017-01-01 00:00:00,2017-12-31 23:00:00,2017
A905,7993,9.4,37.8,2017-01-01 00:00:00,2017-12-31 23:00:00,2017
A906,8760,13.2,39.7,2017-01-01 00:00:00,2017-12-31 23:00:00,2017
A907,8760,6.7,41.4,2017-01-01 00:00:00,2017-12-31 23:00:00,2017
A908,8759,11.3,40.9,2017-01-01 00:00:00,2017-12-31 23:00:00,2017
A909,7025,6.6,38.4,2017-01-01 11:00:00,2017-12-31 23:00:00,2017
A910,7438,13.9,38.5,2017-01-01 00:00:00,2017-12-31 23:00:00,2017
A911,1727,19.0,35.1,2017-10-20 00:00:00,2017-12-31 23:00:00,2017
A912,7586,7.5,36.7,2017-01-01 00:00:00,2017-12-31 23:00:00,2017
A913,6813,13.2,35.8,2017-01-01 00:00:00,2017-12-31 23:00:00,2017
A914,6187,10.0,39.3,2017-01-01 00:00:00,2017-12-31 23:00:00,2017
A915,2751,15.5,37.5,2017-01-01 00:00:00,2017-12-31 23:00:00,2017
A916,6490,15.5,39.5,2017-01-01 00:00:00,2017-12-31 23:00:00,2017
A917,6403,13.6,38.9,2017-01-01 00:00:00,2017-12-31 23:00:00,2017
A919,8760,12.2,37.9,2017-01-01 00:00:00,2017-12-31 23:00:00,2017
A920,8760,10.2,37.1,2017-01-01 00:00:00,2017-12-31 23:00:00,2017
A921,5731,19.2,40.5,2017-01-01 00:00:00,2017-12-31 23:00:00,2017
A922,7274,10.7,40.9,2017-01-01 00:00:00,2017-12-31 23:00:00,2017
A923,1549,19.7,36.9,2017-10-26 00:00:00,2017-12-31 23:00:00,2017
A924,5035,16.0,37.3,2017-01-01 00:00:00,2017-11-24 17:00:00,2017
A926,8721,11.8,38.0,2017-01-01 00:00:00,2017-12-31 23:00:00,2017
A927,7234,8.3,37.7,2017-01-01 00:00:00,2017-12-29 14:00:00,2017
A928,8760,8.3,38.2,2017-01-01 00:00:00,2017-12-31 23:00:00,2017
A929,6525,9.7,38.7,2017-01-01 00:00:00,2017-12-31 23:00:00,2017
A930,8760,11.8,41.1,2017-01-01 00:00:00,2017-12-31 23:00:00,2017
A931,6257,12.3,38.5,2017-01-01 00:00:00,2017-12-31 23:00:00,2017
A932,8751,10.0,41.4,2017-01-01 00:00:00,2017-12-31 23:00:00,2017
A933,8144,11.1,38.8,2017-01-01 00:00:00,2017-12-31 23:00:00,2017
A934,8760,6.6,36.5,2017-01-01 00:00:00,2017-12-31 23:00:00,2017
A935,8554,7.0,40.8,2017-01-01 00:00:00,2017-12-31 23:00:00,2017
A936,5345,15.6,39.4,2017-01-01 00:00:00,2017-12-31 23:00:00,2017
A937,8498,8.8,38.6,2017-01-01 00:00:00,2017-12-31 23:00:00,2017
A941,8760,8.1,39.7,2017-01-01 00:00:00,2017-12-31 23:00:00,2017
A303,8759,17.9,35.1,2017-01-01 00:00:00,2017-12-31 23:00:00,2017
A323,8755,16.8,40.8,2017-01-01 00:00:00,2017-12-31 23:00:00,2017
A327,8760,16.3,37.9,2017-01-01 00:00:00,2017-12-31 23:00:00,2017
A353,8743,16.0,37.1,2017-01-01 00:00:00,2017-12-31 23:00:00,2017
A355,7954,19.3,35.3,2017-01-01 00:00:00,2017-12-31 23:00:00,2017
A356,7196,18.8,34.9,2017-01-01 00:00:00,2017-12-31 23:00:00,2017
A371,2420,18.1,40.0,2017-09-20 00:00:00,2017-12-31 23:00:00,2017
A401,8753,19.9,35.6,2017-01-01 00:00:00,2017-12-31 23:00:00,2017
A402,7993,13.4,40.0,2017-01-01 00:00:00,2017-12-31 23:00:00,2017
A404,8760,11.6,37.6,2017-01-01 00:00:00,2017-12-31 23:00:00,2017
A405,7086,15.1,32.9,2017-01-01 00:00:00,2017-12-31 23:00:00,2017
A406,8759,16.1,35.6,2017-01-01 00:00:00,2017-12-31 23:00:00,2017
A407,7755,5.6,44.1,2017-01-01 00:00:00,2017-12-31 23:00:00,2017
A408,8760,15.5,37.3,2017-01-01 00:00:00,2017-12-31 23:00:00,2017
A410,7537,14.6,32.5,2017-01-01 00:00:00,2017-12-31 23:00:00,2017
A412,7945,14.5,37.2,2017-01-01 00:00:00,2017-12-31 23:00:00,2017
A413,7883,15.3,38.3,2017-01-01 00:00:00,2017-12-31 23:00:00,2017
A414,8760,9.3,34.9,2017-01-01 00:00:00,2017-12-31 23:00:00,2017
A415,6744,14.2,40.8,2017-01-01 00:00:00,2017-12-31 23:00:00,2017
A416,8760,11.5,39.1,2017-01-01 00:00:00,2017-12-31 23:00:00,2017
A418,8628,15.8,40.8,2017-01-01 00:00:00,2017-12-31 23:00:00,2017
A422,7159,20.3,31.4,2017-01-01 00:00:00,2017-11-18 13:00:00,2017
A423,8754,18.1,38.5,2017-01-01 00:00:00,2017-12-31 23:00:00,2017
A424,8760,13.5,35.9,2017-01-01 00:00:00,2017-12-31 23:00:00,2017
A425,7946,15.0,37.6,2017-01-01 00:00:00,2017-12-31 23:00:00,2017
A426,7925,16.1,37.8,2017-01-01 10:00:00,2017-12-31 23:00:00,2017
A427,7614,13.8,34.5,2017-01-03 14:00:00,2017-12-31 23:00:00,2017
A428,7487,15.6,37.6,2017-02-23 00:00:00,2017-12-31 23:00:00,2017
A429,7418,14.3,39.8,2017-01-01 00:00:00,2017-12-31 23:00:00,2017
A430,8760,10.0,32.5,2017-01-01 00:00:00,2017-12-31 23:00:00,2017
A431,5441,19.8,32.0,2017-02-16 15:00:00,2017-12-31 23:00:00,2017
A432,8324,13.6,38.7,2017-01-01 00:00:00,2017-12-31 23:00:00,2017
A433,8760,13.2,39.0,2017-01-01 00:00:00,2017-12-31 23:00:00,2017
A434,8760,15.8,35.0,2017-01-01 00:00:00,2017-12-31 23:00:00,2017
A435,8743,15.5,37.6,2017-01-01 00:00:00,2017-12-31 23:00:00,2017
A436,8694,16.4,39.2,2017-01-01 00:00:00,2017-12-31 14:00:00,2017
A437,6170,15.2,32.5,2017-01-01 00:00:00,2017-12-31 23:00:00,2017
A438,7379,18.4,32.4,2017-01-01 00:00:00,2017-12-31 23:00:00,2017
A439,7953,16.3,41.6,2017-01-01 00:00:00,2017-12-31 14:00:00,2017
A440,6140,12.5,38.2,2017-01-01 00:00:00,2017-12-31 23:00:00,2017
A441,8748,14.6,37.1,2017-01-01 00:00:00,2017-12-31 23:00:00,2017
A442,7715,15.2,37.6,2017-01-01 00:00:00,2017-12-31 14:00:00,2017
A443,8760,11.2,36.9,2017-01-01 00:00:00,2017-12-31 23:00:00,2017
A444,7078,13.4,33.1,2017-01-01 00:00:00,2017-12-31 23:00:00,2017
A445,8531,14.2,36.5,2017-01-01 00:00:00,2017-12-31 23:00:00,2017
A446,7949,11.5,37.0,2017-01-01 00:00:00,2017-12-31 23:00:00,2017
A447,8759,12.5,34.4,2017-01-01 00:00:00,2017-12-31 23:00:00,2017
A448,6939,17.3,38.8,2017-01-01 00:00:00,2017-12-31 23:00:00,2017
A449,4409,15.9,38.1,2017-01-01 00:00:00,2017-07-25 20:00:00,2017
A450,8412,14.3,39.3,2017-01-01 00:00:00,2017-12-31 23:00:00,2017
A452,6807,12.0,43.0,2017-01-01 00:00:00,2017-12-31 23:00:00,2017
A454,7727,13.4,38.8,2017-01-01 00:00:00,2017-12-31 23:00:00,2017
A455,8760,13.8,34.6,2017-01-01 00:00:00,2017-12-31 23:00:00,2017
A305,8747,21.7,34.5,2017-01-01 00:00:00,2017-12-31 23:00:00,2017
A306,8580,19.7,38.6,2017-01-01 00:00:00,2017-12-31 23:00:00,2017
A314,8049,16.7,30.0,2017-01-01 00:00:00,2017-12-31 23:00:00,2017
A315,4004,19.9,38.1,2017-01-01 00:00:00,2017-12-31 23:00:00,2017
A319,8384,19.5,38.4,2017-01-01 00:00:00,2017-12-31 23:00:00,2017
A324,8760,19.1,38.1,2017-01-01 00:00:00,2017-12-31 23:00:00,2017
A325,8759,19.0,37.8,2017-01-01 00:00:00,2017-12-31 23:00:00,2017
A332,8760,19.2,38.3,2017-01-01 00:00:00,2017-12-31 23:00:00,2017
A339,7819,20.6,38.1,2017-01-01 00:00:00,2017-12-31 23:00:00,2017
A342,8759,19.3,39.4,2017-01-01 00:00:00,2017-12-31 23:00:00,2017
A347,7140,16.8,37.7,2017-01-01 00:00:00,2017-12-31 23:00:00,2017
A358,7740,22.3,39.6,2017-01-01 00:00:00,2017-12-31 23:00:00,2017
A359,7748,22.3,38.4,2017-01-01 00:00:00,2017-12-31 23:00:00,2017
A360,8760,20.7,36.9,2017-01-01 00:00:00,2017-12-31 23:00:00,2017
A203,7893,22.1,34.2,2017-01-01 00:00:00,2017-12-31 23:00:00,2017
A204,8760,13.4,40.6,2017-01-01 00:00:00,2017-12-31 23:00:00,2017
A205,8759,16.9,41.2,2017-01-01 00:00:00,2017-12-31 23:00:00,2017
A206,5732,22.1,39.2,2017-01-01 00:00:00,2017-12-31 23:00:00,2017
A207,8111,18.8,38.8,2017-01-01 00:00:00,2017-12-05 03:00:00,2017
A217,7144,23.0,33.0,2017-01-01 00:00:00,2017-12-31 23:00:00,2017
A218,6951,22.2,32.7,2017-01-01 00:00:00,2017-12-31 23:00:00,2017
A219,8760,22.2,41.7,2017-01-01 00:00:00,2017-12-31 23:00:00,2017
A220,8759,17.9,40.4,2017-01-01 00:00:00,2017-12-31 23:00:00,2017
A221,8613,16.5,43.5,2017-01-01 00:00:00,2017-12-31 23:00:00,2017
A222,8372,15.3,41.0,2017-01-01 00:00:00,2017-12-31 23:00:00,2017
A223,8760,14.7,40.8,2017-01-01 00:00:00,2017-12-31 23:00:00,2017
A224,7637,13.2,39.8,2017-02-16 19:00:00,2017-12-31 23:00:00,2017
A225,8760,17.2,40.0,2017-01-01 00:00:00,2017-12-31 23:00:00,2017
A237,8574,15.3,39.8,2017-01-01 00:00:00,2017-12-31 23:00:00,2017
A238,8760,16.3,44.1,2017-01-01 00:00:00,2017-12-31 23:00:00,2017
S108,303,22.6,33.1,2017-02-03 00:00:00,2017-02-15 18:00:00,2017
A310,8096,16.6,31.5,2017-01-01 00:00:00,2017-12-31 13:00:00,2017
A313,8749,17.4,39.5,2017-01-01 00:00:00,2017-12-31 23:00:00,2017
A320,8072,20.0,32.8,2017-01-01 00:00:00,2017-12-30 17:00:00,2017
A321,8760,19.2,39.4,2017-01-01 00:00:00,2017-12-31 23:00:00,2017
A333,8760,15.9,38.8,2017-01-01 00:00:00,2017-12-31 23:00:00,2017
A334,8490,15.2,36.4,2017-01-01 00:00:00,2017-12-31 19:00:00,2017
A348,8759,15.4,36.7,2017-01-01 00:00:00,2017-12-31 23:00:00,2017
A352,7814,19.3,33.1,2017-01-01 00:00:00,2017-12-31 23:00:00,2017
A373,1398,22.7,38.6,2017-11-03 18:00:00,2017-12-31 23:00:00,2017
A301,8222,18.2,34.0,2017-01-01 00:00:00,2017-12-21 07:00:00,2017
A307,8760,17.7,39.3,2017-01-01 00:00:00,2017-12-31 23:00:00,2017
A309,8760,14.9,36.9,2017-01-01 00:00:00,2017-12-31 23:00:00,2017
A322,8265,14.2,33.4,2017-01-01 00:00:00,2017-12-31 16:00:00,2017
A328,8725,16.5,35.4,2017-01-01 00:00:00,2017-12-30 22:00:00,2017
A329,8712,16.4,39.3,2017-01-01 00:00:00,2017-12-31 23:00:00,2017
A341,8051,14.2,35.6,2017-01-01 00:00:00,2017-12-31 23:00:00,2017
A349,8068,15.9,39.3,2017-01-01 00:00:00,2017-12-31 23:00:00,2017
A350,8760,16.2,37.9,2017-01-01 00:00:00,2017-12-31 23:00:00,2017
A351,7010,15.2,39.9,2017-01-01 00:00:00,2017-12-31 23:00:00,2017
A357,5404,18.0,35.9,2017-01-01 00:00:00,2017-12-31 23:00:00,2017
A366,7921,16.4,38.3,2017-01-01 00:00:00,2017-12-31 22:00:00,2017
A370,2054,20.8,39.4,2017-09-15 13:00:00,2017-12-31 23:00:00,2017
A308,8311,19.8,41.8,2017-01-01 00:00:00,2017-12-31 23:00:00,2017
A311,8760,21.1,41.7,2017-01-01 00:00:00,2017-12-31 23:00:00,2017
A312,8760,17.2,39.2,2017-01-01 00:00:00,2017-12-31 23:00:00,2017
A326,8760,17.3,40.2,2017-01-01 00:00:00,2017-12-31 23:00:00,2017
A330,7574,19.0,39.5,2017-01-01 00:00:00,2017-12-31 23:00:00,2017
A331,7988,20.7,40.5,2017-01-01 00:00:00,2017-12-31 23:00:00,2017
A335,5086,21.3,41.9,2017-01-01 00:00:00,2017-12-31 23:00:00,2017
A336,8760,17.2,39.7,2017-01-01 00:00:00,2017-12-31 23:00:00,2017
A337,8183,14.5,37.6,2017-01-01 00:00:00,2017-12-31 23:00:00,2017
A338,7933,18.7,41.4,2017-01-01 00:00:00,2017-12-31 23:00:00,2017
A343,7772,18.6,43.5,2017-01-01 00:00:00,2017-12-31 23:00:00,2017
A345,8760,14.6,39.4,2017-01-01 00:00:00,2017-12-31 23:00:00,2017
A346,7709,17.7,39.8,2017-02-10 14:00:00,2017-12-31 23:00:00,2017
A354,7889,13.2,41.7,2017-01-01 00:00:00,2017-12-31 23:00:00,2017
A361,6604,16.3,40.0,2017-01-19 16:00:00,2017-12-31 23:00:00,2017
A362,7534,19.9,38.7,2017-01-01 00:00:00,2017-12-31 23:00:00,2017
A363,8760,19.2,40.8,2017-01-01 00:00:00,2017-12-31 23:00:00,2017
A364,6780,18.9,41.6,2017-01-01 00:00:00,2017-12-31 23:00:00,2017
A365,8684,18.6,38.6,2017-01-01 00:00:00,2017-12-28 19:00:00,2017
A304,8356,20.9,31.8,2017-01-01 00:00:00,2017-12-31 23:00:00,2017
A316,7355,19.7,39.1,2017-01-01 00:00:00,2017-12-31 23:00:00,2017
A317,8210,19.6,37.2,2017-01-01 10:00:00,2017-12-31 23:00:00,2017
A318,8760,19.8,36.4,2017-01-01 00:00:00,2017-12-31 23:00:00,2017
A340,8567,20.4,38.1,2017-01-01 00:00:00,2017-12-31 23:00:00,2017
A344,6487,20.9,31.9,2017-01-01 00:00:00,2017-12-31 23:00:00,2017
A367,8746,17.4,36.5,2017-01-01 00:00:00,2017-12-31 23:00:00,2017
A372,1146,0.6,38.5,2017-11-08 00:00:00,2017-12-31 23:00:00,2017
A409,8657,20.6,33.7,2017-01-01 00:00:00,2017-12-31 23:00:00,2017
A417,8750,17.4,35.8,2017-01-01 00:00:00,2017-12-31 23:00:00,2017
A419,7258,16.3,37.3,2017-01-01 00:00:00,2017-12-31 23:00:00,2017
A420,8086,15.8,37.4,2017-01-01 00:00:00,2017-12-03 21:00:00,2017
A421,8760,19.9,34.1,2017-01-01 00:00:00,2017-12-31 23:00:00,2017
A451,5899,17.1,36.1,2017-04-25 13:00:00,2017-12-31 23:00:00,2017
A453,6674,17.2,37.2,2017-03-24 17:00:00,2017-12-31 23:00:00,2017
A102,8559,10.1,36.6,2017-01-01 00:00:00,2017-12-31 23:00:00,2017
A104,5256,13.5,36.5,2017-01-01 00:00:00,2017-10-09 01:00:00,2017
A108,5575,20.0,36.6,2017-01-01 00:00:00,2017-12-31 23:00:00,2017
A136,3018,19.9,37.6,2017-01-01 21:00:00,2017-12-31 23:00:00,2017
A137,3040,19.3,38.0,2017-01-01 17:00:00,2017-12-31 23:00:00,2017
A138,3335,18.7,36.2,2017-01-01 00:00:00,2017-12-31 23:00:00,2017
A140,8760,8.0,37.4,2017-01-01 00:00:00,2017-12-31 23:00:00,2017
A101,8651,21.2,36.5,2017-01-01 00:00:00,2017-12-31 23:00:00,2017
A110,8760,11.6,36.8,2017-01-01 00:00:00,2017-12-31 23:00:00,2017
A111,8479,13.7,36.6,2017-01-01 00:00:00,2017-12-31 19:00:00,2017
A112,8760,13.1,36.7,2017-01-01 00:00:00,2017-12-31 23:00:00,2017
A113,4078,20.3,35.9,2017-01-01 00:00:00,2017-12-31 23:00:00,2017
A117,7421,18.6,37.2,2017-01-01 00:00:00,2017-12-31 23:00:00,2017
A119,8573,21.4,36.0,2017-01-01 00:00:00,2017-12-31 23:00:00,2017
A120,8353,21.6,36.9,2017-01-01 00:00:00,2017-12-31 23:00:00,2017
A121,8759,21.5,36.3,2017-01-01 00:00:00,2017-12-31 23:00:00,2017
A122,7541,20.7,36.7,2017-02-20 19:00:00,2017-12-31 23:00:00,2017
A123,7510,22.3,37.6,2017-01-01 00:00:00,2017-12-31 23:00:00,2017
A124,8410,21.5,37.6,2017-01-01 00:00:00,2017-12-23 16:00:00,2017
A125,5523,19.5,36.4,2017-01-01 00:00:00,2017-12-31 23:00:00,2017
A126,8704,20.0,37.7,2017-01-01 00:00:00,2017-12-31 23:00:00,2017
A128,3904,21.0,34.7,2017-01-01 01:00:00,2017-08-14 12:00:00,2017
A133,8740,17.6,37.8,2017-01-01 00:00:00,2017-12-31 23:00:00,2017
A134,8757,21.0,34.9,2017-01-01 00:00:00,2017-12-31 23:00:00,2017
S102,412,5.0,37.9,2017-02-18 17:00:00,2017-10-30 16:00:00,2017
S103,6304,21.2,36.0,2017-02-02 21:00:00,2017-11-12 15:00:00,2017
S105,426,0.0,34.3,2017-02-02 21:00:00,2017-03-08 02:00:00,2017
S116,4808,19.9,36.1,2017-02-02 21:00:00,2017-11-30 15:00:00,2017
S117,7889,18.1,35.9,2017-02-02 21:00:00,2017-12-31 23:00:00,2017
A242,4146,20.0,35.7,2017-01-01 00:00:00,2017-11-22 19:00:00,2017
A249,7395,22.1,34.6,2017-01-01 00:00:00,2017-12-31 23:00:00,2017
A251,3103,22.5,37.7,2017-08-24 17:00:00,2017-12-31 23:00:00,2017
A201,8686,22.0,37.7,2017-01-01 00:00:00,2017-12-31 23:00:00,2017
A202,8741,21.6,37.4,2017-01-01 00:00:00,2017-12-31 23:00:00,2017
A209,7522,21.2,36.8,2017-01-01 00:00:00,2017-12-31 23:00:00,2017
A210,6105,18.7,37.1,2017-01-01 00:00:00,2017-12-31 23:00:00,2017
A211,8760,18.6,38.1,2017-01-01 00:00:00,2017-12-31 23:00:00,2017
A212,7040,18.6,37.0,2017-01-01 00:00:00,2017-12-31 20:00:00,2017
A213,8760,18.5,38.5,2017-01-01 00:00:00,2017-12-31 23:00:00,2017
A214,8324,16.1,37.5,2017-01-01 00:00:00,2017-12-31 23:00:00,2017
A215,8523,21.3,33.5,2017-01-01 00:00:00,2017-12-31 23:00:00,2017
A216,8760,17.2,37.8,2017-01-01 00:00:00,2017-12-31 23:00:00,2017
A226,8758,21.9,35.2,2017-01-01 00:00:00,2017-12-31 23:00:00,2017
A227,7299,22.5,33.6,2017-01-01 00:00:00,2017-12-31 23:00:00,2017
A228,1733,21.1,35.6,2017-10-20 19:00:00,2017-12-31 23:00:00,2017
A229,8760,21.1,35.9,2017-01-01 00:00:00,2017-12-31 23:00:00,2017
A230,8602,18.6,33.4,2017-01-01 00:00:00,2017-12-31 23:00:00,2017
A231,6584,21.7,36.9,2017-01-01 00:00:00,2017-12-31 23:00:00,2017
A232,7352,20.8,37.8,2017-01-01 00:00:00,2017-12-31 23:00:00,2017
A233,5383,20.8,40.0,2017-01-01 00:00:00,2017-12-31 23:00:00,2017
A234,8760,17.6,38.0,2017-01-01 00:00:00,2017-12-31 23:00:00,2017
A235,7935,18.6,35.5,2017-01-01 00:00:00,2017-12-31 23:00:00,2017
A236,8217,22.5,36.5,2017-01-01 00:00:00,2017-12-31 23:00:00,2017
A239,7850,21.5,36.1,2017-01-01 00:00:00,2017-12-31 23:00:00,2017
A240,8569,17.5,38.0,2017-01-01 00:00:00,2017-12-31 23:00:00,2017
A241,8760,14.5,42.3,2017-01-01 00:00:00,2017-12-31 23:00:00,2017
A246,4577,19.7,36.7,2017-01-01 00:00:00,2017-12-31 23:00:00,2017
A247,8760,16.0,38.5,2017-01-01 00:00:00,2017-12-31 23:00:00,2017
A248,6801,19.3,37.5,2017-01-01 00:00:00,2017-12-31 23:00:00,2017
A250,8085,20.5,34.4,2017-01-01 00:00:00,2017-12-31 23:00:00,2017
S107,4680,18.9,35.4,2017-02-02 21:00:00,2017-12-31 21:00:00,2017
S120,7153,0.0,38.8,2017-02-02 21:00:00,2017-12-31 23:00:00,2017
A925,6372,18.4,38.4,2017-01-01 00:00:00,2017-12-31 23:00:00,2017
A938,8760,8.1,36.7,2017-01-01 00:00:00,2017-12-31 23:00:00,2017
A939,8759,11.2,38.6,2017-01-01 00:00:00,2017-12-31 23:00:00,2017
A940,3649,19.0,38.1,2017-01-16 18:00:00,2017-12-31 23:00:00,2017
S104,3929,6.9,34.9,2017-02-02 21:00:00,2017-12-31 23:00:00,2017
S110,7226,0.0,38.3,2017-02-02 17:00:00,2017-12-31 23:00:00,2017
A135,8264,21.9,37.7,2017-01-01 00:00:00,2017-12-31 23:00:00,2017
S113,2210,0.0,36.2,2017-02-28 13:00:00,2017-12-31 23:00:00,2017
S114,4324,17.3,30.5,2017-02-10 19:00:00,2017-08-28 22:00:00,2017
A009,8760,17.9,41.9,2017-01-01 00:00:00,2017-12-31 23:00:00,2017
A010,8364,12.9,42.0,2017-01-01 00:00:00,2017-12-30 19:00:00,2017
A018,4452,20.5,40.3,2017-01-01 00:00:00,2017-12-31 23:00:00,2017
A019,8588,13.0,40.2,2017-01-01 00:00:00,2017-12-31 23:00:00,2017
A020,8760,15.9,42.9,2017-01-01 00:00:00,2017-12-31 23:00:00,2017
A021,8672,14.3,38.6,2017-01-01 00:00:00,2017-12-31 23:00:00,2017
A038,8760,15.7,38.2,2017-01-01 00:00:00,2017-12-31 23:00:00,2017
A039,8760,16.2,40.6,2017-01-01 00:00:00,2017-12-31 23:00:00,2017
A040,8760,12.4,37.0,2017-01-01 00:00:00,2017-12-31 23:00:00,2017
A041,8760,13.8,39.6,2017-01-01 00:00:00,2017-12-31 23:00:00,2017
A043,5417,17.4,34.6,2017-01-01 00:00:00,2017-12-31 23:00:00,2017
A044,7703,17.9,38.8,2017-01-01 02:00:00,2017-12-31 23:00:00,2017
A048,8548,17.5,38.9,2017-01-01 00:00:00,2017-12-31 23:00:00,2017
A049,8649,14.0,39.0,2017-01-01 00:00:00,2017-12-31 23:00:00,2017
A050,8588,13.1,40.8,2017-01-01 00:00:00,2017-12-31 23:00:00,2017
A051,8226,11.6,40.6,2017-01-01 00:00:00,2017-12-31 23:00:00,2017
A052,7625,15.0,41.5,2017-01-01 00:00:00,2017-12-31 23:00:00,2017
A053,7440,14.4,39.7,2017-01-01 00:00:00,2017-12-31 23:00:00,2017
A054,8044,13.0,40.4,2017-01-01 00:00:00,2017-12-31 23:00:00,2017
A055,8603,12.7,40.8,2017-01-01 00:00:00,2017-12-31 23:00:00,2017
A612,8677,13.7,36.5,2017-01-01 00:00:00,2017-12-31 23:00:00,2017
A613,8746,9.7,30.0,2017-01-01 00:00:00,2017-12-31 23:00:00,2017
A614,7643,14.7,35.8,2017-01-01 00:00:00,2017-12-31 23:00:00,2017
A615,6856,14.7,38.3,2017-01-01 00:00:00,2017-12-31 23:00:00,2017
A616,7596,13.4,34.4,2017-01-01 11:00:00,2017-12-31 18:00:00,2017
A617,8758,11.4,39.6,2017-01-01 00:00:00,2017-12-31 23:00:00,2017
A622,6958,14.3,40.2,2017-01-01 00:00:00,2017-12-31 23:00:00,2017
A623,7877,13.3,42.3,2017-01-01 00:00:00,2017-12-31 21:00:00,2017
A631,6876,12.9,38.8,2017-03-17 15:00:00,2017-12-31 23:00:00,2017
A632,6740,12.0,37.8,2017-03-23 11:00:00,2017-12-31 23:00:00,2017
A633,7712,6.9,32.8,2017-02-10 17:00:00,2017-12-31 23:00:00,2017
A634,7582,13.8,36.1,2017-02-16 12:00:00,2017-12-31 23:00:00,2017
A657,8655,11.4,35.1,2017-01-01 00:00:00,2017-12-31 23:00:00,2017
A502,8760,8.1,31.8,2017-01-01 00:00:00,2017-12-31 23:00:00,2017
A505,8734,9.1,34.6,2017-01-01 00:00:00,2017-12-31 23:00:00,2017
A506,8760,13.1,38.4,2017-01-01 00:00:00,2017-12-31 23:00:00,2017
A507,8760,8.5,37.2,2017-01-01 00:00:00,2017-12-31 23:00:00,2017
A508,7576,13.0,37.9,2017-01-01 00:00:00,2017-12-31 23:00:00,2017
A509,8608,1.0,28.7,2017-01-01 14:00:00,2017-12-31 23:00:00,2017
A510,8760,7.4,35.1,2017-01-01 00:00:00,2017-12-31 23:00:00,2017
A511,8757,10.9,35.7,2017-01-01 00:00:00,2017-12-31 23:00:00,2017
A512,8259,8.1,39.5,2017-01-01 00:00:00,2017-12-31 23:00:00,2017
A513,8760,8.3,34.2,2017-01-01 00:00:00,2017-12-31 23:00:00,2017
A514,7874,6.4,33.8,2017-01-01 00:00:00,2017-12-31 23:00:00,2017
A515,8400,6.8,33.5,2017-01-01 00:00:00,2017-12-31 23:00:00,2017
A516,8702,6.2,35.3,2017-01-01 00:00:00,2017-12-31 23:00:00,2017
A517,6730,11.9,38.2,2017-01-01 00:00:00,2017-12-31 23:00:00,2017
A518,8760,9.3,32.1,2017-01-01 00:00:00,2017-12-31 23:00:00,2017
A519,7608,7.2,43.4,2017-01-01 00:00:00,2017-12-31 23:00:00,2017
A520,8043,7.7,38.6,2017-01-01 00:00:00,2017-12-31 23:00:00,2017
A521,8733,9.2,36.1,2017-01-01 00:00:00,2017-12-31 23:00:00,2017
A522,7377,13.3,35.5,2017-01-01 00:00:00,2017-12-31 23:00:00,2017
A523,6179,8.2,35.6,2017-02-17 14:00:00,2017-12-31 23:00:00,2017
A524,8183,8.6,34.2,2017-01-01 00:00:00,2017-12-31 23:00:00,2017
A525,8464,8.7,35.9,2017-01-01 00:00:00,2017-12-31 23:00:00,2017
A526,7881,9.1,39.9,2017-01-01 00:00:00,2017-12-31 23:00:00,2017
A527,6181,12.4,35.7,2017-01-01 00:00:00,2017-12-31 23:00:00,2017
A528,8431,8.5,35.9,2017-01-01 00:00:00,2017-12-31 23:00:00,2017
A529,8696,5.1,34.2,2017-01-01 00:00:00,2017-12-31 23:00:00,2017
A530,8760,1.8,31.8,2017-01-01 00:00:00,2017-12-31 23:00:00,2017
A531,8760,0.7,30.7,2017-01-01 00:00:00,2017-12-31 23:00:00,2017
A532,8758,11.0,39.3,2017-01-01 00:00:00,2017-12-31 23:00:00,2017
A533,8718,9.0,36.5,2017-01-01 00:00:00,2017-12-31 23:00:00,2017
A534,8485,13.7,37.7,2017-01-01 00:00:00,2017-12-31 23:00:00,2017
A535,8758,4.9,35.5,2017-01-01 00:00:00,2017-12-31 23:00:00,2017
A536,8759,8.1,36.4,2017-01-01 00:00:00,2017-12-31 23:00:00,2017
A537,8760,8.1,32.5,2017-01-01 00:00:00,2017-12-31 23:00:00,2017
A538,7958,9.9,37.3,2017-01-01 00:00:00,2017-12-31 23:00:00,2017
A539,8755,11.5,40.4,2017-01-01 00:00:00,2017-12-31 23:00:00,2017
A540,8302,13.1,38.4,2017-01-01 00:00:00,2017-12-31 23:00:00,2017
A541,8760,8.4,34.5,2017-01-01 00:00:00,2017-12-31 23:00:00,2017
A542,8760,10.8,39.4,2017-01-01 00:00:00,2017-12-31 23:00:00,2017
A543,7997,14.9,38.2,2017-01-01 00:00:00,2017-12-31 23:00:00,2017
A544,3216,12.7,36.9,2017-01-01 00:00:00,2017-12-15 00:00:00,2017
A545,8061,9.8,39.8,2017-01-01 00:00:00,2017-12-31 23:00:00,2017
A546,8760,8.4,36.3,2017-01-01 00:00:00,2017-12-31 23:00:00,2017
A547,8757,8.9,41.3,2017-01-01 00:00:00,2017-12-31 23:00:00,2017
A548,8610,11.5,37.6,2017-01-01 00:00:00,2017-12-31 23:00:00,2017
A549,8260,4.8,35.8,2017-01-01 00:00:00,2017-12-31 23:00:00,2017
A550,8757,12.9,39.3,2017-01-01 00:00:00,2017-12-31 23:00:00,2017
A551,8368,9.4,36.1,2017-01-01 00:00:00,2017-12-31 23:00:00,2017
A552,8638,10.4,39.3,2017-01-01 00:00:00,2017-12-31 23:00:00,2017
A553,8334,8.7,35.8,2017-01-01 00:00:00,2017-12-31 23:00:00,2017
A554,8754,13.2,38.6,2017-01-01 00:00:00,2017-12-31 23:00:00,2017
A555,8689,7.9,32.8,2017-01-01 00:00:00,2017-12-31 23:00:00,2017
A556,5388,9.8,32.7,2017-01-01 00:00:00,2017-12-31 23:00:00,2017
A557,7968,9.9,39.6,2017-01-01 00:00:00,2017-12-31 23:00:00,2017
A559,7949,12.1,40.1,2017-01-01 00:00:00,2017-12-31 23:00:00,2017
A561,7899,4.7,36.0,2017-01-01 00:00:00,2017-12-31 23:00:00,2017
A562,5510,9.9,35.8,2017-05-12 18:00:00,2017-12-31 23:00:00,2017
A563,8637,13.7,40.1,2017-01-01 00:00:00,2017-12-31 23:00:00,2017
A564,1499,15.7,33.8,2017-10-30 13:00:00,2017-12-31 23:00:00,2017
A565,8666,3.4,35.8,2017-01-01 00:00:00,2017-12-31 23:00:00,2017
A566,5278,10.2,39.0,2017-05-22 19:00:00,2017-12-31 23:00:00,2017
A567,3854,9.4,33.5,2017-07-21 15:00:00,2017-12-31 23:00:00,2017
A568,5368,8.3,36.3,2017-05-19 00:00:00,2017-12-31 23:00:00,2017
A569,8563,7.6,37.5,2017-01-01 00:00:00,2017-12-31 23:00:00,2017
A570,797,15.9,31.2,2017-11-28 19:00:00,2017-12-31 23:00:00,2017
F501,8758,6.7,32.7,2017-01-01 00:00:00,2017-12-31 23:00:00,2017
S122,4665,0.0,36.3,2017-02-02 21:00:00,2017-11-27 14:00:00,2017
A601,8754,11.5,39.1,2017-01-01 00:00:00,2017-12-31 23:00:00,2017
A602,8760,13.2,39.1,2017-01-01 00:00:00,2017-12-31 23:00:00,2017
A603,8758,9.8,38.5,2017-01-01 00:00:00,2017-12-31 23:00:00,2017
A604,8758,10.3,38.8,2017-01-01 00:00:00,2017-12-31 23:00:00,2017
A606,8232,15.2,32.1,2017-01-01 00:00:00,2017-12-31 23:00:00,2017
A607,7325,13.7,38.8,2017-01-01 00:00:00,2017-12-31 23:00:00,2017
A608,8244,13.0,37.8,2017-01-01 00:00:00,2017-12-29 16:00:00,2017
A609,8710,8.8,37.9,2017-01-03 01:00:00,2017-12-31 23:00:00,2017
A610,5949,4.1,27.5,2017-01-01 00:00:00,2017-12-31 23:00:00,2017
A611,8652,8.1,37.5,2017-01-01 00:00:00,2017-12-31 23:00:00,2017
A618,8759,6.5,31.3,2017-01-01 00:00:00,2017-12-31 23:00:00,2017
A619,8740,12.2,36.2,2017-01-01 00:00:00,2017-12-31 23:00:00,2017
A620,8760,15.6,33.3,2017-01-01 00:00:00,2017-12-31 23:00:00,2017
A621,8478,11.8,39.1,2017-01-01 00:00:00,2017-12-31 23:00:00,2017
A624,8431,2.0,30.1,2017-01-01 00:00:00,2017-12-31 23:00:00,2017
A625,8759,8.4,37.6,2017-01-01 00:00:00,2017-12-31 23:00:00,2017
A626,8354,8.0,36.3,2017-01-01 00:00:00,2017-12-31 23:00:00,2017
A628,3032,14.1,38.5,2017-08-25 15:00:00,2017-12-31 23:00:00,2017
A635,2855,-4.2,22.2,2017-09-01 13:00:00,2017-12-31 23:00:00,2017
A636,3412,13.1,37.8,2017-08-11 19:00:00,2017-12-31 23:00:00,2017
A652,8715,16.6,37.9,2017-01-01 00:00:00,2017-12-31 23:00:00,2017
A659,8372,10.1,39.0,2017-01-01 00:00:00,2017-12-31 23:00:00,2017
A667,8088,11.7,38.0,2017-01-01 00:00:00,2017-12-31 23:00:00,2017
A701,8686,8.2,34.8,2017-01-01 00:00:00,2017-12-31 23:00:00,2017
A705,8756,5.3,37.1,2017-01-01 00:00:00,2017-12-31 23:00:00,2017
A706,7289,-0.1,29.1,2017-01-02 13:00:00,2017-12-31 23:00:00,2017
A707,8760,6.4,37.2,2017-01-01 00:00:00,2017-12-31 23:00:00,2017
A708,8759,8.0,34.8,2017-01-01 00:00:00,2017-12-31 23:00:00,2017
A711,8758,5.5,34.7,2017-01-01 00:00:00,2017-12-31 23:00:00,2017
A712,7472,7.4,39.3,2017-01-01 00:00:00,2017-12-31 23:00:00,2017
A713,8758,5.0,35.3,2017-01-01 00:00:00,2017-12-31 23:00:00,2017
A714,8758,5.0,34.5,2017-01-01 00:00:00,2017-12-31 23:00:00,2017
A715,6942,3.6,34.9,2017-03-17 18:00:00,2017-12-31 23:00:00,2017
A716,6873,8.2,38.1,2017-01-01 00:00:00,2017-12-31 23:00:00,2017
A718,6852,1.5,37.6,2017-01-01 00:00:00,2017-12-31 23:00:00,2017
A725,8750,5.6,35.1,2017-01-01 00:00:00,2017-12-31 23:00:00,2017
A726,8001,7.6,36.6,2017-01-01 00:00:00,2017-12-31 23:00:00,2017
A727,8759,6.2,38.8,2017-01-01 00:00:00,2017-12-31 23:00:00,2017
A728,7534,7.4,36.3,2017-01-01 00:00:00,2017-12-31 23:00:00,2017
A729,7812,5.9,42.1,2017-01-01 00:00:00,2017-12-31 23:00:00,2017
A733,8756,7.8,38.5,2017-01-01 00:00:00,2017-12-31 23:00:00,2017
A734,8259,7.5,38.4,2017-01-01 00:00:00,2017-12-31 23:00:00,2017
A735,7810,4.7,38.6,2017-01-01 00:00:00,2017-12-15 20:00:00,2017
A736,7403,3.8,38.0,2017-01-01 00:00:00,2017-12-31 23:00:00,2017
A737,7877,5.0,38.3,2017-01-01 00:00:00,2017-12-31 23:00:00,2017
A738,8479,8.0,36.1,2017-01-01 00:00:00,2017-12-31 23:00:00,2017
A739,8760,6.4,36.6,2017-01-01 00:00:00,2017-12-31 23:00:00,2017
A740,8760,4.7,34.3,2017-01-01 00:00:00,2017-12-31 23:00:00,2017
A741,8759,6.6,38.2,2017-01-01 00:00:00,2017-12-31 23:00:00,2017
A744,283,18.6,31.0,2017-12-20 00:00:00,2017-12-31 23:00:00,2017
A746,8753,-1.0,33.7,2017-01-01 00:00:00,2017-12-31 23:00:00,2017
A747,8742,5.1,37.8,2017-01-01 00:00:00,2017-12-31 23:00:00,2017
A748,8760,5.2,39.0,2017-01-01 00:00:00,2017-12-31 23:00:00,2017
A753,8374,4.2,39.1,2017-01-01 00:00:00,2017-12-31 23:00:00,2017
A755,8760,5.5,35.3,2017-01-01 00:00:00,2017-12-31 23:00:00,2017
A762,8760,6.2,38.3,2017-01-01 00:00:00,2017-12-31 23:00:00,2017
A763,5457,5.6,35.7,2017-05-16 20:00:00,2017-12-31 23:00:00,2017
A764,8759,9.1,38.4,2017-01-01 00:00:00,2017-12-31 23:00:00,2017
A765,7706,12.4,36.9,2017-02-01 18:00:00,2017-12-31 23:00:00,2017
A766,7701,7.4,39.5,2017-02-10 13:00:00,2017-12-31 23:00:00,2017
A767,1498,17.0,37.4,2017-10-30 14:00:00,2017-12-31 23:00:00,2017
A768,5488,6.0,37.3,2017-05-12 19:00:00,2017-12-31 23:00:00,2017
A769,1726,12.8,34.9,2017-10-20 18:00:00,2017-12-31 23:00:00,2017
A807,8652,5.5,33.6,2017-01-01 00:00:00,2017-12-31 23:00:00,2017
A818,8185,1.2,33.7,2017-01-01 00:00:00,2017-12-31 23:00:00,2017
A819,8758,-3.9,32.4,2017-01-01 00:00:00,2017-12-31 23:00:00,2017
A820,8300,-0.3,38.2,2017-01-01 00:00:00,2017-12-31 23:00:00,2017
A821,8756,3.5,36.0,2017-01-01 00:00:00,2017-12-31 23:00:00,2017
A822,8517,1.4,33.9,2017-01-01 00:00:00,2017-12-31 23:00:00,2017
A823,6221,-3.8,30.4,2017-01-01 00:00:00,2017-12-31 23:00:00,2017
A824,7971,6.5,35.8,2017-01-01 10:00:00,2017-12-31 23:00:00,2017
A835,8759,3.4,36.5,2017-01-01 00:00:00,2017-12-31 23:00:00,2017
A842,7460,5.0,35.7,2017-01-01 00:00:00,2017-12-31 23:00:00,2017
A843,8217,0.4,35.9,2017-01-01 00:00:00,2017-12-31 23:00:00,2017
A846,6465,1.4,37.3,2017-01-01 00:00:00,2017-12-31 23:00:00,2017
A847,8265,6.6,34.0,2017-01-01 00:00:00,2017-12-31 23:00:00,2017
A849,8622,2.5,38.5,2017-01-01 00:00:00,2017-12-31 23:00:00,2017
A850,6967,6.6,38.0,2017-01-01 00:00:00,2017-12-20 13:00:00,2017
A855,7587,3.5,38.7,2017-01-01 00:00:00,2017-12-31 23:00:00,2017
A869,7198,2.3,36.3,2017-01-01 00:00:00,2017-12-31 23:00:00,2017
A871,7749,3.8,35.1,2017-01-01 00:00:00,2017-12-31 23:00:00,2017
A872,7236,2.1,33.7,2017-01-01 00:00:00,2017-12-31 23:00:00,2017
A873,8760,4.5,37.7,2017-01-01 00:00:00,2017-12-31 23:00:00,2017
A874,8712,-4.3,34.9,2017-01-01 00:00:00,2017-12-31 23:00:00,2017
A875,8359,-1.2,33.2,2017-01-01 00:00:00,2017-12-31 23:00:00,2017
A876,7239,-2.5,33.1,2017-01-01 00:00:00,2017-12-31 23:00:00,2017
B803,8759,1.5,35.1,2017-01-01 00:00:00,2017-12-31 23:00:00,2017
B804,8760,-2.7,33.4,2017-01-01 00:00:00,2017-12-31 23:00:00,2017
B806,8726,-2.1,32.0,2017-01-01 00:00:00,2017-12-31 23:00:00,2017
A801,8717,6.0,36.3,2017-01-01 00:00:00,2017-12-31 23:00:00,2017
A802,7375,2.2,34.3,2017-01-01 00:00:00,2017-12-31 23:00:00,2017
A803,8756,-0.9,38.6,2017-01-01 00:00:00,2017-12-31 23:00:00,2017
A804,6600,0.7,37.1,2017-01-01 00:00:00,2017-12-31 23:00:00,2017
A805,8080,-0.3,35.4,2017-01-01 00:00:00,2017-12-31 23:00:00,2017
A808,5890,3.3,32.4,2017-01-01 00:00:00,2017-12-31 23:00:00,2017
A809,8683,0.2,39.6,2017-01-01 00:00:00,2017-12-31 23:00:00,2017
A810,8760,-2.7,36.5,2017-01-01 00:00:00,2017-12-31 23:00:00,2017
A811,8759,0.4,34.2,2017-01-01 00:00:00,2017-12-31 23:00:00,2017
A812,8669,0.4,34.9,2017-01-01 00:00:00,2017-12-31 23:00:00,2017
A813,6439,3.0,36.9,2017-01-01 00:00:00,2017-12-31 23:00:00,2017
A826,5870,1.4,37.7,2017-01-01 00:00:00,2017-12-31 23:00:00,2017
A827,8288,-0.1,37.6,2017-01-01 00:00:00,2017-12-31 23:00:00,2017
A828,8473,-2.7,32.7,2017-01-01 00:00:00,2017-12-31 23:00:00,2017
A829,8747,-3.6,30.8,2017-01-01 00:00:00,2017-12-31 23:00:00,2017
A830,6639,6.5,38.0,2017-01-01 00:00:00,2017-12-31 23:00:00,2017
A831,8202,-2.2,38.6,2017-01-01 00:00:00,2017-12-31 23:00:00,2017
A832,8760,0.6,38.3,2017-01-01 00:00:00,2017-12-31 23:00:00,2017
A833,8756,-0.9,36.8,2017-01-01 00:00:00,2017-12-31 23:00:00,2017
A834,8742,4.7,33.8,2017-01-01 00:00:00,2017-12-31 23:00:00,2017
A836,6616,0.5,37.3,2017-03-20 22:00:00,2017-12-31 23:00:00,2017
A837,6892,-0.7,33.9,2017-01-01 10:00:00,2017-12-31 23:00:00,2017
A838,8276,3.1,35.1,2017-01-01 00:00:00,2017-12-31 23:00:00,2017
A839,8045,1.6,35.0,2017-01-01 00:00:00,2017-12-31 23:00:00,2017
A840,8682,-1.9,33.2,2017-01-01 00:00:00,2017-12-31 23:00:00,2017
A844,8683,-1.8,32.8,2017-01-01 00:00:00,2017-12-31 23:00:00,2017
A852,8508,1.1,37.7,2017-01-01 00:00:00,2017-12-31 23:00:00,2017
A853,8759,-1.3,35.5,2017-01-01 00:00:00,2017-12-31 23:00:00,2017
A854,8695,-0.7,34.9,2017-01-01 00:00:00,2017-12-31 23:00:00,2017
A856,8759,-0.1,34.6,2017-01-01 00:00:00,2017-12-31 23:00:00,2017
A878,8760,4.6,35.2,2017-01-01 00:00:00,2017-12-31 23:00:00,2017
A879,7436,1.6,30.8,2017-01-01 00:00:00,2017-12-31 23:00:00,2017
A880,8760,-3.4,30.8,2017-01-01 00:00:00,2017-12-31 23:00:00,2017
A881,6357,-7.6,39.4,2017-01-01 00:00:00,2017-12-31 23:00:00,2017
A882,8759,-0.1,38.2,2017-01-01 00:00:00,2017-12-31 23:00:00,2017
A883,8760,-1.7,35.7,2017-01-01 00:00:00,2017-12-31 23:00:00,2017
A884,8759,0.5,38.3,2017-01-01 00:00:00,2017-12-31 23:00:00,2017
A886,8760,-2.2,35.7,2017-01-01 00:00:00,2017-12-31 23:00:00,2017
A889,8759,0.0,38.5,2017-01-01 00:00:00,2017-12-31 23:00:00,2017
A894,8730,-3.8,35.8,2017-01-01 00:00:00,2017-12-31 23:00:00,2017
A897,8691,-2.1,30.4,2017-01-01 00:00:00,2017-12-31 23:00:00,2017
A899,8760,0.5,35.2,2017-01-01 00:00:00,2017-12-31 23:00:00,2017
A806,8753,5.7,35.5,2017-01-01 00:00:00,2017-12-31 23:00:00,2017
A814,6324,5.1,39.0,2017-01-01 00:00:00,2017-12-31 23:00:00,2017
A815,8757,-4.6,29.2,2017-01-01 00:00:00,2017-12-31 23:00:00,2017
A816,8760,-2.5,31.6,2017-01-01 00:00:00,2017-12-31 23:00:00,2017
A817,7032,7.8,38.4,2017-01-04 08:00:00,2017-12-31 23:00:00,2017
A841,8500,1.4,35.0,2017-01-01 00:00:00,2017-12-31 23:00:00,2017
A845,8677,-6.7,25.1,2017-01-01 00:00:00,2017-12-31 23:00:00,2017
A848,8744,-1.8,32.7,2017-01-01 00:00:00,2017-12-31 23:00:00,2017
A851,8760,0.7,33.8,2017-01-01 00:00:00,2017-12-31 23:00:00,2017
A857,8759,-0.3,33.8,2017-01-01 00:00:00,2017-12-31 23:00:00,2017
A858,8726,-2.1,33.0,2017-01-01 00:00:00,2017-12-30 13:00:00,2017
A859,8719,0.0,32.9,2017-01-01 00:00:00,2017-12-31 23:00:00,2017
A860,7281,0.5,32.7,2017-01-01 00:00:00,2017-12-31 23:00:00,2017
A861,8711,-2.4,34.8,2017-01-01 00:00:00,2017-12-31 23:00:00,2017
A862,8760,-3.5,33.8,2017-01-01 00:00:00,2017-12-31 23:00:00,2017
A863,7982,1.0,34.9,2017-01-01 00:00:00,2017-12-31 23:00:00,2017
A864,8760,-3.9,34.6,2017-01-01 00:00:00,2017-12-31 23:00:00,2017
A865,8265,-2.6,31.8,2017-01-01 00:00:00,2017-12-31 23:00:00,2017
A866,8756,5.9,31.5,2017-01-01 00:00:00,2017-12-31 23:00:00,2017
A867,5128,0.6,36.1,2017-01-01 00:00:00,2017-12-31 23:00:00,2017
A868,8760,3.9,35.7,2017-01-01 00:00:00,2017-12-31 23:00:00,2017
A870,8760,-1.5,32.9,2017-01-01 00:00:00,2017-12-31 23:00:00,2017
A001,8710,10.9,33.6,2018-01-01 00:00:00,2018-12-31 23:00:00,2018
A042,8695,12.4,34.2,2018-01-01 00:00:00,2018-12-31 23:00:00,2018
A045,8679,7.6,35.7,2018-01-01 00:00:00,2018-12-31 23:00:00,2018
A046,8760,9.9,35.1,2018-01-01 00:00:00,2018-12-31 23:00:00,2018
A047,8690,10.4,34.2,2018-01-01 00:00:00,2018-12-31 23:00:00,2018
A002,8760,7.4,37.4,2018-01-01 00:00:00,2018-12-31 23:00:00,2018
A003,8753,5.4,36.2,2018-01-01 00:00:00,2018-12-31 23:00:00,2018
A005,2614,20.5,38.9,2018-09-13 14:00:00,2018-12-31 23:00:00,2018
A011,8760,9.8,39.3,2018-01-01 00:00:00,2018-12-31 23:00:00,2018
A012,8759,10.8,34.9,2018-01-01 00:00:00,2018-12-31 23:00:00,2018
A013,7936,12.3,39.5,2018-01-01 00:00:00,2018-12-31 23:00:00,2018
A014,8756,13.3,40.5,2018-01-01 00:00:00,2018-12-31 23:00:00,2018
A015,8760,10.9,37.3,2018-01-01 00:00:00,2018-12-31 23:00:00,2018
A016,8756,5.0,37.5,2018-01-01 00:00:00,2018-12-31 23:00:00,2018
A017,8760,17.1,36.4,2018-01-01 00:00:00,2018-12-31 23:00:00,2018
A022,7064,15.4,37.6,2018-01-01 00:00:00,2018-12-31 23:00:00,2018
A023,8759,9.9,40.0,2018-01-01 00:00:00,2018-12-31 23:00:00,2018
A024,8750,10.6,32.1,2018-01-01 00:00:00,2018-12-31 23:00:00,2018
A025,8757,8.5,43.1,2018-01-01 00:00:00,2018-12-31 23:00:00,2018
A026,6042,8.3,36.3,2018-04-21 15:00:00,2018-12-31 23:00:00,2018
A027,8756,9.1,37.6,2018-01-01 00:00:00,2018-12-31 23:00:00,2018
A028,8178,10.6,38.0,2018-01-01 00:00:00,2018-12-31 23:00:00,2018
A029,8702,9.7,38.4,2018-01-01 00:00:00,2018-12-31 23:00:00,2018
A031,8655,15.7,40.5,2018-01-01 00:00:00,2018-12-31 23:00:00,2018
A032,8495,15.4,38.3,2018-01-01 00:00:00,2018-12-31 23:00:00,2018
A033,8758,5.0,37.4,2018-01-01 00:00:00,2018-12-31 23:00:00,2018
A034,7024,9.3,34.7,2018-01-01 00:00:00,2018-12-31 23:00:00,2018
A035,8741,7.0,38.8,2018-01-01 00:00:00,2018-12-31 23:00:00,2018
A036,8619,9.2,33.3,2018-01-01 00:00:00,2018-12-31 23:00:00,2018
A037,8759,7.7,35.8,2018-01-01 00:00:00,2018-12-31 23:00:00,2018
A056,8005,9.6,35.7,2018-01-29 10:00:00,2018-12-31 23:00:00,2018
A702,8554,7.4,36.2,2018-01-01 00:00:00,2018-12-31 23:00:00,2018
A703,8674,4.1,34.9,2018-01-01 00:00:00,2018-12-31 23:00:00,2018
A704,8760,7.9,40.3,2018-01-01 00:00:00,2018-12-31 23:00:00,2018
A709,8753,6.8,38.2,2018-01-01 00:00:00,2018-12-31 23:00:00,2018
A710,8556,7.6,38.7,2018-01-01 00:00:00,2018-12-31 23:00:00,2018
A717,6393,8.1,38.1,2018-01-01 00:00:00,2018-12-31 23:00:00,2018
A719,6945,5.4,37.7,2018-01-01 00:00:00,2018-12-31 22:00:00,2018
A720,7529,7.9,41.1,2018-01-01 00:00:00,2018-12-31 23:00:00,2018
A721,8729,5.1,37.0,2018-01-01 00:00:00,2018-12-31 23:00:00,2018
A722,4715,7.3,37.4,2018-01-01 00:00:00,2018-12-31 23:00:00,2018
A723,8741,6.7,40.9,2018-01-01 00:00:00,2018-12-31 23:00:00,2018
A724,4455,10.4,36.4,2018-01-01 00:00:00,2018-12-31 23:00:00,2018
A730,8007,6.9,36.0,2018-01-01 00:00:00,2018-12-31 23:00:00,2018
A731,8500,2.2,38.0,2018-01-01 11:00:00,2018-12-31 23:00:00,2018
A732,7473,7.1,36.8,2018-01-01 00:00:00,2018-12-31 23:00:00,2018
A742,7481,7.1,38.9,2018-01-01 00:00:00,2018-12-31 23:00:00,2018
A743,8759,1.1,37.8,2018-01-01 00:00:00,2018-12-31 23:00:00,2018
A749,8760,4.3,37.3,2018-01-01 00:00:00,2018-12-31 23:00:00,2018
A750,8477,1.9,37.2,2018-01-01 00:00:00,2018-12-31 23:00:00,2018
A751,7382,5.2,36.3,2018-01-01 00:00:00,2018-12-31 23:00:00,2018
A752,8759,5.2,36.9,2018-01-01 00:00:00,2018-12-31 23:00:00,2018
A754,8709,4.1,36.8,2018-01-01 00:00:00,2018-12-31 23:00:00,2018
A756,7498,4.1,39.9,2018-02-22 14:00:00,2018-12-31 23:00:00,2018
A757,7369,1.9,37.6,2018-01-01 00:00:00,2018-12-31 23:00:00,2018
A758,7671,4.6,37.2,2018-01-01 13:00:00,2018-12-31 23:00:00,2018
A759,8760,8.1,38.8,2018-01-01 00:00:00,2018-12-31 23:00:00,2018
A760,8759,8.3,37.0,2018-01-01 00:00:00,2018-12-31 23:00:00,2018
A761,7999,8.2,41.6,2018-01-01 00:00:00,2018-12-31 23:00:00,2018
S701,6385,5.9,38.0,2018-04-09 22:00:00,2018-12-31 23:00:00,2018
S702,4414,6.0,35.4,2018-04-13 19:00:00,2018-12-31 23:00:00,2018
S703,6737,4.6,37.6,2018-02-21 20:00:00,2018-11-29 17:00:00,2018
S704,3473,6.0,37.8,2018-08-07 08:00:00,2018-12-30 09:00:00,2018
S705,6032,6.6,38.5,2018-04-06 21:00:00,2018-12-31 23:00:00,2018
S706,7198,4.6,37.0,2018-03-06 20:00:00,2018-12-31 23:00:00,2018
S707,6553,5.5,38.2,2018-02-19 14:00:00,2018-12-31 23:00:00,2018
S708,7319,4.0,38.2,2018-02-28 16:00:00,2018-12-31 23:00:00,2018
S709,6330,1.9,38.1,2018-04-11 20:00:00,2018-12-31 23:00:00,2018
S710,7390,4.7,37.3,2018-02-26 14:00:00,2018-12-31 23:00:00,2018
S711,6069,3.5,36.8,2018-04-12 23:00:00,2018-12-27 05:00:00,2018
S712,6206,5.1,35.3,2018-02-23 11:00:00,2018-12-31 23:00:00,2018
S713,6371,5.9,37.3,2018-04-10 12:00:00,2018-12-31 23:00:00,2018
S714,6891,8.2,38.0,2018-03-01 00:00:00,2018-12-31 23:00:00,2018
S715,6842,5.8,37.6,2018-02-21 20:00:00,2018-12-31 23:00:00,2018
S716,6057,2.4,37.4,2018-04-23 09:00:00,2018-12-31 23:00:00,2018
S717,6465,7.9,38.4,2018-04-05 18:00:00,2018-12-31 23:00:00,2018
A901,8160,11.8,40.5,2018-01-01 12:00:00,2018-12-31 23:00:00,2018
A902,5454,9.1,38.0,2018-05-18 18:00:00,2018-12-31 23:00:00,2018
A903,4690,10.9,36.6,2018-01-01 01:00:00,2018-12-31 23:00:00,2018
A904,8760,11.9,39.0,2018-01-01 00:00:00,2018-12-31 23:00:00,2018
A905,8760,10.3,37.9,2018-01-01 00:00:00,2018-12-31 23:00:00,2018
A906,8760,15.0,38.6,2018-01-01 00:00:00,2018-12-31 23:00:00,2018
A907,8760,9.2,40.7,2018-01-01 00:00:00,2018-12-31 23:00:00,2018
A908,8107,13.5,38.7,2018-01-01 00:00:00,2018-12-31 23:00:00,2018
A909,8760,7.0,36.9,2018-01-01 00:00:00,2018-12-31 23:00:00,2018
A910,5932,16.1,37.7,2018-01-01 00:00:00,2018-12-31 23:00:00,2018
A911,8711,9.3,36.4,2018-01-01 00:00:00,2018-12-31 23:00:00,2018
A912,4893,11.1,32.9,2018-01-01 00:00:00,2018-11-15 00:00:00,2018
A913,8758,-1.1,42.1,2018-01-01 00:00:00,2018-12-31 23:00:00,2018
A914,8699,12.0,38.6,2018-01-01 00:00:00,2018-12-31 23:00:00,2018
A915,2605,19.2,34.9,2018-01-01 00:00:00,2018-12-26 18:00:00,2018
A916,4017,18.8,36.7,2018-01-01 00:00:00,2018-12-31 23:00:00,2018
A917,6249,15.4,36.7,2018-01-01 00:00:00,2018-12-31 23:00:00,2018
A919,8504,14.0,37.1,2018-01-01 00:00:00,2018-12-31 22:00:00,2018
A920,5962,12.2,36.1,2018-01-01 00:00:00,2018-09-06 09:00:00,2018
A921,5555,20.7,38.9,2018-01-01 00:00:00,2018-12-31 23:00:00,2018
A922,5655,10.6,39.9,2018-01-01 00:00:00,2018-12-31 23:00:00,2018
A923,8673,9.8,37.6,2018-01-01 00:00:00,2018-12-31 23:00:00,2018
A924,5382,13.4,37.3,2018-05-21 17:00:00,2018-12-31 23:00:00,2018
A926,8760,13.7,36.0,2018-01-01 00:00:00,2018-12-31 23:00:00,2018
A927,7390,9.9,36.6,2018-01-02 21:00:00,2018-12-31 23:00:00,2018
A928,8755,10.8,37.8,2018-01-01 00:00:00,2018-12-31 23:00:00,2018
A929,8759,10.9,38.0,2018-01-01 00:00:00,2018-12-31 23:00:00,2018
A930,6653,14.7,39.5,2018-01-01 00:00:00,2018-12-16 16:00:00,2018
A931,8760,10.0,36.1,2018-01-01 00:00:00,2018-12-31 23:00:00,2018
A932,8571,12.2,39.7,2018-01-01 00:00:00,2018-12-31 23:00:00,2018
A933,7655,8.9,38.6,2018-01-01 00:00:00,2018-12-31 23:00:00,2018
A934,8760,7.2,36.2,2018-01-01 00:00:00,2018-12-31 23:00:00,2018
A935,6831,10.6,40.2,2018-01-01 00:00:00,2018-12-29 18:00:00,2018
A936,8760,8.2,39.1,2018-01-01 00:00:00,2018-12-31 23:00:00,2018
A937,8153,9.8,38.9,2018-01-01 00:00:00,2018-12-31 23:00:00,2018
A941,8755,10.5,41.3,2018-01-01 00:00:00,2018-12-31 23:00:00,2018
A303,8757,17.6,35.3,2018-01-01 00:00:00,2018-12-31 23:00:00,2018
A323,7997,17.4,40.4,2018-01-01 00:00:00,2018-12-31 23:00:00,2018
A327,8760,16.7,39.0,2018-01-01 00:00:00,2018-12-31 23:00:00,2018
A353,7250,16.5,38.0,2018-01-01 00:00:00,2018-12-31 23:00:00,2018
A355,8760,19.2,35.6,2018-01-01 00:00:00,2018-12-31 23:00:00,2018
A356,8760,16.6,35.4,2018-01-01 00:00:00,2018-12-31 23:00:00,2018
A371,8710,17.8,39.5,2018-01-01 00:00:00,2018-12-31 23:00:00,2018
A401,8744,20.9,36.4,2018-01-01 00:00:00,2018-12-31 23:00:00,2018
A402,8760,13.0,39.1,2018-01-01 00:00:00,2018-12-31 23:00:00,2018
A404,8759,11.3,36.4,2018-01-01 00:00:00,2018-12-31 23:00:00,2018
A405,8758,15.4,34.6,2018-01-01 00:00:00,2018-12-31 23:00:00,2018
A406,8024,17.5,37.9,2018-01-01 00:00:00,2018-12-31 23:00:00,2018
A407,8760,13.9,33.7,2018-01-01 00:00:00,2018-12-31 23:00:00,2018
A408,8760,15.4,39.4,2018-01-01 00:00:00,2018-12-31 23:00:00,2018
A410,8712,15.8,34.7,2018-01-01 00:00:00,2018-12-31 23:00:00,2018
A412,8758,13.9,38.0,2018-01-01 00:00:00,2018-12-31 23:00:00,2018
A413,8441,15.0,39.1,2018-01-01 00:00:00,2018-12-31 23:00:00,2018
A414,7261,12.2,33.3,2018-01-01 00:00:00,2018-12-31 23:00:00,2018
A415,8759,13.3,39.8,2018-01-01 00:00:00,2018-12-31 23:00:00,2018
A416,6040,10.7,38.5,2018-01-01 00:00:00,2018-12-31 23:00:00,2018
A418,8564,17.1,40.0,2018-01-01 00:00:00,2018-12-31 23:00:00,2018
A422,7471,20.5,30.8,2018-02-23 16:00:00,2018-12-31 23:00:00,2018
A423,8753,19.6,37.9,2018-01-01 00:00:00,2018-12-31 23:00:00,2018
A424,8759,13.8,36.1,2018-01-01 00:00:00,2018-12-31 23:00:00,2018
A425,8760,14.5,39.0,2018-01-01 00:00:00,2018-12-31 23:00:00,2018
A426,8288,18.2,37.7,2018-01-01 00:00:00,2018-12-31 23:00:00,2018
A427,8760,15.2,34.5,2018-01-01 00:00:00,2018-12-31 23:00:00,2018
A428,8758,15.6,37.3,2018-01-01 00:00:00,2018-12-31 23:00:00,2018
A429,8757,15.2,40.0,2018-01-01 00:00:00,2018-12-31 23:00:00,2018
A430,8760,11.8,31.5,2018-01-01 00:00:00,2018-12-31 23:00:00,2018
A431,8660,17.9,31.9,2018-01-01 00:00:00,2018-12-31 23:00:00,2018
A432,8114,14.3,39.6,2018-01-01 00:00:00,2018-12-31 23:00:00,2018
A433,8760,15.4,37.6,2018-01-01 00:00:00,2018-12-31 23:00:00,2018
A434,7023,16.6,37.2,2018-01-01 00:00:00,2018-12-31 23:00:00,2018
A435,8760,16.7,37.1,2018-01-01 00:00:00,2018-12-31 23:00:00,2018
A436,7975,15.6,39.8,2018-01-01 10:00:00,2018-12-31 23:00:00,2018
A437,8425,16.0,33.6,2018-01-01 00:00:00,2018-12-31 23:00:00,2018
A438,8747,18.8,33.1,2018-01-01 00:00:00,2018-12-31 23:00:00,2018
A439,8469,15.3,41.3,2018-01-02 00:00:00,2018-12-31 23:00:00,2018
A440,8760,11.1,38.2,2018-01-01 00:00:00,2018-12-31 23:00:00,2018
A441,8596,15.0,38.1,2018-01-01 00:00:00,2018-12-31 23:00:00,2018
A442,6280,16.1,37.7,2018-01-01 12:00:00,2018-12-31 23:00:00,2018
A443,7826,12.7,38.2,2018-01-01 00:00:00,2018-12-31 23:00:00,2018
A444,8397,14.9,34.3,2018-01-01 00:00:00,2018-12-31 23:00:00,2018
A445,8718,16.0,37.2,2018-01-01 00:00:00,2018-12-31 23:00:00,2018
A446,8760,12.3,37.3,2018-01-01 00:00:00,2018-12-31 23:00:00,2018
A447,8291,14.0,35.0,2018-01-01 00:00:00,2018-12-31 23:00:00,2018
A448,8760,17.4,38.6,2018-01-01 00:00:00,2018-12-31 23:00:00,2018
A449,6003,14.2,38.7,2018-04-25 21:00:00,2018-12-31 23:00:00,2018
A450,8758,15.9,38.7,2018-01-01 00:00:00,2018-12-31 23:00:00,2018
A452,8759,9.9,39.9,2018-01-01 00:00:00,2018-12-31 23:00:00,2018
A454,8760,12.8,38.7,2018-01-01 00:00:00,2018-12-31 23:00:00,2018
A455,7682,14.7,35.6,2018-01-01 00:00:00,2018-12-31 23:00:00,2018
A456,6723,19.8,35.9,2018-03-12 13:00:00,2018-12-31 23:00:00,2018
A458,2296,18.6,38.7,2018-09-26 17:00:00,2018-12-31 23:00:00,2018
A305,8622,21.8,33.8,2018-01-01 00:00:00,2018-12-31 23:00:00,2018
A306,8760,18.5,40.0,2018-01-01 00:00:00,2018-12-31 23:00:00,2018
A314,8463,16.3,31.0,2018-01-01 00:00:00,2018-12-31 23:00:00,2018
A315,7455,16.3,38.6,2018-01-01 00:00:00,2018-12-31 23:00:00,2018
A319,4605,18.9,38.4,2018-01-01 11:00:00,2018-12-31 23:00:00,2018
A324,8537,17.2,38.1,2018-01-01 00:00:00,2018-12-31 23:00:00,2018
A325,6957,19.3,37.8,2018-01-01 00:00:00,2018-12-31 23:00:00,2018
A332,8759,17.4,41.3,2018-01-01 00:00:00,2018-12-31 23:00:00,2018
A339,8759,20.3,38.6,2018-01-01 00:00:00,2018-12-31 23:00:00,2018
A342,8760,18.7,38.9,2018-01-01 00:00:00,2018-12-31 23:00:00,2018
A347,8758,17.1,37.1,2018-01-01 00:00:00,2018-12-31 23:00:00,2018
A358,8760,21.1,39.6,2018-01-01 00:00:00,2018-12-31 23:00:00,2018
A359,7193,21.5,37.7,2018-01-01 00:00:00,2018-10-27 17:00:00,2018
A360,8760,20.5,36.2,2018-01-01 00:00:00,2018-12-31 23:00:00,2018
A368,6988,14.2,32.9,2018-03-15 20:00:00,2018-12-31 23:00:00,2018
A369,6850,17.9,37.6,2018-03-21 14:00:00,2018-12-31 23:00:00,2018
A203,8709,21.7,33.4,2018-01-01 00:00:00,2018-12-31 23:00:00,2018
A204,8302,14.6,39.1,2018-01-01 00:00:00,2018-12-31 23:00:00,2018
A205,7225,18.4,38.6,2018-01-01 00:00:00,2018-12-31 23:00:00,2018
A206,8225,21.2,37.9,2018-01-01 00:00:00,2018-12-31 23:00:00,2018
A207,4750,17.9,39.1,2018-04-22 18:00:00,2018-11-06 15:00:00,2018
A217,8760,22.3,32.3,2018-01-01 00:00:00,2018-12-31 23:00:00,2018
A218,7657,20.6,31.5,2018-01-01 00:00:00,2018-12-31 23:00:00,2018
A219,8628,21.5,36.3,2018-01-01 00:00:00,2018-12-31 23:00:00,2018
A220,7004,21.2,38.7,2018-01-01 00:00:00,2018-12-31 23:00:00,2018
A221,8356,17.0,39.2,2018-01-01 00:00:00,2018-12-31 23:00:00,2018
A222,7559,17.8,39.7,2018-01-01 00:00:00,2018-12-31 23:00:00,2018
A223,8183,13.8,40.1,2018-01-01 00:00:00,2018-12-31 23:00:00,2018
A224,8060,13.9,38.6,2018-01-01 00:00:00,2018-12-31 23:00:00,2018
A225,8317,18.2,39.1,2018-01-01 00:00:00,2018-12-31 23:00:00,2018
A237,6586,18.1,39.2,2018-01-01 00:00:00,2018-12-31 23:00:00,2018
A238,6255,17.9,38.0,2018-01-01 00:00:00,2018-09-18 14:00:00,2018
S108,605,22.7,34.2,2018-03-28 21:00:00,2018-04-24 18:00:00,2018
A310,7240,16.9,32.9,2018-01-02 13:00:00,2018-12-31 23:00:00,2018
A313,8759,17.3,33.6,2018-01-01 00:00:00,2018-12-31 23:00:00,2018
A320,6519,20.0,32.4,2018-01-01 15:00:00,2018-12-31 23:00:00,2018
A321,8663,18.7,38.7,2018-01-01 00:00:00,2018-12-31 23:00:00,2018
A333,8760,16.1,38.4,2018-01-01 00:00:00,2018-12-31 23:00:00,2018
A334,6770,13.9,35.8,2018-01-01 11:00:00,2018-12-31 23:00:00,2018
A348,7817,13.9,36.6,2018-01-01 00:00:00,2018-12-31 23:00:00,2018
A352,7812,18.6,33.0,2018-01-01 00:00:00,2018-12-31 23:00:00,2018
A373,8760,15.1,38.8,2018-01-01 00:00:00,2018-12-31 23:00:00,2018
A301,8282,18.8,34.2,2018-01-03 13:00:00,2018-12-31 23:00:00,2018
A307,6369,18.8,43.3,2018-01-01 00:00:00,2018-12-31 23:00:00,2018
A309,8760,14.1,36.8,2018-01-01 00:00:00,2018-12-31 23:00:00,2018
A322,7167,15.5,34.1,2018-01-01 13:00:00,2018-12-31 23:00:00,2018
A328,7600,16.2,35.7,2018-01-02 15:00:00,2018-12-31 23:00:00,2018
A329,8034,18.3,38.8,2018-01-01 00:00:00,2018-12-31 20:00:00,2018
A341,6580,15.6,34.4,2018-01-01 00:00:00,2018-12-31 23:00:00,2018
A349,8760,15.3,38.5,2018-01-01 00:00:00,2018-12-31 23:00:00,2018
A350,7759,18.1,38.5,2018-01-01 00:00:00,2018-12-31 23:00:00,2018
A351,8760,17.5,39.5,2018-01-01 00:00:00,2018-12-31 23:00:00,2018
A357,7201,17.1,35.2,2018-01-01 00:00:00,2018-12-31 01:00:00,2018
A366,7664,17.6,37.8,2018-01-01 11:00:00,2018-12-31 22:00:00,2018
A370,8699,15.5,37.8,2018-01-01 00:00:00,2018-12-31 23:00:00,2018
A308,5604,20.6,38.1,2018-01-01 00:00:00,2018-12-31 23:00:00,2018
A311,6967,19.9,41.7,2018-01-01 00:00:00,2018-12-31 23:00:00,2018
A312,8759,19.2,37.8,2018-01-01 00:00:00,2018-12-31 23:00:00,2018
A326,8207,16.3,41.3,2018-01-01 00:00:00,2018-12-31 23:00:00,2018
A330,8760,20.6,38.6,2018-01-01 00:00:00,2018-12-31 23:00:00,2018
A331,8043,19.7,40.3,2018-01-01 00:00:00,2018-12-30 22:00:00,2018
A335,8760,21.1,41.0,2018-01-01 00:00:00,2018-12-31 23:00:00,2018
A336,8760,16.5,40.3,2018-01-01 00:00:00,2018-12-31 23:00:00,2018
A337,8759,13.7,38.8,2018-01-01 00:00:00,2018-12-31 23:00:00,2018
A343,8758,17.4,40.9,2018-01-01 00:00:00,2018-12-31 23:00:00,2018
A345,8758,13.5,39.8,2018-01-01 00:00:00,2018-12-31 23:00:00,2018
A346,8760,18.1,38.9,2018-01-01 00:00:00,2018-12-31 23:00:00,2018
A354,8760,12.0,41.1,2018-01-01 00:00:00,2018-12-31 23:00:00,2018
A361,8760,16.4,40.4,2018-01-01 00:00:00,2018-12-31 23:00:00,2018
A362,8760,19.1,39.0,2018-01-01 00:00:00,2018-12-31 23:00:00,2018
A363,7047,19.6,40.9,2018-01-01 00:00:00,2018-11-30 21:00:00,2018
A364,6211,19.4,45.0,2018-01-01 00:00:00,2018-12-31 23:00:00,2018
A365,6773,17.5,39.1,2018-03-24 19:00:00,2018-12-31 23:00:00,2018
A374,6694,12.4,39.3,2018-03-28 00:00:00,2018-12-31 23:00:00,2018
A375,6761,17.1,37.8,2018-03-23 18:00:00,2018-12-31 23:00:00,2018
A376,415,22.1,38.4,2018-11-23 18:00:00,2018-12-25 18:00:00,2018
A302,3730,23.5,32.3,2018-07-28 20:00:00,2018-12-31 23:00:00,2018
A304,8760,20.8,32.0,2018-01-01 00:00:00,2018-12-31 23:00:00,2018
A316,6766,21.3,40.0,2018-01-01 00:00:00,2018-12-31 23:00:00,2018
A317,8227,18.6,37.9,2018-01-01 00:00:00,2018-12-24 00:00:00,2018
A318,8680,17.5,36.1,2018-01-01 00:00:00,2018-12-31 21:00:00,2018
A340,7938,20.6,41.0,2018-01-01 00:00:00,2018-12-31 23:00:00,2018
A344,6646,20.1,31.7,2018-01-01 10:00:00,2018-12-31 23:00:00,2018
A367,7976,16.3,36.4,2018-01-01 00:00:00,2018-12-31 23:00:00,2018
A372,8706,15.7,38.8,2018-01-01 00:00:00,2018-12-31 23:00:00,2018
A409,8759,20.9,33.1,2018-01-01 00:00:00,2018-12-31 23:00:00,2018
A417,8753,17.4,37.5,2018-01-01 00:00:00,2018-12-31 23:00:00,2018
A419,8759,15.6,38.5,2018-01-01 00:00:00,2018-12-31 23:00:00,2018
A420,5986,16.1,38.1,2018-03-02 19:00:00,2018-12-31 23:00:00,2018
A421,8759,18.1,35.2,2018-01-01 00:00:00,2018-12-31 23:00:00,2018
A451,8683,17.3,37.5,2018-01-01 00:00:00,2018-12-31 23:00:00,2018
A453,8660,17.7,38.0,2018-01-01 00:00:00,2018-12-31 23:00:00,2018
A102,6316,13.1,36.8,2018-01-01 00:00:00,2018-12-31 23:00:00,2018
A104,1861,12.6,35.5,2018-08-19 22:00:00,2018-11-05 15:00:00,2018
A108,8453,15.8,36.9,2018-01-01 00:00:00,2018-12-31 23:00:00,2018
A136,8760,15.4,36.8,2018-01-01 00:00:00,2018-12-31 23:00:00,2018
A137,3643,15.8,36.4,2018-01-01 00:00:00,2018-12-31 23:00:00,2018
A138,8760,13.9,36.3,2018-01-01 00:00:00,2018-12-31 23:00:00,2018
A140,8671,11.8,36.7,2018-01-01 00:00:00,2018-12-31 23:00:00,2018
A101,8679,22.0,38.0,2018-01-01 00:00:00,2018-12-31 23:00:00,2018
A109,1530,21.7,34.0,2018-10-25 17:00:00,2018-12-31 23:00:00,2018
A110,8760,13.8,37.4,2018-01-01 00:00:00,2018-12-31 23:00:00,2018
A111,1807,19.8,37.1,2018-01-02 15:00:00,2018-12-31 20:00:00,2018
A112,8728,16.2,37.0,2018-01-01 00:00:00,2018-12-31 23:00:00,2018
A113,1814,20.0,35.4,2018-01-01 00:00:00,2018-10-09 12:00:00,2018
A117,3840,21.6,35.5,2018-01-01 00:00:00,2018-12-31 23:00:00,2018
A119,8760,22.5,36.9,2018-01-01 00:00:00,2018-12-31 23:00:00,2018
A120,7519,22.0,37.4,2018-01-01 00:00:00,2018-12-31 23:00:00,2018
A121,7354,21.6,36.5,2018-01-01 00:00:00,2018-11-15 19:00:00,2018
A122,6185,20.7,36.5,2018-01-01 00:00:00,2018-12-31 23:00:00,2018
A123,7109,22.4,41.9,2018-01-01 00:00:00,2018-12-31 23:00:00,2018
A124,7307,21.5,38.0,2018-01-16 15:00:00,2018-12-31 23:00:00,2018
A125,8143,20.4,37.0,2018-01-01 00:00:00,2018-12-31 23:00:00,2018
A126,8760,21.0,37.4,2018-01-01 00:00:00,2018-12-31 23:00:00,2018
A128,1084,21.8,34.5,2018-11-16 19:00:00,2018-12-31 23:00:00,2018
A133,8760,19.8,37.4,2018-01-01 00:00:00,2018-12-31 23:00:00,2018
A134,8746,20.4,36.4,2018-01-01 00:00:00,2018-12-31 23:00:00,2018
S102,37,28.5,34.6,2018-01-26 16:00:00,2018-03-08 18:00:00,2018
S103,5942,22.0,35.9,2018-02-23 16:00:00,2018-12-31 23:00:00,2018
S115,2878,0.0,33.1,2018-03-28 20:00:00,2018-08-30 18:00:00,2018
S117,8666,20.8,36.4,2018-01-01 00:00:00,2018-12-31 23:00:00,2018
S121,2930,0.0,36.8,2018-04-18 16:00:00,2018-10-16 14:00:00,2018
A242,4513,19.8,36.8,2018-06-26 23:00:00,2018-12-31 23:00:00,2018
A249,6952,21.8,34.2,2018-01-01 00:00:00,2018-10-25 18:00:00,2018
A251,5938,21.0,35.7,2018-01-01 00:00:00,2018-12-31 23:00:00,2018
A201,8711,21.8,35.1,2018-01-01 00:00:00,2018-12-31 23:00:00,2018
A202,8663,21.2,36.2,2018-01-01 00:00:00,2018-12-31 23:00:00,2018
A209,4330,20.3,35.7,2018-01-01 00:00:00,2018-11-22 12:00:00,2018
A210,5182,21.1,37.0,2018-01-01 00:00:00,2018-12-31 23:00:00,2018
A211,8649,19.7,38.4,2018-01-01 00:00:00,2018-12-31 23:00:00,2018
A212,7849,19.7,36.7,2018-01-01 14:00:00,2018-12-31 23:00:00,2018
A213,8494,20.6,35.4,2018-01-01 00:00:00,2018-12-31 23:00:00,2018
A214,7311,17.2,36.8,2018-01-01 00:00:00,2018-12-31 23:00:00,2018
A215,8426,22.0,33.1,2018-01-01 00:00:00,2018-12-31 23:00:00,2018
A216,6276,17.1,36.7,2018-01-01 00:00:00,2018-12-31 23:00:00,2018
A226,8755,21.4,35.4,2018-01-01 00:00:00,2018-12-31 23:00:00,2018
A227,8760,22.7,33.3,2018-01-01 00:00:00,2018-12-31 23:00:00,2018
A228,8760,21.0,35.0,2018-01-01 00:00:00,2018-12-31 23:00:00,2018
A229,7319,21.1,36.1,2018-01-01 00:00:00,2018-12-31 23:00:00,2018
A230,8597,18.0,32.9,2018-01-01 00:00:00,2018-12-31 20:00:00,2018
A231,5142,22.2,41.1,2018-01-01 00:00:00,2018-12-31 23:00:00,2018
A232,7352,20.8,38.3,2018-01-01 00:00:00,2018-12-31 23:00:00,2018
A233,5340,15.6,40.7,2018-01-01 00:00:00,2018-09-26 22:00:00,2018
A234,8759,16.6,36.9,2018-01-01 00:00:00,2018-12-31 23:00:00,2018
A235,8760,19.6,36.0,2018-01-01 00:00:00,2018-12-31 23:00:00,2018
A236,7021,21.9,35.2,2018-01-01 00:00:00,2018-12-31 23:00:00,2018
A239,6911,21.5,36.2,2018-01-01 00:00:00,2018-12-31 23:00:00,2018
A240,5773,18.9,36.7,2018-01-01 00:00:00,2018-12-31 23:00:00,2018
A241,7359,15.3,37.9,2018-01-01 00:00:00,2018-12-31 23:00:00,2018
A246,6156,19.7,35.4,2018-01-01 00:00:00,2018-11-01 12:00:00,2018
A247,7949,16.2,37.4,2018-01-01 00:00:00,2018-12-31 23:00:00,2018
A248,6937,20.4,36.4,2018-01-01 00:00:00,2018-12-31 23:00:00,2018
A250,8760,21.3,34.9,2018-01-01 00:00:00,2018-12-31 23:00:00,2018
A252,7138,19.0,35.9,2018-03-09 14:00:00,2018-12-31 23:00:00,2018
A253,1538,21.0,34.8,2018-10-28 20:00:00,2018-12-31 23:00:00,2018
S107,4643,19.2,34.2,2018-01-01 13:00:00,2018-12-31 23:00:00,2018
S120,8673,18.8,36.6,2018-01-01 00:00:00,2018-12-31 23:00:00,2018
A925,7473,17.0,36.9,2018-01-01 00:00:00,2018-12-31 23:00:00,2018
A938,8759,11.2,36.3,2018-01-01 00:00:00,2018-12-31 23:00:00,2018
A939,7262,15.0,39.2,2018-01-01 00:00:00,2018-12-31 23:00:00,2018
A940,8760,14.1,39.5,2018-01-01 00:00:00,2018-12-31 23:00:00,2018
S101,1406,13.0,38.2,2018-07-25 21:00:00,2018-10-21 21:00:00,2018
S104,1759,10.4,32.1,2018-01-01 00:00:00,2018-07-19 18:00:00,2018
S110,7742,0.0,37.2,2018-01-01 00:00:00,2018-12-31 19:00:00,2018
A135,7395,21.3,38.1,2018-01-01 00:00:00,2018-12-31 23:00:00,2018
S113,6871,0.0,36.9,2018-01-01 00:00:00,2018-12-31 23:00:00,2018
S114,156,0.0,28.4,2018-05-16 16:00:00,2018-09-16 23:00:00,2018
A009,8759,17.9,39.5,2018-01-01 00:00:00,2018-12-31 23:00:00,2018
A010,5971,13.0,39.7,2018-01-01 21:00:00,2018-12-31 13:00:00,2018
A018,7709,14.6,39.1,2018-01-01 00:00:00,2018-11-18 05:00:00,2018
A019,8577,14.3,39.3,2018-01-01 00:00:00,2018-12-31 23:00:00,2018
A020,8760,17.3,39.1,2018-01-01 00:00:00,2018-12-31 23:00:00,2018
A021,8760,14.5,37.5,2018-01-01 00:00:00,2018-12-31 23:00:00,2018
A038,8276,17.9,36.1,2018-01-01 00:00:00,2018-12-31 13:00:00,2018
A039,6792,17.1,39.1,2018-01-01 00:00:00,2018-12-31 23:00:00,2018
A040,7974,12.2,36.1,2018-01-01 00:00:00,2018-12-31 23:00:00,2018
A041,7658,15.3,38.5,2018-01-01 00:00:00,2018-12-31 17:00:00,2018
A043,8760,17.5,37.0,2018-01-01 00:00:00,2018-12-31 23:00:00,2018
A044,7253,18.5,44.5,2018-01-01 00:00:00,2018-12-31 23:00:00,2018
A048,8760,16.8,37.3,2018-01-01 00:00:00,2018-12-31 23:00:00,2018
A049,8335,14.8,37.6,2018-01-01 01:00:00,2018-12-31 21:00:00,2018
A050,8668,13.0,39.8,2018-01-01 00:00:00,2018-12-31 23:00:00,2018
A051,8760,13.4,39.7,2018-01-01 00:00:00,2018-12-31 23:00:00,2018
A052,8096,13.2,39.4,2018-01-01 00:00:00,2018-12-31 20:00:00,2018
A053,8760,15.8,38.4,2018-01-01 00:00:00,2018-12-31 23:00:00,2018
A054,7793,13.2,39.9,2018-01-01 00:00:00,2018-12-31 23:00:00,2018
A055,6597,14.5,39.4,2018-01-01 00:00:00,2018-12-27 19:00:00,2018
A612,8742,15.8,36.5,2018-01-01 00:00:00,2018-12-31 23:00:00,2018
A613,7415,10.9,29.7,2018-01-01 00:00:00,2018-12-31 23:00:00,2018
A614,7995,16.5,36.3,2018-01-01 00:00:00,2018-12-07 21:00:00,2018
A615,8760,15.9,37.8,2018-01-01 00:00:00,2018-12-31 23:00:00,2018
A616,8709,15.9,34.8,2018-01-01 17:00:00,2018-12-31 23:00:00,2018
A617,8758,12.8,39.3,2018-01-01 00:00:00,2018-12-31 23:00:00,2018
A622,8759,14.8,36.8,2018-01-01 00:00:00,2018-12-31 23:00:00,2018
A623,6887,14.9,36.9,2018-01-01 11:00:00,2018-12-31 23:00:00,2018
A631,8719,14.8,36.8,2018-01-01 00:00:00,2018-12-31 23:00:00,2018
A632,8715,13.7,36.9,2018-01-01 00:00:00,2018-12-31 23:00:00,2018
A633,8726,8.6,33.6,2018-01-01 00:00:00,2018-12-31 23:00:00,2018
A634,8723,14.9,35.8,2018-01-01 00:00:00,2018-12-31 23:00:00,2018
A657,7724,12.2,35.7,2018-01-01 00:00:00,2018-12-31 23:00:00,2018
A502,8756,7.4,31.5,2018-01-01 00:00:00,2018-12-31 23:00:00,2018
A505,8734,10.7,33.6,2018-01-01 00:00:00,2018-12-31 23:00:00,2018
A506,8757,12.9,38.2,2018-01-01 00:00:00,2018-12-31 23:00:00,2018
A507,8760,9.3,35.1,2018-01-01 00:00:00,2018-12-31 23:00:00,2018
A508,8560,13.5,37.6,2018-01-01 00:00:00,2018-12-31 23:00:00,2018
A509,8760,-1.2,28.4,2018-01-01 00:00:00,2018-12-31 23:00:00,2018
A510,8754,5.9,33.9,2018-01-01 00:00:00,2018-12-31 23:00:00,2018
A511,8331,11.7,36.6,2018-01-01 00:00:00,2018-12-31 23:00:00,2018
A512,8759,6.0,38.3,2018-01-01 00:00:00,2018-12-31 23:00:00,2018
A513,8756,6.7,31.9,2018-01-01 00:00:00,2018-12-31 23:00:00,2018
A514,8759,4.3,32.9,2018-01-01 00:00:00,2018-12-31 23:00:00,2018
A515,8185,5.8,32.4,2018-01-01 00:00:00,2018-12-31 23:00:00,2018
A516,7834,4.6,35.3,2018-01-01 00:00:00,2018-12-31 23:00:00,2018
A517,8758,10.8,37.8,2018-01-01 00:00:00,2018-12-31 23:00:00,2018
A518,8752,9.6,32.2,2018-01-01 00:00:00,2018-12-31 23:00:00,2018
A519,8758,7.3,38.7,2018-01-01 00:00:00,2018-12-31 23:00:00,2018
A520,8760,6.8,37.9,2018-01-01 00:00:00,2018-12-31 23:00:00,2018
A521,8758,9.6,34.8,2018-01-01 00:00:00,2018-12-31 23:00:00,2018
A522,8760,14.2,36.4,2018-01-01 00:00:00,2018-12-31 23:00:00,2018
A523,7918,2.7,34.1,2018-01-01 00:00:00,2018-12-31 23:00:00,2018
A524,8759,7.2,32.8,2018-01-01 00:00:00,2018-12-31 23:00:00,2018
A525,8759,5.5,35.6,2018-01-01 00:00:00,2018-12-31 23:00:00,2018
A526,8688,8.0,39.9,2018-01-01 00:00:00,2018-12-31 23:00:00,2018
A527,7898,14.1,36.2,2018-01-01 00:00:00,2018-12-31 23:00:00,2018
A528,8760,10.1,34.6,2018-01-01 00:00:00,2018-12-31 23:00:00,2018
A529,8615,4.4,33.9,2018-01-01 00:00:00,2018-12-31 23:00:00,2018
A530,8735,-0.9,31.7,2018-01-01 00:00:00,2018-12-31 23:00:00,2018
A531,8610,0.4,29.6,2018-01-01 00:00:00,2018-12-31 23:00:00,2018
A532,8757,12.4,38.1,2018-01-01 00:00:00,2018-12-31 23:00:00,2018
A533,8710,9.5,35.0,2018-01-01 00:00:00,2018-12-31 22:00:00,2018
A534,6141,16.5,37.0,2018-01-01 00:00:00,2018-12-21 06:00:00,2018
A535,8388,4.1,35.0,2018-01-01 00:00:00,2018-12-31 23:00:00,2018
A536,7730,8.1,35.9,2018-01-01 00:00:00,2018-12-31 23:00:00,2018
A537,7869,9.9,30.7,2018-01-01 00:00:00,2018-12-31 23:00:00,2018
A538,8760,8.7,36.1,2018-01-01 00:00:00,2018-12-31 23:00:00,2018
A539,8637,12.8,39.2,2018-01-01 00:00:00,2018-12-31 23:00:00,2018
A540,8760,14.1,36.8,2018-01-01 00:00:00,2018-12-31 23:00:00,2018
A541,8760,10.3,33.7,2018-01-01 00:00:00,2018-12-31 23:00:00,2018
A542,8700,10.1,39.7,2018-01-01 00:00:00,2018-12-31 23:00:00,2018
A543,7347,13.7,38.4,2018-01-01 00:00:00,2018-12-31 23:00:00,2018
A544,7635,12.9,36.6,2018-02-02 19:00:00,2018-12-31 23:00:00,2018
A545,8711,10.6,38.6,2018-01-01 00:00:00,2018-12-31 23:00:00,2018
A546,7761,7.8,35.4,2018-01-01 00:00:00,2018-12-31 23:00:00,2018
A547,8740,9.3,40.8,2018-01-01 00:00:00,2018-12-31 23:00:00,2018
A548,8697,13.5,36.3,2018-01-01 00:00:00,2018-12-31 23:00:00,2018
A549,7931,5.5,35.8,2018-01-01 00:00:00,2018-12-31 23:00:00,2018
A550,8606,14.6,38.9,2018-01-01 00:00:00,2018-12-31 23:00:00,2018
A551,8592,8.9,35.6,2018-01-01 00:00:00,2018-12-31 23:00:00,2018
A552,8759,10.7,38.7,2018-01-01 00:00:00,2018-12-31 23:00:00,2018
A553,8759,10.0,34.8,2018-01-01 00:00:00,2018-12-31 23:00:00,2018
A554,7521,13.1,38.4,2018-01-01 00:00:00,2018-12-31 23:00:00,2018
A555,8746,8.4,31.4,2018-01-01 00:00:00,2018-12-31 23:00:00,2018
A556,8021,7.8,32.6,2018-01-01 00:00:00,2018-12-31 23:00:00,2018
A557,8623,10.0,38.4,2018-01-01 00:00:00,2018-12-31 23:00:00,2018
A559,8705,11.9,39.1,2018-01-01 00:00:00,2018-12-31 23:00:00,2018
A561,8760,2.9,35.2,2018-01-01 00:00:00,2018-12-31 23:00:00,2018
A562,8712,7.0,34.7,2018-01-01 00:00:00,2018-12-31 23:00:00,2018
A563,8389,11.6,40.6,2018-01-01 00:00:00,2018-12-31 23:00:00,2018
A564,8759,5.4,34.0,2018-01-01 00:00:00,2018-12-31 23:00:00,2018
A565,8715,4.1,35.6,2018-01-01 00:00:00,2018-12-31 23:00:00,2018
A566,8714,11.3,39.6,2018-01-01 00:00:00,2018-12-31 23:00:00,2018
A567,8007,7.2,32.5,2018-01-01 00:00:00,2018-12-31 23:00:00,2018
A568,8716,6.8,35.7,2018-01-01 00:00:00,2018-12-31 23:00:00,2018
A569,8657,5.5,35.2,2018-01-01 00:00:00,2018-12-31 23:00:00,2018
A570,8757,7.0,31.9,2018-01-01 00:00:00,2018-12-31 23:00:00,2018
A571,6984,10.8,36.9,2018-03-16 00:00:00,2018-12-31 23:00:00,2018
F501,8744,10.4,32.3,2018-01-01 00:00:00,2018-12-31 23:00:00,2018
A601,8754,12.7,39.5,2018-01-01 00:00:00,2018-12-31 23:00:00,2018
A602,8749,13.5,39.6,2018-01-01 00:00:00,2018-12-31 23:00:00,2018
A603,8753,11.3,38.5,2018-01-01 00:00:00,2018-12-31 23:00:00,2018
A604,8759,11.6,38.1,2018-01-01 00:00:00,2018-12-31 23:00:00,2018
A606,8718,16.8,33.7,2018-01-01 00:00:00,2018-12-31 23:00:00,2018
A607,8754,14.1,37.7,2018-01-01 00:00:00,2018-12-31 23:00:00,2018
A608,8565,13.2,37.1,2018-01-01 13:00:00,2018-12-31 23:00:00,2018
A609,8758,8.7,36.5,2018-01-01 00:00:00,2018-12-31 23:00:00,2018
A610,8686,3.4,26.8,2018-01-01 00:00:00,2018-12-31 23:00:00,2018
A611,8759,9.6,37.6,2018-01-01 00:00:00,2018-12-31 23:00:00,2018
A618,8758,7.9,30.7,2018-01-01 00:00:00,2018-12-31 23:00:00,2018
A619,8756,11.3,37.6,2018-01-01 00:00:00,2018-12-31 23:00:00,2018
A620,8705,15.2,36.5,2018-01-01 00:00:00,2018-12-31 23:00:00,2018
A621,8755,12.0,39.6,2018-01-01 00:00:00,2018-12-31 23:00:00,2018
A624,7408,2.5,30.8,2018-01-01 00:00:00,2018-12-31 23:00:00,2018
A625,8738,9.6,37.9,2018-01-01 00:00:00,2018-12-31 23:00:00,2018
A626,8760,7.9,38.1,2018-01-01 00:00:00,2018-12-31 23:00:00,2018
A627,4090,16.4,38.9,2018-07-14 11:00:00,2018-12-31 23:00:00,2018
A628,8760,12.9,37.1,2018-01-01 00:00:00,2018-12-31 23:00:00,2018
A629,1833,12.7,37.7,2018-10-15 16:00:00,2018-12-31 23:00:00,2018
A630,1828,12.0,34.1,2018-10-16 17:00:00,2018-12-31 23:00:00,2018
A635,7273,-3.9,21.3,2018-01-01 00:00:00,2018-11-05 06:00:00,2018
A636,8759,10.8,38.1,2018-01-01 00:00:00,2018-12-31 23:00:00,2018
A652,8755,17.1,35.9,2018-01-01 00:00:00,2018-12-31 23:00:00,2018
A659,8459,11.0,37.9,2018-01-01 00:00:00,2018-12-31 23:00:00,2018
A667,8699,13.1,36.2,2018-01-01 00:00:00,2018-12-31 23:00:00,2018
A701,8760,9.3,34.0,2018-01-01 00:00:00,2018-12-31 23:00:00,2018
A705,8099,6.9,35.7,2018-01-01 00:00:00,2018-12-31 23:00:00,2018
A706,8760,0.1,28.7,2018-01-01 00:00:00,2018-12-31 23:00:00,2018
A707,8758,7.6,36.8,2018-01-01 00:00:00,2018-12-31 23:00:00,2018
A708,8752,8.5,34.0,2018-01-01 00:00:00,2018-12-31 23:00:00,2018
A711,7911,5.0,34.2,2018-01-01 00:00:00,2018-12-31 23:00:00,2018
A712,8149,6.6,39.4,2018-01-01 00:00:00,2018-12-31 23:00:00,2018
A713,8624,6.0,34.6,2018-01-01 00:00:00,2018-12-31 23:00:00,2018
A714,8758,5.4,34.1,2018-01-01 00:00:00,2018-12-31 23:00:00,2018
A715,8760,3.6,34.9,2018-01-01 00:00:00,2018-12-31 23:00:00,2018
A716,7259,4.8,38.0,2018-01-01 00:00:00,2018-12-31 23:00:00,2018
A718,8513,0.2,38.3,2018-01-01 00:00:00,2018-12-31 23:00:00,2018
A725,6620,6.5,33.7,2018-01-01 00:00:00,2018-12-31 23:00:00,2018
A726,8757,4.9,34.9,2018-01-01 00:00:00,2018-12-31 23:00:00,2018
A727,8056,7.4,38.8,2018-01-01 00:00:00,2018-12-31 23:00:00,2018
A728,8759,5.7,35.4,2018-01-01 00:00:00,2018-12-31 23:00:00,2018
A729,8759,6.8,38.5,2018-01-01 00:00:00,2018-12-31 23:00:00,2018
A733,7972,9.9,37.5,2018-01-01 00:00:00,2018-12-27 11:00:00,2018
A734,7795,4.6,39.3,2018-01-01 00:00:00,2018-12-31 23:00:00,2018
A735,7521,5.3,38.5,2018-02-21 15:00:00,2018-12-31 23:00:00,2018
A736,8759,4.7,37.6,2018-01-01 00:00:00,2018-12-31 23:00:00,2018
A737,8760,6.2,36.9,2018-01-01 00:00:00,2018-12-31 23:00:00,2018
A738,8751,5.9,35.0,2018-01-01 00:00:00,2018-12-31 23:00:00,2018
A739,8760,4.6,35.4,2018-01-01 00:00:00,2018-12-31 23:00:00,2018
A740,8760,4.0,33.5,2018-01-01 00:00:00,2018-12-31 23:00:00,2018
A741,8290,6.8,36.9,2018-01-01 00:00:00,2018-12-31 23:00:00,2018
A744,8709,6.3,33.3,2018-01-01 00:00:00,2018-12-31 23:00:00,2018
A746,8759,0.3,34.7,2018-01-01 00:00:00,2018-12-31 23:00:00,2018
A747,7285,3.8,37.9,2018-01-01 00:00:00,2018-12-31 23:00:00,2018
A748,8181,5.3,39.5,2018-01-01 00:00:00,2018-12-31 23:00:00,2018
A753,8758,3.1,37.9,2018-01-01 00:00:00,2018-12-31 23:00:00,2018
A755,8755,6.3,34.8,2018-01-01 00:00:00,2018-12-31 23:00:00,2018
A762,8760,7.0,37.7,2018-01-01 00:00:00,2018-12-31 23:00:00,2018
A763,8760,7.5,35.8,2018-01-01 00:00:00,2018-12-31 23:00:00,2018
A764,8119,9.1,38.1,2018-01-01 00:00:00,2018-12-31 23:00:00,2018
A765,8760,13.2,36.1,2018-01-01 00:00:00,2018-12-31 23:00:00,2018
A766,8696,7.3,39.6,2018-01-01 00:00:00,2018-12-31 23:00:00,2018
A767,8760,14.2,36.3,2018-01-01 00:00:00,2018-12-31 23:00:00,2018
A768,8495,7.9,40.8,2018-01-01 00:00:00,2018-12-31 23:00:00,2018
A769,8723,5.5,37.7,2018-01-01 00:00:00,2018-12-31 23:00:00,2018
A771,6993,8.4,34.8,2018-03-15 15:00:00,2018-12-31 23:00:00,2018
A807,8602,6.8,33.3,2018-01-01 00:00:00,2018-12-31 23:00:00,2018
A818,8121,2.6,34.5,2018-01-01 00:00:00,2018-12-31 23:00:00,2018
A819,8757,0.6,33.7,2018-01-01 00:00:00,2018-12-31 23:00:00,2018
A820,8760,3.9,36.7,2018-01-01 00:00:00,2018-12-31 23:00:00,2018
A821,8637,3.2,35.9,2018-01-01 00:00:00,2018-12-31 23:00:00,2018
A822,7996,5.0,34.3,2018-01-01 00:00:00,2018-12-31 23:00:00,2018
A823,8758,0.1,31.3,2018-01-01 00:00:00,2018-12-31 23:00:00,2018
A824,8760,6.4,37.1,2018-01-01 00:00:00,2018-12-31 23:00:00,2018
A835,8760,7.3,36.6,2018-01-01 00:00:00,2018-12-31 23:00:00,2018
A842,8364,5.8,33.7,2018-01-01 00:00:00,2018-12-31 23:00:00,2018
A843,8760,3.2,35.1,2018-01-01 00:00:00,2018-12-31 23:00:00,2018
A846,8497,4.6,37.1,2018-01-01 00:00:00,2018-12-31 23:00:00,2018
A847,790,20.6,35.5,2018-01-01 00:00:00,2018-02-02 21:00:00,2018
A849,6021,7.8,38.3,2018-01-01 00:00:00,2018-12-31 23:00:00,2018
A850,7397,6.8,38.2,2018-02-26 19:00:00,2018-12-31 23:00:00,2018
A855,8428,3.9,36.6,2018-01-01 00:00:00,2018-12-31 23:00:00,2018
A869,7959,7.0,37.1,2018-01-01 00:00:00,2018-12-31 23:00:00,2018
A871,8760,5.9,35.5,2018-01-01 00:00:00,2018-12-31 23:00:00,2018
A872,8760,2.8,31.1,2018-01-01 00:00:00,2018-12-31 23:00:00,2018
A873,7198,8.0,38.4,2018-01-01 00:00:00,2018-12-31 23:00:00,2018
A874,6712,-1.4,35.5,2018-01-01 00:00:00,2018-12-31 23:00:00,2018
A875,8760,-2.8,33.4,2018-01-01 00:00:00,2018-12-31 23:00:00,2018
A876,7598,0.5,31.6,2018-01-01 00:00:00,2018-12-31 23:00:00,2018
B803,4083,5.5,36.7,2018-01-01 00:00:00,2018-12-31 23:00:00,2018
B804,7941,-0.6,32.9,2018-01-01 00:00:00,2018-12-31 23:00:00,2018
B806,8703,0.0,32.3,2018-01-01 00:00:00,2018-12-31 23:00:00,2018
A801,8758,3.0,37.9,2018-01-01 00:00:00,2018-12-31 23:00:00,2018
A802,8760,3.8,36.1,2018-01-01 00:00:00,2018-12-31 23:00:00,2018
A803,8746,-0.2,38.6,2018-01-01 00:00:00,2018-12-31 23:00:00,2018
A804,8760,0.2,35.0,2018-01-01 00:00:00,2018-12-31 23:00:00,2018
A805,8635,1.6,35.5,2018-01-01 00:00:00,2018-12-31 23:00:00,2018
A808,8745,3.7,33.1,2018-01-01 00:00:00,2018-12-31 23:00:00,2018
A809,8551,0.7,37.5,2018-01-01 00:00:00,2018-12-31 23:00:00,2018
A810,8758,-0.3,36.8,2018-01-01 00:00:00,2018-12-31 23:00:00,2018
A811,8760,1.6,33.9,2018-01-01 00:00:00,2018-12-31 23:00:00,2018
A812,8723,1.7,33.9,2018-01-01 00:00:00,2018-12-31 23:00:00,2018
A813,7214,1.4,37.1,2018-01-01 00:00:00,2018-12-31 23:00:00,2018
A826,8706,-0.7,37.1,2018-01-01 00:00:00,2018-12-31 23:00:00,2018
A827,8597,2.3,37.7,2018-01-01 00:00:00,2018-12-31 23:00:00,2018
A828,8073,0.0,34.0,2018-01-01 00:00:00,2018-12-31 23:00:00,2018
A829,8685,-2.2,29.3,2018-01-01 00:00:00,2018-12-31 23:00:00,2018
A830,8604,1.2,37.0,2018-01-01 00:00:00,2018-12-31 23:00:00,2018
A831,7952,-0.9,37.7,2018-01-01 00:00:00,2018-12-31 23:00:00,2018
A832,8759,0.3,37.0,2018-01-01 00:00:00,2018-12-31 23:00:00,2018
A833,7654,1.6,36.2,2018-01-01 00:00:00,2018-12-31 23:00:00,2018
A834,7436,4.5,35.3,2018-01-01 00:00:00,2018-12-31 23:00:00,2018
A836,8760,1.6,37.4,2018-01-01 00:00:00,2018-12-31 23:00:00,2018
A837,8760,-0.1,34.5,2018-01-01 00:00:00,2018-12-31 23:00:00,2018
A838,8675,3.5,37.7,2018-01-01 00:00:00,2018-12-31 23:00:00,2018
A839,8759,0.5,33.9,2018-01-01 00:00:00,2018-12-31 23:00:00,2018
A840,8724,1.0,33.5,2018-01-01 00:00:00,2018-12-31 23:00:00,2018
A844,8716,0.3,33.2,2018-01-01 00:00:00,2018-12-31 23:00:00,2018
A852,8046,1.0,38.0,2018-01-01 00:00:00,2018-12-31 23:00:00,2018
A853,8759,0.0,35.5,2018-01-01 00:00:00,2018-12-31 23:00:00,2018
A854,8139,2.3,34.8,2018-01-01 00:00:00,2018-12-31 23:00:00,2018
A856,6213,1.0,34.1,2018-01-01 00:00:00,2018-12-31 23:00:00,2018
A878,8737,5.8,37.4,2018-01-01 00:00:00,2018-12-31 23:00:00,2018
A879,8754,-0.9,32.0,2018-01-01 00:00:00,2018-12-31 23:00:00,2018
A880,8760,-2.1,32.2,2018-01-01 00:00:00,2018-12-31 23:00:00,2018
A881,8732,0.7,35.3,2018-01-01 00:00:00,2018-12-31 23:00:00,2018
A882,8760,1.1,38.3,2018-01-01 00:00:00,2018-12-31 23:00:00,2018
A883,8760,0.7,35.6,2018-01-01 00:00:00,2018-12-31 23:00:00,2018
A884,8717,1.3,39.3,2018-01-01 00:00:00,2018-12-31 23:00:00,2018
A886,8760,0.3,36.4,2018-01-01 00:00:00,2018-12-31 23:00:00,2018
A889,8263,0.7,37.2,2018-01-01 00:00:00,2018-12-31 23:00:00,2018
A893,6955,1.4,34.8,2018-03-15 21:00:00,2018-12-31 23:00:00,2018
A894,8501,-1.7,36.3,2018-01-01 00:00:00,2018-12-31 23:00:00,2018
A897,8708,-1.6,31.5,2018-01-01 00:00:00,2018-12-31 23:00:00,2018
A899,8760,2.6,37.0,2018-01-01 00:00:00,2018-12-31 23:00:00,2018
A806,8758,7.6,36.2,2018-01-01 00:00:00,2018-12-31 23:00:00,2018
A814,8760,3.0,37.6,2018-01-01 00:00:00,2018-12-31 23:00:00,2018
A815,8754,-3.2,28.2,2018-01-01 00:00:00,2018-12-31 23:00:00,2018
A816,8723,1.8,30.6,2018-01-01 00:00:00,2018-12-31 23:00:00,2018
A817,8367,5.0,39.1,2018-01-01 00:00:00,2018-12-31 23:00:00,2018
A841,8377,0.9,35.4,2018-01-01 00:00:00,2018-12-31 23:00:00,2018
A845,2516,1.8,25.5,2018-01-01 00:00:00,2018-12-31 23:00:00,2018
A848,8400,2.3,31.7,2018-01-01 00:00:00,2018-12-31 23:00:00,2018
A851,8760,3.7,34.6,2018-01-01 00:00:00,2018-12-31 23:00:00,2018
A857,8759,2.8,34.0,2018-01-01 00:00:00,2018-12-31 23:00:00,2018
A858,6030,1.8,32.8,2018-04-24 17:00:00,2018-12-31 23:00:00,2018
A859,8703,-0.3,32.4,2018-01-01 00:00:00,2018-12-31 23:00:00,2018
A860,8759,-1.1,33.3,2018-01-01 00:00:00,2018-12-31 23:00:00,2018
A861,6103,0.5,34.6,2018-01-01 00:00:00,2018-12-31 21:00:00,2018
A862,7712,-0.3,31.7,2018-01-01 00:00:00,2018-11-18 07:00:00,2018
A863,8758,1.8,36.5,2018-01-01 00:00:00,2018-12-31 23:00:00,2018
A864,8744,-1.0,34.3,2018-01-01 00:00:00,2018-12-31 23:00:00,2018
A865,8759,-0.3,31.7,2018-01-01 00:00:00,2018-12-31 23:00:00,2018
A866,4995,8.5,30.7,2018-01-01 00:00:00,2018-12-31 23:00:00,2018
A867,8752,4.4,35.0,2018-01-01 00:00:00,2018-12-31 23:00:00,2018
A868,8760,5.1,34.8,2018-01-01 00:00:00,2018-12-31 23:00:00,2018
A870,8760,-0.6,31.8,2018-01-01 00:00:00,2018-12-31 23:00:00,2018
A001,8744,9.4,34.9,2019-01-01 00:00:00,2019-12-31 23:00:00,2019
A042,8460,11.4,34.9,2019-01-01 00:00:00,2019-12-31 23:00:00,2019
A045,8711,7.4,36.2,2019-01-01 00:00:00,2019-12-31 23:00:00,2019
A046,8759,6.6,35.9,2019-01-01 00:00:00,2019-12-31 23:00:00,2019
A047,8724,9.2,35.9,2019-01-01 00:00:00,2019-12-31 23:00:00,2019
A002,8759,6.7,39.0,2019-01-01 00:00:00,2019-12-31 23:00:00,2019
A003,8760,4.1,37.9,2019-01-01 00:00:00,2019-12-31 23:00:00,2019
A005,8714,17.4,44.8,2019-01-01 00:00:00,2019-12-31 23:00:00,2019
A011,7894,4.9,39.6,2019-01-01 00:00:00,2019-12-31 23:00:00,2019
A012,8221,8.4,36.5,2019-01-01 00:00:00,2019-12-31 23:00:00,2019
A013,8758,8.7,41.2,2019-01-01 00:00:00,2019-12-31 23:00:00,2019
A014,7647,12.3,43.0,2019-01-01 00:00:00,2019-12-31 23:00:00,2019
A015,8250,9.3,38.4,2019-01-01 00:00:00,2019-12-31 23:00:00,2019
A016,6646,3.5,37.5,2019-01-01 00:00:00,2019-12-31 23:00:00,2019
A017,7353,15.2,37.2,2019-01-01 00:00:00,2019-12-31 13:00:00,2019
A022,8544,14.0,38.9,2019-01-01 00:00:00,2019-12-31 23:00:00,2019
A023,8760,7.9,38.3,2019-01-01 00:00:00,2019-12-31 23:00:00,2019
A024,8487,10.7,34.9,2019-01-01 00:00:00,2019-12-31 23:00:00,2019
A025,8011,4.5,37.5,2019-01-01 00:00:00,2019-12-31 15:00:00,2019
A026,8709,5.7,37.8,2019-01-01 00:00:00,2019-12-31 23:00:00,2019
A027,8759,7.3,39.0,2019-01-01 00:00:00,2019-12-31 23:00:00,2019
A028,8713,9.2,39.0,2019-01-01 00:00:00,2019-12-31 23:00:00,2019
A029,8305,5.8,39.6,2019-01-01 00:00:00,2019-12-31 23:00:00,2019
A031,6276,16.0,42.0,2019-01-01 00:00:00,2019-12-31 18:00:00,2019
A032,8127,16.0,39.3,2019-01-01 00:00:00,2019-12-31 20:00:00,2019
A033,8757,5.9,39.0,2019-01-01 00:00:00,2019-12-31 23:00:00,2019
A034,8760,7.3,36.4,2019-01-01 00:00:00,2019-12-31 23:00:00,2019
A035,8760,5.1,39.6,2019-01-01 00:00:00,2019-12-31 23:00:00,2019
A036,8757,8.3,34.2,2019-01-01 00:00:00,2019-12-31 23:00:00,2019
A037,8758,7.6,37.2,2019-01-01 00:00:00,2019-12-31 23:00:00,2019
A056,8723,7.2,36.3,2019-01-01 00:00:00,2019-12-31 23:00:00,2019
A702,8747,6.7,39.8,2019-01-01 00:00:00,2019-12-31 23:00:00,2019
A703,8760,2.1,37.8,2019-01-01 00:00:00,2019-12-31 23:00:00,2019
A704,7446,5.2,41.3,2019-01-01 00:00:00,2019-12-25 22:00:00,2019
A709,8074,4.2,40.1,2019-01-01 00:00:00,2019-12-31 23:00:00,2019
A710,8006,3.5,39.8,2019-01-01 00:00:00,2019-12-31 23:00:00,2019
A717,7511,6.0,40.6,2019-01-01 00:00:00,2019-12-31 23:00:00,2019
A719,4976,3.7,41.3,2019-01-01 10:00:00,2019-12-31 23:00:00,2019
A720,5761,4.6,42.9,2019-01-02 10:00:00,2019-12-31 23:00:00,2019
A721,8027,2.1,41.2,2019-01-01 00:00:00,2019-12-31 23:00:00,2019
A722,6064,3.6,40.5,2019-01-01 00:00:00,2019-12-31 23:00:00,2019
A723,6910,6.9,41.3,2019-01-01 00:00:00,2019-12-29 06:00:00,2019
A724,7872,10.4,40.7,2019-01-01 00:00:00,2019-12-31 23:00:00,2019
A730,8710,4.0,38.1,2019-01-01 00:00:00,2019-12-31 23:00:00,2019
A731,7401,1.5,41.4,2019-01-01 00:00:00,2019-12-11 13:00:00,2019
A732,8760,5.2,38.6,2019-01-01 00:00:00,2019-12-31 23:00:00,2019
A742,8605,2.1,39.3,2019-01-01 00:00:00,2019-12-31 23:00:00,2019
A743,8760,-0.2,41.1,2019-01-01 00:00:00,2019-12-31 23:00:00,2019
A749,8760,1.6,40.1,2019-01-01 00:00:00,2019-12-31 23:00:00,2019
A750,8699,0.7,41.1,2019-01-01 00:00:00,2019-12-31 23:00:00,2019
A751,8760,1.3,40.6,2019-01-01 00:00:00,2019-12-31 23:00:00,2019
A752,7732,4.8,40.4,2019-01-01 00:00:00,2019-12-31 23:00:00,2019
A754,8488,2.0,40.3,2019-01-01 00:00:00,2019-12-31 23:00:00,2019
A756,8758,2.5,42.0,2019-01-01 00:00:00,2019-12-31 23:00:00,2019
A757,8742,1.1,40.3,2019-01-01 00:00:00,2019-12-31 23:00:00,2019
A758,8571,2.4,40.4,2019-01-01 00:00:00,2019-12-31 23:00:00,2019
A759,8042,4.8,40.6,2019-01-01 00:00:00,2019-12-31 23:00:00,2019
A760,8392,4.3,38.5,2019-01-01 00:00:00,2019-12-31 23:00:00,2019
A761,8753,7.4,39.9,2019-01-01 00:00:00,2019-12-31 23:00:00,2019
S701,7551,4.6,40.8,2019-01-01 00:00:00,2019-12-31 23:00:00,2019
S702,8286,1.1,38.7,2019-01-01 00:00:00,2019-12-31 23:00:00,2019
S704,6027,3.0,39.9,2019-01-01 00:00:00,2019-12-31 23:00:00,2019
S705,4952,3.8,39.8,2019-01-01 00:00:00,2019-07-30 01:00:00,2019
S706,4831,1.5,40.7,2019-01-01 00:00:00,2019-12-28 08:00:00,2019
S707,2563,17.4,37.2,2019-01-01 00:00:00,2019-04-18 07:00:00,2019
S708,1185,19.3,37.8,2019-01-01 00:00:00,2019-02-19 08:00:00,2019
S709,7034,4.1,41.0,2019-01-01 00:00:00,2019-12-31 23:00:00,2019
S710,7318,6.8,41.2,2019-01-01 00:00:00,2019-12-31 23:00:00,2019
S711,7971,1.8,39.9,2019-01-01 00:00:00,2019-12-31 23:00:00,2019
S712,6076,2.4,39.3,2019-01-01 00:00:00,2019-12-31 23:00:00,2019
S713,1437,10.8,38.9,2019-01-01 00:00:00,2019-11-10 10:00:00,2019
S714,4006,5.7,37.4,2019-01-01 00:00:00,2019-12-31 23:00:00,2019
S715,6342,4.5,41.2,2019-01-01 00:00:00,2019-12-31 23:00:00,2019
S716,7059,1.8,40.8,2019-01-01 00:00:00,2019-12-31 23:00:00,2019
S717,8759,4.6,40.4,2019-01-01 00:00:00,2019-12-31 23:00:00,2019
A901,6175,11.5,41.3,2019-01-01 00:00:00,2019-12-31 23:00:00,2019
A902,8760,10.1,39.7,2019-01-01 00:00:00,2019-12-31 23:00:00,2019
A903,5964,10.3,40.9,2019-01-01 00:00:00,2019-12-31 23:00:00,2019
A904,6789,11.8,40.3,2019-01-01 00:00:00,2019-12-31 23:00:00,2019
A905,7729,12.0,38.8,2019-01-01 00:00:00,2019-12-31 23:00:00,2019
A906,8760,15.2,40.1,2019-01-01 00:00:00,2019-12-31 23:00:00,2019
A907,7019,7.4,42.4,2019-01-01 00:00:00,2019-12-31 23:00:00,2019
A908,5201,13.6,39.1,2019-01-01 00:00:00,2019-12-31 23:00:00,2019
A909,6965,5.8,38.2,2019-01-01 00:00:00,2019-12-31 23:00:00,2019
A910,6509,16.7,38.3,2019-01-01 00:00:00,2019-12-31 23:00:00,2019
A911,6684,10.3,38.0,2019-01-01 00:00:00,2019-12-31 23:00:00,2019
A912,7674,8.7,38.4,2019-02-13 17:00:00,2019-12-31 23:00:00,2019
A913,6073,7.5,33.3,2019-01-01 00:00:00,2019-12-31 23:00:00,2019
A914,5406,12.1,40.0,2019-01-01 00:00:00,2019-12-31 23:00:00,2019
A915,7568,10.5,39.8,2019-01-20 10:00:00,2019-12-31 23:00:00,2019
A916,8552,12.6,41.0,2019-01-01 00:00:00,2019-12-31 23:00:00,2019
A917,7184,10.9,39.9,2019-01-01 00:00:00,2019-12-31 23:00:00,2019
A919,4956,14.8,37.0,2019-01-01 02:00:00,2019-12-31 23:00:00,2019
A920,5335,12.2,37.7,2019-05-23 16:00:00,2019-12-31 23:00:00,2019
A921,4603,17.8,36.3,2019-01-01 00:00:00,2019-12-29 10:00:00,2019
A922,7978,7.0,41.0,2019-01-01 00:00:00,2019-12-31 23:00:00,2019
A923,4288,13.9,34.7,2019-01-01 00:00:00,2019-12-31 23:00:00,2019
A924,8760,13.9,39.2,2019-01-01 00:00:00,2019-12-31 23:00:00,2019
A926,8760,13.7,37.7,2019-01-01 00:00:00,2019-12-31 23:00:00,2019
A927,8760,10.6,39.5,2019-01-01 00:00:00,2019-12-31 23:00:00,2019
A928,8709,11.1,39.0,2019-01-01 00:00:00,2019-12-31 23:00:00,2019
A929,8760,10.1,40.0,2019-01-01 00:00:00,2019-12-31 23:00:00,2019
A930,7642,14.2,41.2,2019-02-15 15:00:00,2019-12-31 23:00:00,2019
A931,8760,7.9,38.7,2019-01-01 00:00:00,2019-12-31 23:00:00,2019
A932,8760,11.1,40.8,2019-01-01 00:00:00,2019-12-31 23:00:00,2019
A933,7839,7.4,39.9,2019-01-01 00:00:00,2019-11-23 14:00:00,2019
A934,6603,6.6,36.8,2019-01-01 00:00:00,2019-12-31 23:00:00,2019
A935,2990,10.3,37.0,2019-01-02 15:00:00,2019-12-31 23:00:00,2019
A936,8760,7.7,41.2,2019-01-01 00:00:00,2019-12-31 23:00:00,2019
A937,7530,8.2,39.0,2019-01-01 00:00:00,2019-12-31 23:00:00,2019
A941,5600,10.3,42.0,2019-01-01 00:00:00,2019-12-31 23:00:00,2019
A942,7538,15.8,40.3,2019-02-19 21:00:00,2019-12-31 23:00:00,2019
A943,2611,17.2,34.6,2019-04-05 09:00:00,2019-12-31 23:00:00,2019
A944,5141,9.2,41.5,2019-05-30 20:00:00,2019-12-31 23:00:00,2019
A303,8760,18.6,36.2,2019-01-01 00:00:00,2019-12-31 23:00:00,2019
A323,8175,17.2,41.6,2019-01-01 00:00:00,2019-12-31 23:00:00,2019
A327,6699,17.7,39.7,2019-01-01 00:00:00,2019-12-31 23:00:00,2019
A353,4042,18.7,38.3,2019-01-01 00:00:00,2019-06-18 09:00:00,2019
A355,7067,19.5,37.2,2019-01-01 00:00:00,2019-12-31 23:00:00,2019
A356,8715,18.0,36.9,2019-01-01 00:00:00,2019-12-31 23:00:00,2019
A371,6998,19.9,41.1,2019-01-01 00:00:00,2019-12-31 23:00:00,2019
A401,8755,20.7,34.8,2019-01-01 00:00:00,2019-12-31 23:00:00,2019
A402,7991,13.0,40.0,2019-01-01 00:00:00,2019-12-31 23:00:00,2019
A404,8760,11.9,37.3,2019-01-01 00:00:00,2019-12-31 23:00:00,2019
A405,8376,15.8,35.3,2019-01-01 00:00:00,2019-12-31 23:00:00,2019
A406,6930,18.1,39.3,2019-01-01 00:00:00,2019-12-31 23:00:00,2019
A407,8346,12.8,35.8,2019-01-01 00:00:00,2019-12-31 23:00:00,2019
A408,8760,15.6,39.7,2019-01-01 00:00:00,2019-12-31 23:00:00,2019
A410,4019,18.4,34.5,2019-01-01 00:00:00,2019-06-17 10:00:00,2019
A412,8745,12.7,41.5,2019-01-01 00:00:00,2019-12-31 23:00:00,2019
A413,8760,15.5,38.5,2019-01-01 00:00:00,2019-12-31 23:00:00,2019
A414,7872,10.5,35.2,2019-01-01 00:00:00,2019-12-31 23:00:00,2019
A415,8154,13.8,40.0,2019-01-01 00:00:00,2019-12-13 04:00:00,2019
A416,8759,10.3,39.5,2019-01-01 00:00:00,2019-12-31 23:00:00,2019
A418,7345,16.4,41.2,2019-01-01 00:00:00,2019-12-31 23:00:00,2019
A422,8760,20.7,32.5,2019-01-01 00:00:00,2019-12-31 23:00:00,2019
A423,7739,20.3,38.2,2019-01-01 00:00:00,2019-12-31 23:00:00,2019
A424,8760,14.1,37.1,2019-01-01 00:00:00,2019-12-31 23:00:00,2019
A425,8760,14.8,40.0,2019-01-01 00:00:00,2019-12-31 23:00:00,2019
A426,8490,16.5,39.5,2019-01-01 00:00:00,2019-12-31 23:00:00,2019
A427,8265,14.7,35.7,2019-01-01 00:00:00,2019-12-31 23:00:00,2019
A428,8759,15.7,38.8,2019-01-01 00:00:00,2019-12-31 23:00:00,2019
A429,8760,15.9,40.0,2019-01-01 00:00:00,2019-12-31 23:00:00,2019
A430,8754,10.7,33.2,2019-01-01 00:00:00,2019-12-31 23:00:00,2019
A431,8759,17.5,37.3,2019-01-01 00:00:00,2019-12-31 23:00:00,2019
A432,7328,15.3,39.1,2019-01-01 00:00:00,2019-12-31 23:00:00,2019
A433,8735,12.3,39.9,2019-01-01 00:00:00,2019-12-31 23:00:00,2019
A434,8760,16.5,37.7,2019-01-01 00:00:00,2019-12-31 23:00:00,2019
A435,8200,15.0,38.4,2019-01-01 00:00:00,2019-12-31 23:00:00,2019
A436,8661,16.1,40.7,2019-01-01 00:00:00,2019-12-31 23:00:00,2019
A437,8399,16.9,34.2,2019-01-01 00:00:00,2019-12-31 23:00:00,2019
A438,8760,18.8,34.0,2019-01-01 00:00:00,2019-12-31 23:00:00,2019
A439,8376,14.1,41.3,2019-01-01 00:00:00,2019-12-31 23:00:00,2019
A440,8759,10.8,40.3,2019-01-01 00:00:00,2019-12-31 23:00:00,2019
A441,8760,15.3,39.7,2019-01-01 00:00:00,2019-12-31 23:00:00,2019
A442,7315,15.3,39.3,2019-01-01 00:00:00,2019-12-31 23:00:00,2019
A443,8760,10.8,38.0,2019-01-01 00:00:00,2019-12-31 23:00:00,2019
A444,8176,13.7,35.9,2019-01-01 00:00:00,2019-12-31 23:00:00,2019
A445,8760,13.7,38.9,2019-01-01 00:00:00,2019-12-31 23:00:00,2019
A446,8758,11.9,39.9,2019-01-01 00:00:00,2019-12-31 23:00:00,2019
A447,6464,13.9,37.2,2019-01-01 00:00:00,2019-12-31 23:00:00,2019
A448,8759,16.9,39.5,2019-01-01 00:00:00,2019-12-31 23:00:00,2019
A449,7538,17.6,39.6,2019-01-01 00:00:00,2019-12-31 23:00:00,2019
A450,8750,15.8,39.7,2019-01-01 00:00:00,2019-12-31 23:00:00,2019
A452,8760,10.4,41.3,2019-01-01 00:00:00,2019-12-31 23:00:00,2019
A455,8374,14.0,37.8,2019-01-01 00:00:00,2019-12-31 23:00:00,2019
A456,8025,19.6,37.1,2019-01-01 00:00:00,2019-12-31 23:00:00,2019
A458,8731,15.6,40.2,2019-01-01 00:00:00,2019-12-31 23:00:00,2019
A305,6351,22.1,33.9,2019-01-01 00:00:00,2019-12-31 23:00:00,2019
A306,8760,20.0,39.6,2019-01-01 00:00:00,2019-12-31 23:00:00,2019
A314,6316,16.4,31.2,2019-01-01 00:00:00,2019-12-31 23:00:00,2019
A315,8666,17.0,38.2,2019-01-01 00:00:00,2019-12-31 23:00:00,2019
A319,8084,18.4,39.1,2019-01-01 00:00:00,2019-12-31 23:00:00,2019
A324,8079,18.1,38.7,2019-01-01 00:00:00,2019-12-31 23:00:00,2019
A325,7618,19.9,37.7,2019-01-01 00:00:00,2019-12-31 23:00:00,2019
A332,8243,17.4,38.3,2019-01-01 00:00:00,2019-12-31 23:00:00,2019
A339,7600,19.6,38.2,2019-01-01 00:00:00,2019-12-31 23:00:00,2019
A342,6707,18.3,39.4,2019-01-01 00:00:00,2019-12-31 23:00:00,2019
A347,7567,16.3,37.3,2019-01-01 00:00:00,2019-12-31 23:00:00,2019
A358,8760,21.5,40.5,2019-01-01 00:00:00,2019-12-31 23:00:00,2019
A359,2744,22.3,36.2,2019-02-25 15:00:00,2019-12-13 17:00:00,2019
A360,6958,21.1,36.5,2019-01-01 00:00:00,2019-12-31 23:00:00,2019
A368,8760,16.3,33.0,2019-01-01 00:00:00,2019-12-31 23:00:00,2019
A369,7894,18.7,38.3,2019-01-01 00:00:00,2019-12-11 16:00:00,2019
A203,8036,22.4,33.2,2019-01-01 00:00:00,2019-12-31 23:00:00,2019
A204,8686,16.2,40.3,2019-01-01 00:00:00,2019-12-31 23:00:00,2019
A205,8672,19.7,39.8,2019-01-01 00:00:00,2019-12-31 23:00:00,2019
A206,8737,21.3,38.4,2019-01-01 00:00:00,2019-12-31 23:00:00,2019
A207,5499,18.8,38.1,2019-05-16 21:00:00,2019-12-31 23:00:00,2019
A217,1643,22.2,34.3,2019-01-01 00:00:00,2019-05-06 14:00:00,2019
A218,8758,21.5,31.5,2019-01-01 00:00:00,2019-12-31 23:00:00,2019
A219,7082,21.6,34.2,2019-01-01 00:00:00,2019-12-31 23:00:00,2019
A220,6886,19.8,38.7,2019-01-01 00:00:00,2019-12-31 23:00:00,2019
A221,8316,18.3,38.9,2019-01-01 00:00:00,2019-12-31 23:00:00,2019
A222,7889,17.5,40.2,2019-01-01 00:00:00,2019-12-31 23:00:00,2019
A223,6975,15.1,40.2,2019-01-01 12:00:00,2019-12-31 23:00:00,2019
A224,8760,14.8,39.1,2019-01-01 00:00:00,2019-12-31 23:00:00,2019
A225,8760,18.4,39.1,2019-01-01 00:00:00,2019-12-31 23:00:00,2019
A237,8760,16.5,39.3,2019-01-01 00:00:00,2019-12-31 23:00:00,2019
A238,6614,17.3,37.1,2019-03-18 20:00:00,2019-12-31 23:00:00,2019
A255,2500,22.1,37.0,2019-09-18 18:00:00,2019-12-31 23:00:00,2019
A310,8759,16.9,33.3,2019-01-01 00:00:00,2019-12-31 23:00:00,2019
A313,6443,17.1,35.3,2019-01-01 00:00:00,2019-12-31 23:00:00,2019
A320,8698,20.0,33.3,2019-01-01 00:00:00,2019-12-31 23:00:00,2019
A321,7565,19.3,39.7,2019-01-01 00:00:00,2019-12-31 23:00:00,2019
A333,8193,16.3,39.0,2019-01-01 00:00:00,2019-12-31 23:00:00,2019
A334,8760,14.8,37.1,2019-01-01 00:00:00,2019-12-31 23:00:00,2019
A348,8760,14.8,38.4,2019-01-01 00:00:00,2019-12-31 23:00:00,2019
A352,7691,18.8,33.6,2019-01-01 00:00:00,2019-11-17 10:00:00,2019
A373,8346,16.1,39.5,2019-01-01 00:00:00,2019-12-31 22:00:00,2019
A301,8753,18.6,35.0,2019-01-01 00:00:00,2019-12-31 23:00:00,2019
A307,8760,18.4,40.1,2019-01-01 00:00:00,2019-12-31 23:00:00,2019
A309,8760,13.9,37.3,2019-01-01 00:00:00,2019-12-31 23:00:00,2019
A322,8760,14.7,34.6,2019-01-01 00:00:00,2019-12-31 23:00:00,2019
A328,8759,16.1,38.1,2019-01-01 00:00:00,2019-12-31 23:00:00,2019
A329,7467,17.6,39.5,2019-01-01 12:00:00,2019-12-31 23:00:00,2019
A341,8760,16.0,33.5,2019-01-01 00:00:00,2019-12-31 23:00:00,2019
A349,7492,16.3,40.2,2019-01-01 00:00:00,2019-12-31 23:00:00,2019
A350,8760,17.1,38.1,2019-01-01 00:00:00,2019-12-31 23:00:00,2019
A351,7990,17.3,41.1,2019-01-01 00:00:00,2019-12-31 23:00:00,2019
A357,6613,17.7,40.1,2019-01-11 12:00:00,2019-12-31 23:00:00,2019
A366,7089,15.5,39.2,2019-01-01 12:00:00,2019-12-31 22:00:00,2019
A370,7443,14.8,39.6,2019-01-01 00:00:00,2019-12-31 23:00:00,2019
A308,7847,19.7,38.4,2019-01-01 00:00:00,2019-12-31 23:00:00,2019
A311,8760,19.2,41.1,2019-01-01 00:00:00,2019-12-31 23:00:00,2019
A312,8279,17.6,40.0,2019-01-01 00:00:00,2019-12-31 23:00:00,2019
A326,7848,18.2,41.2,2019-01-01 00:00:00,2019-12-31 23:00:00,2019
A330,8635,19.8,39.7,2019-01-01 00:00:00,2019-12-31 23:00:00,2019
A331,8035,18.3,40.6,2019-01-01 00:00:00,2019-12-31 23:00:00,2019
A335,4553,22.2,41.0,2019-01-01 00:00:00,2019-12-31 23:00:00,2019
A336,8181,16.7,39.8,2019-01-01 00:00:00,2019-12-31 23:00:00,2019
A337,8585,14.8,38.9,2019-01-01 00:00:00,2019-12-28 14:00:00,2019
A343,8757,16.0,41.1,2019-01-01 00:00:00,2019-12-31 23:00:00,2019
A345,8065,16.2,39.7,2019-01-01 00:00:00,2019-12-31 23:00:00,2019
A346,8760,17.8,38.8,2019-01-01 00:00:00,2019-12-31 23:00:00,2019
A354,8759,13.6,41.8,2019-01-01 00:00:00,2019-12-31 23:00:00,2019
A361,6614,16.5,40.2,2019-01-01 00:00:00,2019-11-09 16:00:00,2019
A363,6010,17.9,39.0,2019-03-22 18:00:00,2019-12-31 23:00:00,2019
A364,8713,18.4,39.7,2019-01-01 00:00:00,2019-12-31 23:00:00,2019
A365,8760,18.1,39.0,2019-01-01 00:00:00,2019-12-31 23:00:00,2019
A374,8710,13.4,39.8,2019-01-01 00:00:00,2019-12-31 23:00:00,2019
A375,6894,18.8,37.9,2019-01-01 00:00:00,2019-12-31 23:00:00,2019
A376,6755,19.5,40.5,2019-01-07 13:00:00,2019-12-31 23:00:00,2019
A377,1042,21.4,38.5,2019-11-18 14:00:00,2019-12-31 23:00:00,2019
A302,8569,23.5,34.7,2019-01-01 00:00:00,2019-12-31 22:00:00,2019
A304,8760,21.4,34.5,2019-01-01 00:00:00,2019-12-31 23:00:00,2019
A316,8759,19.4,40.1,2019-01-01 00:00:00,2019-12-31 23:00:00,2019
A317,7350,19.3,37.8,2019-02-28 18:00:00,2019-12-31 23:00:00,2019
A318,6930,18.3,35.2,2019-01-01 10:00:00,2019-12-31 23:00:00,2019
A340,7152,20.2,39.2,2019-01-01 00:00:00,2019-12-31 23:00:00,2019
A344,245,23.8,31.8,2019-01-01 00:00:00,2019-01-13 22:00:00,2019
A367,8104,16.6,36.9,2019-01-01 00:00:00,2019-12-04 15:00:00,2019
A372,7903,16.3,41.8,2019-01-01 00:00:00,2019-12-31 23:00:00,2019
A409,8759,20.4,36.9,2019-01-01 00:00:00,2019-12-31 23:00:00,2019
A417,7506,17.9,39.0,2019-01-01 00:00:00,2019-12-31 23:00:00,2019
A419,6236,15.9,39.0,2019-01-01 00:00:00,2019-12-31 23:00:00,2019
A420,8760,16.8,39.3,2019-01-01 00:00:00,2019-12-31 23:00:00,2019
A421,8759,18.3,37.0,2019-01-01 00:00:00,2019-12-31 23:00:00,2019
A451,8600,17.4,38.9,2019-01-01 00:00:00,2019-12-31 23:00:00,2019
A453,7326,18.1,39.9,2019-01-01 00:00:00,2019-12-31 23:00:00,2019
A102,6783,7.1,37.2,2019-01-01 00:00:00,2019-12-31 23:00:00,2019
A104,4636,9.6,37.1,2019-06-19 16:00:00,2019-12-31 23:00:00,2019
A108,8362,14.1,36.6,2019-01-01 00:00:00,2019-12-31 23:00:00,2019
A136,6954,12.4,36.4,2019-01-01 00:00:00,2019-12-31 23:00:00,2019
A137,6755,11.4,36.3,2019-01-01 00:00:00,2019-12-19 08:00:00,2019
A138,8760,10.4,36.8,2019-01-01 00:00:00,2019-12-31 23:00:00,2019
A140,8747,6.2,37.4,2019-01-01 00:00:00,2019-12-31 23:00:00,2019
A101,8725,22.5,37.7,2019-01-01 00:00:00,2019-12-31 23:00:00,2019
A109,7624,12.9,36.6,2019-01-01 00:00:00,2019-12-31 23:00:00,2019
A110,8354,10.6,38.1,2019-01-01 00:00:00,2019-12-31 23:00:00,2019
A111,2879,21.9,34.9,2019-01-01 14:00:00,2019-12-31 23:00:00,2019
A112,4238,21.6,36.0,2019-01-01 00:00:00,2019-12-31 23:00:00,2019
A113,1706,20.9,34.9,2019-10-15 15:00:00,2019-12-31 23:00:00,2019
A117,8741,20.4,38.2,2019-01-01 00:00:00,2019-12-31 23:00:00,2019
A119,7887,21.9,36.9,2019-01-01 00:00:00,2019-12-31 23:00:00,2019
A120,8760,21.6,37.1,2019-01-01 00:00:00,2019-12-31 23:00:00,2019
A121,7546,21.8,36.6,2019-02-19 19:00:00,2019-12-31 23:00:00,2019
A122,6694,21.7,35.5,2019-01-01 00:00:00,2019-12-31 23:00:00,2019
A123,6087,21.9,35.4,2019-01-01 00:00:00,2019-12-31 23:00:00,2019
A124,8760,22.1,37.1,2019-01-01 00:00:00,2019-12-31 23:00:00,2019
A125,8760,21.1,36.5,2019-01-01 00:00:00,2019-12-31 23:00:00,2019
A126,8594,20.9,36.6,2019-01-01 00:00:00,2019-12-31 22:00:00,2019
A128,8736,21.1,35.6,2019-01-01 00:00:00,2019-12-31 23:00:00,2019
A133,7362,19.4,37.5,2019-01-01 00:00:00,2019-11-17 17:00:00,2019
A134,8733,20.5,35.2,2019-01-01 00:00:00,2019-12-31 23:00:00,2019
A144,3209,21.5,36.9,2019-07-22 13:00:00,2019-12-31 18:00:00,2019
A242,4368,20.4,32.7,2019-01-01 00:00:00,2019-07-01 23:00:00,2019
A244,6259,21.5,36.1,2019-04-13 13:00:00,2019-12-31 18:00:00,2019
A249,7684,22.1,34.8,2019-01-29 19:00:00,2019-12-31 23:00:00,2019
A251,1557,22.2,33.3,2019-01-01 00:00:00,2019-03-28 19:00:00,2019
A201,8745,21.5,35.4,2019-01-01 00:00:00,2019-12-31 23:00:00,2019
A202,8493,21.3,35.2,2019-01-01 00:00:00,2019-12-31 23:00:00,2019
A209,4137,20.7,35.4,2019-07-12 15:00:00,2019-12-31 23:00:00,2019
A210,6957,19.5,37.3,2019-01-01 00:00:00,2019-12-31 23:00:00,2019
A211,6545,19.3,38.0,2019-01-01 00:00:00,2019-12-31 23:00:00,2019
A212,8760,18.7,36.2,2019-01-01 00:00:00,2019-12-31 23:00:00,2019
A213,8636,20.2,35.3,2019-01-01 00:00:00,2019-12-31 23:00:00,2019
A214,6943,16.7,37.1,2019-01-01 00:00:00,2019-12-31 23:00:00,2019
A215,6855,21.7,32.5,2019-01-01 00:00:00,2019-12-31 19:00:00,2019
A216,5997,17.6,37.5,2019-01-01 00:00:00,2019-12-31 23:00:00,2019
A226,8279,21.2,36.3,2019-01-01 00:00:00,2019-12-31 23:00:00,2019
A227,8693,22.4,33.0,2019-01-01 00:00:00,2019-12-31 23:00:00,2019
A228,8760,21.5,35.0,2019-01-01 00:00:00,2019-12-31 23:00:00,2019
A229,4694,21.0,36.1,2019-01-01 00:00:00,2019-12-31 23:00:00,2019
A230,5842,19.4,33.2,2019-01-01 15:00:00,2019-11-15 17:00:00,2019
A231,8744,22.0,36.7,2019-01-01 00:00:00,2019-12-31 23:00:00,2019
A232,8760,20.3,37.6,2019-01-01 00:00:00,2019-12-31 23:00:00,2019
A233,8756,16.1,42.0,2019-01-01 00:00:00,2019-12-31 23:00:00,2019
A234,8760,17.9,38.2,2019-01-01 00:00:00,2019-12-31 23:00:00,2019
A235,5549,20.6,35.2,2019-01-01 00:00:00,2019-12-31 23:00:00,2019
A236,8760,21.6,35.1,2019-01-01 00:00:00,2019-12-31 23:00:00,2019
A239,5260,21.8,35.2,2019-01-01 00:00:00,2019-12-31 23:00:00,2019
A240,8740,18.9,36.9,2019-01-01 00:00:00,2019-12-31 23:00:00,2019
A241,8339,15.1,39.0,2019-01-01 00:00:00,2019-12-31 23:00:00,2019
A246,4798,20.3,36.9,2019-05-31 22:00:00,2019-12-31 23:00:00,2019
A247,8758,17.4,38.0,2019-01-01 00:00:00,2019-12-31 23:00:00,2019
A248,8760,20.9,36.1,2019-01-01 00:00:00,2019-12-31 23:00:00,2019
A250,8760,20.8,33.5,2019-01-01 00:00:00,2019-12-31 23:00:00,2019
A252,8760,18.7,39.5,2019-01-01 00:00:00,2019-12-31 23:00:00,2019
A253,8743,20.9,35.1,2019-01-01 00:00:00,2019-12-31 23:00:00,2019
A254,4140,19.8,39.2,2019-07-11 12:00:00,2019-12-31 23:00:00,2019
A925,6306,13.6,40.7,2019-01-01 00:00:00,2019-09-21 06:00:00,2019
A938,6004,13.0,35.1,2019-01-01 00:00:00,2019-12-31 23:00:00,2019
A939,8759,12.7,40.4,2019-01-01 00:00:00,2019-12-31 23:00:00,2019
A940,8760,13.1,38.4,2019-01-01 00:00:00,2019-12-31 23:00:00,2019
A135,8760,21.3,38.0,2019-01-01 00:00:00,2019-12-31 23:00:00,2019
A009,8271,18.4,40.8,2019-01-01 00:00:00,2019-12-11 14:00:00,2019
A010,7695,13.5,40.8,2019-01-30 14:00:00,2019-12-31 23:00:00,2019
A018,7807,15.7,40.7,2019-01-03 00:00:00,2019-12-31 23:00:00,2019
A019,8759,13.8,40.9,2019-01-01 00:00:00,2019-12-31 23:00:00,2019
A020,7900,16.6,39.9,2019-01-01 00:00:00,2019-12-31 23:00:00,2019
A021,8760,15.4,38.1,2019-01-01 00:00:00,2019-12-31 23:00:00,2019
A038,7741,17.0,36.6,2019-01-01 12:00:00,2019-12-31 23:00:00,2019
A039,8571,16.4,41.0,2019-01-01 00:00:00,2019-12-31 23:00:00,2019
A040,8632,13.1,36.4,2019-01-01 00:00:00,2019-12-31 23:00:00,2019
A041,7572,13.9,40.6,2019-01-02 16:00:00,2019-12-31 23:00:00,2019
A043,8693,17.6,38.2,2019-01-01 00:00:00,2019-12-31 23:00:00,2019
A044,5798,18.6,37.1,2019-01-01 00:00:00,2019-12-28 05:00:00,2019
A048,5330,20.0,35.5,2019-01-01 00:00:00,2019-12-31 23:00:00,2019
A049,6641,14.9,39.0,2019-01-01 12:00:00,2019-12-31 23:00:00,2019
A050,6542,13.3,38.6,2019-01-01 00:00:00,2019-12-31 23:00:00,2019
A051,8760,11.3,40.9,2019-01-01 00:00:00,2019-12-31 23:00:00,2019
A052,7970,14.9,40.4,2019-01-01 13:00:00,2019-12-31 23:00:00,2019
A053,8760,16.1,39.1,2019-01-01 00:00:00,2019-12-31 23:00:00,2019
A054,6600,13.7,41.4,2019-01-01 00:00:00,2019-12-31 23:00:00,2019
A055,4707,11.9,38.7,2019-01-25 19:00:00,2019-12-31 23:00:00,2019
A612,8661,13.7,37.7,2019-01-01 00:00:00,2019-12-31 23:00:00,2019
A613,8228,8.8,32.1,2019-01-01 00:00:00,2019-12-31 23:00:00,2019
A614,8564,15.0,37.2,2019-01-01 00:00:00,2019-12-31 23:00:00,2019
A615,8760,14.5,40.4,2019-01-01 00:00:00,2019-12-31 23:00:00,2019
A616,8758,14.2,36.7,2019-01-01 00:00:00,2019-12-31 23:00:00,2019
A617,8757,10.2,40.9,2019-01-01 00:00:00,2019-12-31 23:00:00,2019
A622,8757,13.3,38.6,2019-01-01 00:00:00,2019-12-31 23:00:00,2019
A623,8732,13.2,38.5,2019-01-01 00:00:00,2019-12-31 23:00:00,2019
A631,8704,13.2,38.3,2019-01-01 00:00:00,2019-12-31 23:00:00,2019
A632,8714,10.7,40.3,2019-01-01 00:00:00,2019-12-31 23:00:00,2019
A633,8744,5.8,35.5,2019-01-01 00:00:00,2019-12-31 23:00:00,2019
A634,7669,14.6,37.4,2019-01-01 00:00:00,2019-11-29 17:00:00,2019
A657,8746,10.9,37.5,2019-01-01 00:00:00,2019-12-31 23:00:00,2019
A502,8753,5.6,33.2,2019-01-01 00:00:00,2019-12-31 23:00:00,2019
A505,8645,9.9,34.8,2019-01-01 00:00:00,2019-12-31 23:00:00,2019
A506,8757,11.0,38.9,2019-01-01 00:00:00,2019-12-31 23:00:00,2019
A507,8760,7.2,36.8,2019-01-01 00:00:00,2019-12-31 23:00:00,2019
A508,7967,13.5,39.6,2019-01-01 00:00:00,2019-12-31 23:00:00,2019
A509,8757,-2.2,29.1,2019-01-01 00:00:00,2019-12-31 23:00:00,2019
A510,8760,5.4,36.6,2019-01-01 00:00:00,2019-12-31 23:00:00,2019
A511,8760,11.8,38.2,2019-01-01 00:00:00,2019-12-31 23:00:00,2019
A512,8760,1.2,39.8,2019-01-01 00:00:00,2019-12-31 23:00:00,2019
A513,8758,6.4,34.2,2019-01-01 00:00:00,2019-12-31 23:00:00,2019
A514,8760,4.6,36.1,2019-01-01 00:00:00,2019-12-31 23:00:00,2019
A515,7890,3.9,35.1,2019-01-01 00:00:00,2019-12-31 23:00:00,2019
A516,8669,2.6,37.3,2019-01-01 00:00:00,2019-12-31 23:00:00,2019
A517,8760,10.3,40.2,2019-01-01 00:00:00,2019-12-31 23:00:00,2019
A518,8003,7.6,33.5,2019-01-01 00:00:00,2019-12-31 23:00:00,2019
A519,8172,2.8,39.6,2019-01-01 00:00:00,2019-12-31 23:00:00,2019
A520,8703,3.8,38.6,2019-01-01 00:00:00,2019-12-31 23:00:00,2019
A521,8758,8.0,36.4,2019-01-01 00:00:00,2019-12-31 23:00:00,2019
A522,8758,13.7,38.6,2019-01-01 00:00:00,2019-12-31 23:00:00,2019
A523,8760,2.6,35.8,2019-01-01 00:00:00,2019-12-31 23:00:00,2019
A524,8503,6.9,36.1,2019-01-01 00:00:00,2019-12-31 23:00:00,2019
A525,8759,2.9,37.0,2019-01-01 00:00:00,2019-12-31 23:00:00,2019
A526,8730,8.6,40.1,2019-01-01 00:00:00,2019-12-31 23:00:00,2019
A527,8759,12.2,38.1,2019-01-01 00:00:00,2019-12-31 23:00:00,2019
A528,8757,9.8,36.5,2019-01-01 00:00:00,2019-12-31 23:00:00,2019
A529,8760,4.0,34.7,2019-01-01 00:00:00,2019-12-31 23:00:00,2019
A530,8669,-2.0,32.9,2019-01-01 00:00:00,2019-12-31 23:00:00,2019
A531,8760,-1.2,30.2,2019-01-01 00:00:00,2019-12-31 23:00:00,2019
A532,8760,10.9,37.7,2019-01-01 00:00:00,2019-12-31 23:00:00,2019
A533,7936,8.9,36.4,2019-01-01 00:00:00,2019-12-31 23:00:00,2019
A534,6631,14.0,39.5,2019-03-21 16:00:00,2019-12-31 21:00:00,2019
A535,8758,3.3,36.9,2019-01-01 00:00:00,2019-12-31 23:00:00,2019
A536,8752,7.1,37.4,2019-01-01 00:00:00,2019-12-31 23:00:00,2019
A537,8760,7.6,32.2,2019-01-01 00:00:00,2019-12-31 23:00:00,2019
A538,8631,8.0,38.3,2019-01-01 00:00:00,2019-12-31 23:00:00,2019
A539,8472,13.5,40.4,2019-01-01 00:00:00,2019-12-31 23:00:00,2019
A540,8125,11.6,38.0,2019-01-01 00:00:00,2019-12-31 23:00:00,2019
A541,8760,7.8,36.0,2019-01-01 00:00:00,2019-12-31 23:00:00,2019
A542,8725,9.9,38.6,2019-01-01 00:00:00,2019-12-31 23:00:00,2019
A543,3952,14.7,38.4,2019-01-01 00:00:00,2019-07-19 16:00:00,2019
A544,8181,11.1,37.4,2019-01-01 00:00:00,2019-12-31 23:00:00,2019
A545,8314,10.3,39.5,2019-01-01 00:00:00,2019-12-31 23:00:00,2019
A546,8758,6.8,36.1,2019-01-01 00:00:00,2019-12-31 23:00:00,2019
A547,8759,7.3,42.2,2019-01-01 00:00:00,2019-12-31 23:00:00,2019
A548,8428,12.0,36.8,2019-01-01 00:00:00,2019-12-31 23:00:00,2019
A549,7985,4.7,37.4,2019-01-01 00:00:00,2019-12-31 23:00:00,2019
A550,8760,13.1,40.8,2019-01-01 00:00:00,2019-12-31 23:00:00,2019
A551,8760,8.2,35.9,2019-01-01 00:00:00,2019-12-31 23:00:00,2019
A552,8753,9.6,40.7,2019-01-01 00:00:00,2019-12-31 23:00:00,2019
A553,8247,10.1,35.5,2019-01-01 00:00:00,2019-12-31 23:00:00,2019
A554,8760,10.5,38.6,2019-01-01 00:00:00,2019-12-31 23:00:00,2019
A555,8742,9.6,33.8,2019-01-01 00:00:00,2019-12-31 23:00:00,2019
A556,8489,6.4,34.8,2019-01-01 00:00:00,2019-12-31 23:00:00,2019
A557,8694,8.0,40.6,2019-01-01 00:00:00,2019-12-31 23:00:00,2019
A559,7646,13.8,40.4,2019-01-01 00:00:00,2019-12-31 23:00:00,2019
A561,8758,0.3,36.5,2019-01-01 00:00:00,2019-12-31 23:00:00,2019
A562,8213,6.7,35.9,2019-01-01 00:00:00,2019-12-31 23:00:00,2019
A563,8729,12.1,40.3,2019-01-01 00:00:00,2019-12-31 23:00:00,2019
A564,8760,5.3,37.1,2019-01-01 00:00:00,2019-12-31 23:00:00,2019
A565,8468,3.3,37.2,2019-01-01 00:00:00,2019-12-31 23:00:00,2019
A566,8739,9.9,40.4,2019-01-01 00:00:00,2019-12-31 23:00:00,2019
A567,8745,5.3,34.2,2019-01-01 00:00:00,2019-12-31 23:00:00,2019
A568,8649,2.3,37.6,2019-01-01 00:00:00,2019-12-31 23:00:00,2019
A569,8757,5.8,37.4,2019-01-01 00:00:00,2019-12-31 23:00:00,2019
A570,8756,6.2,35.1,2019-01-01 00:00:00,2019-12-31 23:00:00,2019
A571,8758,10.1,38.4,2019-01-01 00:00:00,2019-12-31 23:00:00,2019
F501,8753,6.8,33.9,2019-01-01 00:00:00,2019-12-31 23:00:00,2019
A601,7807,11.4,41.1,2019-01-01 00:00:00,2019-11-22 16:00:00,2019
A602,8756,13.1,40.8,2019-01-01 00:00:00,2019-12-31 23:00:00,2019
A603,8710,9.4,39.6,2019-01-01 00:00:00,2019-12-31 23:00:00,2019
A604,8754,8.6,40.2,2019-01-01 00:00:00,2019-12-31 23:00:00,2019
A606,8755,16.8,35.1,2019-01-01 00:00:00,2019-12-31 23:00:00,2019
A607,8758,11.5,40.0,2019-01-01 00:00:00,2019-12-31 23:00:00,2019
A608,8760,12.9,40.2,2019-01-01 00:00:00,2019-12-31 23:00:00,2019
A609,8167,7.9,37.0,2019-01-01 00:00:00,2019-12-31 23:00:00,2019
A610,8756,2.8,26.9,2019-01-01 00:00:00,2019-12-31 23:00:00,2019
A611,8751,7.9,38.2,2019-01-01 00:00:00,2019-12-31 23:00:00,2019
A618,8756,6.8,32.6,2019-01-01 00:00:00,2019-12-31 23:00:00,2019
A619,8759,10.0,37.5,2019-01-01 00:00:00,2019-12-31 23:00:00,2019
A620,8759,15.2,35.8,2019-01-01 00:00:00,2019-12-31 23:00:00,2019
A621,8758,11.2,41.4,2019-01-01 00:00:00,2019-12-31 23:00:00,2019
A624,8757,1.4,31.9,2019-01-01 00:00:00,2019-12-31 23:00:00,2019
A625,8760,7.2,39.0,2019-01-01 00:00:00,2019-12-31 23:00:00,2019
A626,8733,6.9,37.4,2019-01-01 00:00:00,2019-12-31 23:00:00,2019
A627,8760,13.3,41.4,2019-01-01 00:00:00,2019-12-31 23:00:00,2019
A628,8746,12.0,39.5,2019-01-01 00:00:00,2019-12-31 23:00:00,2019
A629,8757,5.8,38.7,2019-01-01 00:00:00,2019-12-31 23:00:00,2019
A630,8743,6.6,35.5,2019-01-01 00:00:00,2019-12-31 23:00:00,2019
A635,8744,-6.8,22.1,2019-01-01 00:00:00,2019-12-31 23:00:00,2019
A636,8759,11.2,40.1,2019-01-01 00:00:00,2019-12-31 23:00:00,2019
A652,8756,15.7,36.3,2019-01-01 00:00:00,2019-12-31 23:00:00,2019
A659,8760,9.3,40.6,2019-01-01 00:00:00,2019-12-31 23:00:00,2019
A667,8729,11.7,37.9,2019-01-01 00:00:00,2019-12-31 23:00:00,2019
A701,8760,6.8,35.7,2019-01-01 00:00:00,2019-12-31 23:00:00,2019
A705,8757,4.2,38.1,2019-01-01 00:00:00,2019-12-31 23:00:00,2019
A706,8755,-0.8,29.2,2019-01-01 00:00:00,2019-12-31 23:00:00,2019
A707,8759,4.3,38.6,2019-01-01 00:00:00,2019-12-31 23:00:00,2019
A708,5916,9.8,33.9,2019-01-01 00:00:00,2019-12-31 23:00:00,2019
A711,8760,6.5,35.5,2019-01-01 00:00:00,2019-12-31 23:00:00,2019
A712,8760,5.9,40.1,2019-01-01 00:00:00,2019-12-31 23:00:00,2019
A713,7152,2.5,36.5,2019-01-01 00:00:00,2019-12-31 23:00:00,2019
A714,8760,2.1,36.4,2019-01-01 00:00:00,2019-12-31 23:00:00,2019
A715,8760,1.1,37.0,2019-01-01 00:00:00,2019-12-31 23:00:00,2019
A716,8760,3.5,39.8,2019-01-01 00:00:00,2019-12-31 23:00:00,2019
A718,7763,-0.4,39.4,2019-01-01 00:00:00,2019-12-31 23:00:00,2019
A725,8671,3.0,36.0,2019-01-01 00:00:00,2019-12-31 23:00:00,2019
A726,7934,5.7,37.4,2019-01-01 00:00:00,2019-12-31 23:00:00,2019
A727,7247,6.1,39.6,2019-01-01 00:00:00,2019-12-31 23:00:00,2019
A728,8760,5.6,36.7,2019-01-01 00:00:00,2019-12-31 23:00:00,2019
A729,8760,2.8,39.5,2019-01-01 00:00:00,2019-12-31 23:00:00,2019
A733,6996,5.9,39.0,2019-03-15 12:00:00,2019-12-31 23:00:00,2019
A734,8760,3.9,40.1,2019-01-01 00:00:00,2019-12-31 23:00:00,2019
A735,7224,3.2,39.5,2019-01-01 00:00:00,2019-12-31 23:00:00,2019
A736,7630,3.6,38.6,2019-01-01 00:00:00,2019-11-14 21:00:00,2019
A737,8121,2.5,38.8,2019-01-01 00:00:00,2019-12-31 23:00:00,2019
A738,7851,4.1,36.2,2019-01-01 00:00:00,2019-12-31 23:00:00,2019
A739,7475,3.3,37.3,2019-01-01 00:00:00,2019-12-31 23:00:00,2019
A740,8760,2.1,35.2,2019-01-01 00:00:00,2019-12-31 23:00:00,2019
A741,8759,5.4,38.4,2019-01-01 00:00:00,2019-12-31 23:00:00,2019
A744,6507,5.5,35.3,2019-01-01 00:00:00,2019-12-31 23:00:00,2019
A746,7664,-0.4,35.3,2019-01-01 00:00:00,2019-11-16 15:00:00,2019
A747,8760,2.5,38.4,2019-01-01 00:00:00,2019-12-31 23:00:00,2019
A748,8760,2.6,40.5,2019-01-01 00:00:00,2019-12-31 23:00:00,2019
A753,8758,1.9,39.2,2019-01-01 00:00:00,2019-12-31 23:00:00,2019
A755,7049,9.4,35.9,2019-01-01 00:00:00,2019-12-31 23:00:00,2019
A762,8644,5.2,39.1,2019-01-01 00:00:00,2019-12-31 23:00:00,2019
A763,7533,3.5,36.7,2019-01-01 00:00:00,2019-12-31 23:00:00,2019
A764,8756,5.4,38.8,2019-01-01 00:00:00,2019-12-31 23:00:00,2019
A765,8256,11.7,37.9,2019-01-01 00:00:00,2019-12-29 19:00:00,2019
A766,8378,4.9,40.1,2019-01-01 00:00:00,2019-12-31 19:00:00,2019
A767,8760,13.7,38.4,2019-01-01 00:00:00,2019-12-31 23:00:00,2019
A768,8355,6.0,42.6,2019-01-01 01:00:00,2019-12-31 23:00:00,2019
A769,8748,4.6,37.4,2019-01-01 00:00:00,2019-12-31 23:00:00,2019
A770,4335,4.8,38.1,2019-07-03 19:00:00,2019-12-31 23:00:00,2019
A771,8760,5.5,36.4,2019-01-01 00:00:00,2019-12-31 23:00:00,2019
A807,8587,6.3,34.5,2019-01-01 00:00:00,2019-12-31 23:00:00,2019
A818,8407,2.4,34.7,2019-01-01 00:00:00,2019-12-31 23:00:00,2019
A819,8752,-2.1,34.5,2019-01-01 00:00:00,2019-12-31 23:00:00,2019
A820,8216,-0.4,39.9,2019-01-01 00:00:00,2019-12-31 23:00:00,2019
A821,8263,1.7,39.0,2019-01-01 00:00:00,2019-12-31 23:00:00,2019
A822,7821,0.7,34.8,2019-01-01 00:00:00,2019-12-25 02:00:00,2019
A823,8376,-4.0,31.0,2019-01-01 00:00:00,2019-12-31 23:00:00,2019
A824,6965,11.7,37.8,2019-01-01 00:00:00,2019-12-31 23:00:00,2019
A825,1042,14.9,35.0,2019-11-18 14:00:00,2019-12-31 23:00:00,2019
A835,7367,5.7,38.1,2019-01-01 00:00:00,2019-12-31 23:00:00,2019
A842,7999,1.3,37.3,2019-01-01 00:00:00,2019-12-31 23:00:00,2019
A843,7868,0.4,37.6,2019-01-01 00:00:00,2019-12-31 23:00:00,2019
A846,7773,5.1,38.5,2019-01-01 00:00:00,2019-12-31 23:00:00,2019
A849,8758,3.3,39.1,2019-01-01 00:00:00,2019-12-31 23:00:00,2019
A850,8760,3.1,39.4,2019-01-01 00:00:00,2019-12-31 23:00:00,2019
A855,8757,-1.0,38.7,2019-01-01 00:00:00,2019-12-31 23:00:00,2019
A869,8760,2.5,39.8,2019-01-01 00:00:00,2019-12-31 23:00:00,2019
A871,8760,1.4,37.6,2019-01-01 00:00:00,2019-12-31 23:00:00,2019
A872,6120,-2.3,33.7,2019-01-01 00:00:00,2019-12-31 23:00:00,2019
A873,8760,5.7,39.4,2019-01-01 00:00:00,2019-12-31 23:00:00,2019
A874,8760,-5.1,35.7,2019-01-01 00:00:00,2019-12-31 23:00:00,2019
A875,5619,-6.5,33.3,2019-01-01 00:00:00,2019-12-31 23:00:00,2019
A876,8760,-3.6,33.2,2019-01-01 00:00:00,2019-12-31 23:00:00,2019
B803,6682,6.9,40.3,2019-01-01 00:00:00,2019-12-31 19:00:00,2019
B804,8760,-3.1,34.0,2019-01-01 00:00:00,2019-12-31 23:00:00,2019
B806,8509,-1.4,44.7,2019-01-01 00:00:00,2019-12-31 23:00:00,2019
A801,8757,2.7,40.3,2019-01-01 00:00:00,2019-12-31 23:00:00,2019
A802,8760,1.2,36.7,2019-01-01 00:00:00,2019-12-31 23:00:00,2019
A803,8743,-0.7,38.1,2019-01-01 00:00:00,2019-12-31 23:00:00,2019
A804,8728,-0.8,38.4,2019-01-01 00:00:00,2019-12-31 23:00:00,2019
A805,8683,-1.4,37.3,2019-01-01 00:00:00,2019-12-31 23:00:00,2019
A808,8682,2.9,39.8,2019-01-01 00:00:00,2019-12-31 23:00:00,2019
A809,8742,0.0,38.0,2019-01-01 00:00:00,2019-12-31 23:00:00,2019
A810,8414,-2.8,38.3,2019-01-01 00:00:00,2019-12-31 23:00:00,2019
A811,8755,0.0,37.1,2019-01-01 00:00:00,2019-12-31 23:00:00,2019
A812,8269,0.7,37.5,2019-01-01 00:00:00,2019-12-31 23:00:00,2019
A813,8760,0.9,39.9,2019-01-01 00:00:00,2019-12-31 23:00:00,2019
A826,8316,-2.8,39.3,2019-01-01 00:00:00,2019-12-31 23:00:00,2019
A827,8632,1.0,38.3,2019-01-01 00:00:00,2019-12-31 23:00:00,2019
A828,8760,-2.3,35.6,2019-01-01 00:00:00,2019-12-31 23:00:00,2019
A829,8294,-3.5,30.9,2019-01-01 00:00:00,2019-12-31 23:00:00,2019
A830,8335,-0.6,37.6,2019-01-01 00:00:00,2019-12-31 23:00:00,2019
A831,8702,-3.9,37.9,2019-01-01 00:00:00,2019-12-31 23:00:00,2019
A832,8760,-1.8,41.2,2019-01-01 00:00:00,2019-12-31 23:00:00,2019
A833,8680,-1.1,36.9,2019-01-01 00:00:00,2019-12-31 23:00:00,2019
A834,8688,5.9,39.3,2019-01-01 00:00:00,2019-12-31 23:00:00,2019
A836,8748,-0.4,37.0,2019-01-01 00:00:00,2019-12-31 23:00:00,2019
A837,8759,-1.8,35.8,2019-01-01 00:00:00,2019-12-31 23:00:00,2019
A838,8057,2.2,38.8,2019-01-01 00:00:00,2019-12-31 23:00:00,2019
A839,8743,-1.5,35.9,2019-01-01 00:00:00,2019-12-31 23:00:00,2019
A840,8272,-2.2,36.8,2019-01-01 00:00:00,2019-12-31 23:00:00,2019
A844,8661,-2.4,34.3,2019-01-01 00:00:00,2019-12-31 23:00:00,2019
A852,8724,0.7,39.8,2019-01-01 00:00:00,2019-12-31 23:00:00,2019
A853,7115,-2.2,38.1,2019-01-01 00:00:00,2019-12-31 23:00:00,2019
A854,8757,-0.8,35.8,2019-01-01 00:00:00,2019-12-31 23:00:00,2019
A856,8759,-0.8,35.3,2019-01-01 00:00:00,2019-12-31 23:00:00,2019
A878,5225,4.6,38.0,2019-01-01 00:00:00,2019-12-31 19:00:00,2019
A879,8749,-1.7,32.7,2019-01-01 00:00:00,2019-12-31 23:00:00,2019
A880,8760,-3.7,33.4,2019-01-01 00:00:00,2019-12-31 23:00:00,2019
A881,8760,-3.2,38.9,2019-01-01 00:00:00,2019-12-31 23:00:00,2019
A882,8095,-0.1,40.1,2019-01-01 00:00:00,2019-12-31 23:00:00,2019
A883,8757,-2.1,39.0,2019-01-01 00:00:00,2019-12-31 23:00:00,2019
A884,8760,0.4,41.0,2019-01-01 00:00:00,2019-12-31 23:00:00,2019
A886,8379,-1.6,37.1,2019-01-01 00:00:00,2019-12-31 23:00:00,2019
A887,3979,3.0,35.9,2019-07-18 17:00:00,2019-12-31 23:00:00,2019
A889,8759,-0.5,40.0,2019-01-01 00:00:00,2019-12-31 23:00:00,2019
A893,8275,0.1,37.7,2019-01-01 00:00:00,2019-12-31 23:00:00,2019
A894,8760,-4.3,38.2,2019-01-01 00:00:00,2019-12-31 23:00:00,2019
A897,8215,-3.1,33.3,2019-01-01 00:00:00,2019-12-31 23:00:00,2019
A899,7331,1.2,36.9,2019-01-01 00:00:00,2019-12-31 23:00:00,2019
A806,8752,5.3,39.7,2019-01-01 00:00:00,2019-12-31 23:00:00,2019
A814,3526,8.8,41.6,2019-01-01 00:00:00,2019-12-31 23:00:00,2019
A815,8758,-4.8,29.6,2019-01-01 00:00:00,2019-12-31 23:00:00,2019
A816,7252,-1.8,32.0,2019-01-01 00:00:00,2019-12-31 23:00:00,2019
A817,8652,3.2,40.0,2019-01-01 00:00:00,2019-12-31 23:00:00,2019
A841,8285,1.8,36.9,2019-01-01 00:00:00,2019-12-31 23:00:00,2019
A845,8612,-5.4,25.9,2019-01-01 00:00:00,2019-12-31 23:00:00,2019
A848,8757,-1.0,34.1,2019-01-01 00:00:00,2019-12-31 23:00:00,2019
A851,6429,10.1,36.7,2019-01-01 00:00:00,2019-12-31 23:00:00,2019
A857,8674,0.5,35.7,2019-01-01 00:00:00,2019-12-31 23:00:00,2019
A858,8759,-1.2,34.2,2019-01-01 00:00:00,2019-12-31 23:00:00,2019
A859,8698,-0.2,33.2,2019-01-01 00:00:00,2019-12-31 23:00:00,2019
A860,8757,-3.7,33.3,2019-01-01 00:00:00,2019-12-31 23:00:00,2019
A861,6251,-2.1,34.1,2019-01-01 02:00:00,2019-12-31 20:00:00,2019
A862,7547,-3.3,34.5,2019-02-20 13:00:00,2019-12-31 23:00:00,2019
A863,8760,-2.6,36.1,2019-01-01 00:00:00,2019-12-31 23:00:00,2019
A864,8608,-3.8,34.8,2019-01-01 00:00:00,2019-12-31 23:00:00,2019
A865,8746,-2.4,33.2,2019-01-01 00:00:00,2019-12-31 23:00:00,2019
A866,8760,7.9,35.9,2019-01-01 00:00:00,2019-12-31 23:00:00,2019
A867,8754,4.4,38.6,2019-01-01 00:00:00,2019-12-31 23:00:00,2019
A868,8760,3.2,38.9,2019-01-01 00:00:00,2019-12-31 23:00:00,2019
A870,7776,-1.6,44.5,2019-01-01 00:00:00,2019-12-11 16:00:00,2019
A895,7551,-0.4,35.3,2019-02-19 19:00:00,2019-12-31 23:00:00,2019
A898,7645,-2.2,32.6,2019-02-15 16:00:00,2019-12-31 23:00:00,2019
A001,8784,9.4,36.5,2020-01-01 00:00:00,2020-12-31 23:00:00,2020
A042,8597,11.6,35.8,2020-01-01 00:00:00,2020-12-31 23:00:00,2020
A045,8608,6.9,37.8,2020-01-01 00:00:00,2020-12-31 23:00:00,2020
A046,8720,7.7,37.3,2020-01-01 00:00:00,2020-12-31 23:00:00,2020
A047,8600,10.0,37.1,2020-01-01 00:00:00,2020-12-31 23:00:00,2020
A002,8737,8.1,40.7,2020-01-01 00:00:00,2020-12-31 23:00:00,2020
A003,8782,6.9,40.4,2020-01-01 00:00:00,2020-12-31 23:00:00,2020
A005,4810,2.0,38.5,2020-01-01 00:00:00,2020-12-29 19:00:00,2020
A011,3787,12.7,42.1,2020-01-01 00:00:00,2020-12-31 19:00:00,2020
A012,6844,11.5,37.0,2020-01-01 00:00:00,2020-12-31 23:00:00,2020
A013,8356,11.0,43.9,2020-01-01 00:00:00,2020-12-24 19:00:00,2020
A014,8762,12.6,43.4,2020-01-01 00:00:00,2020-12-31 07:00:00,2020
A015,8784,9.0,39.6,2020-01-01 00:00:00,2020-12-31 23:00:00,2020
A016,8782,5.7,41.1,2020-01-01 00:00:00,2020-12-31 23:00:00,2020
A017,7118,15.7,39.4,2020-01-01 15:00:00,2020-12-31 23:00:00,2020
A022,5061,15.8,39.6,2020-01-01 00:00:00,2020-12-31 19:00:00,2020
A023,8529,10.0,39.5,2020-01-01 00:00:00,2020-12-31 22:00:00,2020
A024,8779,9.5,35.2,2020-01-01 00:00:00,2020-12-31 23:00:00,2020
A025,476,20.9,33.5,2020-01-01 12:00:00,2020-07-19 15:00:00,2020
A026,8711,9.4,40.2,2020-01-01 00:00:00,2020-12-31 23:00:00,2020
A027,8783,11.0,41.1,2020-01-01 00:00:00,2020-12-31 23:00:00,2020
A028,4831,11.8,35.3,2020-01-01 00:00:00,2020-12-31 23:00:00,2020
A029,6448,9.9,41.4,2020-01-01 00:00:00,2020-12-31 20:00:00,2020
A031,2624,20.5,42.8,2020-01-01 13:00:00,2020-12-31 17:00:00,2020
A032,7822,15.1,40.0,2020-01-01 15:00:00,2020-12-31 23:00:00,2020
A033,8351,6.3,40.8,2020-01-01 00:00:00,2020-12-31 23:00:00,2020
A034,8784,10.8,38.4,2020-01-01 00:00:00,2020-12-31 23:00:00,2020
A035,8547,8.7,42.0,2020-01-01 00:00:00,2020-12-31 22:00:00,2020
A036,8779,10.1,35.9,2020-01-01 00:00:00,2020-12-31 23:00:00,2020
A037,8783,9.3,38.2,2020-01-01 00:00:00,2020-12-31 23:00:00,2020
A056,8722,8.6,38.6,2020-01-01 00:00:00,2020-12-31 23:00:00,2020
A702,8773,6.4,41.0,2020-01-01 00:00:00,2020-12-31 23:00:00,2020
A703,8655,4.9,37.6,2020-01-01 00:00:00,2020-12-31 23:00:00,2020
A704,701,21.8,36.8,2020-12-02 19:00:00,2020-12-31 23:00:00,2020
A709,6603,7.4,41.1,2020-01-01 00:00:00,2020-12-31 23:00:00,2020
A710,1521,11.3,38.6,2020-01-01 00:00:00,2020-08-22 19:00:00,2020
A717,2189,11.0,38.4,2020-01-01 00:00:00,2020-05-10 17:00:00,2020
A719,1872,5.8,39.2,2020-01-01 00:00:00,2020-12-31 23:00:00,2020
A720,8702,9.3,44.1,2020-01-01 00:00:00,2020-12-31 23:00:00,2020
A721,2663,7.9,37.1,2020-01-01 00:00:00,2020-12-31 20:00:00,2020
A722,4595,7.8,39.6,2020-01-01 00:00:00,2020-12-31 23:00:00,2020
A723,3264,8.6,41.8,2020-01-03 13:00:00,2020-12-26 02:00:00,2020
A724,8720,8.6,43.4,2020-01-01 00:00:00,2020-12-31 23:00:00,2020
A730,1271,19.6,33.6,2020-01-01 00:00:00,2020-02-22 22:00:00,2020
A732,8181,7.0,42.3,2020-01-01 00:00:00,2020-12-31 23:00:00,2020
A742,8137,7.8,42.2,2020-01-01 00:00:00,2020-12-31 23:00:00,2020
A743,8781,3.6,41.2,2020-01-01 00:00:00,2020-12-31 23:00:00,2020
A749,5460,6.1,37.4,2020-01-01 00:00:00,2020-08-16 03:00:00,2020
A750,7432,2.8,40.6,2020-01-01 00:00:00,2020-11-05 16:00:00,2020
A751,6972,4.6,39.9,2020-01-01 00:00:00,2020-12-31 23:00:00,2020
A752,8778,5.7,41.3,2020-01-01 00:00:00,2020-12-31 23:00:00,2020
A754,8784,3.7,40.7,2020-01-01 00:00:00,2020-12-31 23:00:00,2020
A756,8784,6.5,44.6,2020-01-01 00:00:00,2020-12-31 23:00:00,2020
A757,3663,5.3,36.9,2020-01-01 00:00:00,2020-11-19 06:00:00,2020
A758,6495,5.4,39.5,2020-01-01 00:00:00,2020-12-31 14:00:00,2020
A759,4438,9.3,37.5,2020-01-01 00:00:00,2020-07-03 21:00:00,2020
A760,8784,7.9,41.3,2020-01-01 00:00:00,2020-12-31 23:00:00,2020
A761,7808,9.7,41.7,2020-01-01 00:00:00,2020-11-21 07:00:00,2020
S701,8783,7.4,41.6,2020-01-01 00:00:00,2020-12-31 23:00:00,2020
S702,8783,2.9,38.3,2020-01-01 00:00:00,2020-12-31 23:00:00,2020
S704,8781,2.9,40.3,2020-01-01 00:00:00,2020-12-31 23:00:00,2020
S706,7393,2.9,41.2,2020-01-01 22:00:00,2020-12-31 23:00:00,2020
S708,34,22.6,38.1,2020-10-24 15:00:00,2020-11-26 12:00:00,2020
S709,8782,2.6,41.4,2020-01-01 00:00:00,2020-12-31 23:00:00,2020
S710,8769,6.3,40.6,2020-01-01 00:00:00,2020-12-31 23:00:00,2020
S711,5529,4.8,40.2,2020-01-01 00:00:00,2020-12-31 23:00:00,2020
S712,7706,2.8,41.2,2020-01-01 00:00:00,2020-12-31 21:00:00,2020
S713,55,15.6,33.1,2020-04-21 16:00:00,2020-12-08 18:00:00,2020
S714,5648,8.8,34.6,2020-01-01 00:00:00,2020-12-31 12:00:00,2020
S715,8783,6.0,42.5,2020-01-01 00:00:00,2020-12-31 23:00:00,2020
S716,8783,5.0,42.9,2020-01-01 00:00:00,2020-12-31 23:00:00,2020
S717,2359,18.6,37.6,2020-01-01 00:00:00,2020-04-08 06:00:00,2020
A901,8563,11.8,43.7,2020-01-01 00:00:00,2020-12-31 23:00:00,2020
A902,7865,7.5,40.5,2020-01-01 00:00:00,2020-11-23 16:00:00,2020
A903,8784,10.1,42.4,2020-01-01 00:00:00,2020-12-31 23:00:00,2020
A904,5875,11.3,39.0,2020-01-01 00:00:00,2020-09-01 18:00:00,2020
A905,7458,11.1,39.6,2020-01-01 00:00:00,2020-12-31 23:00:00,2020
A906,6242,18.2,39.4,2020-01-01 00:00:00,2020-11-25 18:00:00,2020
A907,7488,10.7,43.5,2020-01-01 00:00:00,2020-12-31 23:00:00,2020
A908,3634,15.2,36.3,2020-01-01 00:00:00,2020-12-31 21:00:00,2020
A909,8696,9.8,41.1,2020-01-01 00:00:00,2020-12-31 23:00:00,2020
A910,4924,16.8,39.6,2020-01-01 00:00:00,2020-12-31 23:00:00,2020
A911,7374,9.2,37.7,2020-01-01 00:00:00,2020-12-31 23:00:00,2020
A912,8015,9.7,36.3,2020-01-01 00:00:00,2020-12-31 23:00:00,2020
A913,7706,7.7,36.5,2020-01-01 00:00:00,2020-12-27 20:00:00,2020
A914,6140,11.6,41.0,2020-01-01 00:00:00,2020-09-23 17:00:00,2020
A915,1305,20.4,35.1,2020-01-01 00:00:00,2020-02-24 13:00:00,2020
A917,4421,13.5,36.7,2020-01-01 00:00:00,2020-07-03 05:00:00,2020
A919,1278,21.0,35.7,2020-01-01 00:00:00,2020-04-05 19:00:00,2020
A920,8783,10.4,37.7,2020-01-01 00:00:00,2020-12-31 23:00:00,2020
A921,8336,16.8,42.2,2020-01-03 22:00:00,2020-12-31 23:00:00,2020
A922,8778,8.1,41.2,2020-01-01 00:00:00,2020-12-31 19:00:00,2020
A923,8703,8.5,40.4,2020-01-01 00:00:00,2020-12-31 23:00:00,2020
A924,5015,13.4,36.0,2020-01-01 00:00:00,2020-08-01 16:00:00,2020
A926,8166,13.9,37.4,2020-01-01 00:00:00,2020-12-31 16:00:00,2020
A927,5635,9.7,37.5,2020-01-01 00:00:00,2020-08-22 18:00:00,2020
A928,7516,10.4,44.8,2020-01-01 00:00:00,2020-11-22 15:00:00,2020
A929,6606,11.9,40.5,2020-01-01 00:00:00,2020-11-15 16:00:00,2020
A930,4662,19.4,41.0,2020-01-01 00:00:00,2020-12-31 19:00:00,2020
A931,5818,10.6,39.7,2020-01-01 00:00:00,2020-12-31 20:00:00,2020
A932,8598,12.0,43.7,2020-01-01 00:00:00,2020-12-31 23:00:00,2020
A934,8698,7.9,39.8,2020-01-01 00:00:00,2020-12-31 23:00:00,2020
A935,8784,11.3,42.7,2020-01-01 00:00:00,2020-12-31 23:00:00,2020
A936,4889,9.4,36.6,2020-01-01 00:00:00,2020-07-22 16:00:00,2020
A937,8653,8.1,40.5,2020-01-01 00:00:00,2020-12-26 12:00:00,2020
A941,8783,10.1,42.2,2020-01-01 00:00:00,2020-12-31 23:00:00,2020
A942,8753,14.6,39.5,2020-01-01 00:00:00,2020-12-31 23:00:00,2020
A943,8734,18.6,40.1,2020-01-01 00:00:00,2020-12-31 23:00:00,2020
A944,620,22.0,36.1,2020-01-01 00:00:00,2020-01-26 19:00:00,2020
A303,3372,21.8,34.9,2020-01-01 00:00:00,2020-12-31 23:00:00,2020
A323,4879,19.4,40.1,2020-01-01 00:00:00,2020-09-14 18:00:00,2020
A327,8780,16.3,38.4,2020-01-01 00:00:00,2020-12-31 23:00:00,2020
A353,663,19.9,35.6,2020-11-27 14:00:00,2020-12-31 23:00:00,2020
A355,8104,18.3,36.5,2020-01-01 00:00:00,2020-12-03 15:00:00,2020
A356,6392,17.4,36.3,2020-01-01 00:00:00,2020-12-31 20:00:00,2020
A371,4404,18.1,41.0,2020-01-01 00:00:00,2020-12-31 19:00:00,2020
A401,8783,21.0,34.2,2020-01-01 00:00:00,2020-12-31 23:00:00,2020
A402,8784,12.9,40.1,2020-01-01 00:00:00,2020-12-31 23:00:00,2020
A404,6592,11.5,37.1,2020-01-01 00:00:00,2020-10-01 16:00:00,2020
A405,5713,14.4,34.9,2020-01-01 00:00:00,2020-10-12 10:00:00,2020
A406,6924,16.6,36.3,2020-01-01 00:00:00,2020-12-31 18:00:00,2020
A407,8784,12.5,35.2,2020-01-01 00:00:00,2020-12-31 23:00:00,2020
A408,8784,14.5,39.7,2020-01-01 00:00:00,2020-12-31 23:00:00,2020
A410,1977,18.9,32.3,2020-10-10 15:00:00,2020-12-31 23:00:00,2020
A412,8589,12.9,38.6,2020-01-01 00:00:00,2020-12-31 23:00:00,2020
A413,7036,14.5,37.8,2020-01-01 00:00:00,2020-12-31 23:00:00,2020
A414,8783,10.1,36.4,2020-01-01 00:00:00,2020-12-31 23:00:00,2020
A416,8779,9.7,41.1,2020-01-01 00:00:00,2020-12-31 23:00:00,2020
A418,8175,15.5,41.5,2020-01-01 00:00:00,2020-12-29 12:00:00,2020
A422,7220,20.4,31.0,2020-01-01 00:00:00,2020-10-27 19:00:00,2020
A423,8781,19.2,37.4,2020-01-01 00:00:00,2020-12-31 23:00:00,2020
A424,8784,11.6,38.1,2020-01-01 00:00:00,2020-12-31 23:00:00,2020
A425,8784,13.2,39.5,2020-01-01 00:00:00,2020-12-31 23:00:00,2020
A426,8164,16.7,40.2,2020-01-01 00:00:00,2020-12-31 23:00:00,2020
A427,5696,13.4,36.6,2020-01-01 00:00:00,2020-10-04 23:00:00,2020
A428,8784,14.3,37.4,2020-01-01 00:00:00,2020-12-31 23:00:00,2020
A429,8784,14.0,40.1,2020-01-01 00:00:00,2020-12-31 23:00:00,2020
A430,8783,10.7,33.1,2020-01-01 00:00:00,2020-12-31 23:00:00,2020
A431,8734,17.8,34.2,2020-01-01 00:00:00,2020-12-31 23:00:00,2020
A432,3007,18.8,36.6,2020-01-01 00:00:00,2020-05-17 11:00:00,2020
A433,8780,13.5,41.4,2020-01-01 00:00:00,2020-12-31 23:00:00,2020
A434,8706,15.6,35.7,2020-01-01 00:00:00,2020-12-31 23:00:00,2020
A435,8549,13.8,37.2,2020-01-01 00:00:00,2020-12-22 04:00:00,2020
A436,5652,15.2,40.0,2020-01-01 01:00:00,2020-12-30 15:00:00,2020
A437,8710,16.3,34.6,2020-01-01 00:00:00,2020-12-31 23:00:00,2020
A438,8784,18.8,33.2,2020-01-01 00:00:00,2020-12-31 23:00:00,2020
A439,7777,15.1,42.9,2020-01-01 00:00:00,2020-12-31 18:00:00,2020
A440,5915,11.9,37.8,2020-01-01 00:00:00,2020-09-03 10:00:00,2020
A441,7017,14.5,36.4,2020-01-01 00:00:00,2020-12-31 23:00:00,2020
A442,8316,14.2,38.4,2020-01-01 00:00:00,2020-12-31 23:00:00,2020
A443,6964,13.8,37.4,2020-01-01 00:00:00,2020-12-29 17:00:00,2020
A444,8784,14.6,34.7,2020-01-01 00:00:00,2020-12-31 23:00:00,2020
A445,7909,14.8,37.2,2020-01-01 00:00:00,2020-11-25 13:00:00,2020
A446,8722,11.5,39.0,2020-01-01 00:00:00,2020-12-31 23:00:00,2020
A447,8404,13.8,37.4,2020-01-01 00:00:00,2020-12-31 23:00:00,2020
A448,8614,16.0,38.1,2020-01-01 00:00:00,2020-12-31 23:00:00,2020
A449,7529,18.4,37.0,2020-01-01 00:00:00,2020-12-21 22:00:00,2020
A450,8729,14.6,39.4,2020-01-01 00:00:00,2020-12-31 23:00:00,2020
A452,6880,10.2,41.4,2020-01-01 00:00:00,2020-11-27 17:00:00,2020
A455,5868,14.9,38.0,2020-01-01 00:00:00,2020-10-30 17:00:00,2020
A456,7692,19.0,35.0,2020-01-01 00:00:00,2020-12-31 23:00:00,2020
A458,5396,17.1,38.4,2020-01-01 00:00:00,2020-12-31 22:00:00,2020
A305,8777,21.7,33.7,2020-01-01 00:00:00,2020-12-31 23:00:00,2020
A306,8784,19.6,39.2,2020-01-01 00:00:00,2020-12-31 23:00:00,2020
A314,2115,18.3,31.3,2020-01-01 00:00:00,2020-12-31 23:00:00,2020
A315,8675,16.3,38.5,2020-01-01 00:00:00,2020-12-31 23:00:00,2020
A319,6579,19.4,38.2,2020-01-01 00:00:00,2020-12-30 02:00:00,2020
A324,5678,16.8,37.3,2020-01-01 00:00:00,2020-08-24 13:00:00,2020
A325,2134,22.2,37.3,2020-01-01 00:00:00,2020-03-29 22:00:00,2020
A332,8783,17.9,38.9,2020-01-01 00:00:00,2020-12-31 23:00:00,2020
A339,8782,19.6,37.1,2020-01-01 00:00:00,2020-12-31 23:00:00,2020
A342,8767,18.5,38.5,2020-01-01 00:00:00,2020-12-31 23:00:00,2020
A347,1784,20.1,34.4,2020-01-01 00:00:00,2020-03-16 01:00:00,2020
A358,4178,21.4,38.6,2020-01-01 00:00:00,2020-07-27 14:00:00,2020
A360,1201,22.6,33.8,2020-01-01 00:00:00,2020-02-20 00:00:00,2020
A368,8784,14.5,33.3,2020-01-01 00:00:00,2020-12-31 23:00:00,2020
A203,8782,21.9,34.5,2020-01-01 00:00:00,2020-12-31 23:00:00,2020
A204,3453,20.3,36.6,2020-01-01 00:00:00,2020-05-23 20:00:00,2020
A205,8768,18.5,39.7,2020-01-01 00:00:00,2020-12-31 23:00:00,2020
A206,2211,21.7,34.7,2020-01-01 00:00:00,2020-04-09 17:00:00,2020
A207,8784,18.7,37.8,2020-01-01 00:00:00,2020-12-31 23:00:00,2020
A218,1917,21.9,31.4,2020-01-01 00:00:00,2020-03-20 21:00:00,2020
A219,1540,22.3,33.3,2020-01-01 00:00:00,2020-04-22 13:00:00,2020
A220,8409,19.1,38.7,2020-01-01 00:00:00,2020-12-31 23:00:00,2020
A221,8009,17.1,39.4,2020-01-01 00:00:00,2020-12-31 23:00:00,2020
A222,8318,16.6,40.2,2020-01-01 00:00:00,2020-12-31 23:00:00,2020
A223,8784,14.2,41.0,2020-01-01 00:00:00,2020-12-31 23:00:00,2020
A224,8780,13.2,36.0,2020-01-01 00:00:00,2020-12-31 23:00:00,2020
A225,8784,17.1,38.9,2020-01-01 00:00:00,2020-12-31 23:00:00,2020
A237,1255,21.6,35.6,2020-01-01 00:00:00,2020-02-22 06:00:00,2020
A238,2754,21.1,34.6,2020-01-01 00:00:00,2020-04-25 17:00:00,2020
A255,8773,21.1,37.2,2020-01-01 00:00:00,2020-12-31 23:00:00,2020
A310,8783,17.0,33.4,2020-01-01 00:00:00,2020-12-31 23:00:00,2020
A313,8774,17.5,34.4,2020-01-01 00:00:00,2020-12-31 23:00:00,2020
A320,5932,19.8,34.5,2020-01-01 00:00:00,2020-12-31 23:00:00,2020
A321,8784,19.3,38.5,2020-01-01 00:00:00,2020-12-31 23:00:00,2020
A333,8783,15.6,37.7,2020-01-01 00:00:00,2020-12-31 23:00:00,2020
A334,8783,13.8,36.1,2020-01-01 00:00:00,2020-12-31 23:00:00,2020
A348,8784,14.0,37.7,2020-01-01 00:00:00,2020-12-31 23:00:00,2020
A373,1325,21.5,35.6,2020-01-01 06:00:00,2020-04-10 13:00:00,2020
A301,8776,18.3,34.6,2020-01-01 00:00:00,2020-12-31 23:00:00,2020
A307,8784,18.1,37.9,2020-01-01 00:00:00,2020-12-31 23:00:00,2020
A309,7307,14.1,36.7,2020-01-01 00:00:00,2020-12-28 18:00:00,2020
A322,8784,14.4,36.0,2020-01-01 00:00:00,2020-12-31 23:00:00,2020
A328,5978,16.8,35.8,2020-01-01 00:00:00,2020-12-31 18:00:00,2020
A329,8783,16.5,38.8,2020-01-01 00:00:00,2020-12-31 23:00:00,2020
A341,8784,15.9,33.6,2020-01-01 00:00:00,2020-12-31 23:00:00,2020
A349,8784,13.4,38.5,2020-01-01 00:00:00,2020-12-31 23:00:00,2020
A350,8784,16.2,38.0,2020-01-01 00:00:00,2020-12-31 23:00:00,2020
A351,8784,16.1,40.4,2020-01-01 00:00:00,2020-12-31 23:00:00,2020
A357,8783,17.5,44.7,2020-01-01 00:00:00,2020-12-31 23:00:00,2020
A366,6611,15.5,38.1,2020-01-01 11:00:00,2020-12-31 19:00:00,2020
A370,2792,16.9,38.8,2020-01-01 00:00:00,2020-12-31 18:00:00,2020
A308,8585,19.2,38.4,2020-01-01 00:00:00,2020-12-31 23:00:00,2020
A311,2444,22.1,35.6,2020-01-01 00:00:00,2020-04-12 00:00:00,2020
A312,4787,21.1,40.9,2020-01-01 00:00:00,2020-12-31 20:00:00,2020
A326,6984,16.4,41.9,2020-01-01 00:00:00,2020-10-20 14:00:00,2020
A330,7768,19.1,39.9,2020-01-01 00:00:00,2020-12-31 21:00:00,2020
A331,3421,20.0,37.1,2020-01-01 00:00:00,2020-05-22 13:00:00,2020
A335,8783,20.7,41.0,2020-01-01 00:00:00,2020-12-31 23:00:00,2020
A336,8784,17.0,40.9,2020-01-01 00:00:00,2020-12-31 23:00:00,2020
A337,7997,13.2,39.7,2020-01-04 01:00:00,2020-12-31 23:00:00,2020
A343,4486,16.6,37.1,2020-01-01 00:00:00,2020-08-11 17:00:00,2020
A345,4327,19.0,39.8,2020-01-01 00:00:00,2020-12-31 17:00:00,2020
A346,8712,17.7,40.1,2020-01-01 00:00:00,2020-12-31 23:00:00,2020
A354,2290,19.9,37.3,2020-01-01 00:00:00,2020-12-14 11:00:00,2020
A363,8380,18.6,39.1,2020-01-01 00:00:00,2020-12-15 12:00:00,2020
A364,3117,20.2,36.3,2020-01-01 00:00:00,2020-08-02 13:00:00,2020
A365,7728,17.2,39.1,2020-01-01 00:00:00,2020-12-31 23:00:00,2020
A374,3829,14.3,36.5,2020-01-01 00:00:00,2020-09-26 18:00:00,2020
A375,8745,16.9,39.1,2020-01-01 00:00:00,2020-12-31 23:00:00,2020
A376,4574,20.4,36.1,2020-01-01 00:00:00,2020-07-09 13:00:00,2020
A377,8682,16.0,39.8,2020-01-01 00:00:00,2020-12-28 04:00:00,2020
A302,3050,24.4,33.3,2020-01-01 00:00:00,2020-05-14 00:00:00,2020
A304,8143,20.9,33.5,2020-01-01 00:00:00,2020-12-31 23:00:00,2020
A316,5680,21.2,38.8,2020-01-01 00:00:00,2020-12-31 15:00:00,2020
A317,5359,19.9,38.0,2020-01-01 00:00:00,2020-12-03 17:00:00,2020
A318,2122,22.0,34.8,2020-01-01 00:00:00,2020-04-02 16:00:00,2020
A340,7969,19.4,39.0,2020-01-01 00:00:00,2020-12-31 23:00:00,2020
A372,6099,17.5,38.6,2020-01-01 00:00:00,2020-12-31 19:00:00,2020
A409,8784,19.8,35.2,2020-01-01 00:00:00,2020-12-31 23:00:00,2020
A417,3108,20.7,36.7,2020-01-01 00:00:00,2020-12-31 23:00:00,2020
A419,7710,15.1,38.0,2020-01-01 00:00:00,2020-12-31 23:00:00,2020
A420,8784,15.2,38.4,2020-01-01 00:00:00,2020-12-31 23:00:00,2020
A421,4588,21.0,35.6,2020-01-01 00:00:00,2020-08-15 18:00:00,2020
A451,1935,21.8,37.0,2020-01-01 00:00:00,2020-04-04 09:00:00,2020
A453,8784,16.4,38.6,2020-01-01 00:00:00,2020-12-31 23:00:00,2020
A102,8668,11.2,37.6,2020-01-01 00:00:00,2020-12-31 23:00:00,2020
A104,1715,19.4,35.0,2020-01-01 00:00:00,2020-03-12 19:00:00,2020
A108,4259,17.3,43.6,2020-01-01 00:00:00,2020-11-19 17:00:00,2020
A136,2037,21.8,35.8,2020-01-01 00:00:00,2020-11-12 14:00:00,2020
A137,2779,15.1,35.5,2020-03-26 15:00:00,2020-12-20 02:00:00,2020
A138,8742,12.4,37.1,2020-01-01 00:00:00,2020-12-31 23:00:00,2020
A140,2798,14.8,34.9,2020-01-01 00:00:00,2020-04-26 19:00:00,2020
A101,8317,21.6,37.8,2020-01-01 00:00:00,2020-12-31 23:00:00,2020
A109,2837,20.4,35.8,2020-01-01 00:00:00,2020-05-01 20:00:00,2020
A110,204,23.9,35.7,2020-01-01 00:00:00,2020-01-22 19:00:00,2020
A111,8777,12.9,36.9,2020-01-01 00:00:00,2020-12-31 23:00:00,2020
A112,4723,13.4,37.7,2020-01-01 00:00:00,2020-12-27 12:00:00,2020
A113,2687,19.0,36.8,2020-01-01 00:00:00,2020-11-23 22:00:00,2020
A117,294,23.6,34.9,2020-01-01 00:00:00,2020-01-13 05:00:00,2020
A119,4959,22.5,35.4,2020-01-01 00:00:00,2020-12-31 23:00:00,2020
A120,8784,20.0,36.9,2020-01-01 00:00:00,2020-12-31 23:00:00,2020
A121,4805,22.3,43.1,2020-01-01 00:00:00,2020-12-31 23:00:00,2020
A122,3465,22.4,35.1,2020-01-01 00:00:00,2020-05-24 16:00:00,2020
A123,8550,22.3,36.7,2020-01-01 00:00:00,2020-12-22 19:00:00,2020
A124,740,22.7,35.2,2020-01-01 00:00:00,2020-01-31 19:00:00,2020
A125,4951,21.0,37.1,2020-01-01 00:00:00,2020-09-30 13:00:00,2020
A126,5810,18.5,36.8,2020-01-01 12:00:00,2020-12-31 23:00:00,2020
A128,163,22.2,34.2,2020-01-01 00:00:00,2020-01-07 20:00:00,2020
A134,7602,19.2,35.9,2020-01-01 00:00:00,2020-12-31 21:00:00,2020
A144,1176,19.9,37.6,2020-01-02 17:00:00,2020-10-01 19:00:00,2020
A244,8377,21.1,36.1,2020-01-01 14:00:00,2020-12-31 23:00:00,2020
A249,8769,21.6,34.9,2020-01-01 00:00:00,2020-12-31 23:00:00,2020
A201,8413,2.0,35.9,2020-01-01 00:00:00,2020-12-31 23:00:00,2020
A202,8617,21.6,35.7,2020-01-01 00:00:00,2020-12-31 23:00:00,2020
A209,8770,20.6,35.9,2020-01-01 00:00:00,2020-12-31 23:00:00,2020
A210,1986,22.0,33.9,2020-01-01 00:00:00,2020-05-13 21:00:00,2020
A211,1630,21.9,34.7,2020-01-01 00:00:00,2020-03-08 21:00:00,2020
A212,6463,17.8,37.3,2020-01-01 00:00:00,2020-10-22 19:00:00,2020
A213,8538,18.2,37.3,2020-01-01 00:00:00,2020-12-31 23:00:00,2020
A214,8784,16.8,37.4,2020-01-01 00:00:00,2020-12-31 23:00:00,2020
A215,3331,22.8,32.4,2020-01-01 11:00:00,2020-06-08 15:00:00,2020
A216,4606,19.7,35.1,2020-01-01 00:00:00,2020-12-31 23:00:00,2020
A226,8772,18.6,44.4,2020-01-01 00:00:00,2020-12-31 17:00:00,2020
A227,1200,22.4,31.3,2020-01-01 00:00:00,2020-02-19 23:00:00,2020
A228,2660,22.4,34.8,2020-01-01 00:00:00,2020-04-20 19:00:00,2020
A229,8784,21.3,37.0,2020-01-01 00:00:00,2020-12-31 23:00:00,2020
A231,6192,21.7,37.3,2020-01-01 00:00:00,2020-09-15 06:00:00,2020
A232,8784,20.2,37.5,2020-01-01 00:00:00,2020-12-31 23:00:00,2020
A233,8784,15.8,41.0,2020-01-01 00:00:00,2020-12-31 23:00:00,2020
A234,6947,16.5,38.7,2020-01-01 00:00:00,2020-12-21 15:00:00,2020
A235,8784,19.2,36.3,2020-01-01 00:00:00,2020-12-31 23:00:00,2020
A236,6681,21.8,36.0,2020-01-01 00:00:00,2020-10-07 14:00:00,2020
A239,6168,21.6,35.9,2020-01-01 12:00:00,2020-12-12 12:00:00,2020
A240,5471,17.8,36.9,2020-01-01 00:00:00,2020-12-31 23:00:00,2020
A241,7421,13.7,40.3,2020-01-01 00:00:00,2020-12-31 23:00:00,2020
A246,5050,20.3,34.5,2020-01-01 00:00:00,2020-07-29 16:00:00,2020
A247,6711,15.6,38.4,2020-01-01 00:00:00,2020-12-31 23:00:00,2020
A248,8161,20.3,36.4,2020-01-01 00:00:00,2020-12-31 23:00:00,2020
A250,522,22.8,31.0,2020-01-01 00:00:00,2020-01-22 17:00:00,2020
A252,8784,18.5,36.1,2020-01-01 00:00:00,2020-12-31 23:00:00,2020
A253,1417,21.3,33.1,2020-01-01 00:00:00,2020-02-29 00:00:00,2020
A254,8764,17.3,39.5,2020-01-01 00:00:00,2020-12-31 23:00:00,2020
A938,8784,8.3,36.9,2020-01-01 00:00:00,2020-12-31 23:00:00,2020
A939,8784,11.9,39.7,2020-01-01 00:00:00,2020-12-31 23:00:00,2020
A940,3735,16.3,38.2,2020-01-01 00:00:00,2020-08-19 20:00:00,2020
A135,6249,21.1,38.0,2020-01-01 00:00:00,2020-12-31 21:00:00,2020
A009,8608,18.2,41.0,2020-01-01 00:00:00,2020-12-31 23:00:00,2020
A010,8715,12.6,41.5,2020-01-01 00:00:00,2020-12-31 23:00:00,2020
A018,8218,16.2,41.1,2020-01-01 00:00:00,2020-12-31 23:00:00,2020
A019,3098,18.7,36.7,2020-01-01 00:00:00,2020-06-23 03:00:00,2020
A020,8784,17.0,40.6,2020-01-01 00:00:00,2020-12-31 23:00:00,2020
A021,3321,20.8,36.2,2020-01-01 00:00:00,2020-05-19 00:00:00,2020
A038,8722,16.0,38.5,2020-01-01 00:00:00,2020-12-31 23:00:00,2020
A039,8784,16.1,41.2,2020-01-01 00:00:00,2020-12-31 23:00:00,2020
A040,3756,15.3,35.2,2020-01-01 00:00:00,2020-06-07 16:00:00,2020
A041,8144,13.9,40.0,2020-01-01 00:00:00,2020-12-31 22:00:00,2020
A043,5585,17.9,38.7,2020-01-01 00:00:00,2020-11-29 13:00:00,2020
A044,3754,18.8,37.0,2020-01-03 13:00:00,2020-12-31 23:00:00,2020
A048,7495,15.3,38.3,2020-01-01 00:00:00,2020-12-31 22:00:00,2020
A049,8761,14.1,38.7,2020-01-01 00:00:00,2020-12-31 23:00:00,2020
A050,8734,14.6,39.8,2020-01-01 00:00:00,2020-12-31 23:00:00,2020
A051,5952,17.4,41.2,2020-01-01 00:00:00,2020-12-25 19:00:00,2020
A052,8729,15.0,40.6,2020-01-01 00:00:00,2020-12-31 23:00:00,2020
A053,6757,15.0,38.8,2020-01-01 00:00:00,2020-10-28 13:00:00,2020
A054,8058,13.3,41.7,2020-01-01 00:00:00,2020-12-01 17:00:00,2020
A055,8723,13.4,41.2,2020-01-01 00:00:00,2020-12-31 23:00:00,2020
A612,5628,15.9,37.2,2020-01-01 00:00:00,2020-12-31 23:00:00,2020
A613,8784,9.5,31.9,2020-01-01 00:00:00,2020-12-31 23:00:00,2020
A614,8781,15.3,37.0,2020-01-01 00:00:00,2020-12-31 23:00:00,2020
A615,5459,17.6,37.1,2020-01-01 00:00:00,2020-12-31 23:00:00,2020
A616,8775,13.8,37.8,2020-01-01 00:00:00,2020-12-31 23:00:00,2020
A617,4086,14.5,41.5,2020-01-01 00:00:00,2020-12-31 23:00:00,2020
A622,4884,17.1,37.3,2020-01-01 00:00:00,2020-12-31 23:00:00,2020
A623,7183,13.7,37.9,2020-01-01 00:00:00,2020-12-31 19:00:00,2020
A631,4888,13.6,39.1,2020-01-01 00:00:00,2020-12-31 20:00:00,2020
A632,8766,11.0,38.0,2020-01-01 00:00:00,2020-12-31 23:00:00,2020
A633,6415,9.9,36.5,2020-01-01 00:00:00,2020-12-31 23:00:00,2020
A634,8241,14.7,36.0,2020-01-01 11:00:00,2020-12-31 23:00:00,2020
A657,2723,11.8,34.1,2020-01-01 00:00:00,2020-07-05 00:00:00,2020
A502,8776,6.9,34.6,2020-01-01 00:00:00,2020-12-31 23:00:00,2020
A505,8766,10.5,37.2,2020-01-01 00:00:00,2020-12-31 23:00:00,2020
A506,8782,10.8,40.7,2020-01-01 00:00:00,2020-12-31 23:00:00,2020
A507,8783,9.3,38.5,2020-01-01 00:00:00,2020-12-31 23:00:00,2020
A508,5629,17.8,39.9,2020-01-01 00:00:00,2020-12-31 23:00:00,2020
A509,8782,-1.5,31.0,2020-01-01 00:00:00,2020-12-31 23:00:00,2020
A510,8783,6.5,38.2,2020-01-01 00:00:00,2020-12-31 23:00:00,2020
A511,8782,11.6,38.5,2020-01-01 00:00:00,2020-12-31 23:00:00,2020
A512,1449,10.3,41.7,2020-01-01 00:00:00,2020-12-31 23:00:00,2020
A513,8784,8.1,36.1,2020-01-01 00:00:00,2020-12-31 23:00:00,2020
A514,6876,6.2,37.8,2020-01-01 00:00:00,2020-12-31 23:00:00,2020
A515,8783,5.8,36.1,2020-01-01 00:00:00,2020-12-31 23:00:00,2020
A516,7076,10.3,39.3,2020-01-01 00:00:00,2020-12-31 23:00:00,2020
A517,8782,11.0,38.9,2020-01-01 00:00:00,2020-12-31 23:00:00,2020
A518,8783,9.7,34.4,2020-01-01 00:00:00,2020-12-31 23:00:00,2020
A519,8783,8.2,41.3,2020-01-01 00:00:00,2020-12-31 23:00:00,2020
A520,8784,7.7,41.2,2020-01-01 00:00:00,2020-12-31 23:00:00,2020
A521,8690,9.2,38.4,2020-01-01 00:00:00,2020-12-31 23:00:00,2020
A522,8318,11.6,37.9,2020-01-01 00:00:00,2020-12-12 15:00:00,2020
A523,8784,4.9,37.5,2020-01-01 00:00:00,2020-12-31 23:00:00,2020
A524,8783,7.1,37.8,2020-01-01 00:00:00,2020-12-31 23:00:00,2020
A525,8782,6.0,42.5,2020-01-01 00:00:00,2020-12-31 23:00:00,2020
A526,8730,6.8,41.3,2020-01-01 00:00:00,2020-12-31 23:00:00,2020
A527,8722,11.2,38.0,2020-01-01 00:00:00,2020-12-31 23:00:00,2020
A528,8463,10.9,38.1,2020-01-01 00:00:00,2020-12-31 23:00:00,2020
A529,8782,4.8,36.2,2020-01-01 00:00:00,2020-12-31 23:00:00,2020
A530,8784,-0.1,35.1,2020-01-01 00:00:00,2020-12-31 23:00:00,2020
A531,8784,-1.1,32.1,2020-01-01 00:00:00,2020-12-31 23:00:00,2020
A532,8063,10.6,40.5,2020-01-01 00:00:00,2020-12-31 23:00:00,2020
A533,8712,7.1,38.3,2020-01-01 00:00:00,2020-12-31 23:00:00,2020
A534,2691,16.1,36.4,2020-01-01 13:00:00,2020-05-11 14:00:00,2020
A535,8784,4.9,38.2,2020-01-01 00:00:00,2020-12-31 23:00:00,2020
A536,8784,8.8,39.6,2020-01-01 00:00:00,2020-12-31 23:00:00,2020
A537,8783,8.3,33.0,2020-01-01 00:00:00,2020-12-31 23:00:00,2020
A538,8784,7.3,40.5,2020-01-01 00:00:00,2020-12-31 23:00:00,2020
A539,8783,11.9,40.9,2020-01-01 00:00:00,2020-12-31 23:00:00,2020
A540,8596,11.8,38.9,2020-01-01 00:00:00,2020-12-31 23:00:00,2020
A541,7631,7.4,36.2,2020-01-01 00:00:00,2020-12-31 23:00:00,2020
A542,8433,10.3,41.3,2020-01-01 00:00:00,2020-12-31 23:00:00,2020
A544,8777,11.2,40.1,2020-01-01 00:00:00,2020-12-31 23:00:00,2020
A545,8741,9.2,41.2,2020-01-01 00:00:00,2020-12-31 23:00:00,2020
A546,8784,9.5,37.6,2020-01-01 00:00:00,2020-12-31 23:00:00,2020
A547,4204,15.3,43.1,2020-01-01 00:00:00,2020-12-31 23:00:00,2020
A548,8720,11.9,38.4,2020-01-01 00:00:00,2020-12-31 23:00:00,2020
A549,6892,7.7,40.3,2020-01-01 00:00:00,2020-12-31 23:00:00,2020
A550,8762,12.3,42.5,2020-01-01 00:00:00,2020-12-31 23:00:00,2020
A551,8784,6.6,38.2,2020-01-01 00:00:00,2020-12-31 23:00:00,2020
A552,6519,10.7,42.1,2020-01-01 00:00:00,2020-12-31 23:00:00,2020
A553,8684,10.6,37.8,2020-01-01 00:00:00,2020-12-31 23:00:00,2020
A554,3801,14.0,40.2,2020-01-01 00:00:00,2020-12-31 23:00:00,2020
A555,8754,10.6,35.2,2020-01-01 00:00:00,2020-12-31 23:00:00,2020
A556,7396,6.4,36.4,2020-01-01 00:00:00,2020-12-14 20:00:00,2020
A557,8416,9.9,40.4,2020-01-01 00:00:00,2020-12-31 23:00:00,2020
A559,8730,11.2,41.3,2020-01-01 00:00:00,2020-12-31 23:00:00,2020
A561,8783,3.2,38.4,2020-01-01 00:00:00,2020-12-31 23:00:00,2020
A562,6018,9.0,38.9,2020-01-01 00:00:00,2020-12-31 23:00:00,2020
A563,6926,11.9,41.3,2020-01-01 00:00:00,2020-12-31 23:00:00,2020
A564,8780,6.4,38.1,2020-01-01 00:00:00,2020-12-31 23:00:00,2020
A565,8750,4.8,38.8,2020-01-01 00:00:00,2020-12-31 23:00:00,2020
A566,7075,11.3,42.3,2020-01-01 00:00:00,2020-12-31 23:00:00,2020
A567,8765,8.5,36.4,2020-01-01 00:00:00,2020-12-31 23:00:00,2020
A568,8715,6.9,39.2,2020-01-01 00:00:00,2020-12-31 23:00:00,2020
A569,6189,8.0,37.0,2020-01-01 00:00:00,2020-12-31 23:00:00,2020
A570,7962,7.8,35.6,2020-01-01 00:00:00,2020-12-31 23:00:00,2020
A571,7777,11.3,40.2,2020-01-01 00:00:00,2020-12-31 23:00:00,2020
F501,8767,8.8,35.3,2020-01-01 00:00:00,2020-12-31 23:00:00,2020
A601,8784,12.2,40.3,2020-01-01 00:00:00,2020-12-31 23:00:00,2020
A602,8463,13.6,41.4,2020-01-01 00:00:00,2020-12-31 23:00:00,2020
A603,8784,10.6,41.1,2020-01-01 00:00:00,2020-12-31 23:00:00,2020
A604,5694,10.0,37.7,2020-01-01 00:00:00,2020-08-25 05:00:00,2020
A606,8726,16.7,32.6,2020-01-01 00:00:00,2020-12-31 23:00:00,2020
A607,8784,13.1,37.8,2020-01-01 00:00:00,2020-12-31 23:00:00,2020
A608,8783,12.3,38.3,2020-01-01 00:00:00,2020-12-31 23:00:00,2020
A609,8784,7.6,38.1,2020-01-01 00:00:00,2020-12-31 23:00:00,2020
A610,1208,11.6,25.9,2020-01-01 00:00:00,2020-03-01 11:00:00,2020
A611,365,20.1,36.1,2020-01-01 00:00:00,2020-01-16 04:00:00,2020
A618,8782,6.6,32.7,2020-01-01 00:00:00,2020-12-31 23:00:00,2020
A619,8637,11.2,38.8,2020-01-01 00:00:00,2020-12-31 21:00:00,2020
A620,8397,15.3,35.7,2020-01-01 00:00:00,2020-12-31 21:00:00,2020
A621,7820,11.6,40.6,2020-01-01 00:00:00,2020-12-31 23:00:00,2020
A624,8784,2.7,32.4,2020-01-01 00:00:00,2020-12-31 23:00:00,2020
A625,8784,8.4,38.7,2020-01-01 00:00:00,2020-12-31 23:00:00,2020
A626,7798,7.9,38.3,2020-01-01 00:00:00,2020-12-31 23:00:00,2020
A627,8777,14.3,41.0,2020-01-01 00:00:00,2020-12-31 23:00:00,2020
A628,2743,17.4,37.4,2020-01-01 00:00:00,2020-04-24 08:00:00,2020
A629,8784,8.1,39.6,2020-01-01 00:00:00,2020-12-31 23:00:00,2020
A630,8769,8.0,35.4,2020-01-01 00:00:00,2020-12-31 23:00:00,2020
A635,8771,-6.3,23.6,2020-01-01 00:00:00,2020-12-31 23:00:00,2020
A636,8252,12.5,39.8,2020-01-01 00:00:00,2020-12-31 23:00:00,2020
A652,8311,16.4,37.9,2020-01-01 00:00:00,2020-12-31 23:00:00,2020
A659,8781,10.2,39.5,2020-01-01 00:00:00,2020-12-31 23:00:00,2020
A667,6210,12.7,37.3,2020-01-01 00:00:00,2020-12-31 20:00:00,2020
A701,8783,8.4,37.4,2020-01-01 00:00:00,2020-12-31 23:00:00,2020
A705,8784,6.4,41.6,2020-01-01 00:00:00,2020-12-31 23:00:00,2020
A706,8159,0.0,30.3,2020-01-01 00:00:00,2020-12-06 03:00:00,2020
A707,8781,7.8,41.8,2020-01-01 00:00:00,2020-12-31 23:00:00,2020
A708,8778,8.0,37.9,2020-01-01 00:00:00,2020-12-31 23:00:00,2020
A711,8783,5.1,38.7,2020-01-01 00:00:00,2020-12-31 23:00:00,2020
A712,8784,7.6,41.2,2020-01-01 00:00:00,2020-12-31 23:00:00,2020
A713,8166,5.2,39.1,2020-01-01 00:00:00,2020-12-31 23:00:00,2020
A714,8008,5.1,37.5,2020-01-01 00:00:00,2020-12-31 23:00:00,2020
A715,8770,4.8,39.0,2020-01-01 00:00:00,2020-12-31 23:00:00,2020
A716,5572,4.9,36.5,2020-01-01 00:00:00,2020-08-20 03:00:00,2020
A718,8784,2.6,41.4,2020-01-01 00:00:00,2020-12-31 23:00:00,2020
A725,4493,7.3,38.1,2020-01-01 00:00:00,2020-12-31 17:00:00,2020
A726,3698,5.8,34.2,2020-01-01 00:00:00,2020-11-20 14:00:00,2020
A727,8644,7.5,43.5,2020-01-01 00:00:00,2020-12-26 04:00:00,2020
A728,8784,5.2,38.6,2020-01-01 00:00:00,2020-12-31 23:00:00,2020
A729,8783,7.4,42.1,2020-01-01 00:00:00,2020-12-31 23:00:00,2020
A733,6643,9.0,42.0,2020-01-01 00:00:00,2020-12-31 23:00:00,2020
A734,7075,6.0,40.8,2020-01-01 00:00:00,2020-12-31 23:00:00,2020
A735,2578,10.9,36.3,2020-01-01 00:00:00,2020-05-18 18:00:00,2020
A736,3334,5.6,41.6,2020-02-16 11:00:00,2020-12-31 18:00:00,2020
A737,8784,5.3,42.6,2020-01-01 00:00:00,2020-12-31 23:00:00,2020
A738,4215,8.0,34.2,2020-01-01 00:00:00,2020-06-24 14:00:00,2020
A739,3280,8.5,34.9,2020-01-01 00:00:00,2020-05-16 15:00:00,2020
A740,8576,3.6,36.2,2020-01-01 00:00:00,2020-12-31 22:00:00,2020
A741,5087,11.3,41.5,2020-01-01 00:00:00,2020-12-31 17:00:00,2020
A744,8761,7.0,37.3,2020-01-01 00:00:00,2020-12-31 23:00:00,2020
A747,8784,4.6,40.9,2020-01-01 00:00:00,2020-12-31 23:00:00,2020
A748,8783,5.6,42.9,2020-01-01 00:00:00,2020-12-31 23:00:00,2020
A753,7503,3.8,41.4,2020-01-01 00:00:00,2020-12-30 15:00:00,2020
A755,8784,7.4,37.4,2020-01-01 00:00:00,2020-12-31 23:00:00,2020
A762,6661,8.3,42.4,2020-01-01 00:00:00,2020-12-31 23:00:00,2020
A763,8784,5.9,40.6,2020-01-01 00:00:00,2020-12-31 23:00:00,2020
A764,2661,16.2,35.5,2020-01-01 00:00:00,2020-04-23 11:00:00,2020
A765,1564,16.5,36.2,2020-01-01 17:00:00,2020-12-31 17:00:00,2020
A766,1251,11.0,42.8,2020-01-01 15:00:00,2020-12-31 16:00:00,2020
A767,5307,14.6,40.0,2020-01-01 00:00:00,2020-12-31 16:00:00,2020
A768,8730,6.9,41.5,2020-01-01 00:00:00,2020-12-31 23:00:00,2020
A769,7241,5.1,39.9,2020-01-01 00:00:00,2020-10-28 20:00:00,2020
A770,8750,5.1,40.3,2020-01-01 00:00:00,2020-12-31 23:00:00,2020
A771,8782,8.1,38.0,2020-01-01 00:00:00,2020-12-31 23:00:00,2020
C891,7217,-51.2,-7.5,2020-01-01 00:00:00,2020-12-31 23:00:00,2020
A807,8565,6.7,35.5,2020-01-01 00:00:00,2020-12-31 23:00:00,2020
A818,8574,2.6,36.5,2020-01-01 00:00:00,2020-12-31 15:00:00,2020
A819,8779,0.0,35.3,2020-01-01 00:00:00,2020-12-31 23:00:00,2020
A820,8098,3.5,38.1,2020-01-01 00:00:00,2020-12-31 23:00:00,2020
A821,7214,4.3,39.2,2020-01-01 00:00:00,2020-12-31 22:00:00,2020
A822,4400,3.4,34.4,2020-01-01 02:00:00,2020-08-22 19:00:00,2020
A823,8784,-0.1,33.4,2020-01-01 00:00:00,2020-12-31 23:00:00,2020
A824,5479,5.8,36.3,2020-01-01 00:00:00,2020-09-10 16:00:00,2020
A825,5572,5.0,36.4,2020-01-01 00:00:00,2020-08-20 03:00:00,2020
A835,8783,6.4,40.4,2020-01-01 00:00:00,2020-12-31 23:00:00,2020
A842,4949,5.7,35.8,2020-01-01 00:00:00,2020-09-22 20:00:00,2020
A843,6722,2.0,38.0,2020-01-01 00:00:00,2020-12-26 19:00:00,2020
A846,2808,9.9,37.4,2020-01-01 01:00:00,2020-09-29 18:00:00,2020
A849,8227,6.5,41.3,2020-01-01 00:00:00,2020-12-31 23:00:00,2020
A850,8652,6.8,42.1,2020-01-01 00:00:00,2020-12-31 23:00:00,2020
A855,8261,2.9,40.2,2020-01-01 00:00:00,2020-12-31 23:00:00,2020
A869,8736,5.5,42.3,2020-01-01 00:00:00,2020-12-31 23:00:00,2020
A871,8778,4.4,37.9,2020-01-01 00:00:00,2020-12-31 23:00:00,2020
A872,464,14.1,29.4,2020-01-01 00:00:00,2020-01-20 07:00:00,2020
A873,8484,6.3,42.9,2020-01-01 00:00:00,2020-12-31 16:00:00,2020
A874,8784,-2.3,36.6,2020-01-01 00:00:00,2020-12-31 23:00:00,2020
A875,8784,-5.2,35.1,2020-01-01 00:00:00,2020-12-31 23:00:00,2020
A876,7757,-1.0,35.1,2020-01-01 00:00:00,2020-12-31 23:00:00,2020
B803,1096,12.8,37.8,2020-01-01 11:00:00,2020-04-20 01:00:00,2020
B804,8137,0.1,36.6,2020-01-01 00:00:00,2020-12-31 23:00:00,2020
B806,8337,0.5,34.7,2020-01-01 00:00:00,2020-12-31 23:00:00,2020
A801,8780,3.1,38.4,2020-01-01 00:00:00,2020-12-31 23:00:00,2020
A802,8784,1.9,36.0,2020-01-01 00:00:00,2020-12-31 23:00:00,2020
A803,7160,-1.1,40.4,2020-01-01 00:00:00,2020-12-31 23:00:00,2020
A804,6980,-0.1,37.9,2020-01-01 00:00:00,2020-11-02 02:00:00,2020
A805,8774,1.1,37.5,2020-01-01 00:00:00,2020-12-31 23:00:00,2020
A808,7366,3.6,33.8,2020-01-01 00:00:00,2020-12-30 22:00:00,2020
A809,8123,1.2,39.6,2020-01-01 00:00:00,2020-12-31 23:00:00,2020
A810,8172,-1.4,39.9,2020-01-01 00:00:00,2020-12-31 23:00:00,2020
A811,3248,6.1,38.4,2020-01-01 00:00:00,2020-05-15 07:00:00,2020
A812,8779,1.6,36.7,2020-01-01 00:00:00,2020-12-31 23:00:00,2020
A813,8784,1.3,40.6,2020-01-01 00:00:00,2020-12-31 23:00:00,2020
A826,8777,-1.8,40.0,2020-01-01 00:00:00,2020-12-31 23:00:00,2020
A827,8634,2.2,39.3,2020-01-01 00:00:00,2020-12-30 01:00:00,2020
A828,8760,-0.8,35.0,2020-01-01 00:00:00,2020-12-31 23:00:00,2020
A829,8784,-4.0,35.7,2020-01-01 00:00:00,2020-12-31 23:00:00,2020
A830,6991,2.0,40.5,2020-01-01 00:00:00,2020-12-31 23:00:00,2020
A831,8679,-3.6,39.9,2020-01-01 00:00:00,2020-12-31 23:00:00,2020
A832,8784,-1.4,39.7,2020-01-01 00:00:00,2020-12-31 23:00:00,2020
A833,6417,0.7,38.2,2020-01-01 00:00:00,2020-12-31 23:00:00,2020
A834,8784,5.4,33.8,2020-01-01 00:00:00,2020-12-31 23:00:00,2020
A836,8223,0.0,36.9,2020-01-01 00:00:00,2020-12-30 18:00:00,2020
A837,6889,-0.7,36.2,2020-01-01 00:00:00,2020-12-31 23:00:00,2020
A838,8663,2.3,38.7,2020-01-01 00:00:00,2020-12-31 23:00:00,2020
A839,8263,-0.9,35.6,2020-01-01 00:00:00,2020-12-31 23:00:00,2020
A840,7511,-0.8,34.8,2020-01-01 00:00:00,2020-11-16 08:00:00,2020
A844,8774,-1.0,33.7,2020-01-01 00:00:00,2020-12-31 23:00:00,2020
A852,8757,1.0,40.6,2020-01-01 00:00:00,2020-12-31 23:00:00,2020
A853,8775,-1.7,38.8,2020-01-01 00:00:00,2020-12-31 23:00:00,2020
A854,8567,0.1,36.0,2020-01-01 00:00:00,2020-12-23 14:00:00,2020
A856,8780,-0.5,36.8,2020-01-01 00:00:00,2020-12-31 23:00:00,2020
A878,4076,6.3,35.2,2020-01-01 02:00:00,2020-06-20 15:00:00,2020
A879,8776,-1.7,32.1,2020-01-01 00:00:00,2020-12-31 23:00:00,2020
A880,7637,-2.9,32.6,2020-01-01 00:00:00,2020-12-31 23:00:00,2020
A881,7862,-2.0,39.8,2020-01-01 00:00:00,2020-12-17 15:00:00,2020
A882,8781,0.5,40.2,2020-01-01 00:00:00,2020-12-31 23:00:00,2020
A883,8784,-0.8,38.0,2020-01-01 00:00:00,2020-12-31 23:00:00,2020
A884,8783,0.1,39.9,2020-01-01 00:00:00,2020-12-31 23:00:00,2020
A886,8784,-1.1,37.6,2020-01-01 00:00:00,2020-12-31 23:00:00,2020
A887,8778,1.3,37.7,2020-01-01 00:00:00,2020-12-31 23:00:00,2020
A889,6550,-0.2,39.8,2020-01-01 00:00:00,2020-12-31 23:00:00,2020
A893,8780,1.3,37.7,2020-01-01 00:00:00,2020-12-31 23:00:00,2020
A894,8784,-3.2,36.9,2020-01-01 00:00:00,2020-12-31 23:00:00,2020
A897,8303,-2.8,31.7,2020-01-01 00:00:00,2020-12-31 23:00:00,2020
A899,8784,1.9,35.8,2020-01-01 00:00:00,2020-12-31 23:00:00,2020
A806,8779,6.8,34.6,2020-01-01 00:00:00,2020-12-31 23:00:00,2020
A814,8208,2.3,38.1,2020-01-01 00:00:00,2020-12-31 23:00:00,2020
A815,8779,-4.9,29.4,2020-01-01 00:00:00,2020-12-31 23:00:00,2020
A816,3949,-1.3,30.9,2020-01-01 00:00:00,2020-12-31 23:00:00,2020
A817,8746,3.6,38.3,2020-01-01 00:00:00,2020-12-31 23:00:00,2020
A841,8266,1.9,36.8,2020-01-01 00:00:00,2020-12-31 23:00:00,2020
A845,8775,-8.2,25.7,2020-01-01 00:00:00,2020-12-31 23:00:00,2020
A848,8784,-0.6,34.8,2020-01-01 00:00:00,2020-12-31 23:00:00,2020
A851,8351,4.3,34.1,2020-01-01 00:00:00,2020-12-31 23:00:00,2020
A857,3490,8.7,34.5,2020-01-01 00:00:00,2020-12-29 00:00:00,2020
A858,8784,-0.6,34.7,2020-01-01 00:00:00,2020-12-31 23:00:00,2020
A859,8730,0.7,34.8,2020-01-01 00:00:00,2020-12-31 23:00:00,2020
A860,8784,-1.6,34.5,2020-01-01 00:00:00,2020-12-31 23:00:00,2020
A861,3973,-0.8,33.9,2020-01-01 02:00:00,2020-12-31 23:00:00,2020
A862,8784,-2.4,36.2,2020-01-01 00:00:00,2020-12-31 23:00:00,2020
A863,8784,1.3,35.5,2020-01-01 00:00:00,2020-12-31 23:00:00,2020
A864,8784,-2.3,34.4,2020-01-01 00:00:00,2020-12-31 23:00:00,2020
A865,4987,-1.7,32.2,2020-01-01 01:00:00,2020-12-31 18:00:00,2020
A866,8710,7.0,29.8,2020-01-01 00:00:00,2020-12-31 23:00:00,2020
A867,8775,4.1,35.6,2020-01-01 00:00:00,2020-12-31 23:00:00,2020
A868,7272,4.5,36.1,2020-01-01 00:00:00,2020-10-30 00:00:00,2020
A870,3571,3.1,30.9,2020-01-31 05:00:00,2020-12-31 23:00:00,2020
A895,8776,1.7,36.8,2020-01-01 00:00:00,2020-12-31 23:00:00,2020
A898,8776,-1.3,34.8,2020-01-01 00:00:00,2020-12-31 23:00:00,2020
A001,8757,8.6,35.4,2021-01-01 00:00:00,2021-12-31 23:00:00,2021
A042,8577,8.6,34.7,2021-01-01 00:00:00,2021-12-31 23:00:00,2021
A045,8553,6.6,37.1,2021-01-01 00:00:00,2021-12-31 23:00:00,2021
A046,8759,6.4,37.0,2021-01-01 00:00:00,2021-12-31 23:00:00,2021
A047,8555,8.1,36.6,2021-01-01 00:00:00,2021-12-31 23:00:00,2021
A002,8622,7.4,39.7,2021-01-01 00:00:00,2021-12-31 23:00:00,2021
A003,6887,5.3,36.2,2021-01-01 00:00:00,2021-12-31 23:00:00,2021
A005,3880,19.8,40.7,2021-03-23 18:00:00,2021-12-31 23:00:00,2021
A011,4180,7.6,41.2,2021-01-01 13:00:00,2021-12-31 23:00:00,2021
A012,8759,7.6,36.4,2021-01-01 00:00:00,2021-12-31 23:00:00,2021
A013,1915,20.5,42.6,2021-01-26 14:00:00,2021-12-31 23:00:00,2021
A014,8695,10.5,43.1,2021-01-02 01:00:00,2021-12-31 23:00:00,2021
A015,8759,9.8,38.8,2021-01-01 00:00:00,2021-12-31 23:00:00,2021
A016,8747,1.1,40.0,2021-01-01 00:00:00,2021-12-31 23:00:00,2021
A017,8241,15.9,37.6,2021-01-01 00:00:00,2021-12-10 08:00:00,2021
A022,5666,12.1,38.4,2021-01-01 12:00:00,2021-12-31 23:00:00,2021
A023,4964,8.6,39.8,2021-01-01 12:00:00,2021-12-31 23:00:00,2021
A024,8716,10.0,34.5,2021-01-01 00:00:00,2021-12-31 17:00:00,2021
A025,3506,2.1,39.7,2021-02-14 16:00:00,2021-12-31 23:00:00,2021
A026,6015,3.0,33.1,2021-01-01 00:00:00,2021-12-31 23:00:00,2021
A027,8760,7.0,40.5,2021-01-01 00:00:00,2021-12-31 23:00:00,2021
A028,5617,13.6,35.0,2021-01-01 00:00:00,2021-12-31 23:00:00,2021
A029,6386,6.5,40.4,2021-01-01 12:00:00,2021-12-31 23:00:00,2021
A031,4632,18.4,40.6,2021-01-04 19:00:00,2021-12-31 23:00:00,2021
A032,8413,15.2,39.0,2021-01-01 00:00:00,2021-12-31 23:00:00,2021
A033,8760,7.2,39.5,2021-01-01 00:00:00,2021-12-31 23:00:00,2021
A034,8760,7.6,38.0,2021-01-01 00:00:00,2021-12-31 23:00:00,2021
A035,4176,5.8,39.2,2021-01-01 11:00:00,2021-12-31 23:00:00,2021
A036,8759,7.2,35.5,2021-01-01 00:00:00,2021-12-31 23:00:00,2021
A037,8760,5.7,37.8,2021-01-01 00:00:00,2021-12-31 23:00:00,2021
A056,8001,7.3,37.5,2021-01-01 00:00:00,2021-12-31 23:00:00,2021
A702,8691,7.8,39.3,2021-01-01 00:00:00,2021-12-31 23:00:00,2021
A703,8606,2.1,37.6,2021-01-01 00:00:00,2021-12-31 23:00:00,2021
A704,8759,5.1,43.1,2021-01-01 00:00:00,2021-12-31 23:00:00,2021
A709,4677,3.8,39.5,2021-01-01 00:00:00,2021-12-31 22:00:00,2021
A710,1296,18.2,37.3,2021-10-17 14:00:00,2021-12-25 01:00:00,2021
A719,700,4.9,36.9,2021-01-01 00:00:00,2021-07-02 15:00:00,2021
A720,8539,2.7,42.4,2021-01-01 00:00:00,2021-12-31 23:00:00,2021
A721,255,4.3,33.0,2021-06-27 15:00:00,2021-08-07 16:00:00,2021
A722,1025,7.3,35.1,2021-01-01 00:00:00,2021-07-22 04:00:00,2021
A723,1297,9.1,41.3,2021-01-03 13:00:00,2021-12-01 23:00:00,2021
A724,6878,5.8,43.9,2021-01-01 00:00:00,2021-11-06 17:00:00,2021
A730,399,19.0,33.5,2021-10-18 15:00:00,2021-12-07 19:00:00,2021
A731,141,12.8,37.8,2021-08-19 18:00:00,2021-08-25 14:00:00,2021
A732,713,19.0,34.2,2021-01-01 00:00:00,2021-04-09 20:00:00,2021
A742,7482,0.7,41.6,2021-01-01 00:00:00,2021-12-30 18:00:00,2021
A743,8536,-2.0,41.6,2021-01-01 00:00:00,2021-12-31 23:00:00,2021
A751,487,19.1,33.8,2021-01-01 00:00:00,2021-02-11 15:00:00,2021
A752,6674,6.7,40.1,2021-01-01 00:00:00,2021-12-31 23:00:00,2021
A754,6548,-0.1,40.3,2021-01-01 00:00:00,2021-12-31 06:00:00,2021
A756,8760,-0.1,43.2,2021-01-01 00:00:00,2021-12-31 23:00:00,2021
A757,3659,-1.9,36.4,2021-01-15 13:00:00,2021-07-19 05:00:00,2021
A758,5214,9.4,41.2,2021-01-01 11:00:00,2021-12-31 23:00:00,2021
A760,8758,4.8,38.9,2021-01-01 00:00:00,2021-12-31 23:00:00,2021
S701,8063,2.8,40.3,2021-01-01 00:00:00,2021-12-31 15:00:00,2021
S702,7992,2.0,37.8,2021-01-01 00:00:00,2021-12-15 16:00:00,2021
S704,4412,7.9,37.2,2021-01-01 00:00:00,2021-11-19 16:00:00,2021
S706,3039,7.1,38.8,2021-01-01 00:00:00,2021-06-13 20:00:00,2021
S707,1654,15.3,40.8,2021-08-12 19:00:00,2021-12-31 23:00:00,2021
S708,1,28.0,28.0,2021-12-07 13:00:00,2021-12-07 13:00:00,2021
S709,5477,-0.4,39.4,2021-01-01 00:00:00,2021-12-29 20:00:00,2021
S710,7720,3.0,42.7,2021-01-01 00:00:00,2021-11-18 15:00:00,2021
S711,4858,1.0,40.2,2021-01-01 00:00:00,2021-12-31 23:00:00,2021
S712,5606,2.5,40.3,2021-01-01 10:00:00,2021-12-31 23:00:00,2021
S713,3833,10.9,41.7,2021-01-02 09:00:00,2021-12-28 13:00:00,2021
S714,3557,3.5,32.5,2021-01-01 01:00:00,2021-12-31 23:00:00,2021
S715,7079,1.4,41.6,2021-01-01 00:00:00,2021-12-31 23:00:00,2021
S716,7269,0.0,41.6,2021-01-01 00:00:00,2021-12-31 23:00:00,2021
A901,8341,8.5,42.6,2021-01-01 00:00:00,2021-12-31 22:00:00,2021
A903,1987,18.8,36.7,2021-01-01 00:00:00,2021-03-24 18:00:00,2021
A905,1974,17.9,34.3,2021-01-01 00:00:00,2021-11-08 17:00:00,2021
A907,6637,4.2,42.7,2021-01-01 00:00:00,2021-10-15 01:00:00,2021
A908,1561,20.0,35.3,2021-01-01 11:00:00,2021-07-27 17:00:00,2021
A909,7392,3.1,39.0,2021-01-01 00:00:00,2021-11-18 05:00:00,2021
A910,681,21.2,34.3,2021-01-01 11:00:00,2021-05-10 17:00:00,2021
A911,5870,7.4,36.4,2021-01-01 00:00:00,2021-09-06 17:00:00,2021
A912,7516,6.9,37.5,2021-01-01 00:00:00,2021-12-31 23:00:00,2021
A913,381,18.1,31.2,2021-01-01 11:00:00,2021-01-19 22:00:00,2021
A920,7813,9.4,36.5,2021-01-01 00:00:00,2021-12-26 13:00:00,2021
A921,5685,14.8,41.6,2021-01-01 00:00:00,2021-08-31 17:00:00,2021
A923,675,19.1,34.1,2021-01-01 00:00:00,2021-02-01 20:00:00,2021
A926,57,23.8,32.4,2021-01-01 13:00:00,2021-01-11 16:00:00,2021
A930,400,23.5,36.8,2021-01-01 12:00:00,2021-03-25 17:00:00,2021
A931,40,23.4,32.0,2021-01-01 13:00:00,2021-01-05 19:00:00,2021
A932,3738,16.0,36.7,2021-01-01 00:00:00,2021-06-05 17:00:00,2021
A934,8541,3.4,37.3,2021-01-01 00:00:00,2021-12-31 23:00:00,2021
A935,8745,5.8,41.1,2021-01-01 00:00:00,2021-12-31 23:00:00,2021
A942,4930,13.8,38.1,2021-01-01 00:00:00,2021-12-19 19:00:00,2021
A943,4328,19.6,38.4,2021-01-01 01:00:00,2021-11-11 16:00:00,2021
A303,8758,19.8,35.2,2021-01-01 00:00:00,2021-12-31 23:00:00,2021
A327,6540,17.7,37.0,2021-01-01 00:00:00,2021-12-31 21:00:00,2021
A353,1670,21.1,37.3,2021-01-01 00:00:00,2021-04-30 14:00:00,2021
A356,2852,20.1,33.7,2021-01-01 11:00:00,2021-11-20 15:00:00,2021
A371,7731,17.1,39.6,2021-01-01 12:00:00,2021-12-31 23:00:00,2021
A401,8760,20.5,32.9,2021-01-01 00:00:00,2021-12-31 23:00:00,2021
A402,6524,14.5,40.5,2021-01-01 00:00:00,2021-12-31 23:00:00,2021
A404,4809,15.1,38.3,2021-01-01 00:00:00,2021-12-31 23:00:00,2021
A406,1876,20.6,34.7,2021-01-01 11:00:00,2021-12-31 23:00:00,2021
A407,8745,12.6,35.2,2021-01-01 00:00:00,2021-12-31 23:00:00,2021
A408,8760,15.2,38.4,2021-01-01 00:00:00,2021-12-31 23:00:00,2021
A410,7214,15.4,33.1,2021-01-01 00:00:00,2021-12-31 23:00:00,2021
A412,3573,16.1,38.6,2021-01-01 00:00:00,2021-10-28 21:00:00,2021
A413,3084,18.3,36.1,2021-01-01 00:00:00,2021-12-31 23:00:00,2021
A414,3369,13.4,34.8,2021-01-01 00:00:00,2021-12-31 23:00:00,2021
A415,92,21.3,34.4,2021-01-28 01:00:00,2021-07-12 21:00:00,2021
A416,6652,10.5,41.2,2021-01-01 00:00:00,2021-12-31 23:00:00,2021
A418,2044,19.4,40.7,2021-10-04 21:00:00,2021-12-31 23:00:00,2021
A423,5413,20.2,38.0,2021-01-01 00:00:00,2021-12-31 16:00:00,2021
A424,8758,12.6,38.4,2021-01-01 00:00:00,2021-12-31 23:00:00,2021
A425,4867,17.6,41.6,2021-01-01 00:00:00,2021-12-31 23:00:00,2021
A426,5776,18.2,36.9,2021-01-01 00:00:00,2021-12-31 23:00:00,2021
A428,7436,14.5,37.8,2021-01-01 00:00:00,2021-11-06 20:00:00,2021
A429,5336,15.3,39.1,2021-01-01 00:00:00,2021-12-30 13:00:00,2021
A430,8242,10.6,33.8,2021-01-01 00:00:00,2021-12-31 23:00:00,2021
A431,2201,21.3,32.1,2021-01-01 00:00:00,2021-12-31 23:00:00,2021
A433,8326,13.4,39.4,2021-01-01 00:00:00,2021-12-14 03:00:00,2021
A434,8756,15.0,34.3,2021-01-01 00:00:00,2021-12-31 23:00:00,2021
A435,25,20.0,33.1,2021-03-20 12:00:00,2021-04-06 09:00:00,2021
A436,3808,17.1,39.6,2021-01-05 15:00:00,2021-12-31 23:00:00,2021
A437,5823,16.8,33.0,2021-01-01 00:00:00,2021-08-31 14:00:00,2021
A438,2028,21.6,31.6,2021-01-01 00:00:00,2021-12-10 20:00:00,2021
A439,3255,19.8,39.4,2021-01-01 12:00:00,2021-12-31 23:00:00,2021
A441,3957,16.2,37.7,2021-01-01 00:00:00,2021-10-20 21:00:00,2021
A442,7566,15.1,38.3,2021-01-01 00:00:00,2021-12-31 23:00:00,2021
A444,5535,16.6,33.6,2021-01-01 00:00:00,2021-12-16 02:00:00,2021
A446,2258,18.0,36.7,2021-01-01 00:00:00,2021-12-20 14:00:00,2021
A447,261,18.3,33.1,2021-01-01 00:00:00,2021-01-11 22:00:00,2021
A448,7224,19.0,39.2,2021-01-01 00:00:00,2021-12-31 23:00:00,2021
A449,602,21.1,36.1,2021-01-12 13:00:00,2021-06-24 18:00:00,2021
A450,8752,15.7,38.6,2021-01-01 00:00:00,2021-12-31 23:00:00,2021
A452,2784,13.0,41.0,2021-09-02 13:00:00,2021-12-31 23:00:00,2021
A456,7810,18.7,36.9,2021-01-01 00:00:00,2021-12-31 22:00:00,2021
A458,8590,14.7,39.2,2021-01-01 00:00:00,2021-12-31 23:00:00,2021
A305,8160,20.9,34.4,2021-01-01 00:00:00,2021-12-31 23:00:00,2021
A306,1327,22.0,38.2,2021-01-01 00:00:00,2021-02-25 09:00:00,2021
A314,533,18.8,30.5,2021-01-01 00:00:00,2021-09-24 13:00:00,2021
A315,2576,17.0,34.3,2021-01-01 00:00:00,2021-08-03 08:00:00,2021
A319,7052,19.1,38.1,2021-01-01 12:00:00,2021-12-31 23:00:00,2021
A325,1051,22.4,37.8,2021-07-04 16:00:00,2021-12-31 17:00:00,2021
A332,8738,19.5,39.4,2021-01-01 00:00:00,2021-12-31 23:00:00,2021
A339,8742,21.1,38.0,2021-01-01 00:00:00,2021-12-31 23:00:00,2021
A342,8650,19.2,38.6,2021-01-01 00:00:00,2021-12-31 23:00:00,2021
A368,3123,17.9,32.0,2021-01-01 00:00:00,2021-05-11 02:00:00,2021
A203,8748,21.9,34.9,2021-01-01 00:00:00,2021-12-31 23:00:00,2021
A205,5741,18.0,38.8,2021-01-01 00:00:00,2021-10-01 17:00:00,2021
A207,882,21.7,34.2,2021-01-01 00:00:00,2021-02-06 17:00:00,2021
A220,8242,19.3,37.4,2021-01-01 00:00:00,2021-12-31 23:00:00,2021
A221,3815,21.2,38.1,2021-01-01 01:00:00,2021-12-31 20:00:00,2021
A222,298,21.0,34.3,2021-01-01 00:00:00,2021-01-15 16:00:00,2021
A223,5750,13.3,38.4,2021-01-01 00:00:00,2021-08-28 13:00:00,2021
A224,3210,21.2,34.4,2021-01-01 00:00:00,2021-05-14 17:00:00,2021
A225,8745,17.8,38.3,2021-01-01 00:00:00,2021-12-31 23:00:00,2021
A255,5838,20.9,35.3,2021-01-01 00:00:00,2021-12-30 16:00:00,2021
A310,8759,17.4,32.9,2021-01-01 00:00:00,2021-12-31 23:00:00,2021
A313,8760,17.4,34.3,2021-01-01 00:00:00,2021-12-31 23:00:00,2021
A320,2298,21.0,33.4,2021-01-01 00:00:00,2021-12-31 23:00:00,2021
A321,3036,22.4,39.7,2021-01-01 00:00:00,2021-12-31 16:00:00,2021
A333,8759,16.5,38.8,2021-01-01 00:00:00,2021-12-31 23:00:00,2021
A334,4903,15.0,35.4,2021-01-01 00:00:00,2021-12-31 23:00:00,2021
A348,1581,21.2,36.4,2021-01-01 00:00:00,2021-12-31 23:00:00,2021
A352,772,22.3,32.8,2021-11-29 20:00:00,2021-12-31 23:00:00,2021
A301,7551,19.0,34.4,2021-01-01 00:00:00,2021-11-12 06:00:00,2021
A307,8760,17.7,38.7,2021-01-01 00:00:00,2021-12-31 23:00:00,2021
A309,822,19.8,36.6,2021-01-27 12:00:00,2021-12-27 13:00:00,2021
A322,5543,15.6,33.3,2021-01-01 00:00:00,2021-08-21 05:00:00,2021
A328,3615,18.5,35.1,2021-01-01 10:00:00,2021-12-22 10:00:00,2021
A329,8232,17.3,39.6,2021-01-01 00:00:00,2021-12-31 18:00:00,2021
A341,597,18.2,30.0,2021-01-01 00:00:00,2021-01-25 20:00:00,2021
A349,8742,16.6,38.1,2021-01-01 00:00:00,2021-12-31 23:00:00,2021
A350,4596,17.8,37.5,2021-01-01 00:00:00,2021-12-01 17:00:00,2021
A351,6432,17.0,40.3,2021-01-01 00:00:00,2021-09-25 23:00:00,2021
A357,6423,18.1,35.3,2021-01-01 00:00:00,2021-09-25 14:00:00,2021
A366,3363,18.0,36.9,2021-01-01 12:00:00,2021-08-31 14:00:00,2021
A370,2684,17.5,38.5,2021-01-01 12:00:00,2021-12-31 17:00:00,2021
A308,5377,20.4,38.8,2021-01-01 00:00:00,2021-12-31 19:00:00,2021
A311,2814,21.9,40.7,2021-09-04 22:00:00,2021-12-31 23:00:00,2021
A312,8013,18.2,39.5,2021-01-01 13:00:00,2021-12-31 23:00:00,2021
A326,7340,16.6,41.8,2021-01-01 00:00:00,2021-12-31 23:00:00,2021
A330,4507,19.8,39.7,2021-01-01 10:00:00,2021-12-31 17:00:00,2021
A335,8760,21.8,40.4,2021-01-01 00:00:00,2021-12-31 23:00:00,2021
A336,5873,18.1,41.1,2021-01-01 00:00:00,2021-12-31 23:00:00,2021
A337,7223,13.9,39.2,2021-01-01 00:00:00,2021-12-31 23:00:00,2021
A343,1407,22.3,40.9,2021-03-25 15:00:00,2021-12-31 15:00:00,2021
A345,3611,15.2,40.0,2021-01-01 10:00:00,2021-12-31 16:00:00,2021
A346,1450,19.8,34.0,2021-01-01 00:00:00,2021-05-07 13:00:00,2021
A364,2768,21.5,40.0,2021-09-07 00:00:00,2021-12-31 23:00:00,2021
A365,8745,17.8,38.9,2021-01-01 00:00:00,2021-12-31 23:00:00,2021
A374,2670,17.2,40.3,2021-09-03 21:00:00,2021-12-31 23:00:00,2021
A375,8594,19.0,37.3,2021-01-01 00:00:00,2021-12-31 23:00:00,2021
A304,4096,22.4,32.6,2021-01-01 10:00:00,2021-12-31 19:00:00,2021
A316,3032,22.3,40.1,2021-01-01 15:00:00,2021-12-31 20:00:00,2021
A340,4227,20.4,38.5,2021-01-01 00:00:00,2021-12-26 18:00:00,2021
A372,3633,22.0,39.2,2021-01-01 12:00:00,2021-12-31 18:00:00,2021
A409,5610,19.9,36.4,2021-01-01 00:00:00,2021-12-03 12:00:00,2021
A417,6858,17.2,36.7,2021-01-01 00:00:00,2021-12-31 23:00:00,2021
A419,8729,14.8,37.5,2021-01-01 00:00:00,2021-12-31 23:00:00,2021
A420,2437,19.7,38.4,2021-01-01 00:00:00,2021-04-12 12:00:00,2021
A421,232,23.4,33.0,2021-11-26 00:00:00,2021-12-05 15:00:00,2021
A451,1,23.3,23.3,2021-01-30 03:00:00,2021-01-30 03:00:00,2021
A453,8189,17.3,38.4,2021-01-01 00:00:00,2021-12-31 17:00:00,2021
A102,8570,10.5,39.0,2021-01-01 00:00:00,2021-12-31 23:00:00,2021
A137,171,21.9,33.4,2021-01-11 22:00:00,2021-01-21 21:00:00,2021
A138,1913,15.2,33.8,2021-01-01 00:00:00,2021-07-07 14:00:00,2021
A101,8309,21.6,36.6,2021-01-01 00:00:00,2021-12-31 23:00:00,2021
A111,8669,12.2,37.9,2021-01-01 00:00:00,2021-12-31 23:00:00,2021
A117,23,28.9,34.9,2021-08-19 16:00:00,2021-08-31 18:00:00,2021
A119,8658,21.4,36.0,2021-01-01 00:00:00,2021-12-31 23:00:00,2021
A120,2172,22.3,34.7,2021-01-01 00:00:00,2021-04-24 21:00:00,2021
A121,6829,21.6,36.6,2021-01-01 00:00:00,2021-12-31 23:00:00,2021
A123,93,23.4,34.0,2021-06-22 13:00:00,2021-10-08 17:00:00,2021
A125,2556,20.5,35.0,2021-09-15 19:00:00,2021-12-31 23:00:00,2021
A126,3745,21.5,37.1,2021-01-01 00:00:00,2021-09-26 04:00:00,2021
A134,2223,21.3,35.2,2021-01-04 18:00:00,2021-12-31 22:00:00,2021
A144,1927,20.2,37.1,2021-02-12 14:00:00,2021-12-31 19:00:00,2021
A244,3336,20.9,33.5,2021-01-01 00:00:00,2021-09-01 16:00:00,2021
A249,3832,22.4,32.9,2021-01-01 00:00:00,2021-06-16 20:00:00,2021
A201,8611,22.1,35.4,2021-01-01 00:00:00,2021-12-31 23:00:00,2021
A202,4718,21.5,34.2,2021-01-01 00:00:00,2021-12-31 23:00:00,2021
A209,419,21.0,32.5,2021-01-01 00:00:00,2021-03-01 23:00:00,2021
A212,69,23.3,32.8,2021-12-18 11:00:00,2021-12-21 08:00:00,2021
A213,8158,20.7,34.4,2021-01-01 00:00:00,2021-12-13 12:00:00,2021
A214,1810,21.0,33.7,2021-01-01 00:00:00,2021-03-17 09:00:00,2021
A215,770,23.3,31.8,2021-11-26 16:00:00,2021-12-31 23:00:00,2021
A216,8742,17.9,37.9,2021-01-01 00:00:00,2021-12-31 23:00:00,2021
A226,3716,21.9,45.0,2021-01-01 00:00:00,2021-12-31 23:00:00,2021
A229,3581,20.7,34.6,2021-01-01 00:00:00,2021-12-30 18:00:00,2021
A230,339,19.7,28.8,2021-12-15 16:00:00,2021-12-31 23:00:00,2021
A232,2279,20.6,33.5,2021-01-01 00:00:00,2021-04-05 22:00:00,2021
A233,1690,20.9,35.9,2021-01-01 00:00:00,2021-12-31 23:00:00,2021
A234,559,21.2,33.1,2021-01-01 13:00:00,2021-12-31 23:00:00,2021
A235,7561,20.5,36.0,2021-01-01 00:00:00,2021-11-12 00:00:00,2021
A240,4122,20.6,34.2,2021-01-01 00:00:00,2021-06-21 17:00:00,2021
A241,6244,14.8,39.0,2021-01-01 00:00:00,2021-12-31 23:00:00,2021
A247,8741,17.2,37.9,2021-01-01 00:00:00,2021-12-31 23:00:00,2021
A248,6927,20.3,34.5,2021-01-01 00:00:00,2021-12-31 23:00:00,2021
A252,6673,19.5,34.4,2021-01-01 00:00:00,2021-12-31 20:00:00,2021
A254,8634,18.6,39.0,2021-01-01 00:00:00,2021-12-31 22:00:00,2021
A256,7950,17.8,39.2,2021-01-18 16:00:00,2021-12-16 15:00:00,2021
A938,8741,7.8,36.3,2021-01-01 00:00:00,2021-12-31 23:00:00,2021
A939,3441,14.0,35.6,2021-01-01 00:00:00,2021-07-09 19:00:00,2021
A135,211,22.6,34.7,2021-01-01 12:00:00,2021-01-21 19:00:00,2021
A009,7125,17.9,40.1,2021-01-01 00:00:00,2021-10-30 02:00:00,2021
A010,4278,17.4,41.4,2021-01-01 00:00:00,2021-12-31 23:00:00,2021
A018,4566,20.3,40.7,2021-01-01 12:00:00,2021-12-31 23:00:00,2021
A019,4756,17.5,40.0,2021-01-01 00:00:00,2021-12-31 23:00:00,2021
A020,4706,19.4,39.2,2021-01-01 00:00:00,2021-12-30 17:00:00,2021
A021,10,23.1,31.5,2021-03-10 15:00:00,2021-03-17 02:00:00,2021
A038,8076,17.4,37.0,2021-01-01 00:00:00,2021-12-22 16:00:00,2021
A039,8045,14.5,40.0,2021-01-01 00:00:00,2021-12-31 22:00:00,2021
A041,7010,16.3,39.4,2021-01-01 00:00:00,2021-12-31 18:00:00,2021
A043,196,23.6,33.6,2021-01-01 16:00:00,2021-05-22 16:00:00,2021
A044,356,21.8,34.8,2021-01-01 00:00:00,2021-01-26 05:00:00,2021
A048,2771,21.0,37.2,2021-01-01 12:00:00,2021-12-31 18:00:00,2021
A049,4835,15.9,36.7,2021-01-01 00:00:00,2021-07-25 13:00:00,2021
A050,5496,15.1,38.7,2021-01-01 00:00:00,2021-12-31 17:00:00,2021
A051,3664,19.5,40.5,2021-01-04 15:00:00,2021-12-31 23:00:00,2021
A052,6386,14.2,40.0,2021-01-01 00:00:00,2021-12-22 17:00:00,2021
A053,3463,20.0,45.0,2021-01-01 15:00:00,2021-12-31 23:00:00,2021
A054,8159,13.3,40.6,2021-01-01 01:00:00,2021-12-31 23:00:00,2021
A055,8268,13.4,40.1,2021-01-01 00:00:00,2021-12-31 23:00:00,2021
A612,7677,13.7,35.8,2021-01-01 00:00:00,2021-12-31 23:00:00,2021
A613,8049,8.0,30.8,2021-01-01 00:00:00,2021-12-31 23:00:00,2021
A614,8760,15.2,36.4,2021-01-01 00:00:00,2021-12-31 23:00:00,2021
A615,8760,13.8,37.7,2021-01-01 00:00:00,2021-12-31 23:00:00,2021
A616,8760,14.1,35.3,2021-01-01 00:00:00,2021-12-31 23:00:00,2021
A617,8510,10.7,40.1,2021-01-01 00:00:00,2021-12-31 23:00:00,2021
A622,8760,12.9,37.3,2021-01-01 00:00:00,2021-12-31 23:00:00,2021
A623,4007,15.5,37.2,2021-01-01 09:00:00,2021-12-31 23:00:00,2021
A631,2934,16.7,38.3,2021-01-05 10:00:00,2021-12-31 23:00:00,2021
A632,5440,13.4,37.4,2021-01-01 00:00:00,2021-12-31 23:00:00,2021
A633,8662,6.1,35.2,2021-01-01 00:00:00,2021-12-31 23:00:00,2021
A634,6309,14.3,34.7,2021-01-01 00:00:00,2021-12-31 23:00:00,2021
A657,7032,10.6,35.4,2021-01-25 01:00:00,2021-12-10 23:00:00,2021
A502,8739,4.2,32.8,2021-01-01 00:00:00,2021-12-31 23:00:00,2021
A505,8713,9.1,36.4,2021-01-01 00:00:00,2021-12-31 23:00:00,2021
A506,8754,10.9,38.9,2021-01-01 00:00:00,2021-12-31 23:00:00,2021
A507,8660,4.9,37.2,2021-01-01 00:00:00,2021-12-31 23:00:00,2021
A508,8696,12.7,39.2,2021-01-01 00:00:00,2021-12-29 10:00:00,2021
A509,8735,-3.7,30.6,2021-01-01 00:00:00,2021-12-31 23:00:00,2021
A510,8759,6.1,36.0,2021-01-01 00:00:00,2021-12-31 23:00:00,2021
A511,8760,10.8,36.4,2021-01-01 00:00:00,2021-12-31 23:00:00,2021
A512,4170,16.8,36.9,2021-01-01 00:00:00,2021-12-31 23:00:00,2021
A513,8731,5.6,34.8,2021-01-01 00:00:00,2021-12-31 23:00:00,2021
A514,8760,2.1,35.2,2021-01-01 00:00:00,2021-12-31 23:00:00,2021
A515,8760,2.8,35.3,2021-01-01 00:00:00,2021-12-31 23:00:00,2021
A516,8694,1.2,39.1,2021-01-01 00:00:00,2021-12-31 23:00:00,2021
A517,8758,10.7,38.4,2021-01-01 00:00:00,2021-12-31 23:00:00,2021
A518,8757,6.0,33.7,2021-01-01 00:00:00,2021-12-31 23:00:00,2021
A519,6491,7.7,40.9,2021-01-01 00:00:00,2021-12-31 23:00:00,2021
A520,8742,2.0,40.4,2021-01-01 00:00:00,2021-12-31 23:00:00,2021
A521,8760,8.5,36.4,2021-01-01 00:00:00,2021-12-31 23:00:00,2021
A522,7460,13.0,37.1,2021-01-28 00:00:00,2021-12-31 23:00:00,2021
A523,8025,1.7,36.4,2021-01-01 00:00:00,2021-12-31 23:00:00,2021
A524,8751,5.3,35.7,2021-01-01 00:00:00,2021-12-31 23:00:00,2021
A525,5109,5.3,36.7,2021-01-01 00:00:00,2021-12-31 23:00:00,2021
A526,7837,9.0,42.4,2021-01-01 00:00:00,2021-12-31 23:00:00,2021
A527,5227,15.7,35.8,2021-01-01 00:00:00,2021-12-31 23:00:00,2021
A528,8745,9.9,36.0,2021-01-01 00:00:00,2021-12-31 23:00:00,2021
A529,8760,4.5,35.5,2021-01-01 00:00:00,2021-12-31 23:00:00,2021
A530,8754,-3.7,35.2,2021-01-01 00:00:00,2021-12-31 23:00:00,2021
A531,8757,-4.2,31.4,2021-01-01 00:00:00,2021-12-31 23:00:00,2021
A532,7302,10.9,38.5,2021-01-01 00:00:00,2021-12-31 23:00:00,2021
A533,8691,7.9,35.5,2021-01-01 00:00:00,2021-12-31 23:00:00,2021
A534,8760,13.9,37.3,2021-01-01 00:00:00,2021-12-31 23:00:00,2021
A535,7370,1.4,36.6,2021-01-01 00:00:00,2021-12-31 23:00:00,2021
A536,7656,6.8,37.8,2021-01-01 00:00:00,2021-12-31 23:00:00,2021
A537,7844,7.9,31.2,2021-01-01 00:00:00,2021-12-31 23:00:00,2021
A538,4357,13.0,36.4,2021-01-01 00:00:00,2021-12-31 23:00:00,2021
A539,8756,12.2,41.2,2021-01-01 00:00:00,2021-12-31 23:00:00,2021
A540,8760,11.7,37.7,2021-01-01 00:00:00,2021-12-31 23:00:00,2021
A541,3169,10.3,31.6,2021-01-01 00:00:00,2021-12-31 23:00:00,2021
A542,8559,10.1,40.1,2021-01-01 00:00:00,2021-12-31 23:00:00,2021
A544,3653,13.9,33.7,2021-01-01 00:00:00,2021-06-02 04:00:00,2021
A545,7550,9.4,40.3,2021-01-01 00:00:00,2021-12-31 23:00:00,2021
A546,1417,17.1,32.7,2021-01-01 00:00:00,2021-04-07 19:00:00,2021
A547,8736,7.8,41.5,2021-01-01 00:00:00,2021-12-31 23:00:00,2021
A548,6320,12.7,38.3,2021-01-01 00:00:00,2021-09-25 23:00:00,2021
A549,8318,5.2,36.8,2021-01-01 00:00:00,2021-12-31 23:00:00,2021
A550,8716,12.7,40.0,2021-01-01 00:00:00,2021-12-31 23:00:00,2021
A551,8733,8.0,35.8,2021-01-01 00:00:00,2021-12-31 23:00:00,2021
A552,6908,8.5,38.5,2021-01-01 00:00:00,2021-12-31 23:00:00,2021
A553,7024,13.1,36.1,2021-01-01 00:00:00,2021-12-31 23:00:00,2021
A554,8760,11.4,37.7,2021-01-01 00:00:00,2021-12-31 23:00:00,2021
A555,8736,9.8,33.1,2021-01-01 00:00:00,2021-12-31 23:00:00,2021
A556,8036,6.3,34.8,2021-01-21 00:00:00,2021-12-31 23:00:00,2021
A557,6238,8.4,38.3,2021-01-01 00:00:00,2021-09-17 22:00:00,2021
A559,6358,14.4,41.3,2021-01-01 00:00:00,2021-12-31 23:00:00,2021
A560,1815,14.6,34.9,2021-10-14 12:00:00,2021-12-29 12:00:00,2021
A561,230,16.4,30.2,2021-01-01 00:00:00,2021-01-10 15:00:00,2021
A562,7147,6.6,35.1,2021-01-01 00:00:00,2021-12-31 23:00:00,2021
A563,6089,12.5,40.8,2021-01-01 00:00:00,2021-12-31 23:00:00,2021
A564,8760,4.7,36.0,2021-01-01 00:00:00,2021-12-31 23:00:00,2021
A565,6875,0.0,37.4,2021-01-01 00:00:00,2021-12-31 23:00:00,2021
A566,8616,9.2,40.0,2021-01-01 00:00:00,2021-12-31 23:00:00,2021
A567,8549,4.6,35.5,2021-01-01 00:00:00,2021-12-31 23:00:00,2021
A568,7691,3.3,38.7,2021-01-01 00:00:00,2021-12-31 23:00:00,2021
A569,7541,8.1,36.6,2021-01-01 00:00:00,2021-12-31 23:00:00,2021
A570,8760,4.1,34.1,2021-01-01 00:00:00,2021-12-31 23:00:00,2021
A571,8758,10.8,39.4,2021-01-01 00:00:00,2021-12-31 23:00:00,2021
F501,8619,7.0,33.9,2021-01-01 00:00:00,2021-12-31 23:00:00,2021
A601,8758,9.3,39.7,2021-01-01 00:00:00,2021-12-31 23:00:00,2021
A602,8734,11.2,40.0,2021-01-01 00:00:00,2021-12-31 23:00:00,2021
A603,8758,8.1,39.1,2021-01-01 00:00:00,2021-12-31 23:00:00,2021
A604,6228,8.5,37.9,2021-01-01 00:00:00,2021-12-31 23:00:00,2021
A606,8758,15.3,33.7,2021-01-01 00:00:00,2021-12-31 23:00:00,2021
A607,8758,10.8,37.6,2021-01-01 00:00:00,2021-12-31 23:00:00,2021
A608,7207,11.1,38.7,2021-01-01 00:00:00,2021-12-31 23:00:00,2021
A609,8731,5.3,39.3,2021-01-01 00:00:00,2021-12-31 23:00:00,2021
A610,6761,0.7,27.3,2021-01-01 00:00:00,2021-12-31 23:00:00,2021
A611,8714,4.1,38.0,2021-01-01 00:00:00,2021-12-31 23:00:00,2021
A618,8556,5.0,31.6,2021-01-01 00:00:00,2021-12-31 23:00:00,2021
A619,4026,9.6,35.8,2021-01-01 14:00:00,2021-12-31 23:00:00,2021
A620,5088,16.3,36.2,2021-01-01 10:00:00,2021-12-31 23:00:00,2021
A621,8759,9.4,40.2,2021-01-01 00:00:00,2021-12-31 23:00:00,2021
A624,8543,0.2,30.8,2021-01-01 00:00:00,2021-12-31 23:00:00,2021
A625,8359,5.5,38.1,2021-01-01 00:00:00,2021-12-31 23:00:00,2021
A626,8670,4.4,37.7,2021-01-01 00:00:00,2021-12-31 23:00:00,2021
A627,7593,12.8,40.1,2021-01-01 00:00:00,2021-12-31 23:00:00,2021
A628,6554,10.3,37.6,2021-01-01 00:00:00,2021-12-31 23:00:00,2021
A629,8758,4.6,38.2,2021-01-01 00:00:00,2021-12-31 23:00:00,2021
A630,6127,10.2,32.7,2021-01-01 00:00:00,2021-12-31 23:00:00,2021
A635,8641,-8.0,22.0,2021-01-01 00:00:00,2021-12-31 23:00:00,2021
A636,8664,9.0,39.8,2021-01-01 00:00:00,2021-12-31 23:00:00,2021
A652,8756,15.2,36.9,2021-01-01 00:00:00,2021-12-31 23:00:00,2021
A659,8754,8.5,39.8,2021-01-01 00:00:00,2021-12-31 23:00:00,2021
A667,8575,11.4,37.5,2021-01-01 10:00:00,2021-12-31 23:00:00,2021
A701,8759,4.5,35.6,2021-01-01 00:00:00,2021-12-31 23:00:00,2021
A705,8652,2.3,39.7,2021-01-01 00:00:00,2021-12-31 23:00:00,2021
A706,8112,-2.3,29.3,2021-01-01 00:00:00,2021-12-25 23:00:00,2021
A707,8726,3.5,40.9,2021-01-01 00:00:00,2021-12-31 23:00:00,2021
A708,8704,5.5,36.1,2021-01-01 00:00:00,2021-12-31 23:00:00,2021
A711,8748,3.4,38.2,2021-01-01 00:00:00,2021-12-31 23:00:00,2021
A712,4127,6.8,37.6,2021-01-01 00:00:00,2021-09-02 16:00:00,2021
A713,3843,3.6,36.3,2021-01-01 00:00:00,2021-11-20 22:00:00,2021
A714,8080,1.1,34.3,2021-01-01 00:00:00,2021-12-31 23:00:00,2021
A715,6090,-1.4,34.7,2021-01-01 00:00:00,2021-09-19 05:00:00,2021
A718,6862,-2.9,40.2,2021-01-01 00:00:00,2021-10-13 21:00:00,2021
A725,784,14.4,35.9,2021-01-01 15:00:00,2021-12-31 19:00:00,2021
A727,3075,15.1,36.7,2021-01-01 00:00:00,2021-05-09 02:00:00,2021
A728,1362,17.0,35.1,2021-01-01 00:00:00,2021-02-26 18:00:00,2021
A729,8606,3.0,41.3,2021-01-01 00:00:00,2021-12-31 23:00:00,2021
A733,3687,6.5,42.4,2021-01-01 10:00:00,2021-12-31 20:00:00,2021
A734,7581,-0.3,42.3,2021-01-01 00:00:00,2021-12-31 23:00:00,2021
A735,837,16.0,37.4,2021-10-26 21:00:00,2021-11-30 17:00:00,2021
A736,2900,3.7,41.1,2021-01-01 15:00:00,2021-12-31 20:00:00,2021
A737,5823,0.6,36.6,2021-01-01 00:00:00,2021-08-31 14:00:00,2021
A740,1466,16.1,32.8,2021-01-01 12:00:00,2021-04-22 16:00:00,2021
A741,3128,7.6,39.8,2021-01-01 13:00:00,2021-12-31 18:00:00,2021
A744,7495,3.3,35.9,2021-01-01 00:00:00,2021-12-25 18:00:00,2021
A747,8758,0.3,40.5,2021-01-01 00:00:00,2021-12-31 23:00:00,2021
A748,6783,2.2,37.0,2021-01-01 00:00:00,2021-12-31 23:00:00,2021
A753,3714,-0.3,40.1,2021-01-01 13:00:00,2021-10-03 19:00:00,2021
A755,8740,1.9,35.3,2021-01-01 00:00:00,2021-12-31 23:00:00,2021
A762,7316,1.9,41.3,2021-01-01 00:00:00,2021-11-01 21:00:00,2021
A763,8760,2.4,38.8,2021-01-01 00:00:00,2021-12-31 23:00:00,2021
A764,3212,4.8,35.7,2021-04-02 11:00:00,2021-12-31 23:00:00,2021
A765,2237,12.2,37.5,2021-01-01 14:00:00,2021-12-31 16:00:00,2021
A766,1891,6.6,38.6,2021-01-01 12:00:00,2021-12-31 18:00:00,2021
A767,106,26.8,35.7,2021-01-01 16:00:00,2021-01-23 20:00:00,2021
A768,8396,4.5,39.5,2021-01-01 00:00:00,2021-12-31 23:00:00,2021
A770,8639,1.2,40.5,2021-01-01 00:00:00,2021-12-31 23:00:00,2021
A771,8757,4.2,34.6,2021-01-01 00:00:00,2021-12-31 23:00:00,2021
A807,8272,6.7,32.7,2021-01-01 00:00:00,2021-12-31 23:00:00,2021
A818,8607,0.4,34.7,2021-01-01 00:00:00,2021-12-31 23:00:00,2021
A819,680,14.9,30.8,2021-01-01 00:00:00,2021-01-31 11:00:00,2021
A820,8758,-0.4,40.1,2021-01-01 00:00:00,2021-12-31 23:00:00,2021
A821,5565,1.0,37.0,2021-01-01 11:00:00,2021-12-31 23:00:00,2021
A823,8695,-3.5,30.0,2021-01-01 00:00:00,2021-12-31 23:00:00,2021
A825,1475,15.6,37.6,2021-10-31 13:00:00,2021-12-31 23:00:00,2021
A835,8711,3.9,38.1,2021-01-01 00:00:00,2021-12-31 23:00:00,2021
A842,2,23.6,23.7,2021-01-27 00:00:00,2021-01-27 01:00:00,2021
A843,13,22.3,32.3,2021-01-01 17:00:00,2021-02-07 15:00:00,2021
A846,1516,14.9,38.7,2021-10-29 20:00:00,2021-12-31 23:00:00,2021
A849,283,21.5,34.0,2021-01-01 00:00:00,2021-01-22 23:00:00,2021
A850,2542,6.6,40.1,2021-01-01 00:00:00,2021-12-31 23:00:00,2021
A855,46,19.3,33.8,2021-01-01 00:00:00,2021-02-13 05:00:00,2021
A869,5797,5.1,39.7,2021-01-01 00:00:00,2021-12-31 21:00:00,2021
A871,1615,15.5,32.7,2021-01-01 00:00:00,2021-03-10 16:00:00,2021
A873,7345,2.6,39.4,2021-01-01 14:00:00,2021-12-13 19:00:00,2021
A874,3579,-1.4,33.4,2021-01-01 00:00:00,2021-05-30 02:00:00,2021
A875,8745,-7.4,33.5,2021-01-01 00:00:00,2021-12-31 23:00:00,2021
A876,8733,-3.1,33.3,2021-01-01 00:00:00,2021-12-31 23:00:00,2021
B803,1528,14.4,36.8,2021-10-28 17:00:00,2021-12-31 23:00:00,2021
B804,3502,-1.7,34.0,2021-01-01 00:00:00,2021-11-21 11:00:00,2021
B806,8219,-2.5,31.8,2021-01-01 00:00:00,2021-12-31 23:00:00,2021
A801,8669,2.8,38.3,2021-01-01 00:00:00,2021-12-31 23:00:00,2021
A802,8238,2.5,35.1,2021-01-01 00:00:00,2021-12-31 23:00:00,2021
A803,8624,0.0,38.3,2021-01-01 00:00:00,2021-12-31 23:00:00,2021
A804,5843,1.9,36.0,2021-01-01 00:00:00,2021-12-31 23:00:00,2021
A805,8667,-0.8,36.9,2021-01-01 00:00:00,2021-12-31 23:00:00,2021
A808,7674,3.1,34.8,2021-01-01 00:00:00,2021-11-17 14:00:00,2021
A809,8668,1.1,38.6,2021-01-01 00:00:00,2021-12-31 23:00:00,2021
A810,7516,-1.4,38.3,2021-01-01 00:00:00,2021-12-31 21:00:00,2021
A811,7751,0.3,33.6,2021-02-04 00:00:00,2021-12-31 23:00:00,2021
A812,7250,2.0,34.7,2021-01-01 00:00:00,2021-12-31 23:00:00,2021
A813,8760,1.5,40.3,2021-01-01 00:00:00,2021-12-31 23:00:00,2021
A826,8669,-0.7,38.0,2021-01-01 00:00:00,2021-12-31 23:00:00,2021
A827,8751,-0.4,36.4,2021-01-01 00:00:00,2021-12-31 23:00:00,2021
A828,7733,-2.3,34.1,2021-01-01 00:00:00,2021-12-31 23:00:00,2021
A829,7530,-4.1,28.0,2021-01-01 00:00:00,2021-12-31 23:00:00,2021
A830,8098,0.9,37.7,2021-01-01 00:00:00,2021-12-08 14:00:00,2021
A831,8652,-2.2,39.1,2021-01-01 00:00:00,2021-12-31 23:00:00,2021
A832,8625,-0.9,38.8,2021-01-01 00:00:00,2021-12-31 23:00:00,2021
A833,8384,-0.6,37.7,2021-01-01 00:00:00,2021-12-31 23:00:00,2021
A834,8503,4.7,33.8,2021-01-01 00:00:00,2021-12-31 03:00:00,2021
A836,7059,1.8,36.8,2021-01-01 00:00:00,2021-12-31 23:00:00,2021
A837,8364,-2.0,35.1,2021-01-01 00:00:00,2021-12-31 23:00:00,2021
A838,7317,2.1,38.7,2021-01-01 00:00:00,2021-12-31 23:00:00,2021
A839,8739,-1.6,33.7,2021-01-01 00:00:00,2021-12-31 23:00:00,2021
A840,8756,-0.3,33.6,2021-01-01 00:00:00,2021-12-31 23:00:00,2021
A844,8662,-1.9,32.8,2021-01-01 00:00:00,2021-12-31 23:00:00,2021
A852,4674,4.1,38.7,2021-01-01 00:00:00,2021-12-31 23:00:00,2021
A853,8674,-1.5,36.9,2021-01-01 00:00:00,2021-12-31 23:00:00,2021
A854,8353,0.1,36.0,2021-01-01 00:00:00,2021-12-31 23:00:00,2021
A856,8759,-1.1,35.1,2021-01-01 00:00:00,2021-12-31 23:00:00,2021
A879,8422,-1.4,30.8,2021-01-01 00:00:00,2021-12-31 20:00:00,2021
A880,7838,-3.5,31.3,2021-01-01 00:00:00,2021-12-31 23:00:00,2021
A881,2231,6.3,35.8,2021-09-24 14:00:00,2021-12-31 23:00:00,2021
A882,8104,0.4,39.5,2021-01-01 00:00:00,2021-12-31 23:00:00,2021
A883,7949,-1.2,36.4,2021-01-01 00:00:00,2021-12-31 23:00:00,2021
A884,8743,0.1,39.7,2021-01-01 00:00:00,2021-12-31 23:00:00,2021
A886,8744,-0.6,36.4,2021-01-01 00:00:00,2021-12-31 23:00:00,2021
A887,8672,1.8,37.5,2021-01-01 00:00:00,2021-12-31 23:00:00,2021
A889,8759,0.5,38.0,2021-01-01 00:00:00,2021-12-31 23:00:00,2021
A893,6904,2.3,36.6,2021-01-01 00:00:00,2021-12-31 23:00:00,2021
A894,6967,-3.7,35.7,2021-01-01 00:00:00,2021-12-31 23:00:00,2021
A897,8758,-2.5,30.2,2021-01-01 00:00:00,2021-12-31 23:00:00,2021
A899,6258,2.9,33.6,2021-01-01 00:00:00,2021-10-17 14:00:00,2021
A806,8753,4.6,33.6,2021-01-01 00:00:00,2021-12-31 23:00:00,2021
A814,7976,0.7,36.1,2021-01-01 00:00:00,2021-12-31 23:00:00,2021
A815,8755,-5.1,26.8,2021-01-01 00:00:00,2021-12-31 23:00:00,2021
A816,2669,6.4,31.0,2021-01-01 00:00:00,2021-09-14 15:00:00,2021
A817,4347,5.6,35.6,2021-01-01 00:00:00,2021-07-01 15:00:00,2021
A841,8024,2.2,34.5,2021-01-01 00:00:00,2021-12-31 23:00:00,2021
A845,8754,-8.2,25.2,2021-01-01 00:00:00,2021-12-31 23:00:00,2021
A848,8302,-0.7,33.6,2021-01-01 00:00:00,2021-12-31 23:00:00,2021
A851,479,13.7,33.2,2021-01-01 00:00:00,2021-05-08 21:00:00,2021
A857,7905,0.0,35.0,2021-01-01 00:00:00,2021-11-26 14:00:00,2021
A858,8303,-1.4,32.8,2021-01-01 00:00:00,2021-12-31 23:00:00,2021
A859,8625,-0.1,33.5,2021-01-01 00:00:00,2021-12-31 23:00:00,2021
A860,7830,-2.4,32.5,2021-01-01 00:00:00,2021-12-31 23:00:00,2021
A861,8736,-2.2,35.0,2021-01-01 00:00:00,2021-12-31 23:00:00,2021
A862,8712,-3.2,33.2,2021-01-01 00:00:00,2021-12-31 23:00:00,2021
A863,2056,12.5,32.6,2021-01-01 00:00:00,2021-09-30 08:00:00,2021
A864,8745,-3.3,34.1,2021-01-01 00:00:00,2021-12-31 23:00:00,2021
A865,4812,-2.0,31.8,2021-01-01 06:00:00,2021-12-31 22:00:00,2021
A866,2985,13.8,31.2,2021-01-01 00:00:00,2021-05-08 10:00:00,2021
A867,8311,1.8,36.8,2021-01-01 00:00:00,2021-12-31 23:00:00,2021
A868,1,14.5,14.5,2021-07-07 05:00:00,2021-07-07 05:00:00,2021
A870,8742,-2.4,29.5,2021-01-01 00:00:00,2021-12-31 23:00:00,2021
A895,8222,-0.6,34.9,2021-01-01 00:00:00,2021-12-31 23:00:00,2021
A898,8489,-2.7,32.0,2021-01-01 00:00:00,2021-12-31 23:00:00,2021
A001,8760,6.0,33.5,2022-01-01 00:00:00,2022-12-31 23:00:00,2022
A042,8554,6.1,33.5,2022-01-01 00:00:00,2022-12-31 23:00:00,2022
A045,8672,4.8,35.2,2022-01-01 00:00:00,2022-12-31 23:00:00,2022
A046,8680,3.2,35.0,2022-01-01 00:00:00,2022-12-31 23:00:00,2022
A047,8499,4.6,34.5,2022-01-01 00:00:00,2022-12-31 23:00:00,2022
A002,8760,6.0,38.6,2022-01-01 00:00:00,2022-12-31 23:00:00,2022
A003,8691,5.1,36.7,2022-01-01 00:00:00,2022-12-31 23:00:00,2022
A005,8483,11.1,40.1,2022-01-01 00:00:00,2022-12-31 23:00:00,2022
A011,8499,8.0,38.8,2022-01-01 00:00:00,2022-12-31 23:00:00,2022
A012,8760,4.8,35.5,2022-01-01 00:00:00,2022-12-31 23:00:00,2022
A013,4657,8.2,36.5,2022-01-01 00:00:00,2022-07-14 00:00:00,2022
A014,8710,9.4,40.5,2022-01-01 00:00:00,2022-12-31 23:00:00,2022
A015,6969,6.4,36.9,2022-01-01 00:00:00,2022-12-31 23:00:00,2022
A016,8083,3.7,35.9,2022-01-01 00:00:00,2022-12-31 23:00:00,2022
A017,5307,11.7,36.3,2022-03-15 00:00:00,2022-12-31 23:00:00,2022
A022,7745,7.1,37.5,2022-01-01 01:00:00,2022-12-08 20:00:00,2022
A023,8760,5.9,40.2,2022-01-01 00:00:00,2022-12-31 23:00:00,2022
A024,6595,6.9,32.4,2022-01-01 00:00:00,2022-12-31 23:00:00,2022
A025,8747,4.4,36.6,2022-01-01 00:00:00,2022-12-31 23:00:00,2022
A026,8464,4.4,36.7,2022-01-01 02:00:00,2022-12-31 23:00:00,2022
A027,7943,7.3,37.6,2022-01-01 00:00:00,2022-12-31 19:00:00,2022
A028,8444,8.3,37.3,2022-01-01 00:00:00,2022-12-31 22:00:00,2022
A029,8459,6.9,38.6,2022-01-01 00:00:00,2022-12-31 23:00:00,2022
A031,8482,12.2,40.2,2022-01-01 00:00:00,2022-12-31 23:00:00,2022
A032,8444,13.8,38.2,2022-01-01 01:00:00,2022-12-31 22:00:00,2022
A033,7586,5.5,37.4,2022-01-01 00:00:00,2022-12-19 16:00:00,2022
A034,8490,6.1,35.6,2022-01-01 00:00:00,2022-12-31 23:00:00,2022
A035,8492,6.4,39.2,2022-01-01 00:00:00,2022-12-31 22:00:00,2022
A036,8549,4.3,33.5,2022-01-01 00:00:00,2022-12-31 23:00:00,2022
A037,8344,4.7,35.9,2022-01-01 00:00:00,2022-12-31 19:00:00,2022
A056,8492,3.9,34.9,2022-01-01 01:00:00,2022-12-31 23:00:00,2022
A702,7921,7.3,35.1,2022-01-01 00:00:00,2022-12-31 23:00:00,2022
A703,8011,4.7,37.0,2022-01-01 00:00:00,2022-12-31 23:00:00,2022
A704,8756,8.3,40.1,2022-01-01 00:00:00,2022-12-31 23:00:00,2022
A709,3180,7.3,38.4,2022-01-01 11:00:00,2022-12-31 22:00:00,2022
A710,6036,6.2,38.9,2022-01-12 20:00:00,2022-12-31 23:00:00,2022
A717,3123,11.6,39.0,2022-08-23 21:00:00,2022-12-31 23:00:00,2022
A719,3181,11.3,39.9,2022-08-21 10:00:00,2022-12-31 23:00:00,2022
A720,5165,7.6,39.0,2022-01-01 00:00:00,2022-12-31 23:00:00,2022
A721,1771,8.8,37.2,2022-10-18 17:00:00,2022-12-31 23:00:00,2022
A722,3037,13.3,38.3,2022-08-21 16:00:00,2022-12-31 23:00:00,2022
A723,305,18.0,37.7,2022-10-15 23:00:00,2022-10-28 15:00:00,2022
A724,3059,14.3,41.4,2022-04-29 14:00:00,2022-12-31 23:00:00,2022
A730,3116,7.6,36.0,2022-08-16 21:00:00,2022-12-31 23:00:00,2022
A731,584,10.5,39.1,2022-10-17 18:00:00,2022-11-11 03:00:00,2022
A732,3214,7.7,34.9,2022-08-18 16:00:00,2022-12-31 23:00:00,2022
A742,2938,7.6,38.7,2022-01-03 14:00:00,2022-12-01 18:00:00,2022
A743,8758,1.8,38.2,2022-01-01 00:00:00,2022-12-31 23:00:00,2022
A750,1710,7.7,36.6,2022-10-21 18:00:00,2022-12-31 23:00:00,2022
A751,1686,7.3,36.2,2022-10-22 18:00:00,2022-12-31 23:00:00,2022
A752,4570,7.0,40.3,2022-01-01 00:00:00,2022-12-31 23:00:00,2022
A754,8034,3.3,36.9,2022-01-01 00:00:00,2022-12-31 23:00:00,2022
A756,8357,4.5,39.0,2022-01-01 00:00:00,2022-12-31 23:00:00,2022
A758,8467,5.3,39.9,2022-01-01 00:00:00,2022-12-22 12:00:00,2022
A759,5083,9.0,36.4,2022-04-27 16:00:00,2022-12-31 23:00:00,2022
A760,6966,9.1,36.3,2022-01-01 00:00:00,2022-12-31 23:00:00,2022
A761,7090,8.1,36.8,2022-03-11 14:00:00,2022-12-31 23:00:00,2022
A901,7352,10.6,40.4,2022-01-01 03:00:00,2022-12-31 22:00:00,2022
A902,8068,7.1,37.6,2022-01-01 00:00:00,2022-12-31 23:00:00,2022
A903,5532,5.8,40.3,2022-01-10 18:00:00,2022-12-31 22:00:00,2022
A904,1384,15.3,36.5,2022-10-21 19:00:00,2022-12-31 21:00:00,2022
A905,5914,7.3,37.8,2022-01-01 14:00:00,2022-12-31 23:00:00,2022
A906,1657,16.9,36.8,2022-10-23 23:00:00,2022-12-31 23:00:00,2022
A907,5963,6.5,39.7,2022-04-27 13:00:00,2022-12-31 23:00:00,2022
A908,3123,7.4,38.4,2022-03-15 21:00:00,2022-12-31 23:00:00,2022
A909,5863,4.3,36.8,2022-01-07 15:00:00,2022-12-31 23:00:00,2022
A910,1592,17.3,36.1,2022-10-26 16:00:00,2022-12-31 23:00:00,2022
A912,5133,12.3,34.9,2022-01-01 02:00:00,2022-12-31 23:00:00,2022
A913,5924,2.0,35.2,2022-01-01 01:00:00,2022-12-30 19:00:00,2022
A914,1517,16.3,37.5,2022-10-29 19:00:00,2022-12-31 23:00:00,2022
A915,25,13.7,32.9,2022-07-11 16:00:00,2022-07-12 17:00:00,2022
A916,4377,15.3,39.8,2022-06-26 16:00:00,2022-12-31 23:00:00,2022
A917,1677,15.2,37.5,2022-10-23 03:00:00,2022-12-31 23:00:00,2022
A919,1567,16.0,36.2,2022-10-27 17:00:00,2022-12-31 23:00:00,2022
A920,1543,15.6,36.0,2022-10-28 17:00:00,2022-12-31 23:00:00,2022
A921,3062,17.3,43.0,2022-02-18 18:00:00,2022-11-10 12:00:00,2022
A922,5865,7.3,39.0,2022-05-01 13:00:00,2022-12-31 23:00:00,2022
A923,6695,6.3,37.6,2022-03-12 20:00:00,2022-12-31 23:00:00,2022
A924,1612,16.1,36.4,2022-10-25 20:00:00,2022-12-31 23:00:00,2022
A926,1632,15.3,34.6,2022-10-25 00:00:00,2022-12-31 23:00:00,2022
A927,1472,14.4,37.4,2022-10-31 16:00:00,2022-12-31 23:00:00,2022
A928,4329,11.6,38.7,2022-01-01 00:00:00,2022-10-15 15:00:00,2022
A929,1686,14.5,36.3,2022-10-22 18:00:00,2022-12-31 23:00:00,2022
A930,6848,10.7,39.4,2022-03-14 23:00:00,2022-12-31 23:00:00,2022
A931,7040,5.2,37.7,2022-03-13 16:00:00,2022-12-31 23:00:00,2022
A932,7077,8.6,39.5,2022-03-11 23:00:00,2022-12-31 23:00:00,2022
A933,7108,6.9,37.7,2022-03-10 17:00:00,2022-12-31 23:00:00,2022
A934,5084,8.4,35.5,2022-01-01 00:00:00,2022-12-31 23:00:00,2022
A935,6400,6.5,40.1,2022-01-01 00:00:00,2022-12-31 23:00:00,2022
A936,5887,3.7,38.9,2022-04-30 13:00:00,2022-12-31 23:00:00,2022
A937,6193,3.7,38.3,2022-01-01 12:00:00,2022-12-31 23:00:00,2022
A943,4252,14.8,38.5,2022-03-23 18:00:00,2022-12-31 23:00:00,2022
A944,6440,5.0,39.7,2022-01-01 00:00:00,2022-12-31 23:00:00,2022
A303,8288,19.3,35.0,2022-01-01 00:00:00,2022-12-31 23:00:00,2022
A327,6424,17.7,37.0,2022-01-01 01:00:00,2022-12-31 23:00:00,2022
A353,1066,17.6,30.2,2022-06-04 17:00:00,2022-07-29 23:00:00,2022
A355,4952,19.7,33.8,2022-06-08 16:00:00,2022-12-31 23:00:00,2022
A356,4293,17.9,34.4,2022-01-11 13:00:00,2022-12-31 23:00:00,2022
A371,8545,17.5,38.2,2022-01-01 00:00:00,2022-12-31 23:00:00,2022
A401,8760,20.1,33.2,2022-01-01 00:00:00,2022-12-31 23:00:00,2022
A402,8407,11.5,38.7,2022-01-01 01:00:00,2022-12-31 23:00:00,2022
A404,8471,10.6,37.8,2022-01-01 00:00:00,2022-12-31 23:00:00,2022
A405,3126,15.7,32.0,2022-08-22 21:00:00,2022-12-31 23:00:00,2022
A406,8750,16.7,34.5,2022-01-01 00:00:00,2022-12-31 23:00:00,2022
A407,8757,11.6,33.0,2022-01-01 00:00:00,2022-12-31 23:00:00,2022
A408,8760,14.3,38.0,2022-01-01 00:00:00,2022-12-31 23:00:00,2022
A410,2272,19.6,32.7,2022-01-01 00:00:00,2022-12-31 08:00:00,2022
A413,8641,15.0,36.5,2022-01-01 00:00:00,2022-12-29 09:00:00,2022
A414,8760,8.4,33.4,2022-01-01 00:00:00,2022-12-31 23:00:00,2022
A415,3567,11.4,39.4,2022-03-19 19:00:00,2022-11-11 15:00:00,2022
A416,8759,8.7,38.7,2022-01-01 00:00:00,2022-12-31 23:00:00,2022
A418,4286,17.9,40.1,2022-01-01 00:00:00,2022-12-31 23:00:00,2022
A423,5195,20.3,36.9,2022-01-01 11:00:00,2022-12-31 23:00:00,2022
A424,7970,12.4,36.3,2022-01-01 00:00:00,2022-12-31 23:00:00,2022
A425,8760,14.1,37.1,2022-01-01 00:00:00,2022-12-31 23:00:00,2022
A426,8511,15.5,38.0,2022-01-01 00:00:00,2022-12-31 23:00:00,2022
A427,6455,11.8,33.5,2022-02-27 01:00:00,2022-12-31 23:00:00,2022
A428,2518,16.7,35.4,2022-09-10 14:00:00,2022-12-31 23:00:00,2022
A429,6852,15.5,39.4,2022-03-21 12:00:00,2022-12-31 23:00:00,2022
A430,8624,9.6,30.5,2022-01-01 00:00:00,2022-12-31 23:00:00,2022
A431,1439,20.4,31.9,2022-01-01 00:00:00,2022-03-22 19:00:00,2022
A432,5421,13.1,39.0,2022-03-20 19:00:00,2022-12-31 23:00:00,2022
A433,8580,12.0,36.7,2022-01-01 00:00:00,2022-12-31 23:00:00,2022
A434,3808,15.3,31.3,2022-01-01 00:00:00,2022-12-11 11:00:00,2022
A436,8435,14.9,38.6,2022-01-01 00:00:00,2022-12-31 22:00:00,2022
A437,2425,17.7,32.0,2022-09-21 22:00:00,2022-12-31 23:00:00,2022
A438,7800,17.9,31.6,2022-01-10 17:00:00,2022-12-31 23:00:00,2022
A439,8712,13.0,40.5,2022-01-01 00:00:00,2022-12-31 23:00:00,2022
A440,1495,15.3,35.7,2022-09-11 22:00:00,2022-11-27 12:00:00,2022
A441,1907,15.4,35.0,2022-01-29 13:00:00,2022-12-16 03:00:00,2022
A442,3081,19.4,37.2,2022-01-01 00:00:00,2022-12-31 14:00:00,2022
A444,635,20.2,32.7,2022-12-05 13:00:00,2022-12-31 23:00:00,2022
A446,7796,11.0,37.8,2022-01-01 00:00:00,2022-12-31 23:00:00,2022
A447,2383,16.5,32.5,2022-09-23 17:00:00,2022-12-31 23:00:00,2022
A448,4622,18.4,38.0,2022-01-01 00:00:00,2022-12-29 09:00:00,2022
A450,2981,17.4,36.4,2022-01-01 00:00:00,2022-12-31 23:00:00,2022
A452,8299,10.2,39.3,2022-01-01 00:00:00,2022-12-31 11:00:00,2022
A455,3054,14.6,34.6,2022-08-23 18:00:00,2022-12-31 23:00:00,2022
A456,7488,19.8,33.8,2022-01-01 00:00:00,2022-12-31 23:00:00,2022
A458,8520,13.3,37.7,2022-01-01 00:00:00,2022-12-31 23:00:00,2022
A305,8712,21.1,34.4,2022-01-01 00:00:00,2022-12-31 23:00:00,2022
A306,1082,18.9,37.7,2022-08-05 19:00:00,2022-12-31 23:00:00,2022
A314,2838,13.8,31.1,2022-02-26 11:00:00,2022-12-31 23:00:00,2022
A319,5795,20.3,38.9,2022-01-01 00:00:00,2022-12-31 23:00:00,2022
A324,3386,18.9,39.1,2022-08-12 22:00:00,2022-12-31 23:00:00,2022
A325,4874,18.9,37.6,2022-01-01 13:00:00,2022-12-31 19:00:00,2022
A332,8605,18.3,38.4,2022-01-01 00:00:00,2022-12-31 23:00:00,2022
A339,4029,21.0,36.1,2022-01-01 00:00:00,2022-06-17 23:00:00,2022
A342,4633,19.3,38.9,2022-01-01 00:00:00,2022-12-31 23:00:00,2022
A358,3343,22.0,39.7,2022-08-13 22:00:00,2022-12-31 23:00:00,2022
A359,3471,23.0,36.8,2022-08-08 15:00:00,2022-12-31 23:00:00,2022
A360,3536,21.6,37.2,2022-08-06 16:00:00,2022-12-31 23:00:00,2022
A368,3562,15.6,32.8,2022-08-05 14:00:00,2022-12-31 23:00:00,2022
A369,3442,17.8,37.4,2022-08-10 14:00:00,2022-12-31 23:00:00,2022
A203,8750,21.9,32.8,2022-01-01 00:00:00,2022-12-31 23:00:00,2022
A204,3728,16.2,39.1,2022-07-29 16:00:00,2022-12-31 23:00:00,2022
A205,6528,19.0,39.1,2022-04-03 15:00:00,2022-12-31 23:00:00,2022
A206,6488,20.5,38.9,2022-04-05 13:00:00,2022-12-31 23:00:00,2022
A207,3637,20.2,37.5,2022-08-02 09:00:00,2022-12-31 23:00:00,2022
A218,5082,21.4,32.6,2022-04-03 18:00:00,2022-12-31 23:00:00,2022
A219,2753,21.5,32.7,2022-03-29 21:00:00,2022-07-30 22:00:00,2022
A220,6603,20.0,40.7,2022-01-01 00:00:00,2022-10-18 13:00:00,2022
A221,5426,17.9,39.2,2022-01-01 10:00:00,2022-12-31 23:00:00,2022
A222,6438,16.2,38.7,2022-04-07 17:00:00,2022-12-31 23:00:00,2022
A223,2414,14.9,39.4,2022-07-28 13:00:00,2022-12-31 17:00:00,2022
A224,3822,15.6,38.7,2022-07-25 18:00:00,2022-12-31 23:00:00,2022
A225,8759,19.0,39.0,2022-01-01 00:00:00,2022-12-31 23:00:00,2022
A237,6454,15.7,39.1,2022-04-06 17:00:00,2022-12-31 23:00:00,2022
A238,3593,17.4,36.0,2022-07-20 17:00:00,2022-12-31 23:00:00,2022
A255,6775,21.2,36.5,2022-01-01 17:00:00,2022-12-31 23:00:00,2022
A310,8760,16.9,32.1,2022-01-01 00:00:00,2022-12-31 23:00:00,2022
A313,8759,16.7,33.7,2022-01-01 00:00:00,2022-12-31 23:00:00,2022
A320,8544,20.0,33.2,2022-01-01 00:00:00,2022-12-31 23:00:00,2022
A321,2126,22.6,39.2,2022-01-01 12:00:00,2022-12-30 15:00:00,2022
A333,8760,16.7,37.8,2022-01-01 00:00:00,2022-12-31 23:00:00,2022
A334,8668,14.3,35.6,2022-01-01 00:00:00,2022-12-31 23:00:00,2022
A348,8760,14.0,36.1,2022-01-01 00:00:00,2022-12-31 23:00:00,2022
A352,8760,18.6,33.1,2022-01-01 00:00:00,2022-12-31 23:00:00,2022
A307,5331,18.3,36.2,2022-01-01 00:00:00,2022-08-11 02:00:00,2022
A309,3762,14.4,34.7,2022-01-03 14:00:00,2022-12-31 23:00:00,2022
A322,4952,15.3,30.5,2022-03-08 12:00:00,2022-12-31 23:00:00,2022
A328,6796,16.5,35.0,2022-01-01 09:00:00,2022-12-31 23:00:00,2022
A329,3113,17.7,38.1,2022-01-01 12:00:00,2022-12-31 23:00:00,2022
A341,3129,15.2,28.9,2022-06-02 16:00:00,2022-10-11 08:00:00,2022
A349,7554,15.9,36.8,2022-01-01 00:00:00,2022-12-31 23:00:00,2022
A351,3057,17.8,38.4,2022-08-26 15:00:00,2022-12-31 23:00:00,2022
A357,4918,18.1,34.0,2022-06-09 20:00:00,2022-12-31 23:00:00,2022
A366,3006,18.1,37.8,2022-08-28 18:00:00,2022-12-31 23:00:00,2022
A370,4510,16.2,38.0,2022-01-01 12:00:00,2022-12-31 23:00:00,2022
A308,6446,18.7,38.3,2022-01-01 01:00:00,2022-12-31 23:00:00,2022
A311,3621,19.2,36.6,2022-01-01 00:00:00,2022-07-16 18:00:00,2022
A312,7923,17.3,38.9,2022-01-01 00:00:00,2022-12-31 23:00:00,2022
A326,8760,15.5,41.1,2022-01-01 00:00:00,2022-12-31 23:00:00,2022
A330,3829,19.9,38.8,2022-01-01 11:00:00,2022-12-31 15:00:00,2022
A331,744,18.3,39.1,2022-07-30 23:00:00,2022-11-10 20:00:00,2022
A335,8506,19.6,40.4,2022-01-01 00:00:00,2022-12-31 23:00:00,2022
A336,5725,16.4,36.8,2022-01-01 00:00:00,2022-08-27 15:00:00,2022
A337,6288,18.5,37.5,2022-01-01 00:00:00,2022-12-31 23:00:00,2022
A343,3680,18.1,40.6,2022-01-01 14:00:00,2022-12-31 23:00:00,2022
A345,5101,18.2,39.8,2022-01-01 10:00:00,2022-12-31 23:00:00,2022
A346,3722,18.2,39.2,2022-07-29 22:00:00,2022-12-31 23:00:00,2022
A354,3655,15.1,41.1,2022-08-01 17:00:00,2022-12-31 23:00:00,2022
A361,3584,16.9,40.0,2022-08-04 16:00:00,2022-12-31 23:00:00,2022
A363,3650,18.9,38.8,2022-08-01 20:00:00,2022-12-31 23:00:00,2022
A364,6062,17.9,39.1,2022-01-01 00:00:00,2022-12-31 23:00:00,2022
A365,8285,17.3,38.6,2022-01-01 00:00:00,2022-12-31 23:00:00,2022
A374,8462,11.6,39.2,2022-01-01 02:00:00,2022-12-31 22:00:00,2022
A375,4211,19.6,36.9,2022-01-01 00:00:00,2022-12-31 19:00:00,2022
A376,3356,19.7,39.5,2022-08-03 21:00:00,2022-12-29 14:00:00,2022
A377,3609,15.7,39.2,2022-08-03 15:00:00,2022-12-31 23:00:00,2022
A304,6072,20.7,32.1,2022-01-01 10:00:00,2022-12-31 16:00:00,2022
A316,3208,21.7,38.8,2022-01-01 11:00:00,2022-12-31 17:00:00,2022
A317,3273,19.0,37.4,2022-08-17 15:00:00,2022-12-31 23:00:00,2022
A318,2336,16.4,34.5,2022-08-15 20:00:00,2022-12-04 01:00:00,2022
A340,3323,20.6,38.3,2022-08-15 13:00:00,2022-12-31 23:00:00,2022
A344,241,21.1,29.9,2022-08-21 09:00:00,2022-09-30 13:00:00,2022
A367,2995,18.0,36.2,2022-08-21 15:00:00,2022-12-31 23:00:00,2022
A372,3406,20.0,38.2,2022-01-01 10:00:00,2022-12-31 18:00:00,2022
A409,2644,21.2,31.8,2022-09-07 15:00:00,2022-12-31 23:00:00,2022
A417,6258,17.3,35.0,2022-01-01 00:00:00,2022-12-30 16:00:00,2022
A419,2763,16.8,35.3,2022-01-01 00:00:00,2022-12-31 23:00:00,2022
A421,1435,20.8,31.4,2022-06-06 22:00:00,2022-08-05 19:00:00,2022
A453,1596,18.3,35.4,2022-01-01 10:00:00,2022-12-31 23:00:00,2022
A102,8546,11.2,39.7,2022-01-01 00:00:00,2022-12-31 23:00:00,2022
A104,2474,14.5,37.6,2022-09-19 22:00:00,2022-12-31 23:00:00,2022
A101,8694,22.4,37.8,2022-01-01 00:00:00,2022-12-31 23:00:00,2022
A110,2552,15.5,38.6,2022-09-16 16:00:00,2022-12-31 23:00:00,2022
A111,7374,16.5,37.3,2022-01-01 00:00:00,2022-12-31 23:00:00,2022
A112,2536,17.5,37.9,2022-07-11 21:00:00,2022-11-11 22:00:00,2022
A113,4268,16.5,36.7,2022-07-05 20:00:00,2022-12-31 23:00:00,2022
A117,2940,21.5,34.6,2022-03-25 19:00:00,2022-08-03 17:00:00,2022
A119,8709,21.9,37.1,2022-01-01 00:00:00,2022-12-31 23:00:00,2022
A120,5982,21.8,37.4,2022-04-26 18:00:00,2022-12-31 23:00:00,2022
A121,8700,22.1,36.7,2022-01-01 00:00:00,2022-12-31 23:00:00,2022
A122,318,22.7,36.0,2022-03-28 16:00:00,2022-04-10 23:00:00,2022
A123,811,22.6,34.4,2022-04-01 15:00:00,2022-12-31 23:00:00,2022
A124,5908,21.2,36.0,2022-04-29 20:00:00,2022-12-31 23:00:00,2022
A125,8760,19.2,35.8,2022-01-01 00:00:00,2022-12-31 23:00:00,2022
A126,4756,19.9,37.2,2022-06-16 19:00:00,2022-12-31 23:00:00,2022
A128,5378,20.3,35.4,2022-05-19 22:00:00,2022-12-31 23:00:00,2022
A133,4825,19.0,37.5,2022-06-13 23:00:00,2022-12-31 23:00:00,2022
A134,6391,19.9,36.5,2022-01-01 20:00:00,2022-12-31 23:00:00,2022
A144,5535,20.1,37.3,2022-01-01 13:00:00,2022-12-31 23:00:00,2022
A242,1423,22.1,32.8,2022-04-03 22:00:00,2022-06-02 14:00:00,2022
A244,6551,20.8,36.3,2022-04-02 22:00:00,2022-12-31 23:00:00,2022
A249,6535,21.7,34.6,2022-04-01 15:00:00,2022-12-31 22:00:00,2022
A251,190,22.9,32.1,2022-04-01 23:00:00,2022-04-09 20:00:00,2022
A201,8452,21.8,36.3,2022-01-01 00:00:00,2022-12-31 22:00:00,2022
A202,4909,21.8,35.7,2022-01-01 00:00:00,2022-12-31 19:00:00,2022
A209,4876,20.7,36.1,2022-06-11 20:00:00,2022-12-31 23:00:00,2022
A210,4903,19.9,37.7,2022-05-29 12:00:00,2022-12-31 23:00:00,2022
A211,4881,19.5,38.4,2022-06-11 15:00:00,2022-12-31 23:00:00,2022
A212,1401,22.3,33.6,2022-01-29 16:00:00,2022-03-29 00:00:00,2022
A214,2,14.3,35.9,2022-05-17 22:00:00,2022-05-21 18:00:00,2022
A215,7155,21.5,39.9,2022-01-01 00:00:00,2022-12-31 21:00:00,2022
A216,4915,17.6,36.3,2022-01-01 00:00:00,2022-07-24 23:00:00,2022
A226,8364,22.2,35.6,2022-01-01 00:00:00,2022-12-31 23:00:00,2022
A228,146,23.2,34.6,2022-04-09 14:00:00,2022-04-15 15:00:00,2022
A229,5102,20.5,35.5,2022-01-01 15:00:00,2022-12-31 23:00:00,2022
A230,2645,18.8,33.4,2022-01-01 00:00:00,2022-10-04 21:00:00,2022
A231,5116,21.7,36.6,2022-05-31 21:00:00,2022-12-31 23:00:00,2022
A232,4999,20.3,37.1,2022-06-06 17:00:00,2022-12-31 23:00:00,2022
A233,3715,15.7,37.7,2022-01-01 00:00:00,2022-06-04 18:00:00,2022
A234,8758,17.6,38.1,2022-01-01 00:00:00,2022-12-31 23:00:00,2022
A235,1904,19.5,35.6,2022-05-27 14:00:00,2022-08-15 06:00:00,2022
A239,110,23.2,31.2,2022-06-07 13:00:00,2022-06-13 09:00:00,2022
A241,8760,16.1,39.6,2022-01-01 00:00:00,2022-12-31 23:00:00,2022
A245,6405,21.2,36.1,2022-04-07 19:00:00,2022-12-31 23:00:00,2022
A247,2914,20.7,34.3,2022-01-01 00:00:00,2022-05-09 12:00:00,2022
A248,3708,20.9,33.7,2022-01-01 00:00:00,2022-07-02 23:00:00,2022
A250,4305,21.1,33.1,2022-06-03 14:00:00,2022-12-31 06:00:00,2022
A252,8462,18.6,36.3,2022-01-01 00:00:00,2022-12-31 23:00:00,2022
A253,5157,20.3,37.3,2022-05-29 21:00:00,2022-12-31 23:00:00,2022
A254,7322,19.1,40.1,2022-01-01 01:00:00,2022-12-31 18:00:00,2022
A256,4541,16.5,40.3,2022-04-01 13:00:00,2022-11-04 18:00:00,2022
A925,7864,14.6,38.6,2022-01-01 00:00:00,2022-12-31 23:00:00,2022
A938,6225,10.8,35.5,2022-01-01 00:00:00,2022-10-23 19:00:00,2022
A939,7,29.7,34.6,2022-08-17 14:00:00,2022-09-03 15:00:00,2022
A135,6729,21.0,36.4,2022-03-22 15:00:00,2022-12-31 23:00:00,2022
A009,7347,18.3,40.2,2022-01-01 00:00:00,2022-12-31 23:00:00,2022
A010,8487,13.0,40.2,2022-01-01 00:00:00,2022-12-31 22:00:00,2022
A018,8491,12.9,40.1,2022-01-01 00:00:00,2022-12-31 23:00:00,2022
A019,8692,13.2,40.0,2022-01-01 00:00:00,2022-12-31 23:00:00,2022
A020,489,22.8,35.9,2022-01-02 14:00:00,2022-04-25 21:00:00,2022
A021,6173,14.7,38.5,2022-04-02 12:00:00,2022-12-31 22:00:00,2022
A038,3978,16.8,36.0,2022-01-01 16:00:00,2022-12-31 23:00:00,2022
A039,7397,12.0,40.3,2022-01-01 00:00:00,2022-12-31 20:00:00,2022
A040,3798,13.2,35.6,2022-07-26 18:00:00,2022-12-31 23:00:00,2022
A041,973,21.3,39.2,2022-01-01 15:00:00,2022-09-15 16:00:00,2022
A048,7022,17.5,39.0,2022-01-01 10:00:00,2022-12-31 23:00:00,2022
A050,2602,19.6,38.6,2022-01-01 12:00:00,2022-12-31 17:00:00,2022
A051,8760,12.5,40.1,2022-01-01 00:00:00,2022-12-31 23:00:00,2022
A052,6511,13.1,40.6,2022-03-05 17:00:00,2022-12-31 22:00:00,2022
A053,3844,17.3,37.8,2022-01-01 02:00:00,2022-12-31 16:00:00,2022
A054,3791,20.5,37.0,2022-01-01 00:00:00,2022-12-31 23:00:00,2022
A055,5582,14.1,40.0,2022-01-01 12:00:00,2022-12-31 23:00:00,2022
A612,8322,12.3,37.1,2022-01-01 00:00:00,2022-12-31 23:00:00,2022
A613,8280,8.9,30.4,2022-01-01 00:00:00,2022-12-31 23:00:00,2022
A614,8759,14.8,36.6,2022-01-01 00:00:00,2022-12-31 23:00:00,2022
A615,8680,13.6,37.3,2022-01-01 00:00:00,2022-12-28 19:00:00,2022
A616,8710,11.4,35.3,2022-01-01 00:00:00,2022-12-31 23:00:00,2022
A617,8759,10.5,37.7,2022-01-01 00:00:00,2022-12-31 23:00:00,2022
A622,8316,13.7,37.8,2022-01-01 00:00:00,2022-12-31 23:00:00,2022
A623,8757,11.2,39.4,2022-01-01 00:00:00,2022-12-31 23:00:00,2022
A631,8650,10.8,38.6,2022-01-01 00:00:00,2022-12-31 23:00:00,2022
A632,8667,9.4,37.2,2022-01-01 00:00:00,2022-12-31 23:00:00,2022
A633,8709,4.6,33.2,2022-01-01 00:00:00,2022-12-31 23:00:00,2022
A634,8709,11.2,36.2,2022-01-01 00:00:00,2022-12-31 23:00:00,2022
A657,7915,9.4,35.4,2022-01-01 00:00:00,2022-12-31 23:00:00,2022
A502,8719,5.5,30.9,2022-01-01 00:00:00,2022-12-31 23:00:00,2022
A505,8398,9.0,34.1,2022-01-01 00:00:00,2022-12-31 23:00:00,2022
A506,8759,7.6,37.3,2022-01-01 00:00:00,2022-12-31 23:00:00,2022
A507,8760,6.1,35.4,2022-01-01 00:00:00,2022-12-31 23:00:00,2022
A508,8612,11.1,37.4,2022-01-01 00:00:00,2022-12-31 23:00:00,2022
A509,8503,0.1,27.5,2022-01-01 00:00:00,2022-12-31 23:00:00,2022
A510,8106,6.5,32.5,2022-01-01 00:00:00,2022-12-31 23:00:00,2022
A511,8760,9.7,34.5,2022-01-01 00:00:00,2022-12-31 23:00:00,2022
A512,8538,4.9,39.9,2022-01-01 00:00:00,2022-12-31 23:00:00,2022
A513,5763,7.5,32.1,2022-01-01 00:00:00,2022-12-31 23:00:00,2022
A514,8756,3.8,33.6,2022-01-01 00:00:00,2022-12-31 23:00:00,2022
A515,8759,5.8,33.1,2022-01-01 00:00:00,2022-12-31 23:00:00,2022
A516,8706,3.8,35.7,2022-01-01 00:00:00,2022-12-31 23:00:00,2022
A517,8330,10.6,36.6,2022-01-01 00:00:00,2022-12-31 23:00:00,2022
A518,8369,7.5,32.2,2022-01-01 00:00:00,2022-12-31 23:00:00,2022
A519,8760,6.7,38.8,2022-01-01 00:00:00,2022-12-31 23:00:00,2022
A520,8699,4.9,38.6,2022-01-01 00:00:00,2022-12-30 15:00:00,2022
A521,8749,7.2,36.1,2022-01-01 00:00:00,2022-12-31 23:00:00,2022
A522,8757,11.9,38.8,2022-01-01 00:00:00,2022-12-31 23:00:00,2022
A523,8760,2.7,34.3,2022-01-01 00:00:00,2022-12-31 23:00:00,2022
A524,7940,6.7,34.4,2022-01-01 00:00:00,2022-12-31 23:00:00,2022
A525,8760,4.5,35.3,2022-01-01 00:00:00,2022-12-31 23:00:00,2022
A526,8470,7.0,39.9,2022-01-01 00:00:00,2022-12-31 23:00:00,2022
A527,6877,10.4,36.5,2022-01-01 00:00:00,2022-12-31 23:00:00,2022
A528,8760,6.3,35.8,2022-01-01 00:00:00,2022-12-31 23:00:00,2022
A529,8758,5.5,32.6,2022-01-01 00:00:00,2022-12-31 23:00:00,2022
A530,8327,-0.2,32.1,2022-01-01 00:00:00,2022-12-31 23:00:00,2022
A531,8755,-0.6,30.1,2022-01-01 00:00:00,2022-12-31 23:00:00,2022
A532,8346,9.4,38.1,2022-01-01 00:00:00,2022-12-31 23:00:00,2022
A533,8472,6.2,35.7,2022-01-01 00:00:00,2022-12-31 23:00:00,2022
A534,7469,13.9,36.1,2022-01-01 00:00:00,2022-12-31 23:00:00,2022
A535,8757,3.9,35.3,2022-01-01 00:00:00,2022-12-31 23:00:00,2022
A536,8685,6.7,37.4,2022-01-01 00:00:00,2022-12-31 23:00:00,2022
A537,8760,4.9,30.6,2022-01-01 00:00:00,2022-12-31 23:00:00,2022
A538,8758,6.1,36.9,2022-01-01 00:00:00,2022-12-31 23:00:00,2022
A539,8760,9.6,39.3,2022-01-01 00:00:00,2022-12-31 23:00:00,2022
A540,8760,11.4,37.2,2022-01-01 00:00:00,2022-12-31 23:00:00,2022
A541,6489,4.7,33.6,2022-01-01 00:00:00,2022-12-31 23:00:00,2022
A542,8484,7.3,37.6,2022-01-01 00:00:00,2022-12-31 22:00:00,2022
A543,5231,10.2,37.7,2022-05-26 15:00:00,2022-12-31 23:00:00,2022
A544,4253,12.2,35.3,2022-07-07 19:00:00,2022-12-31 23:00:00,2022
A545,8551,6.9,38.0,2022-01-01 00:00:00,2022-12-31 23:00:00,2022
A546,4223,6.8,34.4,2022-07-08 22:00:00,2022-12-31 23:00:00,2022
A547,6636,9.7,39.5,2022-01-01 00:00:00,2022-12-31 23:00:00,2022
A548,8566,8.4,36.2,2022-01-01 00:00:00,2022-12-31 23:00:00,2022
A549,7517,5.6,35.2,2022-01-01 00:00:00,2022-12-31 23:00:00,2022
A550,8591,9.0,38.5,2022-01-01 00:00:00,2022-12-31 23:00:00,2022
A551,7386,6.6,34.9,2022-01-01 00:00:00,2022-12-31 23:00:00,2022
A552,8509,6.7,39.1,2022-01-01 00:00:00,2022-12-31 23:00:00,2022
A553,6108,10.3,35.0,2022-01-01 00:00:00,2022-12-31 23:00:00,2022
A554,8743,8.8,36.3,2022-01-01 00:00:00,2022-12-31 23:00:00,2022
A555,8695,7.0,32.8,2022-01-01 00:00:00,2022-12-31 06:00:00,2022
A556,8665,5.8,33.0,2022-01-01 00:00:00,2022-12-31 23:00:00,2022
A557,8652,8.9,38.5,2022-01-01 00:00:00,2022-12-31 23:00:00,2022
A559,8498,8.4,39.0,2022-01-01 00:00:00,2022-12-31 23:00:00,2022
A560,8734,4.8,36.6,2022-01-01 00:00:00,2022-12-31 23:00:00,2022
A561,5856,4.7,34.9,2022-01-01 00:00:00,2022-12-31 23:00:00,2022
A562,8744,5.5,35.0,2022-01-01 00:00:00,2022-12-31 23:00:00,2022
A563,8507,6.1,39.0,2022-01-01 00:00:00,2022-12-31 23:00:00,2022
A564,8757,5.7,34.9,2022-01-01 00:00:00,2022-12-31 23:00:00,2022
A565,8592,4.2,36.6,2022-01-01 00:00:00,2022-12-31 23:00:00,2022
A566,8594,6.4,39.3,2022-01-01 00:00:00,2022-12-31 23:00:00,2022
A567,7877,5.9,32.9,2022-01-01 00:00:00,2022-12-31 23:00:00,2022
A568,8571,4.5,36.1,2022-01-01 01:00:00,2022-12-31 23:00:00,2022
A569,8715,4.5,36.6,2022-01-01 00:00:00,2022-12-31 23:00:00,2022
A570,8760,6.1,32.3,2022-01-01 00:00:00,2022-12-31 23:00:00,2022
A571,8740,6.7,37.4,2022-01-01 00:00:00,2022-12-31 23:00:00,2022
F501,8674,4.9,33.5,2022-01-01 00:00:00,2022-12-31 23:00:00,2022
A601,8757,11.4,39.0,2022-01-01 00:00:00,2022-12-31 23:00:00,2022
A602,8760,12.5,39.9,2022-01-01 00:00:00,2022-12-31 23:00:00,2022
A603,8757,9.5,38.2,2022-01-01 00:00:00,2022-12-31 23:00:00,2022
A604,8706,9.3,36.9,2022-01-01 00:00:00,2022-12-31 23:00:00,2022
A606,8156,16.5,32.7,2022-01-01 00:00:00,2022-12-31 23:00:00,2022
A607,8712,12.4,37.3,2022-01-01 00:00:00,2022-12-31 23:00:00,2022
A608,8758,11.9,37.0,2022-01-01 00:00:00,2022-12-31 23:00:00,2022
A609,7816,8.6,37.5,2022-01-01 00:00:00,2022-12-31 23:00:00,2022
A610,7367,1.8,26.3,2022-01-01 00:00:00,2022-12-31 23:00:00,2022
A611,8759,6.7,35.8,2022-01-01 00:00:00,2022-12-31 23:00:00,2022
A618,8084,6.3,31.0,2022-01-01 00:00:00,2022-12-31 23:00:00,2022
A619,8729,11.4,37.4,2022-01-01 00:00:00,2022-12-31 23:00:00,2022
A620,8748,13.5,36.4,2022-01-01 00:00:00,2022-12-31 23:00:00,2022
A621,8715,11.2,38.2,2022-01-01 00:00:00,2022-12-31 23:00:00,2022
A624,8760,1.7,30.0,2022-01-01 00:00:00,2022-12-31 23:00:00,2022
A625,7576,6.9,36.4,2022-01-01 00:00:00,2022-12-31 23:00:00,2022
A626,8695,8.0,36.4,2022-01-01 00:00:00,2022-12-31 23:00:00,2022
A627,8758,13.6,38.6,2022-01-01 00:00:00,2022-12-31 23:00:00,2022
A628,8488,12.8,38.4,2022-01-01 00:00:00,2022-12-31 23:00:00,2022
A629,8679,7.1,36.0,2022-01-01 00:00:00,2022-12-31 23:00:00,2022
A630,8718,7.6,32.6,2022-01-01 00:00:00,2022-12-31 23:00:00,2022
A636,8694,12.2,37.9,2022-01-01 00:00:00,2022-12-31 23:00:00,2022
A637,1207,11.6,33.7,2022-11-10 12:00:00,2022-12-31 23:00:00,2022
A652,8752,15.8,36.8,2022-01-01 00:00:00,2022-12-31 23:00:00,2022
A659,8741,9.7,38.7,2022-01-01 00:00:00,2022-12-31 09:00:00,2022
A667,8754,12.1,37.2,2022-01-01 00:00:00,2022-12-31 23:00:00,2022
A701,8760,7.3,34.0,2022-01-01 00:00:00,2022-12-31 23:00:00,2022
A705,7294,5.7,36.2,2022-01-01 00:00:00,2022-12-31 23:00:00,2022
A706,7643,0.7,27.9,2022-01-27 20:00:00,2022-12-31 23:00:00,2022
A707,7312,6.6,37.0,2022-01-01 00:00:00,2022-12-31 23:00:00,2022
A708,8708,6.2,34.4,2022-01-01 00:00:00,2022-12-31 23:00:00,2022
A711,7622,4.8,33.5,2022-01-01 00:00:00,2022-12-31 23:00:00,2022
A712,6653,6.8,36.8,2022-01-17 16:00:00,2022-12-31 23:00:00,2022
A713,5594,4.8,34.8,2022-01-01 00:00:00,2022-11-05 13:00:00,2022
A714,7796,6.3,34.2,2022-01-01 00:00:00,2022-12-31 23:00:00,2022
A715,5331,3.0,34.4,2022-05-23 20:00:00,2022-12-31 23:00:00,2022
A718,5931,1.6,35.6,2022-04-28 13:00:00,2022-12-31 23:00:00,2022
A725,5907,6.1,34.4,2022-01-01 12:00:00,2022-12-31 23:00:00,2022
A726,7086,4.7,35.4,2022-03-11 17:00:00,2022-12-31 23:00:00,2022
A727,5977,7.1,36.3,2022-01-01 03:00:00,2022-12-31 23:00:00,2022
A728,8094,5.7,35.4,2022-01-01 09:00:00,2022-12-31 23:00:00,2022
A733,5061,9.8,37.7,2022-01-01 10:00:00,2022-12-31 23:00:00,2022
A734,5563,4.8,37.6,2022-01-01 00:00:00,2022-12-31 23:00:00,2022
A735,8181,5.5,36.9,2022-01-04 00:00:00,2022-12-31 23:00:00,2022
A736,4116,5.4,36.4,2022-01-01 13:00:00,2022-12-31 23:00:00,2022
A737,8420,5.3,36.6,2022-01-01 00:00:00,2022-12-31 23:00:00,2022
A738,8573,6.1,35.2,2022-01-01 00:00:00,2022-12-31 23:00:00,2022
A739,5748,2.7,35.7,2022-02-19 17:00:00,2022-12-31 23:00:00,2022
A740,7443,4.6,32.5,2022-02-15 14:00:00,2022-12-31 23:00:00,2022
A741,6958,7.2,36.9,2022-01-01 11:00:00,2022-12-31 23:00:00,2022
A744,7506,5.5,33.6,2022-01-21 19:00:00,2022-12-31 23:00:00,2022
A746,6570,0.2,33.7,2022-04-01 20:00:00,2022-12-31 23:00:00,2022
A747,8758,3.4,36.0,2022-01-01 00:00:00,2022-12-31 23:00:00,2022
A748,4111,12.7,37.1,2022-01-01 00:00:00,2022-12-31 23:00:00,2022
A753,7429,1.9,38.2,2022-02-24 19:00:00,2022-12-31 23:00:00,2022
A755,8183,4.4,34.0,2022-01-01 00:00:00,2022-12-31 23:00:00,2022
A762,8737,6.9,37.8,2022-01-01 00:00:00,2022-12-31 23:00:00,2022
A763,8760,5.3,35.0,2022-01-01 00:00:00,2022-12-31 23:00:00,2022
A765,7338,11.7,37.6,2022-01-01 12:00:00,2022-12-31 23:00:00,2022
A766,7151,6.0,38.3,2022-01-01 12:00:00,2022-12-31 23:00:00,2022
A768,7883,6.6,36.7,2022-01-01 00:00:00,2022-12-31 23:00:00,2022
A769,7613,6.3,36.8,2022-02-14 17:00:00,2022-12-31 23:00:00,2022
A770,8632,3.9,36.0,2022-01-01 00:00:00,2022-12-31 22:00:00,2022
A771,8756,7.3,34.7,2022-01-01 00:00:00,2022-12-31 23:00:00,2022
A807,8404,6.8,33.3,2022-01-01 00:00:00,2022-12-31 23:00:00,2022
A818,6153,2.1,35.3,2022-01-01 00:00:00,2022-11-29 14:00:00,2022
A820,8760,2.8,37.9,2022-01-01 00:00:00,2022-12-31 23:00:00,2022
A821,4823,4.4,35.3,2022-01-01 00:00:00,2022-12-31 23:00:00,2022
A823,7067,0.2,31.8,2022-01-01 00:00:00,2022-12-31 23:00:00,2022
A824,713,18.9,35.1,2022-11-30 21:00:00,2022-12-31 23:00:00,2022
A825,7566,3.5,38.4,2022-01-01 00:00:00,2022-12-31 23:00:00,2022
A835,8689,6.9,36.2,2022-01-01 00:00:00,2022-12-31 23:00:00,2022
A842,4486,4.9,33.8,2022-04-28 19:00:00,2022-12-31 23:00:00,2022
A843,3145,5.9,34.0,2022-08-22 22:00:00,2022-12-31 23:00:00,2022
A846,7946,1.2,40.0,2022-01-01 00:00:00,2022-12-31 23:00:00,2022
A849,4275,8.3,40.0,2022-01-01 00:00:00,2022-12-31 23:00:00,2022
A850,5968,6.3,39.3,2022-01-01 00:00:00,2022-12-31 23:00:00,2022
A855,3124,6.9,36.2,2022-08-23 20:00:00,2022-12-31 23:00:00,2022
A869,1072,17.9,40.6,2022-01-01 12:00:00,2022-12-31 23:00:00,2022
A871,5914,4.8,32.4,2022-04-29 14:00:00,2022-12-31 23:00:00,2022
A872,5909,1.7,29.3,2022-04-29 19:00:00,2022-12-31 23:00:00,2022
A873,6081,6.4,38.7,2022-01-01 00:00:00,2022-12-31 23:00:00,2022
A874,6502,-2.1,34.5,2022-01-01 01:00:00,2022-12-31 23:00:00,2022
A875,6706,-3.3,34.6,2022-01-01 00:00:00,2022-12-31 23:00:00,2022
A876,6755,0.3,34.8,2022-01-01 00:00:00,2022-12-31 23:00:00,2022
B803,5665,4.6,38.7,2022-01-01 00:00:00,2022-12-31 22:00:00,2022
B804,3145,3.6,32.6,2022-01-24 12:00:00,2022-12-31 23:00:00,2022
B806,7744,0.9,32.4,2022-01-01 00:00:00,2022-12-31 23:00:00,2022
A801,8729,4.2,40.3,2022-01-01 00:00:00,2022-12-31 23:00:00,2022
A802,8404,3.0,39.4,2022-01-01 00:00:00,2022-12-31 23:00:00,2022
A803,8717,2.0,40.2,2022-01-01 00:00:00,2022-12-31 23:00:00,2022
A804,8610,1.0,39.0,2022-01-01 00:00:00,2022-12-31 23:00:00,2022
A805,8712,1.2,39.4,2022-01-01 00:00:00,2022-12-31 23:00:00,2022
A808,8087,4.8,37.8,2022-01-01 00:00:00,2022-12-31 23:00:00,2022
A809,8716,2.0,42.9,2022-01-01 00:00:00,2022-12-31 23:00:00,2022
A810,6976,-0.1,41.1,2022-01-01 11:00:00,2022-12-31 23:00:00,2022
A811,7619,1.9,37.1,2022-01-01 00:00:00,2022-12-31 23:00:00,2022
A812,8730,1.4,38.5,2022-01-01 00:00:00,2022-12-31 23:00:00,2022
A813,8760,2.7,40.8,2022-01-01 00:00:00,2022-12-31 23:00:00,2022
A826,7119,1.3,40.9,2022-01-01 00:00:00,2022-12-31 23:00:00,2022
A827,8527,0.7,39.2,2022-01-01 00:00:00,2022-12-31 23:00:00,2022
A828,3550,-1.2,35.1,2022-01-01 00:00:00,2022-12-01 05:00:00,2022
A829,8619,-3.3,30.9,2022-01-01 00:00:00,2022-12-31 23:00:00,2022
A830,8760,1.9,42.2,2022-01-01 00:00:00,2022-12-31 23:00:00,2022
A831,8465,-2.0,41.5,2022-01-01 00:00:00,2022-12-31 23:00:00,2022
A832,6966,1.1,40.6,2022-01-01 00:00:00,2022-12-31 23:00:00,2022
A833,6412,0.7,40.9,2022-01-01 00:00:00,2022-12-31 23:00:00,2022
A834,6649,6.1,37.5,2022-01-01 00:00:00,2022-12-31 23:00:00,2022
A836,8760,0.6,39.8,2022-01-01 00:00:00,2022-12-31 23:00:00,2022
A837,8760,-0.5,37.9,2022-01-01 00:00:00,2022-12-31 23:00:00,2022
A838,8262,1.6,39.6,2022-01-01 00:00:00,2022-12-31 23:00:00,2022
A839,8756,0.5,37.3,2022-01-01 00:00:00,2022-12-31 23:00:00,2022
A840,8731,-0.2,37.9,2022-01-01 00:00:00,2022-12-31 23:00:00,2022
A844,8101,-0.6,35.3,2022-01-01 00:00:00,2022-12-31 23:00:00,2022
A852,8701,2.7,42.0,2022-01-01 00:00:00,2022-12-31 23:00:00,2022
A853,8717,0.4,39.0,2022-01-01 00:00:00,2022-12-31 23:00:00,2022
A854,7646,0.0,39.4,2022-01-01 00:00:00,2022-11-30 23:00:00,2022
A856,5702,4.5,38.1,2022-01-01 00:00:00,2022-12-31 23:00:00,2022
A878,4581,5.4,34.1,2022-04-07 17:00:00,2022-12-31 23:00:00,2022
A879,6103,-1.0,33.5,2022-01-01 11:00:00,2022-12-31 23:00:00,2022
A880,8755,-1.7,34.3,2022-01-01 00:00:00,2022-12-31 23:00:00,2022
A881,4189,1.1,39.4,2022-01-01 00:00:00,2022-12-31 23:00:00,2022
A882,8739,1.9,41.7,2022-01-01 00:00:00,2022-12-31 23:00:00,2022
A883,8702,0.1,39.8,2022-01-01 00:00:00,2022-12-31 23:00:00,2022
A884,8694,2.3,41.1,2022-01-01 00:00:00,2022-12-31 23:00:00,2022
A886,8546,-0.6,38.5,2022-01-01 00:00:00,2022-12-31 16:00:00,2022
A887,7711,2.8,38.8,2022-01-01 00:00:00,2022-12-31 23:00:00,2022
A889,8611,1.8,40.4,2022-01-01 00:00:00,2022-12-31 22:00:00,2022
A893,8736,0.5,38.8,2022-01-01 00:00:00,2022-12-31 23:00:00,2022
A894,8580,-1.4,38.6,2022-01-01 00:00:00,2022-12-31 23:00:00,2022
A897,8736,-1.9,32.9,2022-01-01 00:00:00,2022-12-31 23:00:00,2022
A899,4323,2.9,33.5,2022-06-29 21:00:00,2022-12-31 23:00:00,2022
B807,556,14.8,37.3,2022-12-08 19:00:00,2022-12-31 23:00:00,2022
A806,8751,5.5,37.0,2022-01-01 00:00:00,2022-12-31 16:00:00,2022
A814,8091,1.8,39.0,2022-01-01 00:00:00,2022-12-31 23:00:00,2022
A815,8716,-3.4,30.0,2022-01-01 00:00:00,2022-12-31 23:00:00,2022
A816,2312,4.1,29.8,2022-03-21 14:00:00,2022-12-31 23:00:00,2022
A817,1523,10.8,34.4,2022-10-29 13:00:00,2022-12-31 23:00:00,2022
A841,7862,1.8,36.8,2022-01-01 00:00:00,2022-12-31 23:00:00,2022
A845,8706,-5.5,25.9,2022-01-01 00:00:00,2022-12-31 23:00:00,2022
A848,8004,0.8,35.6,2022-01-01 00:00:00,2022-12-31 23:00:00,2022
A851,8755,3.1,33.5,2022-01-01 00:00:00,2022-12-31 23:00:00,2022
A857,7659,2.1,38.8,2022-01-01 00:00:00,2022-12-31 23:00:00,2022
A858,5662,3.5,34.4,2022-01-01 00:00:00,2022-12-31 23:00:00,2022
A859,7530,1.0,34.2,2022-01-01 00:00:00,2022-12-31 23:00:00,2022
A860,2536,2.2,34.4,2022-01-01 00:00:00,2022-12-31 23:00:00,2022
A861,2941,5.8,35.3,2022-01-01 00:00:00,2022-12-31 23:00:00,2022
A862,5618,-0.5,33.1,2022-01-01 00:00:00,2022-12-31 23:00:00,2022
A863,8760,1.3,36.2,2022-01-01 00:00:00,2022-12-31 23:00:00,2022
A864,8037,-1.1,34.1,2022-01-01 00:00:00,2022-12-31 23:00:00,2022
A865,3698,-0.4,34.7,2022-01-01 02:00:00,2022-12-31 23:00:00,2022
A866,3538,8.3,32.7,2022-05-24 19:00:00,2022-12-31 23:00:00,2022
A867,8726,5.4,37.7,2022-01-01 00:00:00,2022-12-31 23:00:00,2022
A868,7926,5.5,34.9,2022-01-01 00:00:00,2022-12-31 23:00:00,2022
A870,8760,-0.7,32.9,2022-01-01 00:00:00,2022-12-31 23:00:00,2022
A895,8694,2.3,36.2,2022-01-01 00:00:00,2022-12-31 23:00:00,2022
A898,8710,-0.6,33.9,2022-01-01 00:00:00,2022-12-31 23:00:00,2022
A001,8747,10.7,34.6,2023-01-01 00:00:00,2023-12-31 23:00:00,2023
A042,8450,13.4,34.9,2023-01-01 00:00:00,2023-12-31 23:00:00,2023
A045,8294,7.2,37.3,2023-01-01 02:00:00,2023-12-31 23:00:00,2023
A046,8743,10.8,36.7,2023-01-01 00:00:00,2023-12-31 23:00:00,2023
A047,8381,11.6,36.4,2023-01-01 02:00:00,2023-12-31 23:00:00,2023
A002,8757,11.2,39.4,2023-01-01 00:00:00,2023-12-31 23:00:00,2023
A003,8758,10.2,38.9,2023-01-01 00:00:00,2023-12-31 23:00:00,2023
A005,5954,17.8,40.5,2023-01-01 00:00:00,2023-12-31 22:00:00,2023
A011,8317,10.2,40.3,2023-01-01 01:00:00,2023-12-31 23:00:00,2023
A012,8027,12.4,37.0,2023-01-01 00:00:00,2023-12-31 23:00:00,2023
A013,1055,14.9,36.7,2023-05-17 23:00:00,2023-06-30 23:00:00,2023
A014,7456,15.2,41.0,2023-01-01 00:00:00,2023-11-24 23:00:00,2023
A015,7901,10.7,39.2,2023-01-01 00:00:00,2023-11-28 10:00:00,2023
A016,6101,8.1,37.8,2023-01-01 00:00:00,2023-12-31 23:00:00,2023
A017,6223,18.6,39.4,2023-01-01 00:00:00,2023-12-31 23:00:00,2023
A022,4901,14.8,38.7,2023-06-05 20:00:00,2023-12-31 23:00:00,2023
A023,6907,12.4,37.8,2023-01-01 00:00:00,2023-12-31 23:00:00,2023
A024,8446,11.0,34.9,2023-01-01 00:00:00,2023-12-31 23:00:00,2023
A025,8758,8.9,38.7,2023-01-01 00:00:00,2023-12-31 23:00:00,2023
A026,8385,10.7,38.4,2023-01-01 02:00:00,2023-12-31 23:00:00,2023
A027,4381,14.5,39.8,2023-01-01 10:00:00,2023-12-31 23:00:00,2023
A028,8352,13.9,38.7,2023-01-01 01:00:00,2023-12-31 22:00:00,2023
A029,8317,11.1,40.0,2023-01-01 01:00:00,2023-12-31 23:00:00,2023
A031,8194,16.8,40.9,2023-01-01 00:00:00,2023-12-29 21:00:00,2023
A032,8251,15.2,39.8,2023-01-01 00:00:00,2023-12-31 22:00:00,2023
A033,7135,10.4,38.4,2023-01-04 19:00:00,2023-12-31 23:00:00,2023
A034,8760,12.4,38.1,2023-01-01 00:00:00,2023-12-31 23:00:00,2023
A035,8386,9.5,41.5,2023-01-01 00:00:00,2023-12-31 23:00:00,2023
A036,8711,11.4,35.3,2023-01-01 00:00:00,2023-12-31 23:00:00,2023
A037,8693,11.3,36.4,2023-01-01 12:00:00,2023-12-31 04:00:00,2023
A056,8369,9.1,38.0,2023-01-01 03:00:00,2023-12-31 23:00:00,2023
A702,8757,6.9,39.4,2023-01-01 00:00:00,2023-12-31 23:00:00,2023
A703,8759,5.1,38.0,2023-01-01 00:00:00,2023-12-31 23:00:00,2023
A704,8760,8.6,42.5,2023-01-01 00:00:00,2023-12-31 23:00:00,2023
A709,7568,7.5,39.7,2023-01-01 11:00:00,2023-12-31 23:00:00,2023
A710,8725,6.6,42.1,2023-01-01 00:00:00,2023-12-31 23:00:00,2023
A717,8256,6.6,42.1,2023-01-01 00:00:00,2023-12-31 23:00:00,2023
A719,8755,7.1,41.5,2023-01-01 00:00:00,2023-12-31 23:00:00,2023
A720,8577,9.1,42.6,2023-01-01 00:00:00,2023-12-31 23:00:00,2023
A721,8760,6.9,39.7,2023-01-01 00:00:00,2023-12-31 23:00:00,2023
A722,8482,8.5,42.0,2023-01-01 00:00:00,2023-12-31 23:00:00,2023
A723,7781,8.9,43.4,2023-02-08 20:00:00,2023-12-31 23:00:00,2023
A724,8602,8.3,43.3,2023-01-01 00:00:00,2023-12-31 23:00:00,2023
A730,8709,8.8,36.8,2023-01-01 00:00:00,2023-12-31 23:00:00,2023
A731,6650,3.4,40.1,2023-03-29 18:00:00,2023-12-31 23:00:00,2023
A732,8760,5.7,38.0,2023-01-01 00:00:00,2023-12-31 23:00:00,2023
A742,1399,14.4,39.3,2023-11-03 13:00:00,2023-12-31 23:00:00,2023
A743,8047,3.4,40.4,2023-01-01 00:00:00,2023-12-31 23:00:00,2023
A749,8758,6.8,39.8,2023-01-01 00:00:00,2023-12-31 23:00:00,2023
A750,8759,3.9,40.7,2023-01-01 00:00:00,2023-12-31 23:00:00,2023
A751,8760,6.6,38.9,2023-01-01 00:00:00,2023-12-31 23:00:00,2023
A752,8757,7.3,39.9,2023-01-01 00:00:00,2023-12-31 23:00:00,2023
A754,8760,5.6,39.7,2023-01-01 00:00:00,2023-12-31 23:00:00,2023
A756,8754,4.5,42.2,2023-01-01 00:00:00,2023-12-31 23:00:00,2023
A758,4510,13.4,40.3,2023-01-01 00:00:00,2023-12-31 23:00:00,2023
A759,8760,8.7,41.8,2023-01-01 00:00:00,2023-12-31 23:00:00,2023
A760,8760,9.5,37.3,2023-01-01 00:00:00,2023-12-31 23:00:00,2023
A761,8760,8.5,39.3,2023-01-01 00:00:00,2023-12-31 23:00:00,2023
A901,8121,10.2,43.3,2023-01-01 03:00:00,2023-12-31 22:00:00,2023
A902,8760,7.5,39.5,2023-01-01 00:00:00,2023-12-31 23:00:00,2023
A903,8706,12.0,40.0,2023-01-01 00:00:00,2023-12-31 23:00:00,2023
A904,8667,11.4,39.7,2023-01-01 00:00:00,2023-12-31 23:00:00,2023
A905,4250,16.5,35.8,2023-01-01 00:00:00,2023-12-31 23:00:00,2023
A906,8760,15.9,40.7,2023-01-01 00:00:00,2023-12-31 23:00:00,2023
A907,8683,10.5,42.8,2023-01-01 00:00:00,2023-12-28 18:00:00,2023
A908,3907,18.4,39.2,2023-01-01 00:00:00,2023-12-31 23:00:00,2023
A909,8380,9.7,38.1,2023-01-01 01:00:00,2023-12-31 23:00:00,2023
A910,8758,15.3,39.1,2023-01-01 00:00:00,2023-12-31 23:00:00,2023
A911,5216,8.7,38.1,2023-05-28 16:00:00,2023-12-31 23:00:00,2023
A912,8431,8.1,36.6,2023-01-01 04:00:00,2023-12-31 23:00:00,2023
A913,8613,9.7,35.5,2023-01-01 00:00:00,2023-12-31 23:00:00,2023
A914,7293,12.6,40.2,2023-01-01 00:00:00,2023-12-07 19:00:00,2023
A915,5447,11.0,40.5,2023-05-18 23:00:00,2023-12-31 23:00:00,2023
A916,8760,16.6,40.1,2023-01-01 00:00:00,2023-12-31 23:00:00,2023
A917,8760,11.2,39.7,2023-01-01 00:00:00,2023-12-31 23:00:00,2023
A919,8760,13.3,38.3,2023-01-01 00:00:00,2023-12-31 23:00:00,2023
A920,8759,10.9,38.1,2023-01-01 00:00:00,2023-12-31 23:00:00,2023
A922,7959,8.7,41.0,2023-01-01 00:00:00,2023-12-31 23:00:00,2023
A923,8387,8.1,39.6,2023-01-01 00:00:00,2023-12-31 23:00:00,2023
A924,5129,13.4,36.6,2023-01-01 00:00:00,2023-12-31 23:00:00,2023
A926,2498,20.0,34.7,2023-01-01 00:00:00,2023-12-31 23:00:00,2023
A927,8760,10.1,38.8,2023-01-01 00:00:00,2023-12-31 23:00:00,2023
A928,5208,11.3,39.2,2023-05-29 00:00:00,2023-12-31 23:00:00,2023
A929,8758,11.9,39.9,2023-01-01 00:00:00,2023-12-31 23:00:00,2023
A930,8448,14.4,41.1,2023-01-01 01:00:00,2023-12-31 23:00:00,2023
A931,7217,9.5,37.2,2023-01-01 00:00:00,2023-12-31 23:00:00,2023
A932,8760,10.5,40.9,2023-01-01 00:00:00,2023-12-31 23:00:00,2023
A933,4900,8.6,37.5,2023-01-01 00:00:00,2023-09-07 09:00:00,2023
A934,8380,8.5,36.7,2023-01-01 01:00:00,2023-12-31 23:00:00,2023
A935,8746,9.6,42.1,2023-01-01 00:00:00,2023-12-31 23:00:00,2023
A936,8760,8.7,40.3,2023-01-01 00:00:00,2023-12-31 23:00:00,2023
A937,8759,8.4,40.0,2023-01-01 00:00:00,2023-12-31 23:00:00,2023
A942,4784,15.6,41.0,2023-06-12 01:00:00,2023-12-31 23:00:00,2023
A943,7973,19.1,38.8,2023-01-01 00:00:00,2023-12-31 23:00:00,2023
A944,8470,10.8,40.9,2023-01-01 00:00:00,2023-12-31 23:00:00,2023
A303,7503,19.8,34.2,2023-01-01 00:00:00,2023-12-31 23:00:00,2023
A323,8760,17.8,39.7,2023-01-01 00:00:00,2023-12-31 23:00:00,2023
A327,7046,19.2,37.5,2023-01-01 00:00:00,2023-12-31 23:00:00,2023
A353,3049,18.1,36.6,2023-08-26 23:00:00,2023-12-31 23:00:00,2023
A355,8760,19.7,34.3,2023-01-01 00:00:00,2023-12-31 23:00:00,2023
A356,8055,18.5,33.5,2023-01-01 00:00:00,2023-12-31 23:00:00,2023
A371,6421,19.6,39.5,2023-01-01 00:00:00,2023-12-31 23:00:00,2023
A401,8756,20.7,34.1,2023-01-01 00:00:00,2023-12-31 23:00:00,2023
A402,8293,12.0,40.3,2023-01-01 00:00:00,2023-12-31 22:00:00,2023
A404,8382,11.7,38.6,2023-01-01 00:00:00,2023-12-31 23:00:00,2023
A405,6603,15.3,33.8,2023-01-01 00:00:00,2023-12-31 23:00:00,2023
A406,7970,17.5,36.7,2023-01-01 00:00:00,2023-12-31 18:00:00,2023
A407,3986,13.5,33.9,2023-01-01 00:00:00,2023-10-16 16:00:00,2023
A408,8759,14.2,39.5,2023-01-01 00:00:00,2023-12-31 23:00:00,2023
A410,8739,15.7,33.7,2023-01-01 00:00:00,2023-12-31 23:00:00,2023
A412,3179,16.1,38.8,2023-08-21 13:00:00,2023-12-31 23:00:00,2023
A413,6486,16.1,38.4,2023-04-05 16:00:00,2023-12-31 23:00:00,2023
A414,8760,10.5,36.5,2023-01-01 00:00:00,2023-12-31 23:00:00,2023
A415,6923,11.5,40.7,2023-03-15 18:00:00,2023-12-31 17:00:00,2023
A416,8756,9.8,41.2,2023-01-01 00:00:00,2023-12-31 23:00:00,2023
A418,8387,16.1,41.6,2023-01-01 01:00:00,2023-12-31 23:00:00,2023
A423,8759,19.9,37.5,2023-01-01 00:00:00,2023-12-31 23:00:00,2023
A424,4200,16.8,37.8,2023-01-01 00:00:00,2023-12-31 20:00:00,2023
A425,8756,15.7,39.9,2023-01-01 00:00:00,2023-12-31 23:00:00,2023
A426,6500,16.3,39.6,2023-01-01 00:00:00,2023-10-26 13:00:00,2023
A427,7482,14.0,36.9,2023-01-01 00:00:00,2023-12-26 12:00:00,2023
A428,8310,16.0,39.4,2023-01-01 00:00:00,2023-12-31 23:00:00,2023
A429,7101,16.4,40.0,2023-01-01 00:00:00,2023-12-31 23:00:00,2023
A430,8666,10.5,34.4,2023-01-01 00:00:00,2023-12-31 23:00:00,2023
A431,1728,20.3,32.5,2023-10-20 22:00:00,2023-12-31 23:00:00,2023
A432,6769,15.5,39.9,2023-01-01 00:00:00,2023-12-31 18:00:00,2023
A433,8754,13.5,40.1,2023-01-01 00:00:00,2023-12-31 23:00:00,2023
A434,5835,15.7,35.4,2023-05-02 19:00:00,2023-12-31 23:00:00,2023
A436,8437,16.4,41.0,2023-01-01 00:00:00,2023-12-31 23:00:00,2023
A437,8759,16.1,33.2,2023-01-01 00:00:00,2023-12-31 23:00:00,2023
A438,3941,21.4,31.9,2023-01-01 00:00:00,2023-06-14 04:00:00,2023
A439,8708,14.3,41.4,2023-01-01 00:00:00,2023-12-31 02:00:00,2023
A440,2890,14.4,39.6,2023-08-20 16:00:00,2023-12-31 23:00:00,2023
A441,8540,14.4,37.8,2023-01-09 20:00:00,2023-12-31 23:00:00,2023
A442,1418,19.0,39.2,2023-01-01 12:00:00,2023-12-31 23:00:00,2023
A443,2979,15.9,39.0,2023-08-29 21:00:00,2023-12-31 23:00:00,2023
A444,8760,15.8,34.7,2023-01-01 00:00:00,2023-12-31 23:00:00,2023
A445,5402,15.2,39.1,2023-05-20 18:00:00,2023-12-31 23:00:00,2023
A446,8323,14.1,39.2,2023-01-01 00:00:00,2023-12-31 23:00:00,2023
A447,8760,12.7,37.2,2023-01-01 00:00:00,2023-12-31 23:00:00,2023
A448,7196,17.6,40.0,2023-01-01 00:00:00,2023-12-31 23:00:00,2023
A450,5118,17.9,39.6,2023-01-01 00:00:00,2023-12-31 23:00:00,2023
A452,6962,10.2,41.4,2023-01-05 04:00:00,2023-12-31 23:00:00,2023
A455,6967,14.9,38.9,2023-01-01 00:00:00,2023-12-31 23:00:00,2023
A456,2571,21.0,36.3,2023-01-01 00:00:00,2023-12-31 23:00:00,2023
A458,8429,15.6,40.2,2023-01-01 02:00:00,2023-12-31 23:00:00,2023
A305,8724,21.6,34.1,2023-01-01 00:00:00,2023-12-31 23:00:00,2023
A306,7405,19.8,39.8,2023-01-01 00:00:00,2023-12-31 23:00:00,2023
A314,3035,15.8,29.3,2023-01-01 00:00:00,2023-08-27 12:00:00,2023
A315,5937,16.8,38.7,2023-03-03 00:00:00,2023-12-31 23:00:00,2023
A319,8530,20.1,38.7,2023-01-01 00:00:00,2023-12-31 23:00:00,2023
A324,2404,18.1,38.8,2023-01-01 00:00:00,2023-10-06 21:00:00,2023
A325,4985,21.2,39.1,2023-01-01 00:00:00,2023-12-31 21:00:00,2023
A332,8712,21.2,39.0,2023-01-01 00:00:00,2023-12-31 23:00:00,2023
A339,3226,21.8,37.4,2023-08-19 14:00:00,2023-12-31 23:00:00,2023
A342,8760,19.0,40.8,2023-01-01 00:00:00,2023-12-31 23:00:00,2023
A347,7249,17.7,39.4,2023-03-04 20:00:00,2023-12-31 23:00:00,2023
A358,8670,21.5,40.8,2023-01-01 00:00:00,2023-12-31 23:00:00,2023
A359,8727,21.9,38.1,2023-01-01 00:00:00,2023-12-31 23:00:00,2023
A360,7320,21.3,37.2,2023-01-01 00:00:00,2023-12-31 23:00:00,2023
A368,8760,15.7,34.2,2023-01-01 00:00:00,2023-12-31 23:00:00,2023
A369,8759,20.2,38.6,2023-01-01 00:00:00,2023-12-31 23:00:00,2023
A203,8757,20.9,34.6,2023-01-01 00:00:00,2023-12-31 23:00:00,2023
A204,7870,15.3,40.1,2023-01-01 00:00:00,2023-12-31 23:00:00,2023
A205,7860,17.8,40.0,2023-01-01 00:00:00,2023-12-30 00:00:00,2023
A206,8756,21.3,39.3,2023-01-01 00:00:00,2023-12-31 23:00:00,2023
A207,8760,18.5,39.5,2023-01-01 00:00:00,2023-12-31 23:00:00,2023
A218,8759,20.7,31.6,2023-01-01 00:00:00,2023-12-31 23:00:00,2023
A219,3290,23.8,34.7,2023-08-16 21:00:00,2023-12-31 23:00:00,2023
A220,3128,22.1,39.0,2023-08-23 16:00:00,2023-12-31 23:00:00,2023
A221,4666,20.3,40.8,2023-01-01 00:00:00,2023-12-10 03:00:00,2023
A222,8760,16.5,40.1,2023-01-01 00:00:00,2023-12-31 23:00:00,2023
A223,7213,14.7,40.6,2023-01-01 14:00:00,2023-12-31 23:00:00,2023
A224,8759,15.0,39.2,2023-01-01 00:00:00,2023-12-31 23:00:00,2023
A225,8754,18.1,39.6,2023-01-01 00:00:00,2023-12-31 23:00:00,2023
A237,8757,17.8,40.0,2023-01-01 00:00:00,2023-12-31 23:00:00,2023
A238,7718,17.8,37.3,2023-01-01 00:00:00,2023-12-31 23:00:00,2023
A255,8653,21.4,38.4,2023-01-01 00:00:00,2023-12-31 22:00:00,2023
A310,8760,17.6,31.8,2023-01-01 00:00:00,2023-12-31 23:00:00,2023
A313,8102,18.0,33.6,2023-01-01 00:00:00,2023-12-04 13:00:00,2023
A320,8505,20.9,33.9,2023-01-01 00:00:00,2023-12-31 22:00:00,2023
A321,5321,19.0,39.6,2023-01-01 13:00:00,2023-10-03 10:00:00,2023
A333,7322,18.8,38.8,2023-01-01 00:00:00,2023-12-31 23:00:00,2023
A334,8745,15.0,37.5,2023-01-01 00:00:00,2023-12-31 23:00:00,2023
A348,8760,15.2,37.2,2023-01-01 00:00:00,2023-12-31 23:00:00,2023
A352,8754,19.5,32.5,2023-01-01 00:00:00,2023-12-31 23:00:00,2023
A373,6433,19.5,40.3,2023-03-06 20:00:00,2023-12-31 23:00:00,2023
A307,5794,18.6,39.7,2023-05-03 14:00:00,2023-12-31 23:00:00,2023
A309,8127,14.5,37.9,2023-01-01 00:00:00,2023-12-29 02:00:00,2023
A322,8731,15.9,33.2,2023-01-01 00:00:00,2023-12-31 23:00:00,2023
A328,7894,17.3,34.6,2023-01-01 00:00:00,2023-12-31 18:00:00,2023
A329,8759,17.7,40.4,2023-01-01 00:00:00,2023-12-31 23:00:00,2023
A341,5687,16.2,32.0,2023-05-08 12:00:00,2023-12-31 23:00:00,2023
A349,8760,16.5,38.5,2023-01-01 00:00:00,2023-12-31 23:00:00,2023
A350,7319,17.9,38.8,2023-03-02 00:00:00,2023-12-31 23:00:00,2023
A351,8760,17.6,40.5,2023-01-01 00:00:00,2023-12-31 23:00:00,2023
A357,8758,17.9,34.8,2023-01-01 00:00:00,2023-12-31 23:00:00,2023
A366,4719,18.4,39.4,2023-01-01 00:00:00,2023-12-31 23:00:00,2023
A370,8450,15.3,39.9,2023-01-01 00:00:00,2023-12-31 23:00:00,2023
A308,8645,19.4,39.4,2023-01-01 00:00:00,2023-12-27 09:00:00,2023
A311,7106,19.4,41.8,2023-03-10 22:00:00,2023-12-31 23:00:00,2023
A312,8759,19.0,40.7,2023-01-01 00:00:00,2023-12-31 23:00:00,2023
A326,8727,17.0,41.8,2023-01-01 00:00:00,2023-12-31 23:00:00,2023
A330,7118,19.5,40.4,2023-01-01 11:00:00,2023-12-31 23:00:00,2023
A331,7043,18.8,41.6,2023-01-05 14:00:00,2023-12-31 23:00:00,2023
A335,7520,21.0,41.6,2023-01-01 00:00:00,2023-12-31 23:00:00,2023
A336,4995,12.2,41.6,2023-06-06 20:00:00,2023-12-31 23:00:00,2023
A337,436,22.1,31.9,2023-01-01 00:00:00,2023-01-19 03:00:00,2023
A343,6431,17.1,41.6,2023-01-01 00:00:00,2023-12-31 22:00:00,2023
A345,8307,16.8,41.2,2023-01-01 00:00:00,2023-12-31 23:00:00,2023
A346,8760,17.1,40.4,2023-01-01 00:00:00,2023-12-31 23:00:00,2023
A354,8760,15.2,42.4,2023-01-01 00:00:00,2023-12-31 23:00:00,2023
A361,8758,17.1,41.2,2023-01-01 00:00:00,2023-12-31 23:00:00,2023
A363,8760,18.4,40.6,2023-01-01 00:00:00,2023-12-31 23:00:00,2023
A364,8760,18.3,40.0,2023-01-01 00:00:00,2023-12-31 23:00:00,2023
A365,8378,18.7,39.9,2023-01-01 00:00:00,2023-12-31 23:00:00,2023
A374,8375,14.2,41.2,2023-01-01 01:00:00,2023-12-31 22:00:00,2023
A375,3405,19.7,38.7,2023-01-01 10:00:00,2023-12-30 17:00:00,2023
A376,8122,20.3,40.8,2023-01-01 00:00:00,2023-12-31 23:00:00,2023
A377,6125,16.5,37.8,2023-01-01 00:00:00,2023-09-21 07:00:00,2023
A304,6119,21.7,31.9,2023-01-05 23:00:00,2023-10-26 18:00:00,2023
A316,4819,21.1,40.2,2023-01-01 12:00:00,2023-12-31 23:00:00,2023
A317,8760,20.2,37.7,2023-01-01 00:00:00,2023-12-31 23:00:00,2023
A318,3288,19.8,36.0,2023-08-16 19:00:00,2023-12-31 23:00:00,2023
A340,8760,20.2,39.1,2023-01-01 00:00:00,2023-12-31 23:00:00,2023
A367,8283,18.0,36.7,2023-01-01 00:00:00,2023-12-31 23:00:00,2023
A372,4727,18.8,39.1,2023-01-01 10:00:00,2023-12-31 22:00:00,2023
A409,7524,20.8,31.8,2023-01-01 00:00:00,2023-12-31 23:00:00,2023
A417,4343,19.3,36.4,2023-01-01 11:00:00,2023-12-31 23:00:00,2023
A419,7659,15.6,37.6,2023-01-01 00:00:00,2023-12-16 05:00:00,2023
A421,1613,20.1,33.1,2023-10-25 19:00:00,2023-12-31 23:00:00,2023
A453,8381,17.9,37.3,2023-01-01 00:00:00,2023-12-31 23:00:00,2023
A102,3635,12.9,35.6,2023-01-01 00:00:00,2023-06-16 16:00:00,2023
A104,8726,11.2,39.1,2023-01-01 00:00:00,2023-12-31 23:00:00,2023
A108,427,22.6,35.1,2023-12-12 21:00:00,2023-12-31 23:00:00,2023
A138,505,22.7,35.5,2023-12-10 23:00:00,2023-12-31 23:00:00,2023
A140,530,22.1,35.0,2023-12-09 16:00:00,2023-12-31 23:00:00,2023
A101,8634,20.9,39.2,2023-01-01 00:00:00,2023-12-31 23:00:00,2023
A110,8698,11.6,39.7,2023-01-01 00:00:00,2023-12-31 23:00:00,2023
A111,8672,15.2,37.8,2023-01-01 00:00:00,2023-12-31 23:00:00,2023
A112,5283,15.8,38.9,2023-05-25 21:00:00,2023-12-31 23:00:00,2023
A113,3323,16.7,38.4,2023-01-01 00:00:00,2023-12-31 23:00:00,2023
A117,3376,19.6,39.6,2023-04-11 14:00:00,2023-12-31 23:00:00,2023
A119,8666,19.8,39.5,2023-01-01 00:00:00,2023-12-31 23:00:00,2023
A120,8498,20.6,39.0,2023-01-01 00:00:00,2023-12-31 23:00:00,2023
A121,8665,21.5,39.5,2023-01-01 00:00:00,2023-12-31 22:00:00,2023
A123,8635,21.9,38.7,2023-01-01 00:00:00,2023-12-31 22:00:00,2023
A124,8760,20.7,38.0,2023-01-01 00:00:00,2023-12-31 23:00:00,2023
A125,8727,19.6,38.5,2023-01-01 00:00:00,2023-12-31 23:00:00,2023
A126,3147,21.0,34.4,2023-01-01 00:00:00,2023-07-11 14:00:00,2023
A128,8594,19.7,38.1,2023-01-01 00:00:00,2023-12-31 23:00:00,2023
A133,8760,17.2,39.4,2023-01-01 00:00:00,2023-12-31 23:00:00,2023
A134,8555,18.9,38.0,2023-01-01 00:00:00,2023-12-31 23:00:00,2023
A144,7871,18.9,40.5,2023-01-01 00:00:00,2023-12-31 18:00:00,2023
A242,773,21.8,35.4,2023-11-29 17:00:00,2023-12-31 23:00:00,2023
A244,8760,21.4,38.1,2023-01-01 00:00:00,2023-12-31 23:00:00,2023
A249,8674,22.3,35.4,2023-01-01 00:00:00,2023-12-31 23:00:00,2023
A251,868,23.5,36.2,2023-11-25 19:00:00,2023-12-31 23:00:00,2023
A201,8485,21.8,37.4,2023-01-01 00:00:00,2023-12-31 23:00:00,2023
A202,6853,21.8,36.9,2023-01-01 15:00:00,2023-12-31 23:00:00,2023
A209,8758,20.9,36.9,2023-01-01 00:00:00,2023-12-31 23:00:00,2023
A210,3808,20.8,35.7,2023-01-01 00:00:00,2023-07-13 20:00:00,2023
A211,8756,19.2,39.4,2023-01-01 00:00:00,2023-12-31 23:00:00,2023
A212,1615,22.2,38.5,2023-10-25 17:00:00,2023-12-31 23:00:00,2023
A213,4613,20.8,38.2,2023-06-22 19:00:00,2023-12-31 23:00:00,2023
A214,1738,21.3,38.1,2023-10-20 14:00:00,2023-12-31 23:00:00,2023
A215,5918,20.4,32.4,2023-01-01 13:00:00,2023-12-31 23:00:00,2023
A226,5459,21.1,35.0,2023-01-01 00:00:00,2023-12-31 23:00:00,2023
A229,8760,20.9,36.9,2023-01-01 00:00:00,2023-12-31 23:00:00,2023
A230,1,30.6,30.6,2023-08-17 20:00:00,2023-08-17 20:00:00,2023
A231,8687,21.9,38.9,2023-01-01 00:00:00,2023-12-31 23:00:00,2023
A232,8756,20.7,38.2,2023-01-01 00:00:00,2023-12-31 23:00:00,2023
A233,5816,15.5,40.5,2023-05-03 16:00:00,2023-12-31 23:00:00,2023
A234,7276,16.5,38.1,2023-01-01 00:00:00,2023-11-03 15:00:00,2023
A239,6687,21.8,37.1,2023-03-06 01:00:00,2023-12-31 23:00:00,2023
A241,6631,14.8,39.2,2023-01-01 00:00:00,2023-12-31 23:00:00,2023
A245,8685,21.5,38.7,2023-01-01 00:00:00,2023-12-31 22:00:00,2023
A246,3,32.3,35.4,2023-11-20 16:00:00,2023-11-20 18:00:00,2023
A247,5738,17.5,38.4,2023-05-06 22:00:00,2023-12-31 23:00:00,2023
A248,4698,21.2,37.4,2023-06-19 06:00:00,2023-12-31 23:00:00,2023
A250,7837,21.5,35.0,2023-01-01 00:00:00,2023-12-31 21:00:00,2023
A252,8753,19.1,37.3,2023-01-01 00:00:00,2023-12-31 23:00:00,2023
A253,8701,20.3,37.5,2023-01-01 00:00:00,2023-12-31 22:00:00,2023
A254,6625,18.8,39.5,2023-01-01 03:00:00,2023-12-31 23:00:00,2023
A256,5888,17.8,39.9,2023-01-19 17:00:00,2023-12-31 23:00:00,2023
A925,4757,17.8,37.6,2023-01-01 00:00:00,2023-12-31 23:00:00,2023
A938,5376,8.1,37.9,2023-05-22 00:00:00,2023-12-31 23:00:00,2023
A939,5355,12.0,40.2,2023-05-22 19:00:00,2023-12-31 23:00:00,2023
A940,5321,12.5,38.4,2023-05-23 21:00:00,2023-12-31 23:00:00,2023
A135,6506,21.6,39.0,2023-01-01 00:00:00,2023-12-31 23:00:00,2023
A009,7539,18.7,39.9,2023-01-01 00:00:00,2023-12-31 23:00:00,2023
A010,8379,13.2,40.8,2023-01-01 00:00:00,2023-12-31 22:00:00,2023
A018,7012,16.9,41.0,2023-01-01 00:00:00,2023-12-31 22:00:00,2023
A019,8757,13.7,40.5,2023-01-01 00:00:00,2023-12-31 23:00:00,2023
A020,7374,17.0,40.8,2023-02-27 16:00:00,2023-12-31 23:00:00,2023
A021,8372,14.6,38.6,2023-01-01 00:00:00,2023-12-31 23:00:00,2023
A038,8417,16.6,37.1,2023-01-01 02:00:00,2023-12-31 22:00:00,2023
A039,5566,16.9,40.6,2023-01-01 14:00:00,2023-12-31 22:00:00,2023
A040,8760,11.0,37.2,2023-01-01 00:00:00,2023-12-31 23:00:00,2023
A041,4731,15.1,39.7,2023-06-13 20:00:00,2023-12-31 23:00:00,2023
A043,2875,19.6,36.8,2023-02-26 20:00:00,2023-09-06 19:00:00,2023
A044,3208,22.1,38.8,2023-02-28 17:00:00,2023-12-31 23:00:00,2023
A048,8607,16.9,38.4,2023-01-01 00:00:00,2023-12-31 22:00:00,2023
A049,7264,15.0,39.0,2023-01-01 00:00:00,2023-11-08 09:00:00,2023
A050,7372,14.6,39.6,2023-01-01 12:00:00,2023-12-31 21:00:00,2023
A051,8760,14.3,40.7,2023-01-01 00:00:00,2023-12-31 23:00:00,2023
A052,7898,15.2,41.0,2023-01-01 00:00:00,2023-12-31 22:00:00,2023
A053,3631,20.1,40.1,2023-01-01 11:00:00,2023-12-31 23:00:00,2023
A054,6852,14.6,40.9,2023-01-01 01:00:00,2023-12-22 18:00:00,2023
A055,8463,14.9,40.7,2023-01-01 02:00:00,2023-12-31 23:00:00,2023
A612,8739,14.8,37.7,2023-01-01 00:00:00,2023-12-31 23:00:00,2023
A613,7790,8.9,34.3,2023-01-01 00:00:00,2023-11-22 15:00:00,2023
A614,8760,15.4,37.5,2023-01-01 00:00:00,2023-12-31 23:00:00,2023
A615,6787,15.4,39.2,2023-01-01 00:00:00,2023-12-08 18:00:00,2023
A616,8741,15.5,38.3,2023-01-01 00:00:00,2023-12-31 23:00:00,2023
A617,8760,10.8,41.8,2023-01-01 00:00:00,2023-12-31 23:00:00,2023
A622,8758,14.6,39.4,2023-01-01 00:00:00,2023-12-31 23:00:00,2023
A631,8636,13.5,39.8,2023-01-01 00:00:00,2023-12-31 23:00:00,2023
A632,8644,10.9,41.2,2023-01-01 00:00:00,2023-12-31 23:00:00,2023
A633,8656,6.6,37.0,2023-01-01 00:00:00,2023-12-31 23:00:00,2023
A634,8680,14.8,37.0,2023-01-01 00:00:00,2023-12-31 23:00:00,2023
A657,7796,11.5,37.8,2023-01-01 00:00:00,2023-11-21 20:00:00,2023
A502,8483,7.3,34.7,2023-01-01 00:00:00,2023-12-31 23:00:00,2023
A505,8741,11.7,36.7,2023-01-01 00:00:00,2023-12-31 23:00:00,2023
A506,8760,10.9,40.5,2023-01-01 00:00:00,2023-12-31 23:00:00,2023
A507,8619,11.9,38.0,2023-01-01 00:00:00,2023-12-31 23:00:00,2023
A508,8565,14.2,40.8,2023-01-01 00:00:00,2023-12-31 23:00:00,2023
A509,8760,-0.2,30.8,2023-01-01 00:00:00,2023-12-31 23:00:00,2023
A510,8759,6.2,37.2,2023-01-01 00:00:00,2023-12-31 23:00:00,2023
A511,8758,11.4,35.1,2023-01-01 00:00:00,2023-12-31 23:00:00,2023
A512,7610,8.2,41.0,2023-01-01 01:00:00,2023-12-31 23:00:00,2023
A513,4827,8.8,35.6,2023-01-01 00:00:00,2023-12-31 23:00:00,2023
A514,8171,5.2,37.6,2023-01-01 00:00:00,2023-12-31 23:00:00,2023
A515,8758,7.2,37.3,2023-01-01 00:00:00,2023-12-31 23:00:00,2023
A516,8736,6.9,39.5,2023-01-01 00:00:00,2023-12-31 23:00:00,2023
A517,8760,11.1,41.2,2023-01-01 00:00:00,2023-12-31 23:00:00,2023
A518,8760,9.4,35.8,2023-01-01 00:00:00,2023-12-31 23:00:00,2023
A519,8760,8.0,40.6,2023-01-01 00:00:00,2023-12-31 23:00:00,2023
A520,8702,6.4,40.6,2023-01-01 00:00:00,2023-12-31 23:00:00,2023
A521,8760,9.6,38.6,2023-01-01 00:00:00,2023-12-31 23:00:00,2023
A522,8598,14.6,40.1,2023-01-01 00:00:00,2023-12-31 23:00:00,2023
A523,8760,7.3,37.9,2023-01-01 00:00:00,2023-12-31 23:00:00,2023
A524,7653,7.8,37.6,2023-01-01 00:00:00,2023-12-31 23:00:00,2023
A525,8759,7.7,38.6,2023-01-01 00:00:00,2023-12-31 23:00:00,2023
A526,5830,8.9,41.3,2023-01-01 03:00:00,2023-12-31 23:00:00,2023
A527,8760,12.9,39.4,2023-01-01 00:00:00,2023-12-31 23:00:00,2023
A528,8760,11.0,37.8,2023-01-01 00:00:00,2023-12-31 23:00:00,2023
A529,8704,5.9,37.5,2023-01-01 00:00:00,2023-12-31 23:00:00,2023
A530,8760,0.8,35.6,2023-01-01 00:00:00,2023-12-31 23:00:00,2023
A531,8759,1.2,34.1,2023-01-01 00:00:00,2023-12-31 23:00:00,2023
A532,8748,12.3,41.7,2023-01-01 00:00:00,2023-12-31 23:00:00,2023
A533,8755,8.6,38.0,2023-01-01 00:00:00,2023-12-31 23:00:00,2023
A534,8267,14.4,40.7,2023-01-01 00:00:00,2023-12-31 23:00:00,2023
A535,8644,4.6,38.6,2023-01-01 00:00:00,2023-12-31 23:00:00,2023
A536,7882,10.0,39.2,2023-01-01 00:00:00,2023-12-31 23:00:00,2023
A537,8274,8.0,33.5,2023-01-01 00:00:00,2023-12-31 23:00:00,2023
A538,8758,9.1,39.8,2023-01-01 00:00:00,2023-12-31 23:00:00,2023
A539,8760,11.7,41.1,2023-01-01 00:00:00,2023-12-31 23:00:00,2023
A540,8631,13.8,39.6,2023-01-01 00:00:00,2023-12-31 23:00:00,2023
A541,7944,9.1,37.6,2023-01-01 00:00:00,2023-12-31 23:00:00,2023
A542,6985,12.5,40.3,2023-01-01 00:00:00,2023-12-31 22:00:00,2023
A543,8724,13.3,41.0,2023-01-01 00:00:00,2023-12-31 23:00:00,2023
A544,8759,11.9,39.1,2023-01-01 00:00:00,2023-12-31 23:00:00,2023
A545,8300,9.7,41.0,2023-01-01 00:00:00,2023-12-31 23:00:00,2023
A546,8502,11.1,37.6,2023-01-01 00:00:00,2023-12-31 23:00:00,2023
A547,8760,9.1,43.5,2023-01-01 00:00:00,2023-12-31 23:00:00,2023
A548,8392,13.5,38.8,2023-01-01 00:00:00,2023-12-31 23:00:00,2023
A549,8689,7.2,40.2,2023-01-01 00:00:00,2023-12-31 23:00:00,2023
A550,8745,13.9,42.8,2023-01-01 00:00:00,2023-12-31 23:00:00,2023
A551,8757,9.3,38.2,2023-01-01 00:00:00,2023-12-31 23:00:00,2023
A552,7695,9.6,42.7,2023-01-01 00:00:00,2023-12-31 23:00:00,2023
A553,8760,12.0,37.6,2023-01-01 00:00:00,2023-12-31 23:00:00,2023
A554,8500,10.9,39.4,2023-01-01 00:00:00,2023-12-31 23:00:00,2023
A555,7075,10.4,35.1,2023-01-11 14:00:00,2023-12-31 23:00:00,2023
A556,8731,7.2,35.7,2023-01-01 00:00:00,2023-12-31 23:00:00,2023
A557,8759,8.2,43.1,2023-01-01 00:00:00,2023-12-31 23:00:00,2023
A559,7880,11.2,41.8,2023-01-01 03:00:00,2023-12-31 23:00:00,2023
A560,7751,8.1,39.6,2023-01-01 00:00:00,2023-12-31 23:00:00,2023
A561,8758,4.0,38.5,2023-01-01 00:00:00,2023-12-31 23:00:00,2023
A562,8760,11.1,38.1,2023-01-01 00:00:00,2023-12-31 23:00:00,2023
A563,8435,12.5,41.9,2023-01-01 02:00:00,2023-12-31 22:00:00,2023
A564,8626,7.2,38.3,2023-01-01 00:00:00,2023-12-31 23:00:00,2023
A565,8470,4.7,39.7,2023-01-01 01:00:00,2023-12-31 23:00:00,2023
A566,8184,9.9,43.1,2023-01-01 02:00:00,2023-12-31 22:00:00,2023
A567,8556,9.0,36.6,2023-01-01 01:00:00,2023-12-31 23:00:00,2023
A568,8099,7.3,39.2,2023-01-01 01:00:00,2023-12-31 23:00:00,2023
A569,7983,6.1,38.8,2023-01-01 00:00:00,2023-12-31 23:00:00,2023
A570,8357,8.8,36.4,2023-01-01 00:00:00,2023-12-31 23:00:00,2023
A571,8268,12.1,40.4,2023-01-01 00:00:00,2023-12-31 23:00:00,2023
F501,8760,9.5,35.7,2023-01-01 00:00:00,2023-12-31 23:00:00,2023
A601,8749,11.1,42.6,2023-01-01 00:00:00,2023-12-31 23:00:00,2023
A602,8561,13.3,41.9,2023-01-01 00:00:00,2023-12-31 23:00:00,2023
A603,8757,10.5,42.3,2023-01-01 00:00:00,2023-12-31 23:00:00,2023
A604,8758,9.2,42.2,2023-01-01 00:00:00,2023-12-31 23:00:00,2023
A606,8397,17.0,34.3,2023-01-01 00:00:00,2023-12-31 23:00:00,2023
A607,8738,13.7,40.6,2023-01-01 00:00:00,2023-12-31 06:00:00,2023
A608,8759,12.6,40.6,2023-01-01 00:00:00,2023-12-31 23:00:00,2023
A609,8758,8.8,39.4,2023-01-01 00:00:00,2023-12-31 23:00:00,2023
A610,8759,2.3,29.5,2023-01-01 00:00:00,2023-12-31 23:00:00,2023
A611,8733,9.2,39.9,2023-01-01 00:00:00,2023-12-31 23:00:00,2023
A618,8751,6.5,35.0,2023-01-01 00:00:00,2023-12-31 23:00:00,2023
A619,8759,12.5,37.6,2023-01-01 00:00:00,2023-12-31 23:00:00,2023
A620,8756,16.0,36.5,2023-01-01 00:00:00,2023-12-31 23:00:00,2023
A621,8542,11.7,42.5,2023-01-01 00:00:00,2023-12-31 23:00:00,2023
A624,8758,2.2,33.7,2023-01-01 00:00:00,2023-12-31 23:00:00,2023
A625,8365,7.4,40.7,2023-01-01 00:00:00,2023-12-31 23:00:00,2023
A626,8409,8.1,38.9,2023-01-01 00:00:00,2023-12-31 23:00:00,2023
A627,8750,14.0,41.7,2023-01-01 00:00:00,2023-12-31 23:00:00,2023
A628,8656,12.8,38.6,2023-01-01 00:00:00,2023-12-31 23:00:00,2023
A629,8758,6.7,39.5,2023-01-01 00:00:00,2023-12-31 23:00:00,2023
A630,8678,8.1,37.4,2023-01-01 00:00:00,2023-12-31 23:00:00,2023
A636,8758,11.5,40.5,2023-01-01 00:00:00,2023-12-31 23:00:00,2023
A637,8656,3.2,38.9,2023-01-01 00:00:00,2023-12-31 23:00:00,2023
A652,8756,16.1,38.4,2023-01-01 00:00:00,2023-12-31 23:00:00,2023
A659,8748,8.7,41.1,2023-01-01 00:00:00,2023-12-31 23:00:00,2023
A667,8728,12.1,39.1,2023-01-01 00:00:00,2023-12-31 23:00:00,2023
A701,8544,9.8,37.5,2023-01-01 00:00:00,2023-12-31 23:00:00,2023
A705,8759,7.0,39.6,2023-01-01 00:00:00,2023-12-31 23:00:00,2023
A706,8696,1.1,31.0,2023-01-01 00:00:00,2023-12-31 23:00:00,2023
A707,8752,8.2,40.1,2023-01-01 00:00:00,2023-12-31 23:00:00,2023
A708,8749,9.5,37.0,2023-01-01 00:00:00,2023-12-31 23:00:00,2023
A711,8748,5.8,37.6,2023-01-01 00:00:00,2023-12-31 23:00:00,2023
A712,8760,9.5,41.1,2023-01-01 00:00:00,2023-12-31 23:00:00,2023
A713,8760,6.4,37.7,2023-01-01 00:00:00,2023-12-31 23:00:00,2023
A714,8760,6.8,37.0,2023-01-01 00:00:00,2023-12-31 23:00:00,2023
A715,6409,7.3,37.0,2023-01-01 00:00:00,2023-12-31 23:00:00,2023
A716,5450,7.3,40.1,2023-05-18 22:00:00,2023-12-31 23:00:00,2023
A718,8760,1.0,40.2,2023-01-01 00:00:00,2023-12-31 23:00:00,2023
A725,8654,7.1,37.3,2023-01-01 00:00:00,2023-12-31 23:00:00,2023
A726,8759,6.5,39.0,2023-01-01 00:00:00,2023-12-31 23:00:00,2023
A727,8758,8.3,41.3,2023-01-01 00:00:00,2023-12-31 23:00:00,2023
A728,8757,7.0,39.2,2023-01-01 00:00:00,2023-12-31 23:00:00,2023
A733,6088,9.2,39.2,2023-01-01 00:00:00,2023-12-31 23:00:00,2023
A734,8571,6.4,41.5,2023-01-01 00:00:00,2023-12-31 23:00:00,2023
A735,5440,6.0,40.0,2023-01-01 00:00:00,2023-12-31 23:00:00,2023
A736,8760,3.9,40.3,2023-01-01 00:00:00,2023-12-31 23:00:00,2023
A737,8757,5.8,40.2,2023-01-01 00:00:00,2023-12-31 23:00:00,2023
A738,8760,6.8,39.7,2023-01-01 00:00:00,2023-12-31 23:00:00,2023
A739,8415,5.9,39.6,2023-01-01 00:00:00,2023-12-31 23:00:00,2023
A740,7291,4.9,35.8,2023-01-01 00:00:00,2023-12-31 04:00:00,2023
A741,8760,8.2,40.9,2023-01-01 00:00:00,2023-12-31 23:00:00,2023
A744,8472,7.8,37.2,2023-01-01 00:00:00,2023-12-31 23:00:00,2023
A746,8758,3.5,36.6,2023-01-01 00:00:00,2023-12-31 23:00:00,2023
A747,8758,4.9,40.1,2023-01-01 00:00:00,2023-12-31 23:00:00,2023
A748,8371,7.4,41.3,2023-01-01 00:00:00,2023-12-31 23:00:00,2023
A753,8752,4.2,41.1,2023-01-01 00:00:00,2023-12-31 23:00:00,2023
A755,8359,7.4,37.7,2023-01-01 00:00:00,2023-12-31 23:00:00,2023
A762,8760,8.2,41.5,2023-01-01 00:00:00,2023-12-31 23:00:00,2023
A763,8641,7.3,39.3,2023-01-01 00:00:00,2023-12-31 23:00:00,2023
A764,7128,5.5,40.7,2023-03-09 20:00:00,2023-12-31 23:00:00,2023
A765,8752,13.5,39.1,2023-01-01 00:00:00,2023-12-31 23:00:00,2023
A766,8582,9.5,41.6,2023-01-01 00:00:00,2023-12-31 23:00:00,2023
A768,8332,8.6,40.1,2023-01-01 00:00:00,2023-12-31 23:00:00,2023
A769,8597,8.3,38.6,2023-01-01 00:00:00,2023-12-31 23:00:00,2023
A770,8515,5.4,40.6,2023-01-01 00:00:00,2023-12-31 23:00:00,2023
A771,8590,8.3,38.5,2023-01-01 00:00:00,2023-12-31 23:00:00,2023
A807,8683,4.0,35.0,2023-01-01 00:00:00,2023-12-31 23:00:00,2023
A818,3834,5.1,34.5,2023-05-02 21:00:00,2023-10-13 07:00:00,2023
A819,3323,4.0,33.5,2023-07-27 22:00:00,2023-12-23 18:00:00,2023
A820,8722,6.6,39.2,2023-01-01 00:00:00,2023-12-31 23:00:00,2023
A821,3060,6.0,36.1,2023-01-01 00:00:00,2023-12-31 21:00:00,2023
A822,965,9.4,35.4,2023-08-17 18:00:00,2023-09-26 23:00:00,2023
A823,8760,3.0,31.9,2023-01-01 00:00:00,2023-12-31 23:00:00,2023
A824,4327,8.0,35.6,2023-01-01 00:00:00,2023-07-31 08:00:00,2023
A825,8760,6.8,38.7,2023-01-01 00:00:00,2023-12-31 23:00:00,2023
A835,8598,8.6,38.2,2023-01-01 00:00:00,2023-12-31 23:00:00,2023
A842,768,15.7,31.9,2023-01-01 00:00:00,2023-03-05 20:00:00,2023
A843,8760,4.9,36.6,2023-01-01 00:00:00,2023-12-31 23:00:00,2023
A846,8677,6.1,37.9,2023-01-01 00:00:00,2023-12-31 23:00:00,2023
A849,8760,7.8,39.4,2023-01-01 00:00:00,2023-12-31 23:00:00,2023
A850,8432,8.4,40.4,2023-01-01 00:00:00,2023-12-31 23:00:00,2023
A855,8403,6.0,38.3,2023-01-01 00:00:00,2023-12-31 23:00:00,2023
A869,8760,7.9,38.8,2023-01-01 00:00:00,2023-12-31 23:00:00,2023
A871,8758,7.3,37.0,2023-01-01 00:00:00,2023-12-31 23:00:00,2023
A872,8760,4.0,32.9,2023-01-01 00:00:00,2023-12-31 23:00:00,2023
A873,8712,9.0,40.6,2023-01-01 00:00:00,2023-12-31 23:00:00,2023
A874,8760,0.8,36.9,2023-01-01 00:00:00,2023-12-31 23:00:00,2023
A875,8262,-1.4,35.6,2023-01-01 00:00:00,2023-12-31 23:00:00,2023
A876,8745,3.0,33.9,2023-01-01 00:00:00,2023-12-31 23:00:00,2023
B803,7094,6.5,39.2,2023-01-01 10:00:00,2023-12-31 23:00:00,2023
B804,8591,1.4,34.1,2023-01-01 00:00:00,2023-12-31 23:00:00,2023
B806,8643,2.0,34.7,2023-01-01 00:00:00,2023-12-31 23:00:00,2023
A801,8663,4.4,38.8,2023-01-01 00:00:00,2023-12-31 23:00:00,2023
A802,7755,3.8,37.6,2023-01-01 00:00:00,2023-12-01 14:00:00,2023
A803,8675,1.1,39.0,2023-01-01 00:00:00,2023-12-31 23:00:00,2023
A804,8302,0.1,38.3,2023-01-01 00:00:00,2023-12-31 23:00:00,2023
A805,8615,3.3,37.3,2023-01-01 00:00:00,2023-12-31 23:00:00,2023
A808,8650,5.0,36.2,2023-01-01 00:00:00,2023-12-31 23:00:00,2023
A809,8652,2.4,40.7,2023-01-01 00:00:00,2023-12-31 23:00:00,2023
A810,8455,3.1,37.4,2023-01-01 00:00:00,2023-12-22 04:00:00,2023
A811,8760,1.3,35.9,2023-01-01 00:00:00,2023-12-31 23:00:00,2023
A812,8684,2.2,35.9,2023-01-01 00:00:00,2023-12-31 23:00:00,2023
A813,8298,3.2,39.7,2023-01-01 00:00:00,2023-12-31 23:00:00,2023
A826,8628,1.8,39.5,2023-01-01 00:00:00,2023-12-31 23:00:00,2023
A827,8661,0.5,39.1,2023-01-01 00:00:00,2023-12-31 23:00:00,2023
A828,4278,2.5,34.8,2023-07-06 18:00:00,2023-12-31 23:00:00,2023
A829,7568,0.0,30.4,2023-01-01 00:00:00,2023-12-31 23:00:00,2023
A830,5645,4.5,40.2,2023-01-01 00:00:00,2023-12-31 23:00:00,2023
A831,8691,-1.2,40.9,2023-01-01 00:00:00,2023-12-31 23:00:00,2023
A832,7287,2.5,39.4,2023-01-01 00:00:00,2023-12-31 23:00:00,2023
A833,7967,1.5,38.6,2023-01-01 00:00:00,2023-12-31 23:00:00,2023
A834,8679,6.4,33.9,2023-01-01 00:00:00,2023-12-31 23:00:00,2023
A836,8532,0.8,39.2,2023-01-01 00:00:00,2023-12-31 23:00:00,2023
A837,8756,1.2,35.9,2023-01-01 00:00:00,2023-12-31 23:00:00,2023
A838,8349,2.0,38.6,2023-01-01 00:00:00,2023-12-31 23:00:00,2023
A839,8568,2.2,37.0,2023-01-01 00:00:00,2023-12-31 23:00:00,2023
A840,8545,2.4,35.0,2023-01-01 00:00:00,2023-12-31 23:00:00,2023
A844,8649,1.6,34.7,2023-01-01 00:00:00,2023-12-31 23:00:00,2023
A852,8636,2.3,39.9,2023-01-01 00:00:00,2023-12-31 23:00:00,2023
A853,8463,1.9,37.1,2023-01-01 00:00:00,2023-12-31 23:00:00,2023
A854,8618,4.7,36.5,2023-01-01 00:00:00,2023-12-31 23:00:00,2023
A856,8757,2.2,34.9,2023-01-01 00:00:00,2023-12-31 23:00:00,2023
A878,8743,6.3,35.0,2023-01-01 00:00:00,2023-12-31 23:00:00,2023
A879,8750,-0.4,32.8,2023-01-01 00:00:00,2023-12-31 23:00:00,2023
A880,7589,-1.3,33.2,2023-01-01 00:00:00,2023-12-31 23:00:00,2023
A881,8445,-1.6,38.3,2023-01-01 00:00:00,2023-12-31 23:00:00,2023
A882,8721,3.0,39.5,2023-01-01 00:00:00,2023-12-31 23:00:00,2023
A883,8524,2.3,36.9,2023-01-01 00:00:00,2023-12-31 23:00:00,2023
A884,8642,2.5,40.3,2023-01-01 00:00:00,2023-12-31 23:00:00,2023
A886,7136,0.8,38.2,2023-01-01 10:00:00,2023-12-31 23:00:00,2023
A887,8724,1.7,39.1,2023-01-01 00:00:00,2023-12-31 23:00:00,2023
A889,7341,4.1,39.6,2023-01-01 00:00:00,2023-12-31 23:00:00,2023
A893,8693,1.2,37.5,2023-01-01 00:00:00,2023-12-31 23:00:00,2023
A894,8759,-0.7,37.6,2023-01-01 00:00:00,2023-12-31 23:00:00,2023
A897,8446,-1.1,33.0,2023-01-01 00:00:00,2023-12-31 23:00:00,2023
A899,8670,1.7,36.5,2023-01-01 00:00:00,2023-12-31 23:00:00,2023
B807,8760,2.6,37.7,2023-01-01 00:00:00,2023-12-31 23:00:00,2023
A806,8733,8.6,34.3,2023-01-01 00:00:00,2023-12-31 23:00:00,2023
A814,8490,4.0,40.3,2023-01-01 00:00:00,2023-12-31 23:00:00,2023
A815,7648,-0.4,29.4,2023-01-01 00:00:00,2023-12-31 23:00:00,2023
A816,8736,3.0,32.2,2023-01-01 00:00:00,2023-12-31 23:00:00,2023
A817,8759,7.2,37.0,2023-01-01 00:00:00,2023-12-31 23:00:00,2023
A841,7941,2.6,36.9,2023-01-01 00:00:00,2023-12-16 16:00:00,2023
A845,8760,-1.3,27.5,2023-01-01 00:00:00,2023-12-31 23:00:00,2023
A848,8759,3.8,33.3,2023-01-01 00:00:00,2023-12-31 23:00:00,2023
A851,8759,5.4,36.1,2023-01-01 00:00:00,2023-12-31 23:00:00,2023
A857,6926,4.5,34.8,2023-01-01 00:00:00,2023-12-31 23:00:00,2023
A858,8535,3.3,33.7,2023-01-01 00:00:00,2023-12-31 23:00:00,2023
A859,8739,0.8,33.7,2023-01-01 00:00:00,2023-12-31 23:00:00,2023
A860,8760,2.4,34.5,2023-01-01 00:00:00,2023-12-31 23:00:00,2023
A861,6677,1.8,34.4,2023-01-01 00:00:00,2023-10-07 00:00:00,2023
A862,8290,1.8,35.5,2023-01-01 00:00:00,2023-12-31 23:00:00,2023
A863,7249,3.6,37.1,2023-01-01 00:00:00,2023-12-31 23:00:00,2023
A864,6496,1.0,36.1,2023-01-01 00:00:00,2023-12-31 23:00:00,2023
A865,7763,2.6,33.2,2023-01-01 00:00:00,2023-12-31 23:00:00,2023
A866,8749,9.0,32.5,2023-01-01 00:00:00,2023-12-31 23:00:00,2023
A867,8759,6.0,36.7,2023-01-01 00:00:00,2023-12-31 23:00:00,2023
A868,8180,7.4,34.7,2023-01-01 00:00:00,2023-12-31 23:00:00,2023
A870,8760,1.6,33.9,2023-01-01 00:00:00,2023-12-31 23:00:00,2023
A895,8588,4.4,35.9,2023-01-01 00:00:00,2023-12-31 23:00:00,2023
A898,8625,1.1,34.5,2023-01-01 00:00:00,2023-12-31 23:00:00,2023
A001,8758,10.4,36.1,2024-01-01 00:00:00,2024-12-31 23:00:00,2024
A042,8547,12.7,35.2,2024-01-01 00:00:00,2024-12-31 23:00:00,2024
A045,8331,7.9,37.3,2024-01-01 00:00:00,2024-12-31 23:00:00,2024
A046,8716,8.7,37.5,2024-01-01 00:00:00,2024-12-31 23:00:00,2024
A047,8366,11.1,37.2,2024-01-01 00:00:00,2024-12-31 23:00:00,2024
A002,8723,7.5,41.1,2024-01-01 00:00:00,2024-12-31 23:00:00,2024
A003,8780,5.2,39.9,2024-01-01 00:00:00,2024-12-31 23:00:00,2024
A005,8368,17.0,41.7,2024-01-01 00:00:00,2024-12-31 23:00:00,2024
A011,2057,20.4,37.3,2024-01-01 00:00:00,2024-12-31 23:00:00,2024
A012,8782,11.4,37.3,2024-01-01 00:00:00,2024-12-31 23:00:00,2024
A013,3087,14.4,42.8,2024-07-07 16:00:00,2024-12-31 23:00:00,2024
A014,7082,14.9,44.5,2024-03-11 22:00:00,2024-12-31 23:00:00,2024
A015,8415,9.9,40.3,2024-01-01 00:00:00,2024-12-31 23:00:00,2024
A016,8778,3.4,39.5,2024-01-01 00:00:00,2024-12-31 23:00:00,2024
A017,8769,16.9,37.9,2024-01-01 00:00:00,2024-12-31 23:00:00,2024
A022,8343,15.1,39.6,2024-01-01 01:00:00,2024-12-31 23:00:00,2024
A023,8779,9.5,39.5,2024-01-01 00:00:00,2024-12-31 23:00:00,2024
A024,8303,9.1,34.2,2024-01-01 00:00:00,2024-12-31 23:00:00,2024
A025,5439,12.3,35.0,2024-01-01 00:00:00,2024-12-31 23:00:00,2024
A026,6403,7.9,39.8,2024-01-01 01:00:00,2024-10-16 17:00:00,2024
A027,8784,9.3,40.0,2024-01-01 00:00:00,2024-12-31 23:00:00,2024
A028,2007,20.2,34.8,2024-01-01 03:00:00,2024-12-31 23:00:00,2024
A029,8217,9.1,40.6,2024-01-01 00:00:00,2024-12-31 23:00:00,2024
A031,6986,15.6,41.8,2024-01-01 13:00:00,2024-12-31 23:00:00,2024
A032,6765,16.0,39.6,2024-01-01 02:00:00,2024-12-31 22:00:00,2024
A033,8777,7.8,39.9,2024-01-01 00:00:00,2024-12-31 23:00:00,2024
A034,8784,7.5,37.4,2024-01-01 00:00:00,2024-12-31 23:00:00,2024
A035,6477,5.7,40.7,2024-01-01 01:00:00,2024-12-31 23:00:00,2024
A036,8784,10.3,35.5,2024-01-01 00:00:00,2024-12-31 23:00:00,2024
A037,8599,10.2,37.5,2024-01-01 00:00:00,2024-12-31 23:00:00,2024
A056,8111,9.1,38.0,2024-01-01 00:00:00,2024-12-31 23:00:00,2024
A702,8779,5.3,39.8,2024-01-01 00:00:00,2024-12-31 23:00:00,2024
A703,8780,3.9,38.1,2024-01-01 00:00:00,2024-12-31 23:00:00,2024
A704,8784,7.8,42.7,2024-01-01 00:00:00,2024-12-31 23:00:00,2024
A709,8776,5.4,39.4,2024-01-01 00:00:00,2024-12-31 23:00:00,2024
A710,8709,5.8,41.8,2024-01-01 00:00:00,2024-12-31 23:00:00,2024
A717,8755,4.3,43.3,2024-01-01 00:00:00,2024-12-31 23:00:00,2024
A719,8784,5.7,43.7,2024-01-01 00:00:00,2024-12-31 23:00:00,2024
A720,7929,6.1,43.1,2024-01-01 02:00:00,2024-12-31 23:00:00,2024
A721,8784,4.5,39.6,2024-01-01 00:00:00,2024-12-31 23:00:00,2024
A722,8403,5.8,43.3,2024-01-01 01:00:00,2024-12-31 23:00:00,2024
A723,6348,3.6,42.9,2024-01-01 00:00:00,2024-12-31 23:00:00,2024
A724,7877,9.5,42.8,2024-01-01 01:00:00,2024-12-31 23:00:00,2024
A730,6922,6.4,39.4,2024-01-01 00:00:00,2024-12-06 18:00:00,2024
A731,8768,2.1,41.1,2024-01-01 00:00:00,2024-12-31 20:00:00,2024
A732,8783,5.2,39.4,2024-01-01 00:00:00,2024-12-31 23:00:00,2024
A742,8784,4.7,41.5,2024-01-01 00:00:00,2024-12-31 23:00:00,2024
A743,8781,0.6,40.4,2024-01-01 00:00:00,2024-12-31 23:00:00,2024
A749,8783,4.0,40.0,2024-01-01 00:00:00,2024-12-31 23:00:00,2024
A750,8665,2.3,40.4,2024-01-01 00:00:00,2024-12-31 23:00:00,2024
A751,8717,4.5,38.3,2024-01-01 00:00:00,2024-12-31 23:00:00,2024
A752,8745,5.8,38.3,2024-01-01 00:00:00,2024-12-31 23:00:00,2024
A754,8715,2.8,40.5,2024-01-01 00:00:00,2024-12-31 23:00:00,2024
A756,8768,4.1,43.1,2024-01-01 00:00:00,2024-12-31 10:00:00,2024
A758,8550,3.1,40.7,2024-01-01 00:00:00,2024-12-22 06:00:00,2024
A759,8784,5.6,39.6,2024-01-01 00:00:00,2024-12-31 23:00:00,2024
A760,8325,6.2,39.3,2024-01-01 00:00:00,2024-12-12 21:00:00,2024
A761,8782,8.0,40.8,2024-01-01 00:00:00,2024-12-31 23:00:00,2024
A901,8183,11.9,43.7,2024-01-01 03:00:00,2024-12-31 23:00:00,2024
A902,8784,10.0,39.6,2024-01-01 00:00:00,2024-12-31 23:00:00,2024
A903,8783,11.7,41.3,2024-01-01 00:00:00,2024-12-31 23:00:00,2024
A904,8741,12.6,39.6,2024-01-01 00:00:00,2024-12-31 23:00:00,2024
A905,3880,12.1,35.9,2024-01-01 00:00:00,2024-07-01 16:00:00,2024
A906,8635,15.7,40.8,2024-01-01 00:00:00,2024-12-31 23:00:00,2024
A907,4915,9.3,42.6,2024-03-12 17:00:00,2024-12-31 23:00:00,2024
A908,8784,14.4,40.9,2024-01-01 00:00:00,2024-12-31 23:00:00,2024
A909,8481,7.5,40.2,2024-01-01 02:00:00,2024-12-31 23:00:00,2024
A910,1337,23.0,36.4,2024-01-01 00:00:00,2024-07-14 15:00:00,2024
A911,8784,11.0,38.5,2024-01-01 00:00:00,2024-12-31 23:00:00,2024
A912,8413,8.9,37.6,2024-01-01 02:00:00,2024-12-31 23:00:00,2024
A913,6312,7.2,35.7,2024-01-01 00:00:00,2024-10-02 21:00:00,2024
A915,8784,12.3,35.4,2024-01-01 00:00:00,2024-12-31 23:00:00,2024
A916,8784,15.4,40.1,2024-01-01 00:00:00,2024-12-31 23:00:00,2024
A917,8720,12.8,39.5,2024-01-01 00:00:00,2024-12-31 23:00:00,2024
A919,8784,15.2,39.7,2024-01-01 00:00:00,2024-12-31 23:00:00,2024
A920,7439,14.3,38.1,2024-01-01 00:00:00,2024-12-31 22:00:00,2024
A922,6853,9.2,41.0,2024-01-01 00:00:00,2024-12-31 23:00:00,2024
A923,3035,10.2,36.0,2024-01-01 00:00:00,2024-08-17 20:00:00,2024
A924,8282,13.7,39.8,2024-01-01 00:00:00,2024-12-12 12:00:00,2024
A926,5205,17.3,38.7,2024-01-01 00:00:00,2024-10-04 19:00:00,2024
A927,4678,16.3,38.8,2024-01-01 00:00:00,2024-12-31 21:00:00,2024
A928,8784,12.0,39.9,2024-01-01 00:00:00,2024-12-31 23:00:00,2024
A929,354,20.1,32.4,2024-01-01 00:00:00,2024-01-15 17:00:00,2024
A930,4653,17.3,41.0,2024-01-01 00:00:00,2024-12-31 19:00:00,2024
A931,8784,9.0,39.5,2024-01-01 00:00:00,2024-12-31 23:00:00,2024
A932,4231,14.9,38.6,2024-01-01 00:00:00,2024-09-01 18:00:00,2024
A933,4407,8.2,41.8,2024-03-12 20:00:00,2024-12-31 23:00:00,2024
A934,8393,6.9,38.2,2024-01-01 02:00:00,2024-12-31 21:00:00,2024
A935,1695,11.7,40.2,2024-01-01 00:00:00,2024-07-15 04:00:00,2024
A936,8784,9.3,41.0,2024-01-01 00:00:00,2024-12-31 23:00:00,2024
A937,3702,15.0,39.5,2024-01-01 00:00:00,2024-09-07 22:00:00,2024
A942,3155,18.6,36.5,2024-01-01 00:00:00,2024-05-15 15:00:00,2024
A943,439,21.1,33.4,2024-01-01 01:00:00,2024-01-20 20:00:00,2024
A944,8422,11.3,41.4,2024-01-01 00:00:00,2024-12-31 23:00:00,2024
A303,8781,18.6,35.9,2024-01-01 00:00:00,2024-12-31 23:00:00,2024
A323,8781,17.3,41.3,2024-01-01 00:00:00,2024-12-31 23:00:00,2024
A327,8212,17.1,39.0,2024-01-01 00:00:00,2024-12-31 23:00:00,2024
A353,7226,17.2,37.8,2024-01-01 00:00:00,2024-12-31 17:00:00,2024
A355,8783,19.3,37.1,2024-01-01 00:00:00,2024-12-31 23:00:00,2024
A356,5045,17.5,37.1,2024-01-01 00:00:00,2024-08-16 09:00:00,2024
A371,8437,18.2,40.1,2024-01-01 01:00:00,2024-12-31 23:00:00,2024
A401,8780,21.2,35.5,2024-01-01 00:00:00,2024-12-31 23:00:00,2024
A402,8405,12.4,40.4,2024-01-01 02:00:00,2024-12-31 23:00:00,2024
A404,8496,10.1,39.6,2024-01-01 00:00:00,2024-12-31 23:00:00,2024
A405,8772,15.2,34.3,2024-01-01 00:00:00,2024-12-31 23:00:00,2024
A406,6478,17.6,37.2,2024-01-01 07:00:00,2024-12-31 23:00:00,2024
A407,6057,14.0,34.4,2024-04-23 15:00:00,2024-12-31 23:00:00,2024
A408,7373,15.4,39.6,2024-01-01 00:00:00,2024-12-31 23:00:00,2024
A410,8783,15.7,33.8,2024-01-01 00:00:00,2024-12-31 23:00:00,2024
A412,980,21.0,39.5,2024-01-01 00:00:00,2024-02-10 19:00:00,2024
A413,6526,16.7,38.7,2024-01-01 00:00:00,2024-11-27 20:00:00,2024
A414,8784,8.5,35.8,2024-01-01 00:00:00,2024-12-31 23:00:00,2024
A415,1870,22.5,40.5,2024-01-01 00:00:00,2024-12-31 13:00:00,2024
A416,7479,10.8,40.6,2024-01-01 00:00:00,2024-12-31 23:00:00,2024
A418,2497,20.7,37.2,2024-01-01 00:00:00,2024-04-20 16:00:00,2024
A423,5581,21.2,37.8,2024-01-01 00:00:00,2024-12-31 20:00:00,2024
A424,7354,14.2,37.9,2024-01-01 10:00:00,2024-12-31 23:00:00,2024
A425,8272,15.9,38.0,2024-01-01 00:00:00,2024-12-30 13:00:00,2024
A426,6030,17.2,39.4,2024-03-23 14:00:00,2024-12-31 23:00:00,2024
A427,668,24.5,35.1,2024-01-20 17:00:00,2024-05-28 15:00:00,2024
A428,7778,15.5,38.1,2024-01-01 00:00:00,2024-12-31 23:00:00,2024
A429,6594,15.9,40.1,2024-01-01 00:00:00,2024-12-31 23:00:00,2024
A430,7730,11.4,33.5,2024-01-01 00:00:00,2024-11-18 09:00:00,2024
A431,8768,17.5,34.2,2024-01-01 00:00:00,2024-12-31 23:00:00,2024
A432,3376,18.3,35.3,2024-01-03 14:00:00,2024-07-29 20:00:00,2024
A433,8778,13.1,40.1,2024-01-01 00:00:00,2024-12-31 23:00:00,2024
A434,8783,15.7,35.8,2024-01-01 00:00:00,2024-12-31 23:00:00,2024
A436,67,23.9,36.8,2024-01-01 00:00:00,2024-01-03 18:00:00,2024
A437,8784,16.8,33.6,2024-01-01 00:00:00,2024-12-31 23:00:00,2024
A438,1668,19.9,31.4,2024-04-21 20:00:00,2024-07-09 03:00:00,2024
A439,8243,15.0,41.5,2024-01-01 00:00:00,2024-12-31 23:00:00,2024
A440,2577,18.7,39.3,2024-01-01 00:00:00,2024-05-02 14:00:00,2024
A441,4645,17.0,37.6,2024-01-01 00:00:00,2024-12-31 19:00:00,2024
A442,8778,15.0,38.8,2024-01-01 00:00:00,2024-12-31 23:00:00,2024
A443,8571,11.0,38.7,2024-01-01 00:00:00,2024-12-31 23:00:00,2024
A444,4886,17.1,35.3,2024-01-01 00:00:00,2024-09-06 00:00:00,2024
A445,6527,15.3,38.4,2024-01-01 00:00:00,2024-12-31 19:00:00,2024
A446,7368,12.1,38.4,2024-01-01 00:00:00,2024-12-15 17:00:00,2024
A447,8784,12.8,36.2,2024-01-01 00:00:00,2024-12-31 23:00:00,2024
A448,3444,19.7,38.0,2024-01-01 00:00:00,2024-05-23 11:00:00,2024
A450,8549,17.2,40.0,2024-01-01 00:00:00,2024-12-31 00:00:00,2024
A452,4928,11.1,41.5,2024-01-01 00:00:00,2024-12-31 23:00:00,2024
A455,3116,17.7,36.6,2024-01-01 00:00:00,2024-07-28 14:00:00,2024
A456,8780,20.0,36.2,2024-01-01 00:00:00,2024-12-31 23:00:00,2024
A458,8396,14.8,39.8,2024-01-01 01:00:00,2024-12-31 23:00:00,2024
A305,2887,22.9,34.6,2024-01-01 00:00:00,2024-12-31 16:00:00,2024
A306,2982,22.3,39.3,2024-01-01 00:00:00,2024-05-07 10:00:00,2024
A314,137,18.3,28.9,2024-02-24 18:00:00,2024-03-13 09:00:00,2024
A315,418,16.6,34.2,2024-01-01 00:00:00,2024-09-06 00:00:00,2024
A319,5614,20.2,38.2,2024-01-01 00:00:00,2024-12-31 23:00:00,2024
A325,4350,20.4,37.8,2024-01-01 12:00:00,2024-11-06 13:00:00,2024
A332,8781,20.4,39.1,2024-01-01 00:00:00,2024-12-31 23:00:00,2024
A339,8784,20.7,37.5,2024-01-01 00:00:00,2024-12-31 23:00:00,2024
A342,8784,18.9,39.7,2024-01-01 00:00:00,2024-12-31 23:00:00,2024
A347,2772,19.6,36.5,2024-01-01 00:00:00,2024-04-29 17:00:00,2024
A358,5169,21.6,40.6,2024-01-01 00:00:00,2024-12-31 20:00:00,2024
A359,1864,23.4,37.6,2024-01-01 00:00:00,2024-03-19 23:00:00,2024
A360,5238,20.9,37.0,2024-01-01 00:00:00,2024-08-06 05:00:00,2024
A368,4464,16.6,32.2,2024-01-01 00:00:00,2024-07-06 19:00:00,2024
A369,8393,18.7,38.2,2024-01-01 00:00:00,2024-12-31 22:00:00,2024
A203,8771,21.6,33.7,2024-01-01 00:00:00,2024-12-31 23:00:00,2024
A204,3548,16.7,38.5,2024-01-01 00:00:00,2024-08-12 09:00:00,2024
A205,2662,20.8,39.9,2024-01-17 16:00:00,2024-12-31 23:00:00,2024
A206,8784,21.2,39.6,2024-01-01 00:00:00,2024-12-31 23:00:00,2024
A207,8551,18.5,39.0,2024-01-01 00:00:00,2024-12-30 22:00:00,2024
A218,8783,21.5,32.2,2024-01-01 00:00:00,2024-12-31 23:00:00,2024
A219,8784,22.3,37.8,2024-01-01 00:00:00,2024-12-31 23:00:00,2024
A220,8783,19.4,38.6,2024-01-01 00:00:00,2024-12-31 23:00:00,2024
A221,458,18.3,38.9,2024-08-07 20:00:00,2024-08-26 21:00:00,2024
A222,8391,15.8,39.8,2024-01-01 00:00:00,2024-12-31 23:00:00,2024
A223,8784,13.1,41.9,2024-01-01 00:00:00,2024-12-31 23:00:00,2024
A224,8782,14.3,39.7,2024-01-01 00:00:00,2024-12-31 23:00:00,2024
A225,3792,19.9,39.4,2024-01-01 00:00:00,2024-12-16 08:00:00,2024
A237,8703,16.1,40.0,2024-01-01 00:00:00,2024-12-31 23:00:00,2024
A238,8600,17.9,37.7,2024-01-01 00:00:00,2024-12-30 09:00:00,2024
A255,8666,21.6,37.8,2024-01-01 00:00:00,2024-12-31 23:00:00,2024
A310,8768,16.4,37.1,2024-01-01 00:00:00,2024-12-31 23:00:00,2024
A313,6389,17.4,34.1,2024-04-09 16:00:00,2024-12-31 23:00:00,2024
A320,8581,19.6,34.5,2024-01-01 00:00:00,2024-12-31 23:00:00,2024
A321,6315,19.0,39.7,2024-04-11 21:00:00,2024-12-31 23:00:00,2024
A333,8784,16.3,38.0,2024-01-01 00:00:00,2024-12-31 23:00:00,2024
A334,1950,19.5,37.0,2024-01-01 00:00:00,2024-12-31 23:00:00,2024
A348,6783,14.9,37.5,2024-01-01 00:00:00,2024-12-29 18:00:00,2024
A352,7675,19.1,33.9,2024-01-01 00:00:00,2024-12-31 23:00:00,2024
A373,5740,20.8,39.2,2024-01-01 00:00:00,2024-11-24 04:00:00,2024
A307,3483,18.4,37.3,2024-01-01 00:00:00,2024-09-26 01:00:00,2024
A309,8243,13.9,37.2,2024-01-01 14:00:00,2024-12-31 23:00:00,2024
A322,8784,14.8,34.2,2024-01-01 00:00:00,2024-12-31 23:00:00,2024
A328,3207,17.1,36.1,2024-01-01 13:00:00,2024-08-03 10:00:00,2024
A329,8784,17.1,39.5,2024-01-01 00:00:00,2024-12-31 23:00:00,2024
A341,8215,15.8,32.1,2024-01-01 00:00:00,2024-12-31 23:00:00,2024
A349,3761,20.3,39.1,2024-01-01 00:00:00,2024-12-31 23:00:00,2024
A350,6142,17.1,37.4,2024-01-01 00:00:00,2024-12-31 23:00:00,2024
A351,8689,18.3,39.6,2024-01-01 00:00:00,2024-12-31 23:00:00,2024
A357,8783,17.3,37.5,2024-01-01 00:00:00,2024-12-31 23:00:00,2024
A366,7300,16.5,38.6,2024-01-01 00:00:00,2024-12-31 23:00:00,2024
A370,8421,16.1,38.7,2024-01-01 01:00:00,2024-12-31 23:00:00,2024
A308,4891,19.0,38.4,2024-05-17 12:00:00,2024-12-08 02:00:00,2024
A311,2296,22.0,36.2,2024-01-01 00:00:00,2024-04-05 15:00:00,2024
A312,5686,17.7,39.2,2024-01-01 00:00:00,2024-10-18 18:00:00,2024
A326,8092,15.5,41.5,2024-01-01 00:00:00,2024-12-31 23:00:00,2024
A330,8784,19.3,40.6,2024-01-01 00:00:00,2024-12-31 23:00:00,2024
A331,8376,18.8,42.2,2024-01-01 00:00:00,2024-12-31 23:00:00,2024
A335,8774,20.0,41.0,2024-01-01 00:00:00,2024-12-31 23:00:00,2024
A336,8784,14.5,41.0,2024-01-01 00:00:00,2024-12-31 23:00:00,2024
A343,6259,17.1,40.9,2024-01-01 00:00:00,2024-12-31 22:00:00,2024
A345,4315,17.3,38.6,2024-01-01 00:00:00,2024-11-29 11:00:00,2024
A346,8784,17.8,39.6,2024-01-01 00:00:00,2024-12-31 23:00:00,2024
A354,8784,13.7,43.1,2024-01-01 00:00:00,2024-12-31 23:00:00,2024
A361,8782,15.9,40.3,2024-01-01 00:00:00,2024-12-31 23:00:00,2024
A363,8784,17.5,40.0,2024-01-01 00:00:00,2024-12-31 23:00:00,2024
A364,8784,17.7,40.5,2024-01-01 00:00:00,2024-12-31 23:00:00,2024
A365,8386,18.4,40.3,2024-01-01 00:00:00,2024-12-31 23:00:00,2024
A374,8391,13.1,41.3,2024-01-01 00:00:00,2024-12-31 23:00:00,2024
A375,3863,19.3,37.9,2024-01-01 11:00:00,2024-12-31 23:00:00,2024
A376,6862,19.0,40.4,2024-01-01 00:00:00,2024-12-31 23:00:00,2024
A304,3226,21.6,31.5,2024-05-19 17:00:00,2024-12-31 23:00:00,2024
A316,8777,18.6,40.0,2024-01-01 00:00:00,2024-12-31 23:00:00,2024
A317,7344,19.1,37.6,2024-01-01 00:00:00,2024-12-31 22:00:00,2024
A318,8784,19.3,36.6,2024-01-01 00:00:00,2024-12-31 23:00:00,2024
A340,3690,21.9,38.9,2024-01-01 00:00:00,2024-06-02 22:00:00,2024
A344,3108,20.7,32.6,2024-08-23 19:00:00,2024-12-31 23:00:00,2024
A367,3700,18.2,37.3,2024-01-01 00:00:00,2024-12-31 23:00:00,2024
A372,6297,17.1,39.5,2024-01-01 00:00:00,2024-12-31 21:00:00,2024
A409,6973,20.5,33.0,2024-01-01 00:00:00,2024-10-17 16:00:00,2024
A417,8781,18.0,37.8,2024-01-01 00:00:00,2024-12-31 23:00:00,2024
A421,8784,19.1,35.6,2024-01-01 00:00:00,2024-12-31 23:00:00,2024
A453,8773,18.0,39.2,2024-01-01 00:00:00,2024-12-31 15:00:00,2024
A104,8763,13.2,38.9,2024-01-01 00:00:00,2024-12-31 23:00:00,2024
A108,5191,16.4,35.8,2024-01-01 00:00:00,2024-11-26 10:00:00,2024
A138,8784,14.7,38.1,2024-01-01 00:00:00,2024-12-31 23:00:00,2024
A140,8465,12.4,38.9,2024-01-01 00:00:00,2024-12-31 23:00:00,2024
A101,8700,23.0,39.0,2024-01-01 02:00:00,2024-12-31 23:00:00,2024
A110,8783,15.1,40.2,2024-01-01 00:00:00,2024-12-31 23:00:00,2024
A111,5213,18.3,40.2,2024-01-01 02:00:00,2024-12-31 20:00:00,2024
A112,8784,16.5,40.3,2024-01-01 00:00:00,2024-12-31 23:00:00,2024
A113,2916,18.0,38.0,2024-01-01 04:00:00,2024-11-01 10:00:00,2024
A117,4218,22.4,39.2,2024-01-01 00:00:00,2024-12-31 23:00:00,2024
A119,3749,22.6,37.2,2024-01-01 01:00:00,2024-12-31 23:00:00,2024
A120,3445,23.5,36.0,2024-01-01 00:00:00,2024-06-29 06:00:00,2024
A121,4352,23.1,35.3,2024-01-01 00:00:00,2024-12-31 23:00:00,2024
A123,8677,21.7,38.1,2024-01-01 00:00:00,2024-12-31 23:00:00,2024
A124,8784,20.2,37.2,2024-01-01 00:00:00,2024-12-31 23:00:00,2024
A125,8119,18.3,37.8,2024-01-01 00:00:00,2024-12-28 19:00:00,2024
A128,7210,22.0,37.1,2024-01-01 02:00:00,2024-12-31 23:00:00,2024
A133,8781,20.4,42.6,2024-01-01 00:00:00,2024-12-31 23:00:00,2024
A134,8472,20.6,37.5,2024-01-01 00:00:00,2024-12-31 23:00:00,2024
A144,7528,21.7,39.3,2024-01-01 11:00:00,2024-12-31 23:00:00,2024
A242,8784,21.1,37.3,2024-01-01 00:00:00,2024-12-31 23:00:00,2024
A244,8784,22.2,36.8,2024-01-01 00:00:00,2024-12-31 23:00:00,2024
A249,8701,22.4,35.1,2024-01-01 00:00:00,2024-12-31 23:00:00,2024
A251,4705,22.2,35.3,2024-01-01 00:00:00,2024-07-15 00:00:00,2024
A201,8781,22.7,38.1,2024-01-01 00:00:00,2024-12-31 23:00:00,2024
A202,8778,22.3,37.2,2024-01-01 00:00:00,2024-12-31 23:00:00,2024
A209,4980,21.4,33.6,2024-01-01 00:00:00,2024-07-26 16:00:00,2024
A210,6322,19.4,39.1,2024-04-11 15:00:00,2024-12-31 23:00:00,2024
A211,8600,19.0,39.1,2024-01-01 00:00:00,2024-12-31 23:00:00,2024
A212,8137,20.9,40.1,2024-01-01 00:00:00,2024-12-05 00:00:00,2024
A213,8404,20.3,38.2,2024-01-01 00:00:00,2024-12-31 23:00:00,2024
A214,8784,16.7,39.2,2024-01-01 00:00:00,2024-12-31 23:00:00,2024
A215,7943,21.3,43.2,2024-01-01 00:00:00,2024-12-24 21:00:00,2024
A216,1089,22.2,36.9,2024-11-15 18:00:00,2024-12-31 23:00:00,2024
A226,8784,22.2,34.6,2024-01-01 00:00:00,2024-12-31 23:00:00,2024
A227,7208,22.5,31.6,2024-03-06 15:00:00,2024-12-31 23:00:00,2024
A229,8784,22.2,37.0,2024-01-01 00:00:00,2024-12-31 23:00:00,2024
A231,8720,21.9,39.0,2024-01-01 00:00:00,2024-12-31 23:00:00,2024
A232,8781,20.4,38.0,2024-01-01 00:00:00,2024-12-31 23:00:00,2024
A233,8784,15.8,40.6,2024-01-01 00:00:00,2024-12-31 23:00:00,2024
A234,1132,21.0,34.4,2024-11-14 20:00:00,2024-12-31 23:00:00,2024
A235,6358,19.3,37.8,2024-04-10 14:00:00,2024-12-31 23:00:00,2024
A239,7861,22.6,37.5,2024-01-01 00:00:00,2024-12-31 22:00:00,2024
A241,8784,15.1,40.3,2024-01-01 00:00:00,2024-12-31 23:00:00,2024
A245,8729,21.2,38.6,2024-01-01 00:00:00,2024-12-31 23:00:00,2024
A247,8784,18.1,39.4,2024-01-01 00:00:00,2024-12-31 23:00:00,2024
A248,3833,21.1,37.8,2024-01-01 00:00:00,2024-11-22 15:00:00,2024
A250,8090,22.0,35.6,2024-01-01 00:00:00,2024-12-31 19:00:00,2024
A252,8784,19.0,37.1,2024-01-01 00:00:00,2024-12-31 23:00:00,2024
A253,8719,20.8,36.9,2024-01-01 00:00:00,2024-12-31 23:00:00,2024
A254,8591,18.7,40.5,2024-01-01 01:00:00,2024-12-31 22:00:00,2024
A256,8784,17.2,40.5,2024-01-01 00:00:00,2024-12-31 23:00:00,2024
A925,7387,15.8,40.5,2024-01-01 00:00:00,2024-12-30 20:00:00,2024
A938,8783,11.1,38.1,2024-01-01 00:00:00,2024-12-31 23:00:00,2024
A939,8783,15.1,40.5,2024-01-01 00:00:00,2024-12-31 23:00:00,2024
A940,4079,16.7,35.7,2024-01-01 00:00:00,2024-06-18 22:00:00,2024
A135,7003,22.6,39.6,2024-01-01 00:00:00,2024-12-31 23:00:00,2024
A009,2476,21.5,36.1,2024-01-01 00:00:00,2024-04-17 23:00:00,2024
A010,8527,12.1,41.7,2024-01-01 00:00:00,2024-12-31 23:00:00,2024
A018,7571,15.6,41.6,2024-01-01 01:00:00,2024-12-31 22:00:00,2024
A019,8779,12.7,41.1,2024-01-01 00:00:00,2024-12-31 23:00:00,2024
A020,8781,16.8,41.7,2024-01-01 00:00:00,2024-12-31 23:00:00,2024
A021,8271,14.1,39.0,2024-01-01 00:00:00,2024-12-31 22:00:00,2024
A038,7140,17.0,37.4,2024-01-01 02:00:00,2024-11-16 01:00:00,2024
A039,8477,16.7,42.2,2024-01-01 02:00:00,2024-12-31 22:00:00,2024
A040,8784,13.0,37.2,2024-01-01 00:00:00,2024-12-31 23:00:00,2024
A041,8479,15.1,41.0,2024-01-01 01:00:00,2024-12-31 23:00:00,2024
A044,8777,18.9,39.7,2024-01-01 00:00:00,2024-12-31 23:00:00,2024
A048,8627,15.9,39.9,2024-01-01 01:00:00,2024-12-31 23:00:00,2024
A050,8049,13.0,40.9,2024-01-01 02:00:00,2024-12-31 23:00:00,2024
A051,1034,21.3,36.1,2024-01-01 00:00:00,2024-02-13 01:00:00,2024
A052,8240,15.1,41.4,2024-01-01 01:00:00,2024-12-31 23:00:00,2024
A053,8489,15.1,40.7,2024-01-01 02:00:00,2024-12-31 23:00:00,2024
A054,6772,13.3,41.4,2024-01-30 15:00:00,2024-12-31 23:00:00,2024
A055,8462,13.3,41.8,2024-01-01 03:00:00,2024-12-31 23:00:00,2024
A612,5231,15.9,38.0,2024-01-01 00:00:00,2024-12-31 23:00:00,2024
A613,8757,10.4,32.0,2024-01-01 00:00:00,2024-12-31 23:00:00,2024
A614,8784,17.0,36.7,2024-01-01 00:00:00,2024-12-31 23:00:00,2024
A615,8778,15.3,39.7,2024-01-01 00:00:00,2024-12-31 23:00:00,2024
A616,8759,16.8,37.2,2024-01-01 00:00:00,2024-12-31 23:00:00,2024
A617,8782,13.1,40.0,2024-01-01 00:00:00,2024-12-31 23:00:00,2024
A622,6075,16.2,38.2,2024-01-01 00:00:00,2024-12-31 23:00:00,2024
A631,5591,14.9,38.3,2024-01-01 00:00:00,2024-12-31 23:00:00,2024
A632,5496,13.5,38.6,2024-01-01 00:00:00,2024-12-31 23:00:00,2024
A633,8588,8.4,33.7,2024-01-01 00:00:00,2024-12-31 23:00:00,2024
A634,8221,15.3,35.9,2024-01-01 00:00:00,2024-12-31 23:00:00,2024
A657,8780,12.2,36.9,2024-01-01 00:00:00,2024-12-31 23:00:00,2024
A502,8768,6.5,32.4,2024-01-01 00:00:00,2024-12-31 23:00:00,2024
A505,8726,12.6,36.4,2024-01-01 00:00:00,2024-12-31 23:00:00,2024
A506,8783,12.6,37.7,2024-01-01 00:00:00,2024-12-31 23:00:00,2024
A507,8781,7.7,37.6,2024-01-01 00:00:00,2024-12-31 23:00:00,2024
A508,8736,13.7,41.0,2024-01-01 00:00:00,2024-12-31 23:00:00,2024
A509,8770,-2.2,29.6,2024-01-01 00:00:00,2024-12-31 23:00:00,2024
A510,8774,8.9,34.6,2024-01-01 00:00:00,2024-12-31 23:00:00,2024
A511,4939,16.8,34.3,2024-01-01 00:00:00,2024-12-31 23:00:00,2024
A512,8603,3.5,40.9,2024-01-01 00:00:00,2024-12-31 23:00:00,2024
A513,6638,7.9,34.7,2024-01-01 00:00:00,2024-12-31 23:00:00,2024
A514,8784,5.8,34.9,2024-01-01 00:00:00,2024-12-31 23:00:00,2024
A515,8782,5.4,35.8,2024-01-01 00:00:00,2024-12-31 23:00:00,2024
A516,8735,4.4,39.1,2024-01-01 00:00:00,2024-12-31 23:00:00,2024
A517,8136,12.1,38.4,2024-01-01 00:00:00,2024-12-31 23:00:00,2024
A518,8776,8.3,32.8,2024-01-01 00:00:00,2024-12-31 23:00:00,2024
A519,8195,5.4,40.5,2024-01-01 00:00:00,2024-12-31 23:00:00,2024
A520,8521,4.1,41.3,2024-01-01 00:00:00,2024-12-31 23:00:00,2024
A521,8782,11.7,36.8,2024-01-01 00:00:00,2024-12-31 23:00:00,2024
A522,8783,14.4,38.1,2024-01-01 00:00:00,2024-12-31 23:00:00,2024
A523,6901,2.5,36.9,2024-01-01 00:00:00,2024-12-30 17:00:00,2024
A524,8780,6.7,36.0,2024-01-01 00:00:00,2024-12-31 23:00:00,2024
A525,8746,2.3,38.6,2024-01-01 00:00:00,2024-12-31 23:00:00,2024
A526,7871,8.9,40.1,2024-01-01 01:00:00,2024-12-31 23:00:00,2024
A527,7398,14.1,36.0,2024-01-01 00:00:00,2024-12-31 23:00:00,2024
A528,6980,12.9,35.1,2024-01-01 00:00:00,2024-12-31 23:00:00,2024
A529,7671,3.4,35.5,2024-01-01 00:00:00,2024-12-02 22:00:00,2024
A530,8769,0.5,35.2,2024-01-01 00:00:00,2024-12-31 23:00:00,2024
A531,8784,-0.3,31.8,2024-01-01 00:00:00,2024-12-31 23:00:00,2024
A532,8308,13.5,39.3,2024-01-01 00:00:00,2024-12-12 04:00:00,2024
A533,8781,10.1,36.8,2024-01-01 00:00:00,2024-12-31 23:00:00,2024
A534,8682,16.6,38.9,2024-01-01 00:00:00,2024-12-31 23:00:00,2024
A535,7021,3.8,36.3,2024-01-01 00:00:00,2024-12-31 23:00:00,2024
A536,8772,8.0,39.3,2024-01-01 00:00:00,2024-12-31 23:00:00,2024
A537,8783,10.2,32.6,2024-01-01 00:00:00,2024-12-31 23:00:00,2024
A538,6143,11.7,35.3,2024-01-01 00:00:00,2024-12-31 23:00:00,2024
A539,8768,11.7,40.2,2024-01-01 00:00:00,2024-12-31 23:00:00,2024
A540,8784,15.2,37.9,2024-01-01 00:00:00,2024-12-31 23:00:00,2024
A541,8783,9.7,36.6,2024-01-01 00:00:00,2024-12-31 23:00:00,2024
A542,8342,11.4,39.6,2024-01-01 02:00:00,2024-12-31 23:00:00,2024
A543,7994,12.9,39.8,2024-01-01 00:00:00,2024-12-31 23:00:00,2024
A544,8784,11.0,36.7,2024-01-01 00:00:00,2024-12-31 23:00:00,2024
A545,8415,8.1,40.1,2024-01-01 04:00:00,2024-12-31 23:00:00,2024
A546,8763,7.3,36.1,2024-01-01 00:00:00,2024-12-31 23:00:00,2024
A547,8583,6.6,41.9,2024-01-01 00:00:00,2024-12-31 23:00:00,2024
A548,6443,14.7,38.3,2024-01-01 02:00:00,2024-12-31 19:00:00,2024
A549,8784,5.9,39.9,2024-01-01 00:00:00,2024-12-31 23:00:00,2024
A550,8764,12.5,41.8,2024-01-01 00:00:00,2024-12-31 23:00:00,2024
A551,8784,8.9,37.6,2024-01-01 00:00:00,2024-12-31 23:00:00,2024
A552,8783,8.7,40.9,2024-01-01 00:00:00,2024-12-31 23:00:00,2024
A553,8391,11.9,36.4,2024-01-01 00:00:00,2024-12-31 23:00:00,2024
A554,8778,12.4,39.3,2024-01-01 00:00:00,2024-12-31 23:00:00,2024
A555,8729,10.3,33.0,2024-01-01 00:00:00,2024-12-31 23:00:00,2024
A556,8556,8.5,35.3,2024-01-01 00:00:00,2024-12-31 23:00:00,2024
A557,8784,9.8,39.8,2024-01-01 00:00:00,2024-12-31 23:00:00,2024
A559,8370,10.9,40.4,2024-01-01 01:00:00,2024-12-31 23:00:00,2024
A560,8782,7.8,37.9,2024-01-01 00:00:00,2024-12-31 23:00:00,2024
A561,8784,2.5,38.3,2024-01-01 00:00:00,2024-12-31 23:00:00,2024
A562,8171,5.6,36.3,2024-01-01 00:00:00,2024-12-31 23:00:00,2024
A563,8269,12.1,40.1,2024-01-01 01:00:00,2024-12-31 23:00:00,2024
A564,8770,7.6,36.8,2024-01-01 00:00:00,2024-12-31 23:00:00,2024
A565,5718,3.8,35.9,2024-01-01 00:00:00,2024-12-31 23:00:00,2024
A566,7159,9.8,41.7,2024-01-01 00:00:00,2024-12-31 23:00:00,2024
A567,7286,6.5,35.8,2024-01-01 00:00:00,2024-12-31 23:00:00,2024
A568,8428,3.8,38.6,2024-01-01 01:00:00,2024-12-31 23:00:00,2024
A569,8433,6.3,37.3,2024-01-01 00:00:00,2024-12-31 23:00:00,2024
A570,8618,8.2,34.6,2024-01-01 00:00:00,2024-12-31 23:00:00,2024
A571,8726,11.9,38.3,2024-01-01 00:00:00,2024-12-31 23:00:00,2024
F501,8784,9.6,34.0,2024-01-01 00:00:00,2024-12-31 23:00:00,2024
A601,8779,10.2,39.6,2024-01-01 00:00:00,2024-12-31 23:00:00,2024
A602,8781,11.5,40.4,2024-01-01 00:00:00,2024-12-31 23:00:00,2024
A603,6352,9.7,39.7,2024-01-01 00:00:00,2024-12-31 23:00:00,2024
A604,3060,9.6,38.2,2024-01-01 00:00:00,2024-12-31 23:00:00,2024
A606,8508,15.4,33.2,2024-01-01 00:00:00,2024-12-31 23:00:00,2024
A607,8783,12.7,38.8,2024-01-01 00:00:00,2024-12-31 23:00:00,2024
A608,7889,12.6,38.3,2024-01-01 00:00:00,2024-12-31 23:00:00,2024
A609,8775,8.0,39.6,2024-01-01 00:00:00,2024-12-31 23:00:00,2024
A610,8783,1.5,28.4,2024-01-01 00:00:00,2024-12-31 23:00:00,2024
A611,8783,6.8,37.8,2024-01-01 00:00:00,2024-12-31 23:00:00,2024
A618,8053,5.8,31.9,2024-01-01 00:00:00,2024-12-31 18:00:00,2024
A619,8781,9.5,37.1,2024-01-01 00:00:00,2024-12-31 23:00:00,2024
A620,7109,16.6,37.8,2024-01-01 00:00:00,2024-12-31 23:00:00,2024
A621,8776,9.6,40.1,2024-01-01 00:00:00,2024-12-31 23:00:00,2024
A624,8783,1.3,30.8,2024-01-01 00:00:00,2024-12-31 23:00:00,2024
A625,8779,8.1,37.5,2024-01-01 00:00:00,2024-12-31 23:00:00,2024
A626,8516,6.7,39.3,2024-01-01 00:00:00,2024-12-31 23:00:00,2024
A627,8483,13.3,40.1,2024-01-01 00:00:00,2024-12-31 23:00:00,2024
A628,6643,11.1,38.3,2024-01-01 00:00:00,2024-12-22 08:00:00,2024
A629,6950,7.9,36.8,2024-01-01 00:00:00,2024-12-31 17:00:00,2024
A630,8053,7.7,33.8,2024-01-01 00:00:00,2024-12-11 14:00:00,2024
A636,8783,8.7,39.2,2024-01-01 00:00:00,2024-12-31 23:00:00,2024
A637,8758,4.7,36.6,2024-01-01 00:00:00,2024-12-31 23:00:00,2024
A652,5566,16.0,37.0,2024-01-01 00:00:00,2024-12-31 23:00:00,2024
A659,8747,10.3,40.1,2024-01-01 00:00:00,2024-12-31 23:00:00,2024
A667,8238,11.1,39.3,2024-01-01 00:00:00,2024-12-25 06:00:00,2024
A701,8765,6.4,36.4,2024-01-01 00:00:00,2024-12-31 23:00:00,2024
A705,8784,6.8,39.7,2024-01-01 00:00:00,2024-12-31 23:00:00,2024
A706,8778,-1.8,30.1,2024-01-01 00:00:00,2024-12-31 23:00:00,2024
A707,8569,6.1,40.0,2024-01-01 00:00:00,2024-12-31 23:00:00,2024
A708,4390,10.2,32.7,2024-01-01 00:00:00,2024-07-20 21:00:00,2024
A711,7211,5.3,37.1,2024-01-01 00:00:00,2024-12-31 23:00:00,2024
A712,8759,5.5,40.2,2024-01-01 00:00:00,2024-12-31 23:00:00,2024
A713,8784,3.8,37.6,2024-01-01 00:00:00,2024-12-31 23:00:00,2024
A714,8783,4.3,37.4,2024-01-01 00:00:00,2024-12-31 23:00:00,2024
A715,4700,5.2,35.7,2024-01-01 00:00:00,2024-12-31 23:00:00,2024
A716,7806,5.6,39.6,2024-01-01 00:00:00,2024-12-31 23:00:00,2024
A718,8784,0.0,40.3,2024-01-01 00:00:00,2024-12-31 23:00:00,2024
A725,7440,6.5,36.9,2024-01-01 00:00:00,2024-11-11 16:00:00,2024
A726,7822,5.9,38.8,2024-01-01 00:00:00,2024-12-30 03:00:00,2024
A727,7205,7.8,41.4,2024-01-01 00:00:00,2024-12-28 00:00:00,2024
A728,6295,6.8,38.2,2024-01-01 00:00:00,2024-12-31 23:00:00,2024
A733,7943,9.4,41.2,2024-01-01 00:00:00,2024-12-31 23:00:00,2024
A734,8784,4.5,42.0,2024-01-01 00:00:00,2024-12-31 23:00:00,2024
A735,1094,16.1,37.4,2024-01-01 00:00:00,2024-08-30 03:00:00,2024
A736,8784,4.2,40.9,2024-01-01 00:00:00,2024-12-31 23:00:00,2024
A737,5557,6.0,37.0,2024-01-01 00:00:00,2024-09-01 20:00:00,2024
A738,8092,6.8,36.8,2024-01-01 00:00:00,2024-12-31 23:00:00,2024
A739,8057,3.8,38.7,2024-01-01 00:00:00,2024-12-31 23:00:00,2024
A740,6656,2.4,36.7,2024-01-01 20:00:00,2024-12-31 23:00:00,2024
A741,8774,7.3,39.8,2024-01-01 00:00:00,2024-12-31 23:00:00,2024
A744,8502,5.4,36.3,2024-01-01 01:00:00,2024-12-31 23:00:00,2024
A746,8777,-1.1,36.1,2024-01-01 00:00:00,2024-12-31 23:00:00,2024
A747,8562,4.3,41.2,2024-01-01 00:00:00,2024-12-31 23:00:00,2024
A748,5302,4.2,39.0,2024-01-01 00:00:00,2024-09-17 03:00:00,2024
A753,8769,2.5,40.5,2024-01-01 00:00:00,2024-12-31 23:00:00,2024
A755,8024,3.7,36.5,2024-01-01 00:00:00,2024-12-31 23:00:00,2024
A762,5259,12.7,38.8,2024-01-01 00:00:00,2024-12-31 23:00:00,2024
A763,8753,6.4,39.1,2024-01-01 00:00:00,2024-12-31 23:00:00,2024
A764,8701,2.9,42.1,2024-01-01 00:00:00,2024-12-31 23:00:00,2024
A765,8768,9.2,39.0,2024-01-01 00:00:00,2024-12-31 23:00:00,2024
A766,7046,5.1,40.6,2024-01-01 00:00:00,2024-10-26 04:00:00,2024
A768,8408,7.2,40.3,2024-01-01 00:00:00,2024-12-31 23:00:00,2024
A769,8457,5.2,38.5,2024-01-01 00:00:00,2024-12-31 23:00:00,2024
A770,8462,4.4,40.7,2024-01-01 00:00:00,2024-12-31 23:00:00,2024
A771,7802,5.9,36.9,2024-01-01 00:00:00,2024-12-31 23:00:00,2024
A807,8593,1.7,35.4,2024-01-01 00:00:00,2024-12-31 23:00:00,2024
A818,3296,0.8,35.8,2024-08-16 14:00:00,2024-12-31 23:00:00,2024
A819,5389,-1.9,33.3,2024-01-01 00:00:00,2024-08-27 15:00:00,2024
A820,6088,5.5,39.4,2024-01-01 00:00:00,2024-12-31 23:00:00,2024
A821,4066,2.6,39.1,2024-01-01 16:00:00,2024-12-31 23:00:00,2024
A822,7666,2.7,37.0,2024-01-01 00:00:00,2024-12-31 23:00:00,2024
A823,8629,-1.5,32.9,2024-01-01 00:00:00,2024-12-25 12:00:00,2024
A825,8602,3.3,38.7,2024-01-01 00:00:00,2024-12-31 21:00:00,2024
A835,8475,6.3,38.4,2024-01-01 00:00:00,2024-12-31 23:00:00,2024
A842,3150,6.3,39.1,2024-08-13 20:00:00,2024-12-23 01:00:00,2024
A843,8680,2.0,37.1,2024-01-01 00:00:00,2024-12-27 16:00:00,2024
A846,8640,3.1,38.7,2024-01-01 00:00:00,2024-12-31 23:00:00,2024
A849,6410,7.1,39.3,2024-01-01 00:00:00,2024-12-31 23:00:00,2024
A850,8312,3.9,40.1,2024-01-01 00:00:00,2024-12-27 20:00:00,2024
A855,8783,2.6,38.3,2024-01-01 00:00:00,2024-12-31 23:00:00,2024
A869,6618,3.9,38.7,2024-01-01 00:00:00,2024-12-31 23:00:00,2024
A871,8783,4.9,37.6,2024-01-01 00:00:00,2024-12-31 23:00:00,2024
A872,6515,1.2,33.6,2024-01-01 00:00:00,2024-12-31 23:00:00,2024
A873,8702,5.6,41.1,2024-01-01 00:00:00,2024-12-31 00:00:00,2024
A874,8784,-3.1,36.3,2024-01-01 00:00:00,2024-12-31 23:00:00,2024
A875,8041,-4.6,34.1,2024-01-01 00:00:00,2024-12-31 23:00:00,2024
A876,8783,-1.0,33.6,2024-01-01 00:00:00,2024-12-31 23:00:00,2024
B803,8781,2.9,39.3,2024-01-01 00:00:00,2024-12-31 23:00:00,2024
B804,8565,2.6,34.0,2024-01-01 00:00:00,2024-12-31 23:00:00,2024
B806,8705,1.1,34.4,2024-01-01 00:00:00,2024-12-31 23:00:00,2024
A801,8754,3.5,37.3,2024-01-01 00:00:00,2024-12-31 23:00:00,2024
A802,7891,2.9,33.4,2024-01-11 13:00:00,2024-12-31 23:00:00,2024
A803,8524,-0.1,37.2,2024-01-01 00:00:00,2024-12-31 23:00:00,2024
A804,8070,-2.5,36.5,2024-01-01 00:00:00,2024-12-31 23:00:00,2024
A805,8602,1.7,36.1,2024-01-01 00:00:00,2024-12-31 23:00:00,2024
A809,8639,-1.1,40.1,2024-01-01 00:00:00,2024-12-31 23:00:00,2024
A810,6815,0.1,36.0,2024-03-19 14:00:00,2024-12-31 23:00:00,2024
A811,8784,-0.2,33.9,2024-01-01 00:00:00,2024-12-31 23:00:00,2024
A812,8694,0.0,34.2,2024-01-01 00:00:00,2024-12-31 23:00:00,2024
A813,8598,2.1,39.4,2024-01-01 00:00:00,2024-12-31 23:00:00,2024
A826,8613,-0.9,39.1,2024-01-01 00:00:00,2024-12-31 23:00:00,2024
A827,8774,-1.8,35.3,2024-01-01 00:00:00,2024-12-31 23:00:00,2024
A828,8784,-1.3,34.3,2024-01-01 00:00:00,2024-12-31 23:00:00,2024
A829,6858,-4.0,30.2,2024-01-01 00:00:00,2024-12-31 23:00:00,2024
A830,8784,0.4,38.5,2024-01-01 00:00:00,2024-12-31 23:00:00,2024
A831,8758,-3.0,40.2,2024-01-01 00:00:00,2024-12-31 23:00:00,2024
A832,8715,-0.7,36.9,2024-01-01 00:00:00,2024-12-31 23:00:00,2024
A833,8711,-1.1,37.6,2024-01-01 00:00:00,2024-12-31 23:00:00,2024
A834,5124,4.5,34.9,2024-01-01 00:00:00,2024-12-31 23:00:00,2024
A836,8784,-0.3,37.0,2024-01-01 00:00:00,2024-12-31 23:00:00,2024
A837,8784,0.2,34.3,2024-01-01 00:00:00,2024-12-31 23:00:00,2024
A838,7954,0.7,36.6,2024-01-01 00:00:00,2024-12-31 23:00:00,2024
A839,8710,-0.5,34.0,2024-01-01 00:00:00,2024-12-31 23:00:00,2024
A840,8691,-0.5,33.6,2024-01-01 00:00:00,2024-12-31 23:00:00,2024
A844,8651,-0.7,33.4,2024-01-01 00:00:00,2024-12-31 23:00:00,2024
A852,8417,2.0,38.4,2024-01-01 00:00:00,2024-12-31 23:00:00,2024
A853,8634,0.4,35.4,2024-01-01 00:00:00,2024-12-31 23:00:00,2024
A854,8712,-0.1,35.4,2024-01-01 00:00:00,2024-12-29 00:00:00,2024
A856,8765,0.8,33.7,2024-01-01 00:00:00,2024-12-31 23:00:00,2024
A878,2205,17.0,35.1,2024-01-01 00:00:00,2024-04-01 20:00:00,2024
A879,8775,-1.2,31.9,2024-01-01 00:00:00,2024-12-31 23:00:00,2024
A880,8784,-2.5,31.7,2024-01-01 00:00:00,2024-12-31 23:00:00,2024
A881,8784,-3.3,36.8,2024-01-01 00:00:00,2024-12-31 23:00:00,2024
A882,7692,1.7,39.1,2024-01-01 00:00:00,2024-12-31 23:00:00,2024
A883,8045,0.6,36.4,2024-01-01 00:00:00,2024-12-03 15:00:00,2024
A884,8678,0.7,39.8,2024-01-01 00:00:00,2024-12-31 23:00:00,2024
A886,8783,-0.4,36.1,2024-01-01 00:00:00,2024-12-31 23:00:00,2024
A887,8722,1.9,33.9,2024-01-01 00:00:00,2024-12-31 23:00:00,2024
A889,8142,-0.3,37.9,2024-01-01 00:00:00,2024-12-31 23:00:00,2024
A893,7376,0.6,35.8,2024-01-01 00:00:00,2024-12-31 23:00:00,2024
A894,8675,-2.4,35.6,2024-01-01 00:00:00,2024-12-31 23:00:00,2024
A897,8692,-2.8,32.2,2024-01-01 00:00:00,2024-12-31 23:00:00,2024
A899,8613,1.3,33.2,2024-01-01 00:00:00,2024-12-31 23:00:00,2024
B807,8784,3.0,36.3,2024-01-01 00:00:00,2024-12-31 23:00:00,2024
A806,6948,6.2,35.1,2024-01-01 00:00:00,2024-12-31 23:00:00,2024
A814,7885,1.5,38.6,2024-01-01 00:00:00,2024-12-31 23:00:00,2024
A815,8783,-4.9,29.9,2024-01-01 00:00:00,2024-12-31 23:00:00,2024
A816,8117,0.2,32.8,2024-01-01 00:00:00,2024-12-31 23:00:00,2024
A817,8122,4.5,38.6,2024-01-01 00:00:00,2024-12-31 23:00:00,2024
A845,8415,-4.3,27.4,2024-01-01 00:00:00,2024-12-16 18:00:00,2024
A848,8594,1.2,32.8,2024-01-01 00:00:00,2024-12-31 23:00:00,2024
A851,7407,0.4,39.4,2024-01-01 00:00:00,2024-12-30 20:00:00,2024
A857,152,19.9,41.9,2024-01-01 00:00:00,2024-03-21 03:00:00,2024
A858,8456,0.3,33.9,2024-01-01 00:00:00,2024-12-31 23:00:00,2024
A859,6147,-3.4,32.6,2024-01-01 00:00:00,2024-09-13 11:00:00,2024
A860,8784,-1.6,33.6,2024-01-01 00:00:00,2024-12-31 23:00:00,2024
A861,6846,-0.4,35.3,2024-03-21 11:00:00,2024-12-31 23:00:00,2024
A862,8190,-2.0,35.2,2024-01-01 00:00:00,2024-12-31 23:00:00,2024
A863,8744,0.0,36.0,2024-01-01 00:00:00,2024-12-31 23:00:00,2024
A864,8781,-2.1,35.2,2024-01-01 00:00:00,2024-12-31 23:00:00,2024
A865,8784,-1.4,32.5,2024-01-01 00:00:00,2024-12-31 23:00:00,2024
A866,7257,7.7,31.5,2024-01-01 00:00:00,2024-10-29 08:00:00,2024
A867,8784,3.3,36.7,2024-01-01 00:00:00,2024-12-31 23:00:00,2024
A868,8699,3.6,36.5,2024-01-01 00:00:00,2024-12-31 23:00:00,2024
A870,6499,-0.4,33.4,2024-01-01 00:00:00,2024-12-31 23:00:00,2024
A895,8610,1.9,35.5,2024-01-01 00:00:00,2024-12-31 23:00:00,2024
A898,8559,-1.0,32.7,2024-01-01 00:00:00,2024-12-31 23:00:00,2024
A001,8739,9.3,34.2,2025-01-01 00:00:00,2025-12-31 23:00:00,2025
A042,8744,12.8,33.3,2025-01-01 00:00:00,2025-12-31 23:00:00,2025
A045,8746,7.9,35.9,2025-01-01 00:00:00,2025-12-31 23:00:00,2025
A046,8713,7.6,35.8,2025-01-01 00:00:00,2025-12-31 23:00:00,2025
A047,8744,11.4,34.7,2025-01-01 00:00:00,2025-12-31 23:00:00,2025
A002,6053,8.0,35.8,2025-01-01 00:00:00,2025-12-31 23:00:00,2025
A003,8748,6.3,37.9,2025-01-01 00:00:00,2025-12-31 23:00:00,2025
A005,8455,17.0,41.0,2025-01-01 00:00:00,2025-12-31 23:00:00,2025
A011,8470,9.3,39.6,2025-01-01 00:00:00,2025-12-31 23:00:00,2025
A012,8747,12.4,36.2,2025-01-01 00:00:00,2025-12-31 23:00:00,2025
A013,1557,21.7,37.8,2025-01-01 00:00:00,2025-03-06 23:00:00,2025
A014,8744,15.0,42.4,2025-01-01 00:00:00,2025-12-31 23:00:00,2025
A015,7296,8.7,39.3,2025-01-01 00:00:00,2025-11-20 23:00:00,2025
A016,8626,4.1,38.1,2025-01-01 00:00:00,2025-12-27 09:00:00,2025
A017,8747,15.5,36.7,2025-01-01 00:00:00,2025-12-31 23:00:00,2025
A022,8456,13.4,38.1,2025-01-01 02:00:00,2025-12-31 23:00:00,2025
A023,8733,10.5,37.3,2025-01-01 00:00:00,2025-12-31 23:00:00,2025
A024,6298,9.7,32.9,2025-01-01 00:00:00,2025-12-31 23:00:00,2025
A025,8746,8.1,37.3,2025-01-01 00:00:00,2025-12-31 23:00:00,2025
A026,5,31.6,34.0,2025-10-24 14:00:00,2025-10-24 18:00:00,2025
A027,8748,10.9,39.1,2025-01-01 00:00:00,2025-12-31 23:00:00,2025
A028,8434,10.3,38.7,2025-01-01 00:00:00,2025-12-31 23:00:00,2025
A029,3474,12.5,36.8,2025-01-01 00:00:00,2025-07-31 21:00:00,2025
A031,8458,16.0,42.9,2025-01-01 00:00:00,2025-12-31 23:00:00,2025
A032,5827,18.0,37.8,2025-01-01 01:00:00,2025-12-31 22:00:00,2025
A033,8741,9.0,38.0,2025-01-01 00:00:00,2025-12-31 23:00:00,2025
A034,8747,10.6,36.3,2025-01-01 00:00:00,2025-12-31 23:00:00,2025
A035,8510,5.2,40.0,2025-01-01 00:00:00,2025-12-31 23:00:00,2025
A036,8745,11.1,34.3,2025-01-01 00:00:00,2025-12-31 23:00:00,2025
A037,8737,11.0,35.5,2025-01-01 00:00:00,2025-12-31 23:00:00,2025
A056,8420,9.1,35.8,2025-01-01 01:00:00,2025-12-31 22:00:00,2025
A702,8746,5.2,38.7,2025-01-01 00:00:00,2025-12-31 23:00:00,2025
A703,8742,2.4,36.4,2025-01-01 00:00:00,2025-12-31 23:00:00,2025
A704,8747,5.4,41.3,2025-01-01 00:00:00,2025-12-31 23:00:00,2025
A709,8736,4.3,38.9,2025-01-01 00:00:00,2025-12-31 23:00:00,2025
A710,8662,5.4,41.3,2025-01-01 00:00:00,2025-12-31 23:00:00,2025
A717,8740,5.1,40.9,2025-01-01 00:00:00,2025-12-31 23:00:00,2025
A719,8754,6.3,41.4,2025-01-01 00:00:00,2025-12-31 23:00:00,2025
A720,8283,7.6,41.5,2025-01-01 00:00:00,2025-12-31 23:00:00,2025
A721,7439,2.7,39.0,2025-01-01 00:00:00,2025-12-31 23:00:00,2025
A722,8477,6.9,40.0,2025-01-01 01:00:00,2025-12-31 23:00:00,2025
A723,8699,4.8,42.1,2025-01-01 00:00:00,2025-12-31 23:00:00,2025
A724,8393,8.7,40.6,2025-01-01 00:00:00,2025-12-31 23:00:00,2025
A730,5452,7.0,38.2,2025-01-07 16:00:00,2025-12-31 23:00:00,2025
A731,8751,-0.1,39.5,2025-01-01 00:00:00,2025-12-31 23:00:00,2025
A732,6714,6.1,36.7,2025-01-01 00:00:00,2025-12-31 23:00:00,2025
A742,8758,6.3,40.0,2025-01-01 00:00:00,2025-12-31 23:00:00,2025
A743,8743,-0.1,39.6,2025-01-01 00:00:00,2025-12-31 23:00:00,2025
A749,2202,17.3,37.8,2025-01-01 00:00:00,2025-04-02 17:00:00,2025
A750,8671,0.0,40.3,2025-01-01 00:00:00,2025-12-31 23:00:00,2025
A751,8748,0.4,38.7,2025-01-01 00:00:00,2025-12-31 23:00:00,2025
A752,8371,6.8,38.0,2025-01-01 00:00:00,2025-12-31 23:00:00,2025
A754,7453,3.9,38.9,2025-01-01 00:00:00,2025-12-31 23:00:00,2025
A756,8752,3.1,41.7,2025-01-01 00:00:00,2025-12-31 23:00:00,2025
A758,389,18.4,34.8,2025-12-15 17:00:00,2025-12-31 23:00:00,2025
A759,8756,6.2,40.7,2025-01-01 00:00:00,2025-12-31 23:00:00,2025
A760,5932,7.7,37.4,2025-01-08 18:00:00,2025-12-31 23:00:00,2025
A761,8751,9.7,39.7,2025-01-01 00:00:00,2025-12-31 23:00:00,2025
A901,6997,13.3,40.9,2025-01-01 01:00:00,2025-12-31 23:00:00,2025
A902,7251,11.5,37.4,2025-01-01 00:00:00,2025-12-31 23:00:00,2025
A903,8738,12.7,41.1,2025-01-01 00:00:00,2025-12-31 23:00:00,2025
A904,8095,14.2,40.0,2025-01-01 00:00:00,2025-12-31 23:00:00,2025
A906,1233,21.7,35.0,2025-01-01 00:00:00,2025-05-02 04:00:00,2025
A907,8750,8.5,42.0,2025-01-01 00:00:00,2025-12-31 23:00:00,2025
A908,8740,12.1,39.7,2025-01-01 00:00:00,2025-12-31 23:00:00,2025
A909,8069,8.3,38.0,2025-01-01 00:00:00,2025-12-31 23:00:00,2025
A911,8739,11.4,38.4,2025-01-01 00:00:00,2025-12-31 23:00:00,2025
A912,7064,10.6,37.5,2025-01-01 00:00:00,2025-12-31 20:00:00,2025
A915,6217,9.9,39.7,2025-01-01 00:00:00,2025-10-06 22:00:00,2025
A916,2325,19.6,35.7,2025-01-01 00:00:00,2025-12-31 23:00:00,2025
A917,5762,14.4,40.0,2025-01-01 00:00:00,2025-09-15 22:00:00,2025
A919,8758,15.6,37.3,2025-01-01 00:00:00,2025-12-31 23:00:00,2025
A920,1145,21.7,34.2,2025-01-01 15:00:00,2025-04-22 23:00:00,2025
A922,1197,19.8,36.6,2025-01-01 13:00:00,2025-05-06 21:00:00,2025
A927,4365,14.6,36.0,2025-01-01 12:00:00,2025-12-31 23:00:00,2025
A928,6968,12.8,40.2,2025-01-01 00:00:00,2025-12-31 23:00:00,2025
A929,2,22.5,35.7,2025-07-04 13:00:00,2025-09-08 20:00:00,2025
A930,2046,20.5,41.3,2025-01-01 16:00:00,2025-12-31 20:00:00,2025
A931,7539,10.8,38.8,2025-01-01 00:00:00,2025-12-31 23:00:00,2025
A932,5180,13.0,40.9,2025-05-29 21:00:00,2025-12-31 23:00:00,2025
A933,3430,13.6,38.3,2025-01-01 00:00:00,2025-12-31 22:00:00,2025
A934,6968,9.2,36.5,2025-01-01 13:00:00,2025-12-31 23:00:00,2025
A936,8374,9.6,40.3,2025-01-01 00:00:00,2025-12-31 23:00:00,2025
A943,308,21.4,33.5,2025-11-28 00:00:00,2025-12-11 20:00:00,2025
A944,8528,9.9,41.0,2025-01-01 00:00:00,2025-12-31 23:00:00,2025
A945,675,21.2,36.6,2025-12-03 19:00:00,2025-12-31 23:00:00,2025
A947,704,21.6,37.5,2025-12-02 14:00:00,2025-12-31 23:00:00,2025
A949,339,21.6,34.6,2025-12-17 19:00:00,2025-12-31 23:00:00,2025
A950,695,21.3,33.4,2025-12-02 22:00:00,2025-12-31 23:00:00,2025
A954,676,21.2,37.9,2025-12-03 18:00:00,2025-12-31 23:00:00,2025
A955,676,20.8,33.9,2025-12-03 18:00:00,2025-12-31 23:00:00,2025
A303,8745,18.8,34.2,2025-01-01 00:00:00,2025-12-31 23:00:00,2025
A323,6989,18.3,40.4,2025-01-01 00:00:00,2025-12-31 23:00:00,2025
A327,4426,17.3,37.5,2025-01-01 00:00:00,2025-08-16 15:00:00,2025
A353,3411,17.5,38.4,2025-01-01 14:00:00,2025-12-31 23:00:00,2025
A355,8749,19.1,35.2,2025-01-01 00:00:00,2025-12-31 23:00:00,2025
A371,8536,17.4,39.2,2025-01-01 02:00:00,2025-12-31 23:00:00,2025
A401,8739,20.5,33.7,2025-01-01 00:00:00,2025-12-31 23:00:00,2025
A402,8290,13.5,39.4,2025-01-01 02:00:00,2025-12-31 23:00:00,2025
A404,8225,11.0,39.6,2025-01-01 01:00:00,2025-12-31 20:00:00,2025
A405,8747,14.0,34.8,2025-01-01 00:00:00,2025-12-31 23:00:00,2025
A406,7088,17.0,35.1,2025-01-01 00:00:00,2025-12-31 23:00:00,2025
A407,6202,12.8,35.1,2025-01-01 00:00:00,2025-09-16 10:00:00,2025
A408,8752,14.9,38.5,2025-01-01 00:00:00,2025-12-31 23:00:00,2025
A410,5889,15.9,33.1,2025-01-01 00:00:00,2025-09-15 21:00:00,2025
A414,8750,9.6,34.5,2025-01-01 00:00:00,2025-12-31 23:00:00,2025
A415,1933,24.8,40.0,2025-01-01 13:00:00,2025-11-29 17:00:00,2025
A416,8749,10.5,41.0,2025-01-01 00:00:00,2025-12-31 23:00:00,2025
A423,185,23.6,37.7,2025-01-01 12:00:00,2025-01-23 19:00:00,2025
A424,8740,13.7,37.3,2025-01-01 00:00:00,2025-12-31 23:00:00,2025
A425,3,26.2,30.7,2025-02-04 14:00:00,2025-03-05 14:00:00,2025
A426,8743,17.4,37.9,2025-01-01 00:00:00,2025-12-31 23:00:00,2025
A428,8329,14.8,37.6,2025-01-01 00:00:00,2025-12-31 23:00:00,2025
A429,8729,15.8,39.8,2025-01-01 00:00:00,2025-12-31 23:00:00,2025
A431,4215,18.5,32.9,2025-01-01 00:00:00,2025-07-09 22:00:00,2025
A433,7340,14.2,39.8,2025-01-01 00:00:00,2025-11-17 21:00:00,2025
A434,8752,14.4,33.7,2025-01-01 00:00:00,2025-12-31 23:00:00,2025
A436,27,25.7,34.7,2025-03-08 15:00:00,2025-08-28 15:00:00,2025
A437,5768,15.6,32.4,2025-01-01 00:00:00,2025-08-29 07:00:00,2025
A439,8721,15.6,40.9,2025-01-01 00:00:00,2025-12-31 23:00:00,2025
A442,8731,14.3,38.1,2025-01-01 00:00:00,2025-12-31 23:00:00,2025
A443,8631,12.5,37.9,2025-01-01 00:00:00,2025-12-31 21:00:00,2025
A445,1655,19.6,38.1,2025-01-01 12:00:00,2025-12-03 18:00:00,2025
A447,8636,12.5,34.9,2025-01-01 00:00:00,2025-12-31 23:00:00,2025
A448,8359,16.8,39.2,2025-01-17 00:00:00,2025-12-31 23:00:00,2025
A452,1666,18.4,37.4,2025-01-01 00:00:00,2025-03-19 17:00:00,2025
A456,8749,19.3,35.8,2025-01-01 00:00:00,2025-12-31 23:00:00,2025
A458,8319,14.2,38.2,2025-01-01 01:00:00,2025-12-31 23:00:00,2025
A305,161,24.6,33.8,2025-01-01 11:00:00,2025-01-30 18:00:00,2025
A319,3830,21.7,35.7,2025-01-01 00:00:00,2025-10-26 16:00:00,2025
A325,554,22.5,37.2,2025-01-01 00:00:00,2025-02-08 10:00:00,2025
A332,8743,21.1,38.8,2025-01-01 00:00:00,2025-12-31 23:00:00,2025
A339,6950,21.6,36.9,2025-01-01 00:00:00,2025-12-31 23:00:00,2025
A342,6174,18.3,38.7,2025-01-01 00:00:00,2025-10-11 22:00:00,2025
A358,605,22.9,40.0,2025-01-01 11:00:00,2025-02-25 15:00:00,2025
A369,2635,22.6,37.9,2025-01-01 11:00:00,2025-09-03 19:00:00,2025
A203,8733,20.7,33.5,2025-01-01 00:00:00,2025-12-31 23:00:00,2025
A204,1787,21.0,35.0,2025-01-22 15:00:00,2025-04-07 01:00:00,2025
A205,8749,18.8,40.3,2025-01-01 00:00:00,2025-12-31 23:00:00,2025
A206,8454,21.5,39.3,2025-01-01 00:00:00,2025-12-31 23:00:00,2025
A207,5,25.5,30.8,2025-01-04 15:00:00,2025-01-05 00:00:00,2025
A218,1020,21.4,31.5,2025-01-01 00:00:00,2025-02-12 11:00:00,2025
A219,8749,21.7,37.1,2025-01-01 00:00:00,2025-12-31 23:00:00,2025
A220,8711,20.0,38.5,2025-01-01 00:00:00,2025-12-31 23:00:00,2025
A222,1182,20.9,37.8,2025-01-01 00:00:00,2025-09-21 15:00:00,2025
A223,2656,20.6,37.7,2025-01-01 00:00:00,2025-04-21 15:00:00,2025
A224,8748,15.7,39.3,2025-01-01 00:00:00,2025-12-31 23:00:00,2025
A225,6150,18.0,39.4,2025-01-01 00:00:00,2025-12-31 23:00:00,2025
A237,5247,16.8,41.6,2025-01-01 00:00:00,2025-08-07 23:00:00,2025
A238,8607,18.2,38.2,2025-01-04 15:00:00,2025-12-31 23:00:00,2025
A255,8664,21.0,37.2,2025-01-01 00:00:00,2025-12-31 23:00:00,2025
A310,1837,19.4,32.7,2025-01-01 00:00:00,2025-03-18 12:00:00,2025
A313,8013,17.2,33.9,2025-01-01 00:00:00,2025-12-31 23:00:00,2025
A320,2247,22.4,33.6,2025-01-01 00:00:00,2025-04-09 09:00:00,2025
A321,7525,20.0,39.7,2025-01-01 00:00:00,2025-12-31 22:00:00,2025
A333,8742,17.3,38.5,2025-01-01 00:00:00,2025-12-31 23:00:00,2025
A334,5697,15.8,36.4,2025-01-01 00:00:00,2025-12-31 23:00:00,2025
A348,1858,18.1,35.9,2025-10-08 03:00:00,2025-12-31 23:00:00,2025
A352,8587,18.6,32.4,2025-01-01 00:00:00,2025-12-31 23:00:00,2025
A309,8745,13.9,36.9,2025-01-01 00:00:00,2025-12-31 23:00:00,2025
A322,8755,15.1,33.6,2025-01-01 00:00:00,2025-12-31 23:00:00,2025
A328,2223,18.2,34.9,2025-09-29 21:00:00,2025-12-31 23:00:00,2025
A329,8754,18.0,40.0,2025-01-01 00:00:00,2025-12-31 23:00:00,2025
A341,8756,15.6,32.2,2025-01-01 00:00:00,2025-12-31 23:00:00,2025
A349,8757,15.9,39.0,2025-01-01 00:00:00,2025-12-31 23:00:00,2025
A350,2461,20.3,37.3,2025-01-01 00:00:00,2025-06-05 14:00:00,2025
A351,2697,21.5,38.9,2025-01-01 00:00:00,2025-05-10 16:00:00,2025
A357,8757,17.6,35.5,2025-01-01 00:00:00,2025-12-31 23:00:00,2025
A366,8674,18.2,39.5,2025-01-01 00:00:00,2025-12-31 23:00:00,2025
A370,8503,15.6,39.9,2025-01-01 00:00:00,2025-12-31 22:00:00,2025
A326,528,21.0,36.6,2025-01-01 00:00:00,2025-01-25 03:00:00,2025
A330,8736,20.1,40.2,2025-01-01 00:00:00,2025-12-31 23:00:00,2025
A331,3769,21.5,41.5,2025-01-01 00:00:00,2025-12-31 23:00:00,2025
A335,5259,19.9,39.5,2025-01-01 00:00:00,2025-09-25 13:00:00,2025
A336,4920,18.3,40.5,2025-01-01 00:00:00,2025-09-15 22:00:00,2025
A343,6861,17.1,40.8,2025-01-01 01:00:00,2025-12-31 23:00:00,2025
A345,38,26.9,31.1,2025-01-10 13:00:00,2025-02-10 13:00:00,2025
A346,5956,19.3,39.3,2025-01-01 00:00:00,2025-12-31 23:00:00,2025
A354,7070,16.1,41.5,2025-01-01 00:00:00,2025-10-25 19:00:00,2025
A361,5414,16.5,40.7,2025-01-01 00:00:00,2025-12-31 19:00:00,2025
A363,8730,18.0,40.1,2025-01-01 00:00:00,2025-12-31 23:00:00,2025
A364,570,20.7,34.1,2025-01-01 00:00:00,2025-01-28 05:00:00,2025
A365,5592,20.6,40.2,2025-01-01 00:00:00,2025-12-31 23:00:00,2025
A374,8445,12.8,40.3,2025-01-01 01:00:00,2025-12-31 23:00:00,2025
A375,8541,19.1,38.4,2025-01-01 00:00:00,2025-12-31 23:00:00,2025
A376,4054,23.0,40.1,2025-01-01 00:00:00,2025-12-25 21:00:00,2025
A304,8745,21.1,31.9,2025-01-01 00:00:00,2025-12-31 23:00:00,2025
A316,8675,20.5,40.1,2025-01-01 00:00:00,2025-12-31 23:00:00,2025
A317,3573,22.6,37.6,2025-01-01 12:00:00,2025-12-31 20:00:00,2025
A318,8751,19.7,35.9,2025-01-01 00:00:00,2025-12-31 23:00:00,2025
A344,6926,20.6,32.6,2025-01-01 00:00:00,2025-10-17 05:00:00,2025
A367,2758,20.7,36.4,2025-01-01 00:00:00,2025-05-17 03:00:00,2025
A372,7126,18.4,38.9,2025-01-01 12:00:00,2025-12-31 23:00:00,2025
A417,8730,17.8,37.0,2025-01-01 00:00:00,2025-12-31 23:00:00,2025
A421,8757,20.2,34.1,2025-01-01 00:00:00,2025-12-31 23:00:00,2025
A453,1437,21.8,38.0,2025-01-01 00:00:00,2025-03-01 20:00:00,2025
A104,8733,12.6,37.1,2025-01-01 00:00:00,2025-12-31 23:00:00,2025
A108,6533,16.6,36.3,2025-03-15 19:00:00,2025-12-31 23:00:00,2025
A138,7996,15.2,35.7,2025-01-01 00:00:00,2025-11-30 03:00:00,2025
A140,8619,11.1,37.7,2025-01-01 00:00:00,2025-12-31 23:00:00,2025
A101,8686,22.1,36.1,2025-01-01 01:00:00,2025-12-31 23:00:00,2025
A110,8755,13.5,38.0,2025-01-01 00:00:00,2025-12-31 23:00:00,2025
A111,823,21.7,35.0,2025-01-01 15:00:00,2025-11-12 18:00:00,2025
A112,8504,16.7,37.6,2025-01-01 00:00:00,2025-12-31 23:00:00,2025
A117,1531,23.4,34.6,2025-01-01 00:00:00,2025-06-05 14:00:00,2025
A119,8702,21.3,35.7,2025-01-01 00:00:00,2025-12-31 23:00:00,2025
A121,8675,21.5,36.3,2025-01-01 00:00:00,2025-12-31 23:00:00,2025
A123,5945,22.7,35.2,2025-01-01 00:00:00,2025-12-31 23:00:00,2025
A124,3073,20.6,32.9,2025-01-01 00:00:00,2025-05-10 21:00:00,2025
A128,8641,21.4,36.0,2025-01-01 00:00:00,2025-12-31 23:00:00,2025
A133,4488,20.7,36.0,2025-01-01 00:00:00,2025-07-06 23:00:00,2025
A134,4636,20.9,36.5,2025-01-01 00:00:00,2025-07-19 19:00:00,2025
A144,8705,21.3,36.8,2025-01-01 00:00:00,2025-12-31 23:00:00,2025
A242,8600,20.0,36.6,2025-01-01 00:00:00,2025-12-31 23:00:00,2025
A244,8529,20.8,36.1,2025-01-01 00:00:00,2025-12-31 23:00:00,2025
A249,8705,22.6,34.8,2025-01-01 01:00:00,2025-12-31 23:00:00,2025
A201,7994,22.1,36.0,2025-01-01 00:00:00,2025-11-30 03:00:00,2025
A202,8753,21.2,36.1,2025-01-01 00:00:00,2025-12-31 23:00:00,2025
A209,594,22.5,34.7,2025-09-24 18:00:00,2025-10-19 13:00:00,2025
A210,8726,19.6,37.1,2025-01-01 00:00:00,2025-12-31 23:00:00,2025
A211,3602,21.7,36.9,2025-01-01 00:00:00,2025-12-31 23:00:00,2025
A212,5152,20.7,36.3,2025-05-30 14:00:00,2025-12-31 23:00:00,2025
A213,8686,20.9,36.5,2025-01-01 00:00:00,2025-12-31 23:00:00,2025
A214,3515,20.3,35.5,2025-01-01 00:00:00,2025-05-27 10:00:00,2025
A215,5102,20.3,34.6,2025-01-01 22:00:00,2025-12-31 23:00:00,2025
A216,8549,16.6,39.7,2025-01-01 00:00:00,2025-12-24 10:00:00,2025
A226,8589,20.8,34.3,2025-01-01 00:00:00,2025-12-31 23:00:00,2025
A227,5723,21.2,31.1,2025-01-01 00:00:00,2025-09-07 14:00:00,2025
A229,2758,21.3,36.0,2025-01-01 00:00:00,2025-12-31 23:00:00,2025
A231,8630,0.0,36.7,2025-01-01 00:00:00,2025-12-31 23:00:00,2025
A232,1316,20.9,33.4,2025-01-01 00:00:00,2025-03-16 20:00:00,2025
A233,342,21.7,34.8,2025-01-01 00:00:00,2025-01-15 05:00:00,2025
A234,8757,17.4,38.9,2025-01-01 00:00:00,2025-12-31 23:00:00,2025
A235,6824,17.8,35.7,2025-01-01 00:00:00,2025-12-31 23:00:00,2025
A239,7291,22.0,36.5,2025-01-01 00:00:00,2025-12-31 20:00:00,2025
A241,6998,16.6,40.4,2025-01-01 00:00:00,2025-12-31 23:00:00,2025
A245,8005,21.6,35.9,2025-01-01 00:00:00,2025-12-31 22:00:00,2025
A246,2249,21.1,35.2,2025-09-28 20:00:00,2025-12-31 23:00:00,2025
A247,6352,18.3,38.5,2025-01-01 00:00:00,2025-09-23 07:00:00,2025
A248,5086,20.1,36.7,2025-05-28 22:00:00,2025-12-31 23:00:00,2025
A250,6429,21.8,34.4,2025-01-01 01:00:00,2025-12-31 23:00:00,2025
A252,8757,19.6,36.5,2025-01-01 00:00:00,2025-12-31 23:00:00,2025
A253,8110,21.1,37.0,2025-01-01 00:00:00,2025-12-31 23:00:00,2025
A254,8617,19.3,39.7,2025-01-01 00:00:00,2025-12-31 23:00:00,2025
A256,7996,17.7,40.2,2025-01-01 00:00:00,2025-11-30 03:00:00,2025
A925,2525,17.8,37.9,2025-01-01 20:00:00,2025-11-30 02:00:00,2025
A938,3339,18.8,33.4,2025-01-01 00:00:00,2025-05-20 05:00:00,2025
A939,8719,14.5,39.1,2025-01-01 00:00:00,2025-12-31 23:00:00,2025
A135,4169,21.9,37.7,2025-01-01 00:00:00,2025-10-05 01:00:00,2025
A009,1052,21.3,39.3,2025-11-15 16:00:00,2025-12-31 23:00:00,2025
A010,8196,13.5,40.1,2025-01-01 02:00:00,2025-12-31 22:00:00,2025
A018,2776,19.1,38.1,2025-01-01 00:00:00,2025-12-31 23:00:00,2025
A019,6037,13.0,38.4,2025-01-01 00:00:00,2025-09-10 06:00:00,2025
A020,6308,20.0,41.6,2025-01-01 00:00:00,2025-11-18 20:00:00,2025
A021,8196,15.2,39.4,2025-01-01 00:00:00,2025-12-31 23:00:00,2025
A038,1032,18.8,36.0,2025-08-20 17:00:00,2025-12-31 22:00:00,2025
A039,8526,2.0,41.1,2025-01-01 00:00:00,2025-12-31 23:00:00,2025
A040,8735,12.5,36.8,2025-01-01 00:00:00,2025-12-31 23:00:00,2025
A041,8564,15.8,40.4,2025-01-01 01:00:00,2025-12-31 23:00:00,2025
A044,8665,18.8,39.1,2025-01-01 00:00:00,2025-12-31 23:00:00,2025
A048,8467,17.7,40.2,2025-01-01 00:00:00,2025-12-31 23:00:00,2025
A050,8410,13.6,40.1,2025-01-01 01:00:00,2025-12-31 23:00:00,2025
A052,7865,14.6,40.3,2025-01-01 00:00:00,2025-12-31 23:00:00,2025
A053,8521,15.0,39.4,2025-01-01 01:00:00,2025-12-31 23:00:00,2025
A054,8481,13.2,41.0,2025-01-01 01:00:00,2025-12-31 23:00:00,2025
A055,8514,14.2,41.5,2025-01-01 03:00:00,2025-12-31 23:00:00,2025
A612,8554,13.9,37.5,2025-01-01 00:00:00,2025-12-31 23:00:00,2025
A613,8744,8.8,32.1,2025-01-01 00:00:00,2025-12-31 23:00:00,2025
A614,8755,15.5,36.6,2025-01-01 00:00:00,2025-12-31 23:00:00,2025
A616,8730,13.9,34.5,2025-01-01 00:00:00,2025-12-31 23:00:00,2025
A617,8456,10.5,39.5,2025-01-01 00:00:00,2025-12-31 23:00:00,2025
A622,8749,14.0,38.8,2025-01-01 00:00:00,2025-12-31 23:00:00,2025
A631,3867,15.9,36.5,2025-01-01 01:00:00,2025-06-13 21:00:00,2025
A632,8649,12.3,38.8,2025-01-01 01:00:00,2025-12-31 23:00:00,2025
A633,8742,6.5,35.2,2025-01-01 00:00:00,2025-12-31 23:00:00,2025
A634,8732,13.7,36.3,2025-01-01 00:00:00,2025-12-31 23:00:00,2025
A657,8748,10.4,36.7,2025-01-01 00:00:00,2025-12-31 23:00:00,2025
A502,8710,7.2,32.8,2025-01-01 00:00:00,2025-12-31 23:00:00,2025
A505,5005,11.6,35.4,2025-01-01 00:00:00,2025-12-31 23:00:00,2025
A506,8750,11.5,37.5,2025-01-01 00:00:00,2025-12-31 23:00:00,2025
A507,8742,10.9,35.9,2025-01-01 00:00:00,2025-12-31 23:00:00,2025
A508,8744,13.4,38.4,2025-01-01 00:00:00,2025-12-31 23:00:00,2025
A509,8749,-2.2,29.0,2025-01-01 00:00:00,2025-12-31 23:00:00,2025
A510,8637,6.8,35.1,2025-01-01 00:00:00,2025-12-31 23:00:00,2025
A511,8751,12.2,36.2,2025-01-01 00:00:00,2025-12-31 23:00:00,2025
A512,8491,3.0,40.0,2025-01-01 00:00:00,2025-12-31 23:00:00,2025
A513,8739,7.7,33.9,2025-01-01 00:00:00,2025-12-31 23:00:00,2025
A514,8750,6.1,35.7,2025-01-01 00:00:00,2025-12-31 23:00:00,2025
A515,6881,5.0,34.6,2025-01-01 00:00:00,2025-11-13 19:00:00,2025
A516,8669,4.7,37.0,2025-01-01 00:00:00,2025-12-31 23:00:00,2025
A517,7579,11.5,38.2,2025-01-01 00:00:00,2025-12-31 23:00:00,2025
A518,7917,8.5,34.0,2025-01-01 00:00:00,2025-12-31 23:00:00,2025
A519,8737,5.9,39.0,2025-01-01 00:00:00,2025-12-31 23:00:00,2025
A520,8641,3.6,39.3,2025-01-01 00:00:00,2025-12-31 23:00:00,2025
A521,8747,10.2,35.0,2025-01-01 00:00:00,2025-12-31 23:00:00,2025
A522,8751,13.6,37.1,2025-01-01 00:00:00,2025-12-31 23:00:00,2025
A523,5282,1.5,35.2,2025-01-01 13:00:00,2025-12-31 23:00:00,2025
A524,8731,7.0,36.2,2025-01-01 00:00:00,2025-12-31 23:00:00,2025
A525,8750,3.4,37.0,2025-01-01 00:00:00,2025-12-31 23:00:00,2025
A526,7539,9.4,39.4,2025-01-01 00:00:00,2025-12-31 20:00:00,2025
A527,5999,14.5,36.2,2025-01-01 00:00:00,2025-12-31 23:00:00,2025
A528,8751,11.0,35.3,2025-01-01 00:00:00,2025-12-31 23:00:00,2025
A529,6177,3.7,33.3,2025-01-01 00:00:00,2025-09-15 12:00:00,2025
A530,1964,12.9,32.3,2025-01-01 00:00:00,2025-05-07 18:00:00,2025
A531,8747,-1.7,31.9,2025-01-01 00:00:00,2025-12-31 23:00:00,2025
A532,8549,11.6,37.1,2025-01-01 00:00:00,2025-12-31 23:00:00,2025
A533,4466,8.9,34.7,2025-01-01 00:00:00,2025-11-11 16:00:00,2025
A534,5150,16.8,38.1,2025-01-01 00:00:00,2025-12-31 23:00:00,2025
A535,8743,3.8,36.1,2025-01-01 00:00:00,2025-12-31 23:00:00,2025
A536,8742,7.6,37.0,2025-01-01 00:00:00,2025-12-31 23:00:00,2025
A537,8747,8.0,32.1,2025-01-01 00:00:00,2025-12-31 23:00:00,2025
A538,8755,9.2,36.8,2025-01-01 00:00:00,2025-12-31 23:00:00,2025
A539,8732,12.6,39.0,2025-01-01 00:00:00,2025-12-31 23:00:00,2025
A540,8752,12.8,38.1,2025-01-01 00:00:00,2025-12-31 23:00:00,2025
A541,8749,8.7,33.6,2025-01-01 00:00:00,2025-12-31 23:00:00,2025
A542,8460,10.8,38.0,2025-01-01 01:00:00,2025-12-31 22:00:00,2025
A543,8156,13.3,38.6,2025-01-01 00:00:00,2025-12-31 23:00:00,2025
A544,8752,12.0,37.1,2025-01-01 00:00:00,2025-12-31 23:00:00,2025
A545,8522,10.7,38.3,2025-01-01 00:00:00,2025-12-31 23:00:00,2025
A546,7563,10.7,34.7,2025-01-01 00:00:00,2025-12-31 23:00:00,2025
A547,2513,16.8,38.5,2025-01-01 00:00:00,2025-04-15 17:00:00,2025
A548,129,22.5,34.5,2025-01-01 15:00:00,2025-02-03 19:00:00,2025
A549,8589,6.5,37.4,2025-01-01 00:00:00,2025-12-31 23:00:00,2025
A550,5253,16.3,40.0,2025-01-01 00:00:00,2025-12-31 23:00:00,2025
A551,8749,7.6,35.2,2025-01-01 00:00:00,2025-12-31 23:00:00,2025
A552,8745,8.8,38.7,2025-01-01 00:00:00,2025-12-31 23:00:00,2025
A553,7632,11.6,35.2,2025-01-01 00:00:00,2025-11-22 20:00:00,2025
A554,8743,11.4,36.6,2025-01-01 00:00:00,2025-12-31 23:00:00,2025
A555,7411,9.8,31.7,2025-01-01 00:00:00,2025-11-06 14:00:00,2025
A556,7731,7.9,34.1,2025-01-01 00:00:00,2025-12-31 23:00:00,2025
A557,8684,9.9,39.0,2025-01-01 00:00:00,2025-12-31 23:00:00,2025
A559,8509,11.8,38.9,2025-01-01 00:00:00,2025-12-31 23:00:00,2025
A560,8744,7.1,36.7,2025-01-01 00:00:00,2025-12-31 23:00:00,2025
A561,5123,2.6,34.2,2025-01-01 00:00:00,2025-08-10 22:00:00,2025
A562,8604,9.9,35.0,2025-01-01 00:00:00,2025-12-31 23:00:00,2025
A563,8536,13.5,39.0,2025-01-01 00:00:00,2025-12-31 23:00:00,2025
A564,5798,10.5,36.1,2025-01-01 00:00:00,2025-12-31 23:00:00,2025
A565,8552,2.8,37.5,2025-01-01 00:00:00,2025-12-31 23:00:00,2025
A566,8588,9.8,39.7,2025-01-01 00:00:00,2025-12-31 23:00:00,2025
A567,8170,6.7,34.7,2025-01-01 00:00:00,2025-12-27 10:00:00,2025
A568,8531,4.3,37.4,2025-01-01 01:00:00,2025-12-31 23:00:00,2025
A569,8751,6.7,36.0,2025-01-01 00:00:00,2025-12-31 23:00:00,2025
A570,8739,6.6,34.3,2025-01-01 00:00:00,2025-12-31 23:00:00,2025
A571,8029,13.0,37.2,2025-01-01 00:00:00,2025-12-31 23:00:00,2025
A572,2892,12.7,34.5,2025-09-01 20:00:00,2025-12-31 23:00:00,2025
F501,8727,8.6,33.1,2025-01-01 00:00:00,2025-12-31 23:00:00,2025
A601,8748,10.8,41.1,2025-01-01 00:00:00,2025-12-31 23:00:00,2025
A602,6715,12.5,41.3,2025-01-01 00:00:00,2025-12-31 23:00:00,2025
A603,8751,10.2,40.3,2025-01-01 00:00:00,2025-12-31 23:00:00,2025
A604,8733,9.0,39.5,2025-01-01 00:00:00,2025-12-31 23:00:00,2025
A606,8750,15.6,34.9,2025-01-01 00:00:00,2025-12-31 23:00:00,2025
A607,8754,12.2,37.9,2025-01-01 00:00:00,2025-12-31 23:00:00,2025
A608,8339,12.6,38.2,2025-01-01 00:00:00,2025-12-31 23:00:00,2025
A609,8749,8.5,38.0,2025-01-01 00:00:00,2025-12-31 23:00:00,2025
A610,8756,1.9,28.1,2025-01-01 00:00:00,2025-12-31 23:00:00,2025
A611,5690,8.5,37.5,2025-01-01 00:00:00,2025-12-31 23:00:00,2025
A618,8057,6.1,31.8,2025-01-01 13:00:00,2025-12-31 23:00:00,2025
A619,7934,12.5,36.6,2025-01-01 00:00:00,2025-12-31 23:00:00,2025
A620,8333,14.9,35.7,2025-01-01 00:00:00,2025-12-31 23:00:00,2025
A621,8745,10.9,41.2,2025-01-01 00:00:00,2025-12-31 23:00:00,2025
A624,8754,1.0,31.2,2025-01-01 00:00:00,2025-12-31 23:00:00,2025
A625,8758,6.9,39.2,2025-01-01 00:00:00,2025-12-31 23:00:00,2025
A626,8740,7.2,38.1,2025-01-01 00:00:00,2025-12-31 23:00:00,2025
A627,8729,13.3,42.2,2025-01-01 00:00:00,2025-12-31 23:00:00,2025
A628,8421,12.2,39.3,2025-01-01 00:00:00,2025-12-17 23:00:00,2025
A629,3404,9.0,37.6,2025-01-01 11:00:00,2025-12-31 23:00:00,2025
A630,8718,6.9,34.6,2025-01-01 00:00:00,2025-12-31 23:00:00,2025
A636,7958,10.4,39.9,2025-01-01 00:00:00,2025-12-31 23:00:00,2025
A637,8746,3.1,36.9,2025-01-01 00:00:00,2025-12-31 22:00:00,2025
A652,8555,15.8,38.7,2025-01-01 00:00:00,2025-12-31 21:00:00,2025
A659,8712,8.8,42.0,2025-01-01 00:00:00,2025-12-31 23:00:00,2025
A667,7683,12.0,38.4,2025-01-01 00:00:00,2025-12-31 23:00:00,2025
A701,8713,6.3,37.2,2025-01-01 00:00:00,2025-12-31 23:00:00,2025
A705,8750,5.3,37.9,2025-01-01 00:00:00,2025-12-31 23:00:00,2025
A706,8751,-0.7,29.1,2025-01-01 00:00:00,2025-12-31 23:00:00,2025
A707,8715,5.8,39.4,2025-01-01 00:00:00,2025-12-31 23:00:00,2025
A708,4481,10.2,34.1,2025-04-09 18:00:00,2025-12-31 23:00:00,2025
A711,7080,4.0,34.6,2025-01-01 06:00:00,2025-12-31 23:00:00,2025
A712,8755,5.4,40.0,2025-01-01 00:00:00,2025-12-31 23:00:00,2025
A713,3753,11.7,35.8,2025-01-01 00:00:00,2025-12-31 23:00:00,2025
A714,7776,3.8,36.0,2025-01-01 00:00:00,2025-12-31 23:00:00,2025
A715,8742,1.0,35.6,2025-01-01 00:00:00,2025-12-31 23:00:00,2025
A716,8751,5.3,38.1,2025-01-01 00:00:00,2025-12-31 23:00:00,2025
A718,8732,-0.9,39.8,2025-01-01 00:00:00,2025-12-31 23:00:00,2025
A725,6244,3.9,34.6,2025-04-14 21:00:00,2025-12-31 23:00:00,2025
A726,6471,1.8,36.9,2025-01-08 11:00:00,2025-12-31 23:00:00,2025
A727,5682,5.5,39.4,2025-04-12 15:00:00,2025-12-31 23:00:00,2025
A728,8691,4.3,37.7,2025-01-01 00:00:00,2025-12-31 23:00:00,2025
A733,8740,4.8,39.7,2025-01-01 00:00:00,2025-12-31 23:00:00,2025
A734,8750,2.3,40.5,2025-01-01 00:00:00,2025-12-31 23:00:00,2025
A735,6329,1.8,39.8,2025-04-11 18:00:00,2025-12-31 23:00:00,2025
A736,8356,1.2,37.6,2025-01-01 00:00:00,2025-12-31 23:00:00,2025
A737,6305,2.6,38.3,2025-04-12 21:00:00,2025-12-31 23:00:00,2025
A738,7633,4.5,37.0,2025-01-01 00:00:00,2025-12-31 23:00:00,2025
A739,8250,1.7,37.3,2025-01-01 00:00:00,2025-12-31 23:00:00,2025
A740,5806,2.0,35.6,2025-01-01 00:00:00,2025-12-31 23:00:00,2025
A741,8741,4.9,38.1,2025-01-01 00:00:00,2025-12-31 23:00:00,2025
A744,8621,4.1,34.9,2025-01-01 00:00:00,2025-12-31 23:00:00,2025
A746,7650,-1.9,35.0,2025-01-01 00:00:00,2025-12-31 23:00:00,2025
A747,8752,1.4,38.8,2025-01-01 00:00:00,2025-12-31 23:00:00,2025
A748,6357,2.6,39.3,2025-04-10 22:00:00,2025-12-31 23:00:00,2025
A753,8649,2.4,38.8,2025-01-01 00:00:00,2025-12-31 23:00:00,2025
A755,8668,3.4,35.3,2025-01-01 00:00:00,2025-12-31 23:00:00,2025
A762,6740,4.9,40.8,2025-01-01 00:00:00,2025-10-08 19:00:00,2025
A763,8746,6.6,37.7,2025-01-01 00:00:00,2025-12-31 23:00:00,2025
A764,8309,2.1,39.7,2025-01-01 00:00:00,2025-12-31 23:00:00,2025
A765,8738,11.1,38.9,2025-01-01 00:00:00,2025-12-31 23:00:00,2025
A766,650,16.8,40.1,2025-01-24 13:00:00,2025-12-31 23:00:00,2025
A768,8421,6.1,38.2,2025-01-01 00:00:00,2025-12-31 23:00:00,2025
A769,5023,8.2,37.6,2025-01-01 00:00:00,2025-12-31 23:00:00,2025
A770,8569,3.6,38.4,2025-01-01 00:00:00,2025-12-31 23:00:00,2025
A771,8731,6.4,35.9,2025-01-01 00:00:00,2025-12-31 23:00:00,2025
A807,8228,0.5,34.3,2025-01-01 00:00:00,2025-12-31 23:00:00,2025
A818,8727,-1.0,34.5,2025-01-01 00:00:00,2025-12-31 23:00:00,2025
A819,779,16.1,31.5,2025-02-04 15:00:00,2025-11-05 17:00:00,2025
A820,8752,0.6,38.3,2025-01-01 00:00:00,2025-12-31 23:00:00,2025
A821,8746,-0.3,37.9,2025-01-01 00:00:00,2025-12-31 23:00:00,2025
A822,8756,1.5,35.6,2025-01-01 00:00:00,2025-12-31 23:00:00,2025
A823,1814,12.4,29.9,2025-01-01 00:00:00,2025-03-17 13:00:00,2025
A825,357,20.1,35.7,2025-01-01 13:00:00,2025-02-04 18:00:00,2025
A835,966,19.5,34.7,2025-01-01 00:00:00,2025-02-15 01:00:00,2025
A843,8111,0.3,35.6,2025-01-01 00:00:00,2025-12-31 23:00:00,2025
A846,2100,16.0,39.0,2025-01-01 00:00:00,2025-03-31 00:00:00,2025
A849,7775,2.5,39.3,2025-01-01 01:00:00,2025-12-31 23:00:00,2025
A850,285,8.9,37.5,2025-01-14 13:00:00,2025-11-19 14:00:00,2025
A855,8673,0.6,37.6,2025-01-01 00:00:00,2025-12-31 23:00:00,2025
A869,7560,2.9,37.8,2025-01-01 00:00:00,2025-12-31 23:00:00,2025
A871,8745,3.9,35.7,2025-01-01 00:00:00,2025-12-31 23:00:00,2025
A872,8750,0.4,31.7,2025-01-01 00:00:00,2025-12-31 23:00:00,2025
A873,7337,3.9,39.5,2025-01-01 00:00:00,2025-12-31 23:00:00,2025
A874,8699,-3.8,35.6,2025-01-01 00:00:00,2025-12-31 23:00:00,2025
A875,7240,-7.3,34.1,2025-01-01 00:00:00,2025-12-31 23:00:00,2025
A876,8713,-2.8,31.6,2025-01-01 00:00:00,2025-12-31 23:00:00,2025
B803,8751,0.1,35.7,2025-01-01 00:00:00,2025-12-31 23:00:00,2025
B804,1417,15.0,31.9,2025-01-01 00:00:00,2025-03-01 01:00:00,2025
B806,8756,-2.5,34.1,2025-01-01 00:00:00,2025-12-31 23:00:00,2025
A801,8672,3.2,39.3,2025-01-01 00:00:00,2025-12-31 23:00:00,2025
A802,8670,1.5,38.5,2025-01-01 00:00:00,2025-12-31 23:00:00,2025
A803,8076,-1.3,40.0,2025-01-01 00:00:00,2025-12-05 11:00:00,2025
A804,3111,5.7,38.6,2025-01-01 00:00:00,2025-08-12 19:00:00,2025
A805,8255,-0.9,37.0,2025-01-01 00:00:00,2025-12-31 23:00:00,2025
A809,3926,3.7,41.3,2025-01-01 00:00:00,2025-08-18 16:00:00,2025
A810,1008,15.1,37.5,2025-01-01 00:00:00,2025-02-12 06:00:00,2025
A811,8251,-1.7,36.1,2025-01-01 00:00:00,2025-12-31 23:00:00,2025
A812,7670,-1.4,37.2,2025-01-01 00:00:00,2025-12-31 23:00:00,2025
A813,8176,-0.6,39.7,2025-01-01 00:00:00,2025-12-31 23:00:00,2025
A826,7959,-2.0,40.3,2025-01-01 00:00:00,2025-12-02 18:00:00,2025
A827,7770,-1.7,38.8,2025-01-01 00:00:00,2025-12-31 23:00:00,2025
A828,8059,-2.0,34.7,2025-01-01 00:00:00,2025-12-31 23:00:00,2025
A829,6192,-4.7,30.9,2025-01-01 00:00:00,2025-12-09 08:00:00,2025
A830,8081,0.5,40.0,2025-01-01 00:00:00,2025-12-03 17:00:00,2025
A831,7632,0.4,43.8,2025-01-01 00:00:00,2025-11-30 03:00:00,2025
A832,8087,-1.3,40.6,2025-01-01 00:00:00,2025-12-04 16:00:00,2025
A833,8035,-1.9,40.9,2025-01-01 00:00:00,2025-12-04 17:00:00,2025
A834,6875,8.6,34.4,2025-01-01 00:00:00,2025-12-31 23:00:00,2025
A836,7911,-0.7,37.3,2025-01-01 00:00:00,2025-12-31 23:00:00,2025
A837,8195,-2.4,35.1,2025-01-01 00:00:00,2025-12-08 17:00:00,2025
A838,7098,1.3,40.2,2025-01-01 00:00:00,2025-12-31 23:00:00,2025
A839,6901,-1.5,35.1,2025-01-01 00:00:00,2025-12-31 23:00:00,2025
A840,5321,-1.5,34.3,2025-01-01 00:00:00,2025-08-12 08:00:00,2025
A844,8176,-2.3,35.0,2025-01-01 00:00:00,2025-12-10 15:00:00,2025
A852,7124,-0.1,39.2,2025-01-01 00:00:00,2025-12-31 23:00:00,2025
A853,6915,-1.8,38.0,2025-01-01 00:00:00,2025-12-10 11:00:00,2025
A854,7743,-1.2,35.6,2025-01-05 10:00:00,2025-12-31 23:00:00,2025
A856,6508,-2.2,35.3,2025-01-01 00:00:00,2025-12-31 23:00:00,2025
A879,5520,1.4,32.4,2025-01-01 00:00:00,2025-12-31 23:00:00,2025
A880,8205,-3.6,32.5,2025-01-01 00:00:00,2025-12-09 10:00:00,2025
A881,8080,-3.6,38.9,2025-01-01 00:00:00,2025-12-04 10:00:00,2025
A882,4313,8.0,39.5,2025-01-01 00:00:00,2025-12-31 23:00:00,2025
A883,1535,10.8,37.1,2025-10-24 16:00:00,2025-12-31 23:00:00,2025
A884,5877,0.7,41.3,2025-01-01 00:00:00,2025-12-31 23:00:00,2025
A886,8591,-2.1,37.1,2025-01-01 00:00:00,2025-12-31 23:00:00,2025
A887,7290,1.7,38.0,2025-01-01 00:00:00,2025-12-31 23:00:00,2025
A889,5586,-0.1,40.4,2025-01-01 00:00:00,2025-08-21 18:00:00,2025
A893,7500,-0.9,37.8,2025-01-01 00:00:00,2025-12-31 23:00:00,2025
A894,7996,-3.0,36.5,2025-01-01 00:00:00,2025-11-30 03:00:00,2025
A897,8192,-3.5,32.8,2025-01-01 00:00:00,2025-12-09 17:00:00,2025
A899,7580,0.3,37.2,2025-01-01 00:00:00,2025-12-31 23:00:00,2025
B808,2703,6.9,36.6,2025-09-09 17:00:00,2025-12-31 23:00:00,2025
B809,2714,8.5,38.0,2025-09-09 17:00:00,2025-12-31 23:00:00,2025
B810,2587,6.4,35.9,2025-09-09 17:00:00,2025-12-30 00:00:00,2025
B811,2549,5.3,35.1,2025-09-09 17:00:00,2025-12-31 23:00:00,2025
B812,2672,8.9,38.2,2025-09-09 17:00:00,2025-12-31 23:00:00,2025
B813,1671,8.6,37.9,2025-10-13 18:00:00,2025-12-31 23:00:00,2025
B814,1886,7.7,36.9,2025-10-13 18:00:00,2025-12-31 23:00:00,2025
B816,1695,9.2,33.2,2025-10-13 18:00:00,2025-12-31 23:00:00,2025
B817,1877,6.0,33.0,2025-10-13 18:00:00,2025-12-31 23:00:00,2025
B818,1472,7.5,33.0,2025-10-13 18:00:00,2025-12-31 23:00:00,2025
B819,2715,7.2,37.1,2025-09-09 17:00:00,2025-12-31 23:00:00,2025
B820,2533,1.6,31.0,2025-09-09 17:00:00,2025-12-31 23:00:00,2025
B821,1816,8.0,36.2,2025-10-13 18:00:00,2025-12-31 23:00:00,2025
B822,1869,10.8,39.1,2025-10-13 18:00:00,2025-12-31 23:00:00,2025
B823,1890,7.1,34.6,2025-10-13 18:00:00,2025-12-31 22:00:00,2025
B825,1899,10.2,34.4,2025-10-13 18:00:00,2025-12-31 23:00:00,2025
B826,2301,7.2,34.0,2025-09-25 12:00:00,2025-12-31 23:00:00,2025
B827,1618,7.5,34.4,2025-10-13 18:00:00,2025-12-31 23:00:00,2025
B828,1892,6.5,34.9,2025-10-13 18:00:00,2025-12-31 23:00:00,2025
B829,1897,11.3,34.4,2025-10-13 18:00:00,2025-12-31 23:00:00,2025
B830,2469,4.2,36.9,2025-09-18 16:00:00,2025-12-31 23:00:00,2025
B832,1185,11.7,31.0,2025-11-05 05:00:00,2025-12-31 23:00:00,2025
B836,1720,12.2,35.3,2025-10-19 00:00:00,2025-12-31 23:00:00,2025
B839,1749,12.1,35.7,2025-10-19 00:00:00,2025-12-31 23:00:00,2025
B841,1738,12.5,32.1,2025-10-19 00:00:00,2025-12-31 23:00:00,2025
A806,3258,14.1,38.0,2025-01-01 00:00:00,2025-05-16 17:00:00,2025
A814,4036,0.6,38.4,2025-01-01 00:00:00,2025-11-13 23:00:00,2025
A815,6087,-2.5,28.5,2025-01-01 00:00:00,2025-11-30 03:00:00,2025
A816,6475,-1.5,32.5,2025-01-01 00:00:00,2025-10-03 07:00:00,2025
A817,2384,3.1,38.1,2025-01-01 00:00:00,2025-07-11 16:00:00,2025
A848,6592,-0.4,33.4,2025-01-01 00:00:00,2025-12-31 23:00:00,2025
A851,6802,0.1,37.6,2025-01-01 15:00:00,2025-12-31 23:00:00,2025
A858,7672,-2.1,34.0,2025-01-01 00:00:00,2025-11-19 16:00:00,2025
A860,8756,-2.8,32.8,2025-01-01 00:00:00,2025-12-31 23:00:00,2025
A861,8736,-2.4,35.9,2025-01-01 00:00:00,2025-12-31 23:00:00,2025
A862,8737,-2.9,34.6,2025-01-01 00:00:00,2025-12-31 23:00:00,2025
A863,8666,-1.7,35.6,2025-01-01 00:00:00,2025-12-31 23:00:00,2025
A864,8743,-2.4,34.7,2025-01-01 00:00:00,2025-12-31 23:00:00,2025
A865,8757,-3.1,32.5,2025-01-01 00:00:00,2025-12-31 23:00:00,2025
A867,8745,2.7,38.7,2025-01-01 00:00:00,2025-12-31 23:00:00,2025
A868,8739,3.3,36.1,2025-01-01 00:00:00,2025-12-31 23:00:00,2025
A870,8742,-0.8,33.5,2025-01-01 00:00:00,2025-12-31 23:00:00,2025
A895,3429,9.7,34.3,2025-01-01 00:00:00,2025-05-26 23:00:00,2025
A898,8485,-2.8,32.6,2025-01-01 00:00:00,2025-12-31 21:00:00,2025
