codigo,estacao,uf,anos_total,anos_desempenho_extremo,bias_mediano_c,rmse_mediano_c,correlacao_mediana,bias_min_c,bias_max_c,rmse_max_c,pct_anos_desempenho_extremo,comportamento_persistente
A001,BRASILIA,DF,26,0,-0.11593779841806151,1.331293635078306,0.9378639832481799,-0.30505011219578726,0.22011293763703463,1.433327807511921,0.0,False
A002,GOIANIA,GO,25,0,-0.6492037631203316,2.0631982970241056,0.9359499036402078,-1.8519022907532239,-0.17146942212195293,2.841345051962994,0.0,False
A003,MORRINHOS,GO,24,0,0.33345187307362517,1.8823039668501134,0.940128967341118,-0.27523011954879056,0.8667593265647316,2.215073849037822,0.0,False
A005,PORANGATU,GO,8,0,-0.6606096444906678,1.924059215926265,0.9235210830359659,-0.916020539315688,-0.21537204451792016,2.0535673683357847,0.0,False
A009,PALMAS,TO,22,0,-1.4507442056760191,2.392563544245527,0.8889822610625452,-1.9413593835154332,-0.858623577647807,2.685143822118285,0.0,False
A010,PARANA,TO,21,0,-0.24519619908314064,2.213113583152394,0.9338219064023386,-1.010749063953195,0.4716174303136538,2.4123988797857345,0.0,False
A011,SAO SIMAO,GO,20,0,-0.053155250518725085,1.7774308189340637,0.9353568570501724,-0.6274933867951585,0.397810069539432,1.9587180303880278,0.0,False
A012,LUZIANIA,GO,20,0,-0.3992439780192307,1.590855072924341,0.9310785541991466,-0.8746347848023884,-0.16090538752705555,1.8058572088281455,0.0,False
A013,ARAGARCAS,GO,19,0,-0.7239917739420857,2.144849971190361,0.924824340852902,-1.776985576604813,-0.3789025509794875,2.646822627692618,0.0,False
A014,GOIAS,GO,19,0,-1.0224661013763288,2.221628083350037,0.9134607202297909,-1.3183361456495204,-0.7527038137735566,3.386197406215507,0.0,False
A015,ITAPACI,GO,19,0,0.24399582283070784,2.168816023011976,0.9225102041269246,-0.6383193048687668,0.6919248831610227,2.505690559569225,0.0,False
A016,JATAI,GO,19,0,-0.5362016956621287,2.147323369990099,0.937067477893417,-0.8562207518142689,-0.3467804746978808,3.417068739688486,0.0,False
A017,POSSE,GO,19,0,-1.3937406541226693,2.0393562560305205,0.9313158863070363,-1.7665714774243846,-1.3043666075670142,2.257973423900318,0.0,False
A018,PEIXE,TO,20,0,0.022968875388879352,1.9011670213104588,0.927888247374937,-0.5283997114007563,0.34774494335620043,2.1043008943489974,0.0,False
A019,GURUPI,TO,19,0,0.4409650312084471,2.43899242237875,0.8990031544948894,-0.7384926836625431,0.5959192374860045,2.8271304508182915,0.0,False
A020,PEDRO AFONSO,TO,19,0,-0.22690501550070602,1.9602667781659493,0.918864636929182,-1.3677542289806595,0.028093283622661253,2.251054020533955,0.0,False
A021,ARAGUAINA,TO,19,0,0.452071666092944,2.2772410209929914,0.8980095762139213,-0.3752137962382183,0.7177319863223394,2.458590984419137,0.0,False
A022,GOIANESIA,GO,19,0,-0.4591475245148662,1.547071018435187,0.9394836628183988,-0.8400218605748875,-0.19859818744327393,1.7338837762727555,0.0,False
A023,CAIAPONIA,GO,19,0,-0.7462565190445675,1.8415499753945777,0.9299593115726859,-1.2774556603671559,-0.37601451744372866,2.1724514092066984,0.0,False
A024,ALTO PARAISO DE GOIAS,GO,19,0,1.1192351583719347,1.9636093955099627,0.9157644661983162,0.9317628669130179,1.4927791535637573,2.181536147460902,0.0,False
A025,RIO VERDE,GO,19,0,-0.45507603461138935,1.788832979777342,0.9308059776039522,-1.2111099661061806,-0.20257841989943515,1.9785140965747148,0.0,False
A026,MINEIROS,GO,19,0,-0.3180007685563661,2.288227098201705,0.9339476577769606,-2.2732124805450438,0.17364526004245975,4.113114869152383,0.0,False
A027,PARAUNA,GO,18,0,-0.8313916148802418,1.7599179523340491,0.9377640211340728,-1.4425184264502315,-0.4893337997179835,2.3630683928170733,0.0,False
A028,IPORA,GO,13,0,-0.20733741636968883,1.6739804906889828,0.9332891312592623,-0.8341312312124752,0.0017401595236407011,1.8252294887215061,0.0,False
A029,EDEIA,GO,9,0,-0.6667278062589189,1.8541939418840985,0.9366823365823899,-0.9810218295683896,-0.018982459128971174,1.9599982287529298,0.0,False
A031,SAO MIGUEL DO ARAGUAIA,GO,9,0,-0.09172785426048168,1.8859315547418896,0.9351388306323815,-1.2391705376720914,0.7311236376201758,2.3958594522043457,0.0,False
A032,MONTE ALEGRE DE GOIAS,GO,19,0,-0.9905125890907043,2.041317162432239,0.9068397833420068,-1.6634384267648414,-0.7267207866177371,2.311638545981566,0.0,False
A033,PIRES DO RIO,GO,19,0,-0.61710277612651,1.8212123103370417,0.9491966351599664,-1.0946332674165025,-0.40975517054831867,2.093109880192736,0.0,False
A034,CATALAO,GO,18,0,-0.06554585532259445,1.5444001570145083,0.9307548956030356,-0.3174838930384413,0.054626891870782145,1.824715648653889,0.0,False
A035,ITUMBIARA,GO,19,0,0.07660220593710602,1.8247885685532477,0.9393021301239073,-0.3928726556091505,0.46168290754018815,1.950844962665918,0.0,False
A036,CRISTALINA,GO,19,0,0.6691473379362439,1.684040102044141,0.9248921999395869,0.2295373784782778,0.9049389047518781,1.9548987033117,0.0,False
A037,SILVANIA,GO,16,0,-0.03187613622754047,1.4346648461237819,0.950502821694283,-0.29921083622393263,0.23353073745386574,1.7133969750700024,0.0,False
A038,DIANOPOLIS,TO,18,0,-0.3290923165424853,1.6735998721867722,0.9082212655569135,-0.630146789400868,0.28987520964901375,1.868432972611331,0.0,False
A039,FORMOSO DO ARAGUAIA,TO,18,0,-0.2463382337464997,1.8691894807616014,0.926463611582003,-0.8317916113873636,0.21937117762743627,2.041610058282807,0.0,False
A040,MATEIROS,TO,13,0,-0.10157866738673445,1.7667247961785018,0.9314933579902193,-0.35451426307901496,0.09953194285603534,1.9389534809351616,0.0,False
A041,MARIANOPOLIS DO TO,TO,14,0,0.22877116238805364,2.191138225529562,0.919155290682022,-2.186330480956188,0.5690290667538901,2.3917255203518857,0.0,False
A042,BRAZLANDIA,DF,9,0,0.6977812953510967,1.727626653924634,0.9274759756021482,0.43932383031204114,1.32033099762234,2.045541983597984,0.0,False
A043,CAMPOS LINDOS,TO,11,0,0.09325274122404091,1.710837761895545,0.9203202648535967,-0.9205651952580985,0.2614694275362536,1.7598039259622167,0.0,False
A044,ARAGUATINS,TO,16,0,-0.8760676248330456,1.7228879523051923,0.9333258437277747,-1.0583607986609844,-0.5194258133300969,1.821435745256874,0.0,False
A045,AGUAS EMENDADAS,DF,18,0,0.2174854158146183,2.0708914681173125,0.9161052927464566,-0.14201543615483675,0.5934034844603522,2.3142626534527073,0.0,False
A046,GAMA (PONTE ALTA),DF,12,0,-0.5781254407264134,1.720553327809029,0.9351075025450377,-0.8833326910782203,-0.11007908771395365,1.7893720711505823,0.0,False
A047,PARANOA (COOPA-DF),DF,9,0,0.21967188269730462,1.4012806907258013,0.9478892710092882,-0.026949675328412668,0.5346483318738934,1.536775919161678,0.0,False
A048,SANTA FE DO ARAGUAIA,TO,10,0,0.060723730261886016,1.8356520705773338,0.9189978961175627,-0.6870850032995022,0.44156461169169114,1.982805067602485,0.0,False
A049,COLINAS DO TOCANTINS,TO,7,0,-0.3039853097271561,2.006539177942905,0.9141465760155673,-0.4532170337495404,-0.046158959598101325,2.12321778761928,0.0,False
A050,RIO SONO,TO,10,0,0.14834793167023322,2.2871729606100644,0.9070728493115742,-1.4139070787633856,0.6067979817823703,2.562424474407061,0.0,False
A051,PIUM,TO,9,0,0.9703936370176065,2.7740619576505914,0.8812455342530303,-0.2416963015528165,1.3868094505419808,3.2324781496071116,0.0,False
A052,SANTA ROSA DO TOCANTINS,TO,11,0,0.19301835163557862,2.0849923197167395,0.9305373770327877,-0.13420241301875416,0.9595758634284337,2.3320901162452103,0.0,False
A053,ALMAS,TO,10,0,-0.2522015831995773,1.9078290340961415,0.9132899671048242,-0.7766058631072839,0.27772418028355345,3.008404095579912,0.0,False
A054,ARAGUACU,TO,11,0,0.1649132634497772,2.25334231389675,0.9295736795827622,-0.3216353160348323,0.787258213944751,2.6844190147378297,0.0,False
A055,LAGOA DA CONFUSAO,TO,10,0,1.0699985954235056,2.704496777882808,0.8951341874066645,0.5361081084095329,1.3907794649885323,3.139096846560745,0.0,False
A056,CRISTALINA (FAZENDA SANTA MONICA),GO,8,0,0.6353189795914638,1.7013908657607615,0.9562599939836481,0.35337891825478623,0.925403109726917,1.8528744241148964,0.0,False
A101,MANAUS,AM,26,0,-1.4371868482990986,2.0561563326964283,0.8712734996963911,-2.2228624637812313,-0.8760752448197703,2.674374191883181,0.0,False
A102,PARQUE ESTADUAL CHANDLESS,AC,15,0,0.036063298117320536,2.1821676824660927,0.8778065946050939,-0.6843959174687672,0.1981599314295974,2.640171222719929,0.0,False
A104,RIO BRANCO,AC,17,0,-0.3114810295112751,1.6751705796219494,0.9070235320424531,-0.6828694480718399,-0.01496028296287005,1.8319327372767105,0.0,False
A108,CRUZEIRO DO SUL,AC,9,0,-0.4106896049096875,1.7746334425704375,0.8755893206552827,-1.8067241219004815,-0.11890161180093364,3.9385281440512987,0.0,False
A109,EIRUNEPE,AM,8,0,-0.32763382813079145,1.8726554091974494,0.8646998752335877,-0.5571061412529389,-0.2569869886125259,1.9261644928780257,0.0,False
A110,BOCA DO ACRE,AM,17,0,-0.6728768946175254,2.024735916192006,0.8907416584807791,-2.0913135969426992,-0.18502796585941,2.7997763829719386,0.0,False
A111,LABREA,AM,18,0,-0.6479262238454804,1.905557248738814,0.8765199387299448,-1.8963733429684344,-0.2487398561310101,2.6874785299407016,0.0,False
A112,HUMAITA,AM,17,0,-0.30875965592308974,2.444735058698309,0.8248702820313919,-0.8588159240153488,0.6249084109064483,2.69698651690702,0.0,False
A113,APUI,AM,16,0,-0.26710052254338446,2.147525580519673,0.856144688388478,-0.8551170692677784,0.9800041297668282,2.4877313233675094,0.0,False
A117,COARI,AM,18,0,-0.5817802399324243,2.2721484134148104,0.7879608898293404,-2.9790374610735024,-0.2410256001286311,3.1297116793956596,0.0,False
A119,MANACAPURU,AM,18,0,-0.6934150357207128,1.9250820198778567,0.8291000756155786,-1.0262297680867147,0.041025580465060246,2.047096221798088,0.0,False
A120,AUTAZES,AM,17,0,-1.3110787688886194,2.21635380361124,0.8582440253540694,-1.7411376781153616,-0.12865313863896954,2.5826990557525256,0.0,False
A121,ITACOATIARA,AM,18,0,-0.058163042887201664,1.63329169747578,0.8208749698056774,-0.30172243291674067,0.11483092113071945,1.7988919468468207,0.0,False
A122,MAUES,AM,14,0,-0.230455429464423,1.9836485510642303,0.8109357885747119,-0.4597208674428926,0.08494384391552735,2.393428157506255,0.0,False
A123,PARINTINS,AM,18,0,-0.798358856403832,1.709819966837137,0.8483313459941937,-1.021275610331465,-0.523956993803601,1.8909793074593026,0.0,False
A124,URUCARA,AM,17,0,-0.8797635118292907,2.0755544738937712,0.8635862613048827,-1.2724861439842732,0.686174736872234,2.422909721409084,0.0,False
A125,RIO URUBU,AM,17,0,-0.08293307590764655,1.9172933673148633,0.8776024106948426,-0.30304313946559563,1.2722775036398983,2.382477799744959,0.0,False
A126,PRESIDENTE FIGUEIREDO,AM,16,0,-0.8423364201581094,2.2221643149767054,0.8608756054020326,-1.0243405126580065,-0.3090566797362294,2.4387517255493,0.0,False
A128,BARCELOS,AM,17,0,-0.5163712098371763,1.9607439764454717,0.8507359423932125,-1.011831070064694,0.27105179868640206,2.48285659463114,0.0,False
A133,MANICORE,AM,13,0,-0.6461516930043497,2.0501282604462228,0.8686149745525337,-0.9709118845406336,-0.14868624291722324,2.1758736151118825,0.0,False
A134,S. G. DA CACHOEIRA,AM,15,0,-0.5908570727939461,1.8077089778134305,0.8684880924130401,-0.9313159687425819,0.3183769019919205,1.9447957099104332,0.0,False
A135,BOA VISTA,RR,16,0,-1.0028824924664794,1.8247959542061398,0.908737425196687,-1.8317497047238158,-0.38126496261550114,2.232740752994516,0.0,False
A136,PORTO WALTER,AC,12,0,-0.5619226805912865,1.9417649079423653,0.8895947328584831,-0.8085526649908293,-0.23638736492312917,2.0908711422406254,0.0,False
A137,MARECHAL THAUMATURGO,AC,13,0,-0.6586911448908208,1.944924274582247,0.8894507617213544,-0.9135200600008709,-0.09581738928898556,2.4556931931950072,0.0,False
A138,FEIJO,AC,16,0,-0.36143587377864816,1.7170022427862426,0.889865839466328,-0.7019808215036321,0.15497183569035825,2.005371783044807,0.0,False
A140,EPITACIOLANDIA,AC,15,0,-0.035894101361713664,1.8004682346538168,0.9175077077364145,-0.481384302429275,0.47605777319107334,2.068704517172811,0.0,False
A144,NOVO ARIPUANA,AM,7,0,-0.65408765030712,2.0610414418283307,0.83560665040038,-0.8027079450610257,0.3407577869252918,2.5191197759810304,0.0,False
A201,BELEM,PA,23,0,-0.48518281111217576,1.7692735593842237,0.8751129686301307,-0.9199330374320397,-0.28936869663171116,2.439339920041562,0.0,False
A202,CASTANHAL,PA,23,0,-0.44012894390371976,1.412341116221455,0.9177322383961442,-0.7208861339222904,-0.17153922233960756,1.5755678751073687,0.0,False
A203,SAO LUIS,MA,23,0,-0.30003846974695497,1.6990529267249905,0.7974036878765036,-0.4756710827348988,0.8010164237633017,1.9529529938233732,0.0,False
A204,BALSAS,MA,18,0,-0.26440784112427196,2.0446004357723604,0.9250799768905676,-0.8301464651927113,-0.04974898530688738,2.2561806359019405,0.0,False
A205,CAROLINA,MA,19,0,-0.8227769525401905,1.8388473083784984,0.9264052761762732,-1.0508827678065282,-0.5628581589898013,1.9661799614728277,0.0,False
A206,CHAPADINHA,MA,17,0,-0.18512120736399512,1.4178171898572616,0.9449185905221653,-0.6184058717691244,0.5410513063740722,1.6044620069983089,0.0,False
A207,GRAJAU,MA,18,0,-0.7342985168028402,1.6770001291147811,0.933195169577077,-1.257861599068284,0.43553748577833173,1.985344289748724,0.0,False
A209,MEDICILANDIA,PA,18,0,-0.20045408753764055,1.4261700826561965,0.8917128486208952,-0.8908639369372436,1.0187179693154151,2.038010543703566,0.0,False
A210,PACAJA,PA,17,0,-0.5041751382589986,1.6324853859705608,0.8990943304564392,-1.03451146527978,0.7997706501908137,2.0898716078996817,0.0,False
A211,PLACAS,PA,17,0,-1.275151268483621,2.127401609354263,0.9132678060641237,-1.8411815557023699,-0.49650021853849247,2.5194187152701257,0.0,False
A212,PARAGOMINAS,PA,19,0,-0.6008099270365496,1.6071995659357947,0.922747729352255,-1.4181077816619336,0.06046086269012396,2.035763231847664,0.0,False
A213,TOME ACU,PA,18,0,0.08006925868946879,1.585227870061157,0.9046764028108534,-0.40129140314684403,1.086330534818748,1.8644455108629856,0.0,False
A214,RONDON DO PARA,PA,18,1,-0.5052080125244368,1.8923764753363586,0.9098457303707818,-0.9406029937280933,1.6160893440246582,10.27421121676875,5.555555555555555,False
A215,SALINOPOLIS,PA,18,0,-0.9933515221246136,1.8474965430953538,0.6737452127818186,-1.4300828605528801,0.480910739794845,2.147551649642834,0.0,False
A216,SAO FELIX DO XINGU,PA,9,0,-0.8218458219214391,1.827559423158844,0.9090301780334124,-1.1375475867946045,-0.2334555876089559,2.1966037580903963,0.0,False
A217,FAROL de SANTANA,MA,12,0,-1.160818274962025,1.834735621923382,0.610701066097094,-1.2935437638580958,-0.9553908455889466,1.9247775638643307,0.0,False
A218,PREGUICAS,MA,17,0,-0.6948993265341407,1.3190493436375483,0.7995054720049812,-1.2573702203838169,0.11960978007975263,1.7485213654196734,0.0,False
A219,TURIACU,MA,17,0,-0.6120934561171386,1.2401676386399154,0.907005226985647,-0.8472992479824238,-0.21700960624843607,1.3550932524794317,0.0,False
A220,BACABAL,MA,18,0,-0.6223609369778428,1.6132566555474153,0.9248820307672376,-0.9371589663427499,-0.07648500331839816,1.746104293802498,0.0,False
A221,BARRA DO CORDA,MA,17,0,-1.1176604358474989,2.0133824012197508,0.932161460388342,-1.4399735805945952,-0.7541831360731323,4.147305083541711,0.0,False
A222,COLINAS,MA,18,0,-1.0789244669896676,2.1984921751396094,0.9245724962026107,-1.4226956959051866,-0.41067375741725076,2.4698048609735945,0.0,False
A223,ALTO PARNAIBA,MA,18,0,-0.1660802121117191,2.4391920384109804,0.90402542522161,-0.5126528856377387,0.5864809131006581,2.8083751021295704,0.0,False
A224,ESTREITO,MA,18,0,0.26703761523368563,2.2829247782887503,0.9013285909968534,-1.3557187775671997,0.9215102229976387,2.537528421321647,0.0,False
A225,IMPERATRIZ,MA,18,0,-0.8372693924730918,1.8738950731400823,0.9295174103050775,-1.0460284564356077,-0.4548050300846495,2.110114711454563,0.0,False
A226,BRAGANCA,PA,18,0,-0.9851606917176121,1.9249762296489081,0.9026050840924758,-1.4977272696964616,-0.6430962881313147,2.7318831462316933,0.0,False
A227,SOURE,PA,15,0,-1.1930102888533094,1.6333854690068619,0.8440564293959057,-1.429419052971638,0.31260521073381703,1.7931029060519141,0.0,False
A228,BREVES,PA,5,0,-0.22054316505996774,1.9843846353978183,0.8265802649023934,-0.8072850426837598,0.631833880966946,2.0192541436899223,0.0,False
A229,TUCURUI,PA,18,0,-0.16424466133463178,1.4994557819576264,0.8735680801374401,-0.3940570912468189,0.2598132977218143,1.67743263723617,0.0,False
A230,SERRA DOS CARAJAS,PA,15,0,0.5601852097313551,1.78957254091217,0.8036854337286833,0.3440190487696437,1.2052641431742435,2.3834448592062776,0.0,False
A231,ITAITUBA,PA,17,0,-1.1194060172368387,1.8240722685683768,0.9034040812976617,-1.4210681978957702,-0.8489250349106905,2.034587445630805,0.0,False
A232,OBIDOS,PA,14,0,0.3870425756520382,2.2141238726579533,0.8315453486801043,-0.5254179649695628,1.4057840223876137,2.79495150331189,0.0,False
A233,SANTANA DO ARAGUAIA,PA,18,0,-0.6915476851816795,2.1689885807274707,0.9149171652957249,-1.0555229825883494,-0.3861763966901108,2.339920912447905,0.0,False
A234,TUCUMA,PA,11,0,0.010155807060613198,1.7531600718484093,0.9020916088192017,-0.39892085652493525,0.3901776645792517,1.9905952934443134,0.0,False
A235,NOVO REPARTIMENTO,PA,17,0,-0.2757300152596502,1.810442852476208,0.8709355856500369,-1.5193087985292943,0.5894198967838649,2.2539690362373523,0.0,False
A236,CAMETA,PA,13,0,-0.9511555498244137,1.6900481333011037,0.8824747270703454,-1.2282286092481627,-0.3231519564108701,1.872529340191661,0.0,False
A237,CAXIAS,MA,17,0,0.04798133407065011,1.8868165794352556,0.9090254254045419,-0.7233125126748104,1.0351207135339568,2.513544097926856,0.0,False
A238,BURITICUPU,MA,17,0,-0.7581694218705626,1.5787420782980155,0.9390368048836617,-1.1612333386860143,-0.396538854481918,1.824786501960157,0.0,False
A239,MONTE ALEGRE,PA,13,0,-0.43207853154813813,1.3458681542999356,0.895763200944413,-1.057232281785797,0.32423838400904015,1.685239710494849,0.0,False
A240,MARABA,PA,13,0,-0.21672282960408942,1.588613816987539,0.8974839873688308,-0.4066086100496682,0.4666636310768744,1.7946502021825688,0.0,False
A241,CONCEICAO DO ARAGUAIA,PA,18,0,0.4396088703236759,2.170405913642436,0.9108212013181617,-0.6566979393236928,0.9120709476375917,2.721454946408813,0.0,False
A242,OIAPOQUE,AP,16,0,-0.39054830697202425,1.5602929675783033,0.912008744368625,-0.7045357490283891,0.11189972612871159,1.6521208051648133,0.0,False
A244,PORTO GRANDE,AP,7,0,-0.5749406248391192,1.441389355795578,0.9174590912585601,-0.9670187814215847,-0.4185823056070904,1.7724351755220893,0.0,False
A245,PORTO DE MOZ,PA,4,0,-0.35545620397978606,1.6026699488992753,0.8881956409204503,-0.7543605519402443,-0.245223655012929,1.761178489706519,0.0,False
A246,MINA DO PALITO,PA,12,0,-0.0546637829406934,1.6544411675089257,0.8813042053529505,-0.5720991331650149,0.6170422522872586,1.9234346313142323,0.0,False
A247,XINGUARA,PA,10,0,-0.5662464310359091,1.8524989930820719,0.9151075826628743,-1.4497107372891227,-0.2435939011496106,2.057031138467833,0.0,False
A248,CAPITAO POCO,PA,15,0,0.0261634460766033,1.5168350475578756,0.9255279298858525,-0.31752978199165716,0.4847437980229186,1.560252112318089,0.0,False
A249,MACAPA,AP,13,0,-0.9654696123381274,1.623528645643478,0.905525025103445,-1.1902323938215948,-0.8286106101973354,1.8234554225587898,0.0,False
A250,SANTAREM,PA,10,0,0.7540036112952672,1.5169539091244566,0.8520494422976388,0.4446138691511902,1.0812038395040657,1.6887677948091908,0.0,False
A251,ITAUBAL,AP,6,0,-0.9469319640355691,1.7625021941298185,0.9007792951717213,-1.329604880073978,-0.6301091376966419,2.221454563271367,0.0,False
A252,DOM ELISEU,PA,8,0,0.16007451564424707,1.3043592765080332,0.9304646425673748,0.03073373393575229,0.507411464187589,1.5345236308069978,0.0,False
A253,ALTAMIRA,PA,7,0,-0.2595208608118151,1.3434575555788322,0.9193739400770143,-0.3985425096479619,-0.02388437856535242,1.4193998543017532,0.0,False
A254,REDENCAO,PA,7,0,-0.9987360603439066,1.933134512008032,0.9185517397053831,-1.2638706750640119,-0.7994881510699406,2.0881069631527858,0.0,False
A255,ZE DOCA,MA,7,0,-0.8942974731518482,1.5703202930114657,0.9400604587697469,-1.0895989520327347,-0.3046128119759378,1.686779402514059,0.0,False
A256,SANTA MARIA DAS BARREIRAS,PA,5,0,-0.33091315801837695,1.754330571105011,0.9326749841857384,-0.7113911876229041,-0.24882826335045602,1.796096899547347,0.0,False
A301,RECIFE,PE,18,0,-0.5444158274578401,1.2856814323688104,0.9159445218397982,-0.7778506465935285,-0.11653104003509071,1.4094008674436962,0.0,False
A303,MACEIO,AL,22,0,-0.6013630251167716,1.533402369496195,0.9142118701869528,-1.334244391247239,-0.389623253470719,3.0440790868148833,0.0,False
A304,NATAL,RN,23,0,-0.9570793685519368,1.3712130719988986,0.9022684864066508,-1.6284900625236567,-0.8062187553054315,1.8957523350222723,0.0,False
A305,FORTALEZA,CE,23,0,-0.8024819784263534,1.5024310134165937,0.9051366876931571,-2.8225670256970092,-0.6642978270360494,3.146834996265792,0.0,False
A306,SOBRAL,CE,22,0,-0.7332505929323154,1.5474924397267456,0.9573414868612694,-0.918850841415455,-0.28710605527321287,3.5473952170264824,0.0,False
A307,PETROLINA,PE,22,0,-0.875801759890898,1.5040058288584222,0.9530630508498277,-1.1956788251849197,-0.441239947821313,1.8257358901990761,0.0,False
A308,PARNAIBA,PI,22,0,0.40515882261975955,1.5322270212173679,0.9200576210866878,-1.651130327680386,1.585492920805505,2.213650578163609,0.0,False
A309,ARCO VERDE,PE,22,0,-0.3988771141670877,1.2359367551989417,0.9680618664971703,-1.090620119401102,-0.18107986521879588,1.6016406119853752,0.0,False
A310,AREIA,PB,22,1,0.7680928971582179,1.2115135213882255,0.9552479080531661,0.6082515683629014,1.161534928906311,4.585440978785302,4.545454545454546,False
A311,FLORIANO,PI,21,0,-0.9290929704862898,1.9390587139310254,0.923752350598377,-1.3463367585460566,-0.6393978941477492,2.3042923507622683,0.0,False
A312,TERESINA,PI,20,0,-0.4559065439022411,1.6229024105748935,0.9329465523440345,-1.0725292255650087,-0.12405402351157353,1.9967895074063264,0.0,False
A313,CAMPINA GRANDE,PB,20,0,-0.42705583328893415,1.0133654437790558,0.9656196416693958,-0.7442279350468699,-0.19758542174182692,1.2503330094338192,0.0,False
A314,GUARAMIRANGA,CE,18,16,5.277933917614069,5.432434832931118,0.8995330635409706,3.0683590382555104,5.80710206437483,5.935483978397904,88.88888888888889,True
A315,BARBALHA,CE,17,0,-1.149819459296448,1.9718881192976192,0.916088448312928,-1.9845391386567512,0.14804988995564292,2.572851725756216,0.0,False
A316,CAICO,RN,19,2,-1.0010076694425232,1.6274747124786975,0.9575921052024721,-1.3138688141800516,-0.31284782064101097,7.64033784681597,10.526315789473683,False
A317,MACAU,RN,18,0,-0.3423764462388197,1.540061553079663,0.9129326240009051,-1.0408191060078618,0.07307400275639601,2.3074111240660886,0.0,False
A318,MOSSORO,RN,18,0,-0.7340913972460108,1.7974959572365337,0.9143093666534094,-1.0388410089456208,0.43802962948785995,2.020682396853288,0.0,False
A319,IGUATU,CE,19,0,-0.3442325338557988,1.359926671496434,0.9433593837005797,-0.7653306157237129,0.31191743129320937,1.9219587463689478,0.0,False
A320,JOAO PESSOA,PB,19,0,-0.888804042550182,1.7106400411764937,0.8674651502690894,-1.2424531660184297,-0.6577594221233195,2.091058712808543,0.0,False
A321,PATOS,PB,19,0,-1.4924244437611063,1.9262224764269806,0.9592355524120919,-1.9571689910874193,-1.2550820695375127,2.518968318597807,0.0,False
A322,GARANHUNS,PE,19,0,0.21428986902436498,0.9799601075755351,0.9697720216273121,-0.008620341211969152,0.3665403383608444,1.0130260223463046,0.0,False
A323,PAO DE ACUCAR,AL,17,0,-1.3791612917565645,1.8617005501228552,0.965545977760074,-1.5561412852645107,-1.1464230717979673,2.022622355476394,0.0,False
A324,TAUA,CE,16,0,-1.3516157044872514,1.9146620163341703,0.9523130869708408,-1.8410421412374447,-0.7610345354331591,2.3599381597590106,0.0,False
A325,QUIXERAMOBIM,CE,19,0,-0.7531847067230921,1.4280887550982189,0.9505264949142489,-1.0885911987097532,-0.31460869376347206,1.6797085719980387,0.0,False
A326,BOM JESUS DO PIAUI,PI,19,0,-1.154292443976601,2.1696851817743346,0.9339191432299897,-1.6714073975597246,-0.49322564894850296,2.5578769359894347,0.0,False
A327,PALMEIRA DOS INDIOS,AL,19,0,-1.407229182488724,1.8461666124507148,0.9648873801474372,-1.7313249773471622,-1.2868860021606159,2.1477640346765994,0.0,False
A328,SURUBIM,PE,18,0,-0.38571053958413304,1.3184628682909039,0.9588491364658365,-1.3086893338362515,-0.21451785040359247,1.850024755097345,0.0,False
A329,CABROBO,PE,19,0,-0.8487565272290435,1.383735917686333,0.9606434755175561,-1.0866751445856901,-0.3433239475871904,1.7284799624577185,0.0,False
A330,PAULISTANA,PI,19,0,-0.9756179363891841,1.5968840930300603,0.943607941712546,-1.2614311409592462,-0.5111930363944887,1.8986566193049097,0.0,False
A331,SAO JOAO DO PIAUI,PI,18,0,-0.9378030687033101,1.9143642890060328,0.9312935327688956,-1.5343016107760392,-0.5968267945078668,2.3012364098128653,0.0,False
A332,MORADA NOVA,CE,19,0,-0.14781293104181686,1.348270117803761,0.9440075418798506,-0.4057191239739906,0.5943523908428022,1.572048511772265,0.0,False
A333,SAO GONCALO,PB,19,0,-0.37452365815770344,1.7365356897615,0.9090676541494923,-0.8556276645002271,0.21294996881959047,2.119211597231145,0.0,False
A334,MONTEIRO,PB,19,0,-0.6916697916489877,1.3165723660852708,0.9667347772194128,-1.141101044652691,-0.3389654114031211,1.6287204072526573,0.0,False
A335,PIRIPIRI,PI,19,0,-0.0543905706066988,1.752129042271039,0.9311382631654715,-1.5422561500179155,0.6677862926943241,2.282537587760715,0.0,False
A336,ALVORADA DO GURGUEIA,PI,19,0,-0.7515571165722054,1.9628570514954504,0.9328954816105134,-1.3606878455752922,0.43295554313377804,2.6971067543251857,0.0,False
A337,CARACOL,PI,17,0,-0.8077836652556442,2.119248404526853,0.9346277729068786,-2.677671616230536,-0.3482468504952685,2.8421236444690776,0.0,False
A338,ESPERANTINA,PI,11,0,0.25164249085583007,1.9469797367520756,0.9179142931415072,-0.14008951619709417,0.8717072262241166,2.3004714449425627,0.0,False
A339,JAGUARUANA,CE,19,0,-0.819792274416692,1.4648873508274871,0.9522909875298058,-1.417776854650423,-0.552611479156597,1.966291860908611,0.0,False
A340,APODI,RN,18,0,-0.10875596329638026,1.405628001571273,0.944196284882931,-0.5129337682132723,0.3529936342299722,1.7966648925428899,0.0,False
A341,CARUARU,PE,19,0,-0.7301713298264398,1.5447841567349831,0.9557733978421357,-1.204932470151251,2.324375677934943,2.5338392807981176,0.0,False
A342,CRATEUS,CE,18,0,-1.067400671994041,1.7820557750273152,0.9539751334644597,-1.4612735499827372,-0.7487353792232583,2.041743394102483,0.0,False
A343,PICOS,PI,18,0,-1.1860922851020759,2.0237865514010913,0.9354296242588138,-2.596709604488253,-0.6946581887758303,2.807633276234892,0.0,False
A344,CALCANHAR,RN,15,0,-0.9079133418187114,1.4992866952147321,0.8914702127376002,-1.2572604102241967,-0.24801605072112065,1.617537054126936,0.0,False
A345,SAO RAIMUNDO NONATO,PI,18,0,-1.2938687345619764,2.5107807825197943,0.9160055742458812,-3.7014464704613936,-0.926162363212531,3.768158160186925,0.0,False
A346,URUCUI,PI,18,0,-0.43108052919583456,1.9144120504158748,0.9135037155918184,-0.8777550909742502,0.15475445310835043,2.1614724880577696,0.0,False
A347,CAMPOS SALES,CE,15,0,-0.6642014260761995,1.6213046251477938,0.944141795156045,-1.3038699877856343,-0.18180298868530995,2.6305369673333336,0.0,False
A348,CABACEIRAS,PB,18,0,-1.2767916657782172,1.7231707888566867,0.966714289540942,-1.5164545128139055,-1.1248475537901408,1.9838915996774547,0.0,False
A349,IBIMIRIM,PE,18,0,-0.72388738306941,1.4089826888620112,0.9671132916806467,-1.007513447351178,-0.4076912172850968,1.5609686344784368,0.0,False
A350,SERRA TALHADA,PE,17,0,-0.53542183859453,1.3830418522056829,0.9525731725460607,-0.780026584017653,0.020977230879303484,1.5947002548030038,0.0,False
A351,FLORESTA,PE,18,0,-0.9142821104713021,1.4933910821694747,0.9647544537590067,-1.2142646431521136,-0.1948260696435145,1.8319420710568357,0.0,False
A352,CAMARATUBA,PB,17,0,-0.0600485899007028,1.0933463041441962,0.9442477936358807,-0.310948186638216,0.16104461485982474,1.2574236059333799,0.0,False
A353,ARAPIRACA,AL,18,0,-0.5520829887672272,1.422839575931559,0.956809278612716,-1.3791028910872811,-0.1903644394796695,2.81147578204143,0.0,False
A354,OEIRAS,PI,17,0,0.303331453419455,2.6517395922258133,0.875449691387573,-0.5112347757475335,0.7841543606725311,3.0758862932318345,0.0,False
A355,CORURIPE,AL,17,1,-0.531214450376541,1.9606566142067805,0.8318154996707885,-5.712087478400615,-0.29425436401812266,6.2642878233548585,5.88235294117647,False
A356,SAO LUIS DO QUITUNDE,AL,17,0,-0.43918476205520574,2.0790556882607927,0.8926717676454359,-1.5619814664951697,-0.1862106143554681,2.2560638189980526,0.0,False
A357,PALMARES,PE,18,0,-0.691791127963276,1.5354695676453396,0.9518653826976583,-0.8669043922263884,-0.4909141364142539,1.6934220447923487,0.0,False
A358,JAGUARIBE,CE,17,0,-1.7148635162977313,2.256498393052784,0.947128155482649,-2.5570506288908605,-1.4585586099425316,3.1256036939563754,0.0,False
A359,ITAPIPOCA,CE,15,0,-1.499064044120767,1.8532064752644188,0.9423484031660713,-1.7220682854449327,-1.1293055886751378,2.1076017648748224,0.0,False
A360,ACARAU,CE,15,0,0.09583632622867246,1.4406974855785482,0.948327845278274,-0.2751626738534829,0.17644420496762328,1.5671297819219105,0.0,False
A361,CASTELO DO PIAUI,PI,15,0,0.22468578313440665,1.9321398292331429,0.9265579953985917,-0.4695068222184322,0.7667810737467637,2.185276345226534,0.0,False
A362,SAO PEDRO DO PIAUI,PI,10,0,-0.17365985714917448,1.5642741671798512,0.9375694402945498,-0.5982773954101785,0.5734139447020528,1.95620670259352,0.0,False
A363,VALENCA DO PIAUI,PI,16,0,-0.5022178203638007,1.855509217933031,0.9389833446737326,-1.0774386219715792,0.07018856791818938,2.0527622673135397,0.0,False
A364,GILBUES,PI,17,0,-1.6147638765184038,2.277958486885688,0.9198930316473746,-2.9901705889842334,-0.6547305010528297,4.112814980920467,0.0,False
A365,CANTO DO BURITI,PI,16,0,-0.21318049086793855,1.7594348794782324,0.9237203012313207,-0.7787956528974322,0.3256389839541212,1.8603974315851826,0.0,False
A366,OURICURI,PE,16,0,-0.4125779096615988,1.3800752839722872,0.9481714815596269,-0.8831648827686288,0.08418172971706227,1.665451849218434,0.0,False
A367,SANTA CRUZ,RN,14,0,-1.2627070086468388,1.6359650999688025,0.9642559344656002,-1.582220690890618,-1.0273040348147167,1.876941315258465,0.0,False
A368,TIANGUA,CE,7,0,1.2673533793228815,1.7377806870922108,0.9357107074984315,1.0307292606088738,1.718958002672275,2.096496771126956,0.0,False
A369,QUIXADA,CE,6,0,-0.4354709475957619,1.3032283692489766,0.956899964760229,-1.1285213907252254,-0.32817379438469596,1.676084393312489,0.0,False
A370,SALGUEIRO,PE,9,0,-1.133138089441882,1.7968808280957764,0.9413410595107307,-1.517199163209909,-0.5945923053087686,2.0004448356065523,0.0,False
A371,PIRANHAS,AL,9,0,-0.9724393214532117,1.4866961588270577,0.969630613221887,-1.191932693323371,-0.5067684613355941,1.6982556082701072,0.0,False
A372,IPANGUACU,RN,9,0,-0.3599978321818492,1.524202036711394,0.9363614261050707,-0.8334883836862678,-0.08846535745906167,1.7132505310091022,0.0,False
A373,ITAPORANGA,PB,6,0,-0.886233441478194,1.6917726724977258,0.9471324523301313,-1.3315510231737746,-0.7834578716342042,2.077977038157777,0.0,False
A374,CORRENTE,PI,8,0,-0.8280063034850642,2.2948018318811503,0.9288612217045575,-1.2552340337164436,-0.19718250736813098,2.6730751505803276,0.0,False
A375,BAIXA GRANDE DO RIBEIRO,PI,8,0,-0.2800018692221829,1.5105365980028207,0.9290869809206291,-0.5417683008469291,0.055578532690132604,1.6892167276800936,0.0,False
A376,CAMPO MAIOR,PI,7,0,-0.2857838239711971,1.7433781964785837,0.9211738516111704,-0.7446884237987844,0.2461296839881283,2.9131479501584825,0.0,False
A377,ANGICAL DO PIAUI,PI,4,0,-0.055309696404012336,2.298126864145571,0.905759949922841,-0.19281372267724822,-0.004885984505477564,2.36000641831227,0.0,False
A401,SALVADOR,BA,26,1,-0.6211801992488846,1.9903633083887717,0.6774835779729045,-3.026094318514949,-0.147695128593624,5.475019255960112,3.8461538461538463,False
A402,BARREIRAS,BA,24,1,-0.8376733948044273,2.24141919020645,0.9271105476115289,-1.5909335087487941,16.72970718936308,17.19735987802451,4.166666666666666,False
A404,LUIS EDUARDO MAGALHAES,BA,1,0,-0.516314211920552,2.4268502201338644,0.9243128585696047,-0.516314211920552,-0.516314211920552,2.4268502201338644,0.0,False
A404,LUIZ EDUARDO MAGALHAES,BA,23,0,-0.43862308162371294,1.7189778456332918,0.9427349194853905,-0.8549493826220863,-0.09056293333101977,2.01947152723999,0.0,False
A405,CARAVELAS,BA,23,0,-0.41132768187338203,2.0465606710197917,0.803330078985458,-1.0061883319393814,0.487758152516714,2.631415303864474,0.0,False
A406,CRUZ DAS ALMAS,BA,23,0,-0.4631990582823837,1.1962006982135176,0.9603170382359545,-0.817078196943471,0.014751783327697342,1.6175590937126374,0.0,False
A407,ITIRUCU,BA,23,0,-0.13770536324795452,1.2659338243591707,0.9556803501027101,-0.33919149738400817,0.13437993988038835,1.8617680335497122,0.0,False
A408,ITABERABA,BA,23,0,-0.6380667068424755,1.4198740004160166,0.9535388112886011,-1.2152469904089596,-0.29691349975252335,1.8039978142555964,0.0,False
A409,ARACAJU,SE,22,0,-1.3823598172633549,2.1243448202338477,0.6148405717669381,-1.6926141492531042,-0.9122470522630138,2.650063861939914,0.0,False
A410,ILHEUS,BA,23,0,-0.389629358841556,1.3509665672873497,0.9311476227777259,-0.8475453707832131,0.7863606067301865,1.6729713165529096,0.0,False
A412,MACAJUBA,BA,21,0,-0.6640009230303683,1.507142886597621,0.9475303393652483,-1.2105058075014976,-0.07912634088648285,1.8937225175894323,0.0,False
A413,FEIRA DE SANTANA,BA,18,0,-0.40562474013328076,1.2225829185397994,0.961336166377474,-0.8551207536650562,0.046986080048772756,1.4867610207124498,0.0,False
A414,VITORIA DA CONQUISTA,BA,19,0,-0.20509848252984753,1.2131821062842525,0.9605106068620342,-0.44862499931932126,0.10252404286847228,1.3037431980407392,0.0,False
A415,SANTA RITA DE CASSIA,BA,18,0,-0.18790660528317926,2.0123357245546094,0.9373642526477992,-2.148639648490399,0.5802546334785353,2.6778892760955793,0.0,False
A416,CORRENTINA,BA,19,0,0.37920564164730464,2.5136852159276897,0.9216240767526684,-0.3391619976722563,0.7346445002323955,2.8160585912295186,0.0,False
A417,ITABAIANINHA,SE,19,0,-0.257802709825619,1.0476317404522841,0.9590388890319929,-0.3996139386054813,-0.09043636341765747,1.1755283724489813,0.0,False
A418,BOM JESUS DA LAPA,BA,18,0,-0.7187229837735603,1.6040714489039036,0.9599030273912719,-1.1085279417971028,-0.18783113007768654,1.7696836044393771,0.0,False
A419,POCO VERDE,SE,16,0,-0.6088158511906518,1.3649156560464135,0.9668415831750572,-0.7515617694108685,-0.3583838218024452,1.4993731848891467,0.0,False
A420,CARIRA,SE,14,0,-0.09130303991676834,1.3064970656844774,0.9677222303706482,-0.42480935445229395,0.2869048166931663,1.365518967775437,0.0,False
A421,BREJO GRANDE,SE,18,0,-0.613058635616982,1.4084182044818583,0.9089235907630782,-1.1653757078856237,-0.2256725375251573,1.6809872039972638,0.0,False
A422,ABROLHOS,BA,13,0,-0.7610972670487874,1.3185712257160265,0.6903433844668063,-0.889220102014526,-0.6142904033751085,1.4709489225046317,0.0,False
A423,REMANSO,BA,18,0,-1.2742117936430812,1.7121680768897019,0.9287590199524571,-2.357075367022205,-0.8943245930242936,2.684772519830316,0.0,False
A424,IRECE,BA,18,0,-0.534465333925257,1.4014943332647178,0.9623270716946946,-1.2048145799308327,-0.16513797905577543,1.7533055601684362,0.0,False
A425,LENCOIS,BA,18,1,-2.909525381850064,3.228797680411461,0.9379397155660865,-4.313295785467855,-2.3110693091883894,5.2544876902064885,5.555555555555555,False
A426,GUANAMBI,BA,18,0,-1.9172631908373026,2.3021434612378413,0.9551937193694324,-2.1950567837246906,-1.4041985931441643,2.539623083629098,0.0,False
A427,PORTO SEGURO,BA,16,0,0.3089557004681718,1.6891105452754358,0.930477717570594,-1.716386796895437,0.5228888046231357,2.0440327799202636,0.0,False
A428,SENHOR DO BONFIM,BA,18,0,-1.8352332326951455,2.296154495620242,0.9505353510546668,-2.386697846904181,-1.5625946576337768,2.8119983246815363,0.0,False
A429,BARRA,BA,18,0,-0.9488104353909567,1.809087048736754,0.9503047619032265,-1.4163601595229454,-0.3467562597742026,2.1106140629879713,0.0,False
A430,PIATA,BA,17,0,0.05015944659776744,1.387316083730288,0.9399246632669758,-0.19425243161845626,0.6500688907967825,1.4486544506998744,0.0,False
A431,CONDE,BA,18,0,-0.7001659176530635,1.6233605242286941,0.8205085109807748,-0.9428198476476677,-0.4883873125641003,2.2851403675543938,0.0,False
A432,BURITIRAMA,BA,16,0,-0.7830497541623057,1.9198616199861225,0.9311415726660879,-1.2152358349760053,-0.3950819933956349,2.1057357052801873,0.0,False
A433,BRUMADO,BA,18,0,-1.350129922019133,1.9487170215759169,0.9523466353499814,-1.5970963700173657,-0.9144558861941391,2.187961901004965,0.0,False
A434,AMARGOSA,BA,18,0,-0.6054782509536777,1.2429377864687599,0.9558872568550638,-0.9052773071171873,0.5562689009520215,1.4624240737715293,0.0,False
A435,UAUA,BA,14,0,-0.46092733433389643,1.295076064426214,0.9621603869718482,-0.7484780908700163,1.111600170880556,1.4964556274718002,0.0,False
A436,QUEIMADAS,BA,18,0,-0.9233324355900694,1.6323342458610886,0.9572765269854806,-4.0578902933608605,-0.44903707422423467,4.361364553591877,0.0,False
A437,UNA,BA,18,0,0.043181243462883184,1.5842072680767427,0.9200058641337641,-0.03980223425840745,0.2768796456594792,1.760100502716119,0.0,False
A438,MARAU,BA,17,0,-1.117443953455698,1.7252776109684493,0.8910411114043175,-1.2904210140807197,-1.016010967347829,1.8395872113755205,0.0,False
A439,IBOTIRAMA,BA,18,0,-1.4712513131266078,2.371185561844311,0.9305181323549636,-1.9295936646487697,-0.8201868183921707,2.6881025639657246,0.0,False
A440,JACOBINA,BA,16,0,-1.8785374209831311,2.71313247211076,0.9102261934194212,-2.7698560965810852,-1.5620258414418702,3.262355550951085,0.0,False
A441,SERRINHA,BA,17,0,0.11932478996522251,1.0882035813642932,0.968489931359144,-0.19983826640149616,0.6982242354390116,1.2512021522667252,0.0,False
A442,EUCLIDES DA CUNHA,BA,18,0,-0.9055763016671109,1.5792491437800806,0.9631701549639544,-1.699598061366669,-0.09853540286484393,2.2421295667364247,0.0,False
A443,DELFINO,BA,16,0,-2.002397049063761,2.5957494155153142,0.9338354816824028,-2.4486816550629187,-1.5047135800403963,2.9134638242156576,0.0,False
A444,VALENCA,BA,16,0,-0.28738609339491145,1.4456104429465118,0.9270451682476738,-0.7740335096250825,-0.049382730700005366,1.6907080034969686,0.0,False
A445,IPIAU,BA,15,0,-0.6934721007381549,1.6516548495473165,0.9500067366186383,-2.4164648333449885,-0.4058221064434257,3.1239792176142,0.0,False
A446,ITAPETINGA,BA,16,0,-1.1302032033905882,1.8849752705466642,0.9552412233839955,-1.4851635355587467,-0.8144047937058163,2.249283231913138,0.0,False
A447,BELMONTE,BA,17,0,0.0481980363447711,1.5609996375982877,0.943296342411823,-0.19539277089794543,0.2393175831074105,1.863440685515251,0.0,False
A448,CURACA,BA,11,0,-0.6899877740320397,1.3629325860910315,0.9555880116725163,-1.8168506733824312,-0.24422833889835727,3.4710767076287885,0.0,False
A449,PILAO ARCADO,BA,6,0,-0.47871586053707726,1.6312279360239872,0.9401458610471738,-1.250295744900997,-0.14796080825314484,1.8833430870581163,0.0,False
A450,JEREMOABO,BA,10,0,-1.7055977478345463,2.0626642073233388,0.9652936883113152,-1.9680621072116957,-1.0725691153032146,2.2960206334107935,0.0,False
A451,ITABAIANA,SE,5,0,-0.31923622711601357,1.1400355920198186,0.9639362689633244,-0.42771440405261435,0.3944827914237976,1.3024370900525015,0.0,False
A452,FORMOSA DO RIO PRETO,BA,6,0,-0.18494107724230996,3.08891523926043,0.9132223681433724,-1.0150782667819955,0.0949638126186227,3.388612795517978,0.0,False
A452,FORMOSO DO RIO PRETO,BA,4,0,-0.3840306417165936,2.9689030554402804,0.9164294989262529,-0.8694611869944416,0.5843137618021149,3.093707691922195,0.0,False
A453,NOSSA SENHORA DA GLORIA,SE,9,0,-0.451249645959452,1.2630793372444489,0.9638240158791833,-0.7893947414133864,-0.19011443664214558,1.5159284441651892,0.0,False
A454,MACAUBAS,BA,3,0,-0.5730820856295054,1.6587710952580426,0.9542348887944474,-0.6009620561848504,-0.3721042209048591,1.712576499184605,0.0,False
A455,ITAMARAJU,BA,8,0,-0.2228692080051869,1.2817768535417309,0.9568168629919377,-1.1713492190090231,0.2865342785192549,1.8300268171832659,0.0,False
A456,SALVADOR (RADIO FAROL),BA,8,0,-0.26411525762708443,2.04511551275482,0.8211559443015436,-0.7623049140552737,-0.15134311991068558,2.2731343616707687,0.0,False
A458,RIBEIRA DO AMPARO,BA,8,0,-0.3745939524172688,1.3586816820542533,0.966312229969293,-0.9985018112341377,-0.1216877751437702,1.6234925146808377,0.0,False
A502,BARBACENA,MG,23,0,-0.31253478128431084,1.3638727178916448,0.9519335070539825,-1.1957610598184083,-0.019066795915113784,1.73858131597266,0.0,False
A505,ARAXA,MG,24,0,-0.8399252469436754,1.7489033931711107,0.9327384341040565,-1.1727438879890342,-0.7048454393963185,1.9438528230473742,0.0,False
A506,MONTES CLAROS,MG,24,0,-1.2785703945680313,1.9441198100748345,0.9557614947152453,-1.6005603865686593,-0.36368168919554816,2.122403072834448,0.0,False
A507,UBERLANDIA,MG,23,0,-1.244423857453928,1.98808099806477,0.9304212806195263,-1.6018381721892057,-0.8988555123228542,2.309735388897427,0.0,False
A508,ALMENARA,MG,24,0,-2.795823704965258,3.159641323005406,0.944529311846489,-3.688397747594006,-2.412733695046468,4.105044227541548,0.0,False
A509,MONTE VERDE,MG,22,0,1.9682961474534801,2.6624895933926336,0.9269656214747983,1.5966019063310717,2.1645524744279907,2.9617875028304597,0.0,False
A510,VICOSA,MG,21,0,5.762574619459732e-05,1.777412851952919,0.9459945522088326,-0.25477935557635245,1.0982106109080825,2.0794382524997697,0.0,False
A511,TIMOTEO,MG,20,0,0.5347379429316181,1.5736894245615987,0.9289104490560629,-0.08527356978721945,0.832126117546728,1.7850565892048271,0.0,False
A512,ITUIUTABA,MG,20,0,0.019012079480497688,2.0061605980221864,0.9432459642803641,-0.19115306526511958,0.4806464813832498,2.1937018062577884,0.0,False
A513,OURO BRANCO,MG,20,0,-1.3704273101114426,2.0637838943886893,0.938971318248836,-2.3546097837646927,-1.193522905876593,4.074316477243646,0.0,False
A514,SAO JOAO DEL REI,MG,20,0,-0.05365375118672139,1.7202480401079412,0.9475904256157649,-1.1439170629299162,0.4058492261726666,2.139301812089964,0.0,False
A515,VARGINHA,MG,20,0,-0.2147817528571842,1.5184069714766286,0.9469091303768273,-0.6134503045465151,0.20132276904199684,1.785392724131017,0.0,False
A516,PASSOS,MG,20,0,-0.742863153615282,1.8121222254589866,0.9474431132511167,-1.0154073246277284,-0.44136606671336726,2.044794951461924,0.0,False
A517,MURIAE,MG,20,0,-2.5828933356120602,3.0049145065488307,0.9498305470959512,-3.091367640854338,-2.341108393268871,3.458949803594644,0.0,False
A518,JUIZ DE FORA,MG,19,0,1.0727508235431642,1.901993825914853,0.9336633496745581,0.775922878505165,1.2714427098403307,2.1145652216586237,0.0,False
A519,CAMPINA VERDE,MG,20,0,-0.06396420710087819,1.7689414991290842,0.9487533781142659,-0.4181840795238816,0.5868364426411782,2.0650005708571326,0.0,False
A520,CONCEICAO DAS ALAGOAS,MG,20,0,0.2332869199236266,1.9661130417023513,0.9493024485772099,-0.0820395607951968,0.5018997074643209,2.0822472636588283,0.0,False
A521,BELO HORIZONTE (PAMPULHA),MG,4,0,-2.1504625777296487,2.593524715590867,0.9467177142283196,-2.273848531236301,-2.07793426074747,2.7115976692035533,0.0,False
A521,BELO HORIZONTE - PAMPULHA,MG,1,0,-2.1920193173525373,2.597796765689125,0.9515180515506207,-2.1920193173525373,-2.1920193173525373,2.597796765689125,0.0,False
A521,PAMPULHA,MG,15,0,-2.171120526461093,2.651485210825248,0.9407915285084989,-2.4278253714011666,-1.8542802197927326,2.8377479567312056,0.0,False
A522,SERRA DOS AIMORES,MG,20,0,0.17505979332542143,1.2994566847973164,0.9544808868221095,-0.28373625984038287,0.6829385036004635,1.4688264604029484,0.0,False
A523,PATROCINIO,MG,20,0,-0.04709372381101397,1.871905771608956,0.9449038260527096,-0.3367666865952426,0.3833755710648796,2.2557887504152205,0.0,False
A524,FORMIGA,MG,20,0,-0.7783237040866626,1.6734264363639633,0.9476917201284809,-0.9897736892512174,-0.5273685068641156,1.8408304508920552,0.0,False
A525,SACRAMENTO,MG,20,0,0.07065514618533447,1.5808844301039886,0.9397342284167571,-0.3016855393615119,0.23649215181821812,1.7439634268607427,0.0,False
A526,MONTALVANIA,MG,19,0,0.5834595515653004,3.008232858833334,0.9088349968115557,-0.25752001074034336,1.1221719655719318,3.4217138895232417,0.0,False
A527,TEOFILO OTONI,MG,20,0,-0.7957900630244167,1.4532217873587712,0.954257993017421,-0.9519402443946373,-0.5005730551720968,1.5525353072322559,0.0,False
A528,TRES MARIAS,MG,20,0,0.6303053441837008,1.6651721997577758,0.9249213629008275,0.27429022868602865,0.9793779116971347,1.8166126499931303,0.0,False
A529,PASSA QUATRO,MG,19,0,-0.33248800383330906,1.8146373428840665,0.9370693976248671,-0.7204813305986075,0.0786705064062768,2.289729878999535,0.0,False
A530,CALDAS,MG,20,0,0.34521767614561805,2.3831717981027447,0.9363915420966373,-0.6403030066483318,0.5784898683053776,2.7253462248713825,0.0,False
A531,MARIA DA FE,MG,20,0,0.7643650580717416,2.5735631721282894,0.9005187870757271,-0.18885279332835933,1.0724796186336394,2.980784708637542,0.0,False
A532,GOVERNADOR VALADARES,MG,19,0,-0.5625785570190883,1.8468322335313077,0.9317036827441076,-0.8202379071746485,-0.18801738293662437,2.026695737792668,0.0,False
A533,GUANHAES,MG,19,0,-0.015588388977474301,1.4082638524930142,0.9544526025074469,-0.33964611826259594,0.48373588577108906,1.594478987825895,0.0,False
A534,AIMORES,MG,19,0,-0.41001267639531147,1.3698087455449977,0.9473853898562077,-1.2747278768906134,0.11642896628689732,1.9104725317104405,0.0,False
A535,FLORESTAL,MG,18,0,-0.06415371329668995,2.6520292595300283,0.9343730378015458,-0.5153941591470121,0.2655163908745531,2.8893700220981198,0.0,False
A536,DORES DO INDAIA,MG,19,0,-0.3607297476081329,1.6235931613265815,0.9403053121852896,-0.513189809410482,0.035467435135883026,1.7880106365187862,0.0,False
A537,DIAMANTINA,MG,19,0,0.76603607061146,1.5841304515781174,0.9413571504523652,0.5982577719322678,1.0381081273568071,1.7909536665725172,0.0,False
A538,CURVELO,MG,20,0,-0.4511538577183817,1.59226250722732,0.9559290420639934,-0.9832461258221512,-0.11695760157581835,2.031230412795729,0.0,False
A539,MOCAMBINHO,MG,19,0,0.3119194782979687,2.0926058671549534,0.9279563130230644,-0.5559289087032274,0.517362461885024,2.300793788052992,0.0,False
A540,MANTENA,MG,19,0,-1.5746135302117763,2.1214483204513446,0.9541663110275925,-2.066548756587583,-1.3161524365359796,2.500656409558679,0.0,False
A541,CAPELINHA,MG,19,0,0.42096353991141333,1.5315387906539657,0.9434374440341157,0.15469310569514536,0.727157628135716,1.9193758348918528,0.0,False
A542,UNAI,MG,19,0,-1.0346649552853124,2.003874006916208,0.9382341895514502,-1.312021897052129,-0.49761639506854305,2.235805716667981,0.0,False
A543,ESPINOSA,MG,17,0,-2.8363483495488406,3.1203290201917078,0.948035390171435,-3.2805612161495223,-2.5942450511689854,3.5473885023637064,0.0,False
A544,BURITIS,MG,19,0,0.4428003479530334,1.6720873421400315,0.9226709195379847,0.009389469580830055,0.9053805946379552,2.0454088786184643,0.0,False
A545,PIRAPORA,MG,19,0,0.2645467695499561,2.042291873538082,0.9207451264357216,-0.22497462446935743,0.9553995101235461,2.4544699639380045,0.0,False
A546,GUARDA-MOR,MG,19,0,0.4020521445226316,1.5775079869210902,0.9386802267578596,-0.030332472508770084,0.7680179999516854,2.155432106058831,0.0,False
A547,SAO ROMAO,MG,19,0,0.5953167316354074,2.803259364184015,0.9119502782785739,-0.6470590197973143,1.1038819005432823,3.1363605495742672,0.0,False
A548,CHAPADA GAUCHA,MG,19,0,-0.10419606009411657,1.5247160364836565,0.9359665103938183,-1.3458564216198847,0.26168130914272125,2.3728739830716834,0.0,False
A549,AGUAS VERMELHAS,MG,19,0,0.07147913679560677,1.9043674811766405,0.9375703734942726,-0.33377998088415595,0.5171940398812325,2.373232741499036,0.0,False
A550,ITAOBIM,MG,19,0,-2.633313629211176,3.0784838521224374,0.9415455088017259,-3.0469206966936593,-2.2077516022997368,3.4206989167836226,0.0,False
A551,RIO PARDO DE MINAS,MG,19,0,0.1337612605175479,1.5465820391497045,0.948346297857765,-0.5895103360563002,0.47331838083010563,1.770907082444025,0.0,False
A552,SALINAS,MG,19,0,-1.4068432444199044,2.4973341117583305,0.9242511062104174,-2.4379785805998933,-0.7112676043609478,3.2568910178387447,0.0,False
A553,JOAO PINHEIRO,MG,19,0,0.37957151381785004,1.6049004164990088,0.9306448212064821,-0.038426845105997906,0.9524333080506939,1.7851630171509372,0.0,False
A554,CARATINGA,MG,19,0,-2.066729072948831,2.6105232385264463,0.9428334287278257,-2.9260661427966586,0.015659993714889978,3.231725884817709,0.0,False
A555,IBIRITE (ROLA MOCA),MG,18,0,-0.22239675246866575,1.6367017066187723,0.9277677719762154,-0.43439306735433364,0.039825405313923236,1.9475633732797746,0.0,False
A556,MANHUACU,MG,16,0,-0.3095424170908283,1.457193536552504,0.9495783611719226,-0.56961459833032,-0.13495255587581406,1.596389448106087,0.0,False
A557,CORONEL PACHECO,MG,14,0,-3.497458359989273,4.021884895301544,0.9309742512727035,-3.7949915367312803,-1.0641971447166378,4.287994452206442,0.0,False
A559,JANUARIA,MG,10,0,-0.007115469546693216,2.1495418952226593,0.9235457723757281,-0.4498018641071427,0.30627779360011426,2.2203400663393293,0.0,False
A560,POMPEU,MG,5,0,-0.3860235665607198,1.878060878355753,0.9426891922863267,-0.9959621282194333,-0.07114505011490649,2.072951642311078,0.0,False
A561,SAO SEBASTIAO DO PARAISO,MG,11,0,-0.3361036961719393,1.9274690598848232,0.946096260007153,-0.754415432993274,-0.15120612718212934,2.110275049008619,0.0,False
A562,PATOS DE MINAS,MG,9,0,-0.655824829961728,1.5990964367568516,0.9468835798231917,-0.9387522111284236,-0.43776428977587545,1.8026688578252312,0.0,False
A563,JANAUBA,MG,6,0,-0.8418896942999754,1.9276728966011274,0.9356571138982255,-1.3163771598344443,-0.6234029399629759,2.0513538347370406,0.0,False
A563,NOVA PORTEIRINHA (JANAUBA),MG,4,0,-0.8932956120957333,1.8340324693827865,0.9446829418028847,-0.9906857983326016,-0.8428636760217603,1.8624303524639183,0.0,False
A564,DIVINOPOLIS,MG,9,0,-0.9566490221679266,1.9823776500687005,0.9444559117598954,-1.1842433676492883,-0.7075119691535993,2.0948602302960464,0.0,False
A565,BAMBUI,MG,10,0,0.32605278948469285,2.394725333442616,0.9360007852982436,-0.10058622164407634,0.6533256302763557,2.6310086425385713,0.0,False
A566,ARACUAI,MG,9,0,-0.5142163479452162,2.2356293088488908,0.9314492357753154,-2.466598556347017,0.8139618781943521,3.0570066436669476,0.0,False
A567,MACHADO,MG,9,0,-1.1453530714531261,1.963880833982858,0.9353731336679275,-1.5325955293716345,-0.9391247358667146,2.1933513961954803,0.0,False
A568,UBERABA,MG,9,0,0.18246731156138113,1.623111911392231,0.9545098476458307,-0.27816619502235485,0.45859221511960535,1.7021332291563644,0.0,False
A569,SETE LAGOAS,MG,10,0,-0.27630779772108793,1.8868620342643676,0.951262911298775,-0.5582154844443802,-0.09902948536308748,2.0075345297246483,0.0,False
A570,OLIVEIRA,MG,9,0,-0.6984399326311256,1.5236385633108427,0.9546330580569379,-1.015323708150245,-0.4254135238649405,1.7198432574692124,0.0,False
A571,PARACATU,MG,8,0,-1.026906109504843,1.7781037344660326,0.9427710735601744,-1.2793814306564681,-0.7674507520764196,1.983218458317144,0.0,False
A572,BELO HORIZONTE - SANTO AGOSTINHO,MG,1,0,-2.0513185869213895,2.5916139003148793,0.9272987224698565,-2.0513185869213895,-2.0513185869213895,2.5916139003148793,0.0,False
A601,ECOLOGIA AGRICOLA,RJ,20,0,-1.6121511837801847,2.4192981470792114,0.9245325831137603,-1.7318519054182604,-1.4776015113449537,2.6632211649356154,0.0,False
A601,SEROPEDICA-ECOLOGIA AGRICOLA,RJ,6,0,-1.7338218879694534,2.4856015566709644,0.9227032582625873,-1.7396503881147576,-1.6206651856973324,2.644366149026395,0.0,False
A602,MARAMBAIA,RJ,18,0,-0.19475045662848572,1.77834241919981,0.8955314745653302,-0.581138883103502,1.638961029292594,2.8999433683321474,0.0,False
A602,RIO DE JANEIRO-MARAMBAIA,RJ,6,0,-0.33601127302201717,1.7440902180342148,0.8977923708234923,-0.6049148268009269,-0.09769461927047088,1.8678619856648582,0.0,False
A603,DUQUE DE CAXIAS - XEREM,RJ,6,0,-2.2774413729090695,2.980779006846637,0.9345487591133046,-2.471637351177563,-2.1205470883096647,3.0562799906163898,0.0,False
A603,XEREM,RJ,18,0,-2.143988453247731,2.9130477223945546,0.9346016287836536,-2.886883537063156,-1.3070737137806256,3.5228784137807465,0.0,False
A604,CAMBUCI,RJ,24,0,-0.8953931818049254,1.9209138088456919,0.945890674789866,-1.6564598589424147,-0.5328888983151804,2.327567631952227,0.0,False
A606,ARRAIAL DO CABO,RJ,20,0,-0.5684438360406139,1.5267007448517043,0.8016855304733139,-0.8465966602720719,-0.2650136986076264,1.9522425913563861,0.0,False
A607,CAMPOS,RJ,14,0,0.1483255255341335,1.2219228857809012,0.9595362312103699,-0.26491932487765363,0.5215477265272316,1.3799175395991963,0.0,False
A607,CAMPOS DOS GOYTACAZES,RJ,6,0,0.28286982640101666,1.2501836476003185,0.957393521660381,0.22232359603341503,0.3411006428242299,1.4577447595226856,0.0,False
A608,MACAE,RJ,20,0,-0.4675131791374648,2.4808113033785952,0.8468759559713102,-0.8849913292196793,-0.021022575904996437,2.6451226908506476,0.0,False
A609,RESENDE,RJ,20,0,-2.8345058484725785,3.349660442070875,0.9336492483743039,-3.305741451348566,-2.437109147967332,3.7665534074976295,0.0,False
A610,PICO DO COUTO,RJ,20,20,6.798238578655507,7.096478085993965,0.8817120889340715,6.316862278149129,7.483264736836112,7.67966800954994,100.0,True
A611,VALENCA,RJ,20,0,-1.6930900669566245,2.2465834561787874,0.9523657402242741,-1.9690876312159267,-1.0454211858369105,2.483867027060141,0.0,False
A612,VITORIA,ES,20,0,-1.022140336603595,2.438749977425835,0.8733863379896141,-1.771544488365266,-0.809535714210125,2.7954317763527214,0.0,False
A613,SANTA TERESA,ES,19,0,3.1566201703045897,3.42953430103157,0.9411826493630477,3.007471608297637,3.657982305355354,3.9073416087368846,0.0,False
A614,LINHARES,ES,20,0,-0.4130130719662179,1.1860463968729302,0.9569316388405809,-0.6271393511725236,-0.2694396547733581,1.3010227769636271,0.0,False
A615,ALFREDO CHAVES,ES,19,0,-2.1836180097272995,2.707956148162232,0.9440604918581265,-2.5057113897599126,-1.9689994910895254,2.98227300683568,0.0,False
A616,SAO MATEUS,ES,20,0,0.026609187703544073,2.135539115783981,0.8777355417119385,-0.2119998341283698,0.22885096119936307,2.3087297171843986,0.0,False
A617,ALEGRE,ES,20,0,-3.3111060590065025,3.678427808218595,0.9493739003423207,-3.7071362720513474,-3.1237795183364025,4.113976709905611,0.0,False
A618,TERESOPOLIS,RJ,14,0,2.5558292958536613,3.0032448880993243,0.9298332951933638,2.498003132917413,2.784472482709446,3.1678803970029294,0.0,False
A618,TERESOPOLIS-PARQUE NACIONAL,RJ,6,0,2.463990229263467,2.9527639466146187,0.9334861923427048,2.3829148074963022,2.6424362520531193,3.076015560995141,0.0,False
A619,PARATI,RJ,16,0,-1.8097169709772314,3.1496253095599576,0.8054558296437664,-2.134379004861202,-1.6239589714986322,3.387958699902408,0.0,False
A619,PARATY,RJ,4,0,-1.792359404735579,3.028944845239903,0.8140131731444963,-2.315169113967251,-1.589690492067494,3.3355514412047533,0.0,False
A620,CAMPOS DOS GOYTACAZES - SAO TOME,RJ,6,0,-0.5576808968335625,1.361145424225603,0.9136318659347219,-0.7961221732210495,-0.4266950763557421,1.481426717976397,0.0,False
A620,SAO TOME,RJ,12,0,-0.5315595976882335,1.4412286410095037,0.9043363754504268,-0.6989759082582087,-0.3756570629562071,1.6191670912887266,0.0,False
A621,RIO DE JANEIRO - VILA MILITAR,RJ,6,0,-1.4611650993397964,2.0814501704638486,0.9546596247421344,-1.5665911561285395,-1.3481593363313913,2.1525564313773753,0.0,False
A621,VILA MILITAR,RJ,13,0,-1.554139973191023,2.142297129993536,0.95595848202348,-1.7444671795054632,-1.1211670070083328,2.268111717825488,0.0,False
A622,PRES. KENNEDY,ES,14,0,-0.5749422873856309,1.4387653583327529,0.9473487906354079,-0.9778835700345347,-0.26740087316925165,1.623412820031368,0.0,False
A622,PRESIDENTE KENNEDY,ES,4,0,-0.4791944689401899,1.3802567790488123,0.9460450229859239,-0.5699203726452537,-0.4386237596897677,1.445725757806324,0.0,False
A623,NOVA VENECIA,ES,15,0,-0.2304892227169066,1.5619037865898682,0.9420860053315462,-0.759111752722668,-0.012492664654088504,1.7713138274330078,0.0,False
A624,NOVA FRIBURGO,RJ,10,0,1.6565260465690996,2.4635902156284297,0.9215893018654365,1.422713322284618,1.8058936223657573,2.6374609000673797,0.0,False
A624,NOVA FRIBURGO - SALINAS,RJ,6,0,1.4212850449294847,2.2673579198923246,0.9284382920666279,1.3414960192558902,1.6302305149891798,2.5609945450394678,0.0,False
A625,TRES RIOS,RJ,10,0,-1.7199289309442807,2.4474009283589746,0.9500027562002172,-2.2058977050918345,-1.5288204545681408,2.781960795832685,0.0,False
A626,RIO CLARO,RJ,10,0,0.13415486199625165,1.8012529056363906,0.943311106247609,-0.12054902554418406,0.37771567060740213,1.8944284015640132,0.0,False
A627,NITEROI,RJ,8,0,-1.5929385179182802,2.057004456660591,0.9564865206005908,-1.788713842359533,-1.50854097306118,2.1946489800574907,0.0,False
A628,ANGRA DOS REIS,RJ,9,0,-2.078376629070624,2.7662487122701123,0.9075848012197544,-2.458356381487311,-1.7894605950264555,3.0207479304703924,0.0,False
A629,CARMO,RJ,8,0,-2.3313783184962835,2.9864208329673074,0.9430943996899538,-2.987944849052704,-2.0495065641151493,3.363649436900573,0.0,False
A630,SANTA MARIA MADALENA,RJ,8,0,0.7764546359814269,1.7346536060881272,0.9407907752775866,0.38621476728002196,0.9499420227526916,2.104474858441795,0.0,False
A631,ECOPORANGA,ES,9,0,-0.7655926271484166,1.6607947516339743,0.9390937111778581,-1.442379597381419,-0.3459351085937344,2.1103421484798113,0.0,False
A632,MARILANDIA,ES,9,0,-1.2943383702923,2.1216152576673304,0.9519991412700581,-1.6284819568802478,-0.8806136965780924,2.243176052627713,0.0,False
A633,VENDA NOVA DO IMIGRANTE,ES,9,0,0.5120658221855414,1.7843228128099444,0.9354628030472937,-0.19703889243922737,0.7971935676938734,2.0349844439536597,0.0,False
A634,VILA VELHA,ES,9,0,-1.1101110993296883,1.8091849328221445,0.9382534689963085,-1.1906008590369561,-0.7720807002769882,1.8754324301225538,0.0,False
A635,ITATIAIA,RJ,5,5,6.039465038135096,6.503496913694648,0.8372681315260528,5.855090814531919,6.390710932742184,6.829519656810185,100.0,True
A636,RIO DE JANEIRO - JACAREPAGUA,RJ,9,0,-0.08258627482316588,1.9683888255421647,0.9182374133869061,-0.3365126055538595,0.1281808371312099,2.1055157896409753,0.0,False
A637,Paty do Alferes - Avelar,RJ,4,0,-0.13914531630583912,2.132895270639251,0.9301000820245878,-0.5263263094214824,0.031760569080580635,2.3593558307341422,0.0,False
A652,FORTE DE COPACABANA,RJ,13,0,-0.24574277586721716,1.920365831475923,0.85334618337462,-0.8089402305034572,0.08761854860818347,2.3710026095638654,0.0,False
A652,RIO DE JANEIRO - FORTE DE COPACABANA,RJ,6,0,-0.28833777637251556,1.894393912519167,0.8468819441235891,-0.49512106305586584,0.04711736147647887,1.9904040025017862,0.0,False
A657,AFONSO CLAUDIO,ES,15,0,-1.804691968610339,2.356527006967211,0.9471258714801059,-3.297040975315868,-1.345842139904068,4.7995686785555005,0.0,False
A659,SILVA JARDIM,RJ,11,0,-0.5738823668421934,2.3460039114839626,0.9286144794377961,-0.7952039271388552,-0.4235284265125902,3.400381157471933,0.0,False
A667,SAQUAREMA,RJ,4,0,-0.6570611741897561,1.8373047165936072,0.9326316224336362,-0.8471290875482695,-0.6486320311989102,1.9225576914490627,0.0,False
A667,SAQUAREMA - SAMPAIO CORREIA,RJ,7,0,-0.8033620668783555,1.9355840257908221,0.920208719367024,-0.9212861485971963,-0.6968272112158216,3.7808522879784427,0.0,False
A701,SAO PAULO - MIRANTE,SP,20,0,-1.3970203053823722,2.0125386139930295,0.9519922667665697,-1.7024976963780036,-1.1698999385959454,2.2703462566545167,0.0,False
A702,CAMPO GRANDE,MS,25,0,-0.7050461944127978,1.9774860673316497,0.9345067424029196,-1.1991414943945797,0.16304650904591594,2.2271605591653607,0.0,False
A703,PONTA PORA,MS,24,0,0.5095475208812696,1.8645399038724164,0.9494721870227818,0.2584833062243034,1.2254395826875837,2.518583797505636,0.0,False
A704,TRES LAGOAS,MS,25,0,-0.645250892863401,1.942357769360151,0.9424645469002342,-0.8972973479313463,-0.3315280793400309,2.9411672359080496,0.0,False
A705,BAURU,SP,25,0,0.4588099990488697,1.6888969865942027,0.9497272850318954,-0.03710091396643854,1.1802126494567518,3.3214486809772255,0.0,False
A706,CAMPOS DO JORDAO,SP,23,2,3.3197010059986627,3.754862938077634,0.9286919642718094,1.6155138751307483,3.9308893414147295,5.566820709867982,8.695652173913043,False
A707,PRESIDENTE PRUDENTE,SP,23,0,-0.3284447663265884,1.8006412142469592,0.9358981926549136,-1.1405098289109843,0.4032018819929338,2.012952404145131,0.0,False
A708,FRANCA,SP,24,0,-0.052904200671319596,1.6484507346181898,0.9215448590767751,-0.8120936742690249,0.22083731407206073,1.8220289963409628,0.0,False
A709,IVINHEMA,MS,21,0,-0.09328982842688084,1.7014740267436144,0.9462387516196714,-0.4171934442493276,0.7071453362957201,2.3640676317503866,0.0,False
A710,PARANAIBA,MS,20,0,-0.22258546671694845,1.7762711734040426,0.9492414544085661,-0.9998893484282436,0.045747857164569944,1.9741531243906962,0.0,False
A711,SAO CARLOS,SP,20,0,0.23868551517852543,1.557993149741935,0.9514059098294237,-0.13282375588756182,0.6874717983592626,1.7208831376317966,0.0,False
A712,IGUAPE,SP,20,0,0.33473220693870964,2.3291766825129585,0.880101596894818,0.1611522464048787,0.6474444767287971,2.515488126388794,0.0,False
A713,IPERO,SP,2,0,-0.5928124179341892,1.581333749031543,0.951318046257975,-0.8650761443454437,-0.3205486915229347,1.6811893735270134,0.0,False
A713,SOROCABA,SP,18,0,0.022638474557703733,1.5268186098449044,0.9588368280260569,-0.6245133235220794,0.760926988708267,1.715298027535685,0.0,False
A714,ITAPEVA,SP,20,0,-0.6224964179233268,1.6228431573551862,0.9570591245265707,-0.9287324284405593,-0.26714276318247815,1.8108467235009296,0.0,False
A715,SAO MIGUEL ARCANJO,SP,20,0,-0.027541497477254314,1.562302435309505,0.9556057280814854,-0.821114048793022,0.2621471818724633,1.7599124582874504,0.0,False
A716,OURINHOS,SP,18,0,-0.040055522044556924,1.8258932251659963,0.9531696113673984,-0.7343568171591326,0.6514628848758793,3.5034045193092425,0.0,False
A717,NHUMIRIM,MS,19,0,0.7910351078859814,2.3339117495136956,0.94180006922837,0.05536256146663275,1.2703658878689166,2.6091859330112914,0.0,False
A718,RANCHARIA,SP,20,0,0.7814520883959926,2.8574497110632286,0.9304666272393973,-0.16119555158024,1.6775999902786252,3.485444237113894,0.0,False
A719,AQUIDAUANA,MS,20,0,-0.5035838554915169,2.0646522766866457,0.9473643722646791,-0.9488327696054182,-0.14104340232803866,2.231223392886734,0.0,False
A720,COXIM,MS,20,0,0.2539709151102954,2.102507931577248,0.937644690161776,-0.4260150358876562,0.5314654641885264,2.288895864362529,0.0,False
A721,DOURADOS,MS,20,0,0.03383108736114472,1.9136831446779912,0.9363084658778595,-0.8218417082109726,0.3990218230668358,2.1592193726457425,0.0,False
A722,MIRANDA,MS,20,0,-0.6236896983730511,1.799330970852522,0.9537042016461321,-1.293777113244638,-0.21457204803080146,2.3597728778116585,0.0,False
A723,PORTO MURTINHO,MS,20,0,-0.10616732513826803,1.8723453597829853,0.9603668823606533,-0.4312488331513931,0.23714431845958275,2.024816962107313,0.0,False
A724,CORUMBA,MS,20,0,-0.623911855411245,1.932542291737492,0.929388084063718,-0.7776595443557056,-0.2934512609652568,2.1545039456477073,0.0,False
A725,AVARE,SP,20,0,-0.005838571286395705,1.5834780250740739,0.94824413815798,-0.2449262853654833,0.22880281738894828,1.7757693092567373,0.0,False
A726,PIRACICABA,SP,19,0,-0.24821675669280985,1.6160582626320674,0.956965773002612,-2.752590897542015,0.41427491945450967,3.378671060009468,0.0,False
A727,LINS,SP,20,0,-0.5174694334308187,1.739617101281676,0.9531283368431439,-0.9712370895164474,1.208806177032025,2.400125612101535,0.0,False
A728,TAUBATE,SP,20,0,-1.6820617039339156,2.40330390051385,0.9485304312452921,-1.9326038123734337,-1.4607887381479918,2.683325415085312,0.0,False
A729,VOTUPORANGA,SP,16,0,-0.641433310251146,1.9267100934332002,0.935500436429539,-1.4164814066731133,-0.243666699236562,2.3615115025103948,0.0,False
A730,CHAPADAO DO SUL,MS,20,0,-0.11392505159373043,1.7169318834431253,0.9242284320699654,-0.5952742396231231,0.30455309486165383,1.9470617943107484,0.0,False
A731,MARACAJU,MS,19,0,0.24099157119411485,2.2470923010063935,0.9440453467051065,-0.7325926259660788,1.2929260588072715,3.3247001513164536,0.0,False
A732,SAO GABRIEL DO OESTE,MS,20,0,0.4839686255410921,1.7679345353562335,0.9437593217290101,-0.18101940379016948,0.752408112483743,2.003610057070791,0.0,False
A733,JALES,SP,19,0,0.036345991334798294,1.7811974667492925,0.9301611756750816,-0.8383666716899585,0.37243580251578634,1.9646771892509651,0.0,False
A734,VALPARAISO,SP,19,0,-0.04820563436987036,1.9292773480906664,0.950483312477996,-0.4954749732185734,0.23407750397462493,2.1188092715828506,0.0,False
A735,JOSE BONIFACIO,SP,19,0,0.1543830317609844,1.8888056471269898,0.9509674762140631,-0.1373464407163348,0.5617298577109219,2.116797887552806,0.0,False
A736,ARIRANHA,SP,19,0,-0.034398751180772104,2.0704089188860935,0.9396557387910424,-0.9157301452666811,0.4229798603931629,2.456485347406498,0.0,False
A737,IBITINGA,SP,19,0,0.4843505802210399,1.944173393589099,0.9527068302406978,0.11251619907028806,0.9988637277465345,2.1443959943831903,0.0,False
A738,CASA BRANCA,SP,18,0,-0.6426050852871967,1.7952510421555095,0.9419322104161953,-1.1569708581314648,-0.20636840324731753,2.059045727965209,0.0,False
A739,ITAPIRA,SP,17,0,-0.922829211198692,2.1155597034086555,0.9481424752141296,-1.3289627032902205,-0.6365248959591775,2.5067291339276565,0.0,False
A740,SAO LUIS DO PARAITINGA,SP,15,0,0.6224926820116403,1.6939725026440264,0.9549025718758002,-0.4794074639312933,0.8947577573449115,2.1643260821489,0.0,False
A740,SAO LUIZ DO PARAITINGA,SP,4,0,0.4335843047751501,1.5958790089797028,0.9597641606892927,0.3691994474095601,0.5661788603046515,1.8874234777582715,0.0,False
A741,BARRA BONITA,SP,18,0,-0.4430038773109032,1.8149613089410872,0.9514863998277416,-1.39193468345781,0.39898439382059686,2.2396342905669058,0.0,False
A742,CASSILANDIA,MS,18,0,-0.7345319048807231,2.1317323523587284,0.9449272578051169,-1.0490390321738357,-0.49696541859531096,2.374725138904036,0.0,False
A743,RIO BRILHANTE,MS,18,0,0.6501839861883982,2.0701402336575487,0.9516970788733488,0.3911835343316234,0.9815575695628204,2.4365714267415077,0.0,False
A744,BRAGANCA PAULISTA,SP,9,0,-1.3846242993337443,2.0672823460169845,0.9586865097376464,-1.4973905565565069,2.063815102530742,3.5205682276206103,0.0,False
A746,BARRA DO TURVO,SP,16,0,0.7848303080056666,1.8517616371807648,0.9465891054524991,0.24454243711188156,0.9272644907990178,1.9913040120650674,0.0,False
A747,PRADOPOLIS,SP,18,0,0.3769547065791805,2.0601867077391702,0.9513144386693521,-0.10563862721217356,1.0134708779797796,2.403052672665533,0.0,False
A748,BARRETOS,SP,16,0,0.6947167447938083,2.2947990059577332,0.9436742099352993,0.2658482383881862,0.8803585900871228,2.546180696049822,0.0,False
A749,JUTI,MS,16,0,-0.4913008181083901,1.842439408479917,0.9517146408913237,-0.6151632757120277,-0.22844805623357387,2.0357684718616045,0.0,False
A750,AMAMBAI,MS,17,0,0.23924436245142933,2.054466816479777,0.953393468330746,-0.13845623962284428,0.5778413679031909,2.2270692751167345,0.0,False
A751,SETE QUEDAS,MS,18,0,-0.3622799687396092,1.8520589928992386,0.9492835421324326,-1.0866431218419195,0.1958829875550388,2.133238768665926,0.0,False
A752,ITAQUIRAI,MS,16,0,-0.37071850656419286,1.717633615795756,0.9549701122167557,-0.800990280460442,-0.09730478636480687,1.9623831125246032,0.0,False
A753,ITUVERAVA,SP,18,0,0.2683853454606041,2.3516626759199433,0.9380247679139617,-0.27156608828100337,0.5959948762398579,2.696952810494721,0.0,False
A754,SIDROLANDIA,MS,18,0,-0.11342967874858315,1.8409714419404466,0.9479213069146765,-0.3718108113237168,0.34939709537193586,2.0055308252325217,0.0,False
A755,BARUERI,SP,15,0,-0.5885614982773113,1.592816330240577,0.95846858815784,-0.8651047145802405,-0.2705836836538362,1.8327445649049103,0.0,False
A756,AGUA CLARA,MS,16,0,-0.20137499461389052,2.196620929145257,0.9475130881200264,-0.36990399606039903,0.009395538894597941,2.6267837528358458,0.0,False
A757,BELA VISTA,MS,11,0,0.2574439619245522,2.1452376970544305,0.9484173132197731,0.003079431681359766,0.5310730971762403,2.428586368454947,0.0,False
A758,JARDIM,MS,15,0,-0.39607045963914955,1.8033608106655936,0.9525061925533298,-0.7445285578622258,-0.17407475154385424,2.07408985602321,0.0,False
A759,BATAGUASSU,MS,12,0,0.14958568999798627,1.6856797656435725,0.9477010494660529,-0.23866425292142635,0.3816744509360055,1.8972855457842956,0.0,False
A760,COSTA RICA,MS,14,0,-0.049624204881268105,1.7814591727361586,0.9384593972020572,-0.2558628227475264,0.39146740477201825,2.151094556872883,0.0,False
A761,SONORA,MS,13,0,0.5880592072173773,1.929479085994956,0.9203685677773206,0.41746966786397494,1.0497976123557,2.7821064162649414,0.0,False
A762,DRACENA,SP,10,0,0.13564171339995262,1.729382089582195,0.9442865681736514,-0.005854025440460041,0.6780244011373405,1.8165519752989907,0.0,False
A763,MARILIA,SP,9,0,0.0344164616313479,1.912605085303522,0.9278832696533168,-0.19686315869115964,0.4422800657439831,1.9768159630869735,0.0,False
A764,BEBDOURO,SP,5,0,-0.3926041369253931,1.6202830786953253,0.9492521426191727,-0.8804523149085467,-0.3421160230971289,1.7732966142590203,0.0,False
A764,BEBEDOURO,SP,4,0,0.06435474781883127,2.405531022138954,0.947320821707254,-0.9629986819506064,0.4699051305595237,2.889412452007588,0.0,False
A765,BERTIOGA,SP,9,0,-2.8275392130015717,3.5114248311014102,0.8902861221387526,-3.11125072886918,-2.3608560094038507,3.625101810594218,0.0,False
A766,REGISTRO,SP,9,0,-0.08671779376138518,1.4813300113370285,0.9565522579584308,-1.38180334962048,0.1315469415030833,2.031123805889379,0.0,False
A767,SAO SEBASTIAO,SP,5,0,-2.2231921213999195,2.6521959283261456,0.8307468188377944,-4.7250765562057495,-2.024727453553932,4.908417937395429,0.0,False
A768,TUPA,SP,9,0,-0.49345351014995836,1.8572655749602864,0.9398552749505157,-0.9263890777203067,0.015401624443668946,2.3465205178217534,0.0,False
A769,CACHOEIRA PAULISTA,SP,8,0,-1.8148379089104734,2.524727736054197,0.9458301628548044,-2.171070065904289,-1.4140707242652881,2.7674259992783052,0.0,False
A770,SAO SIMAO,SP,7,0,-0.9495921517718412,1.9950571131587542,0.9488400377183815,-1.1921103354398443,-0.866953208348354,2.1685640512420528,0.0,False
A771,SAO PAULO - INTERLAGOS,SP,8,0,-0.7591365292348966,1.5990421760809657,0.9549377385521062,-0.8422840752977991,-0.5685422425681623,1.7127989783944995,0.0,False
A801,PORTO ALEGRE,RS,22,0,-0.5247783398170348,1.5177017747525035,0.9703872416494879,-0.7943553244483343,-0.2722741720125051,1.7235764088909522,0.0,False
A801,PORTO ALEGRE - JARDIM BOTANICO,RS,4,0,-0.5942692328929084,1.4622713110405208,0.9738387342233958,-0.6165358298152631,-0.5119565749337947,1.472219479140728,0.0,False
A802,RIO GRANDE,RS,25,0,-0.17235046103709836,2.4392296788768744,0.9001734309676505,-0.8980749848710331,0.08021572859704108,2.9250879125996034,0.0,False
A803,SANTA MARIA,RS,25,0,-0.5740794241166188,1.8185571582303117,0.9637966785771455,-1.4193221824911464,-0.3344617522399061,2.1202600904166973,0.0,False
A804,SANTANA DO LIVRAMENTO,RS,23,0,0.3099212164178352,1.633968370723726,0.9675539433886149,-0.351536064123484,0.6986952421785705,1.9009623667432125,0.0,False
A805,SANTO AUGUSTO,RS,25,0,-0.2849236779869912,1.7120161175156692,0.961417577470984,-1.3458441512641282,0.1570265805685349,2.1753811691264358,0.0,False
A806,FLORIANOPOLIS,SC,23,0,-0.72267904273393,1.4937425736880499,0.9546290847665936,-0.8480534994999885,-0.5638284495546481,2.022482532628401,0.0,False
A807,CURITIBA,PR,22,0,-1.1879839235306355,1.889566170280826,0.9564374157635074,-1.453887342187981,-0.6944214008135198,2.2637041175587274,0.0,False
A808,TORRES,RS,18,0,-0.7644914568690566,1.6840557411656574,0.9390305741304068,-1.1121646452442466,-0.4033380755147203,2.0078650447349706,0.0,False
A809,URUGUAIANA,RS,20,0,-0.1801778843578316,1.615402801580146,0.9732439564132793,-0.4107005201140116,-0.03949097499538206,1.8474064885174908,0.0,False
A810,SANTA ROSA,RS,20,0,-0.3782957612720078,1.8486796047028333,0.9649524796636235,-0.7006852212003777,0.06761136254348783,2.3756262380942212,0.0,False
A811,CANGUCU,RS,19,0,0.44897078920054306,1.6594385522169344,0.9615061591329536,0.2164608506470112,0.634001646488588,1.7816284752790177,0.0,False
A812,CACAPAVA DO SUL,RS,20,0,0.44158733362787383,1.809123204476773,0.9589154657826264,0.14597926590376253,0.6744966379150545,1.920100301886365,0.0,False
A813,RIO PARDO,RS,20,0,-0.6771217479920046,1.6789835709257175,0.9662347367649698,-0.8416733261172336,-0.44302498427866244,1.8214770646374936,0.0,False
A814,URUSSANGA,SC,18,0,-0.9210656451981628,1.8361122602021873,0.9586638947593729,-1.595457842984765,-0.5423309715071203,2.2859535852559807,0.0,False
A815,SAO JOAQUIM,SC,18,0,0.14227410483528974,1.5489666282740322,0.9535899526160295,-0.044689574830443814,0.2781952353263054,1.6971368802732294,0.0,False
A816,NOVO HORIZONTE,SC,18,0,0.545171520335296,2.111412115308995,0.9210190752554325,0.37326263192180303,0.7069921044379766,2.226005686316268,0.0,False
A817,INDAIAL,SC,20,0,-2.3885477168583895,2.813449594135369,0.9525997548118217,-2.8713216957008787,-2.1396574911660293,3.2589285336203395,0.0,False
A818,IVAI,PR,20,0,-0.9305079449166196,1.888480173667063,0.9555226600155141,-1.2447849480123099,-0.6466703416851036,2.182299813281747,0.0,False
A819,CASTRO,PR,19,0,-0.32502877244409745,1.8845964586666364,0.9436379128666276,-0.8137297302624895,0.12699834553894906,2.178653047538245,0.0,False
A820,MAL. CANDIDO RONDON,PR,20,0,0.07773383551720867,1.7787135869250257,0.9539040033074677,-0.14894705661731172,0.3693479507024592,1.9750620947612767,0.0,False
A821,JOAQUIM TAVORA,PR,20,0,-0.32281901004258995,1.7677411319840304,0.9444129710375526,-0.9530838397766,0.1127540887233972,1.9786658794060583,0.0,False
A822,NOVA TEBAS,PR,18,0,-1.38271831020825,2.1006108797443446,0.9501999663608386,-1.788537745795827,-0.4642873873376256,2.8276595931356505,0.0,False
A823,INACIO MARTINS,PR,20,0,0.797568369860535,1.9353910405913075,0.9309693288774332,0.6475290896280739,0.9987710552706311,2.1133938025137193,0.0,False
A824,ICARAIMA,PR,17,0,-0.2643520325705333,1.803782055394072,0.937447390843778,-1.2781167866931928,0.21058486183817243,4.44966823509254,0.0,False
A825,GOIOERE,PR,7,0,-0.824203044048831,1.8120564869276174,0.9454864909317936,-1.614523607672059,-0.5277738424532845,2.1474428909871706,0.0,False
A826,ALEGRETE,RS,20,0,-0.25574665883244113,1.6101601577043856,0.9725390607476481,-0.6192729190207719,-0.12606874935250523,1.8910445830979932,0.0,False
A827,BAGE,RS,19,0,-0.7347087842991694,1.7002778548387136,0.9726134539476893,-0.918109099397658,-0.5813374822973402,1.8908245204519436,0.0,False
A828,ERECHIM,RS,20,0,-0.08027504315288336,1.8084426761976053,0.9503330915246192,-0.38165318810334337,0.06692788749212603,2.0414942197084063,0.0,False
A829,SAO JOSE DOS AUSENTES,RS,20,0,1.405392488579209,2.1478782854231793,0.9511188319691005,1.1643336870791146,1.5786135915857964,2.247035531785915,0.0,False
A830,SAO BORJA,RS,19,0,-0.27088449901587563,1.6498345352757524,0.968584836937497,-0.5165645362400527,-0.026150580069413978,2.0368543076811476,0.0,False
A831,QUARAI,RS,19,0,-0.09090126992027735,1.8129812731896155,0.9696968451942277,-0.3873258731002365,0.14983332212052705,2.102591905031533,0.0,False
A832,SAO GABRIEL,RS,19,0,-0.7350753760586028,1.7831578924188929,0.9698322689047506,-1.3492783777516606,-0.37891608635474855,2.291546910187212,0.0,False
A833,SANTIAGO,RS,17,0,-0.20054185210472028,1.7613767633176718,0.9626899877846781,-0.45919868247734574,0.0027412711860103694,1.954103627028331,0.0,False
A834,TRAMANDAI,RS,18,0,-0.4123322905411324,1.5658997404581534,0.9434074166267528,-0.6305715808640427,-0.15784217911793258,1.7829134076305897,0.0,False
A835,MARINGA,PR,20,0,-0.8216558638687316,1.985523007256083,0.9342866199792137,-1.2197495123526,-0.35440594287778193,2.1314343662862347,0.0,False
A836,JAGUARAO,RS,19,0,-0.3657753474139832,1.3528798819956638,0.9772594143603477,-0.4951900983450879,-0.039268699787533425,1.5050472610256003,0.0,False
A837,SOLEDADE,RS,18,0,-0.3199709918712811,1.7814639040239426,0.9560233059099266,-0.4539954236242338,-0.12875393531844145,2.181101921893424,0.0,False
A838,CAMAQUA,RS,20,0,-0.18135129103810527,1.5478190336352964,0.9669902113087494,-0.3943355412945159,-0.012864004051846211,1.6390559703610021,0.0,False
A839,PASSO FUNDO,RS,20,0,-0.0245233981761704,1.5993098579035692,0.9643839490907686,-0.6934055119928628,0.1087762098376599,2.015495635204243,0.0,False
A840,BENTO GONCALVES,RS,20,0,-0.36507141529265996,1.7439691748467687,0.9552556576264204,-0.5913231229655056,-0.06959378653370006,1.8792069670828595,0.0,False
A841,JOACABA,SC,17,0,-0.2042649789347114,1.743289358514647,0.9505048177532107,-0.5824953032730524,0.02116642432025675,1.9879372176231582,0.0,False
A842,NOVA FATIMA,PR,18,0,-0.7348472216346289,1.807178219651747,0.9423711322338806,-1.4670707557160534,0.03874549828469753,2.1858520196649303,0.0,False
A843,DOIS VIZINHOS,PR,19,0,-0.5746817739091603,1.8372371490159236,0.9518983482436973,-1.6922096518369822,-0.3989866753365881,2.1225834141812387,0.0,False
A844,LAGOA VERMELHA,RS,19,0,-0.5434388885559468,1.7190301151001464,0.9596057258153384,-0.7503205455221142,-0.3828933853212176,1.9202788639499977,0.0,False
A845,BOM JARDIM DA SERRA - MORRO DA IGREJA,SC,18,15,4.699104628109503,5.240211317395939,0.8847522346210315,4.180460747363605,5.249753832776175,5.505636713552913,83.33333333333334,True
A846,FOZ DO IGUACU,PR,18,0,0.22281903840499384,1.8645144262728657,0.9557895494163768,-0.19016844380063772,0.41246715981162396,2.025001776298077,0.0,False
A847,ILHA DO MEL,PR,12,0,0.13559971430558676,1.7701391318572375,0.8814644159942919,-0.14274428941905742,0.6178871913211106,2.2507762282605612,0.0,False
A848,DIONISIO CERQUEIRA,SC,18,0,-0.027858958610194776,1.8043748103957071,0.9422662549173983,-0.19764182305653713,0.16052513405652488,2.0169781263731017,0.0,False
A849,DIAMANTE DO NORTE,PR,18,0,-0.2697945870919103,1.7557970206991174,0.9461363086366414,-0.4834416564521762,0.25503059559709035,2.1694892108272987,0.0,False
A850,PARANAPOEMA,PR,18,0,-0.20650668169633957,1.7909650571174582,0.9503171113077069,-1.2927033413855131,-0.06224849792325919,2.009705017464164,0.0,False
A851,ITAPOA,SC,19,0,-0.9900850060760151,2.0419677572017796,0.9215195671680922,-1.4956258965640608,-0.3202250425555478,2.1816450250422723,0.0,False
A852,SAO LUIZ GONZAGA,RS,19,0,-0.5950780619836891,2.028291774439153,0.9557759907330662,-0.8844309593315146,-0.4307908794302904,2.1258644784181207,0.0,False
A853,CRUZ ALTA,RS,19,0,0.5666307903889917,1.7485650314134908,0.9672229885882339,-0.13260291463210722,0.96411560905193,2.0199335203595283,0.0,False
A854,FREDERICO WESTPHALEN,RS,19,0,-0.1760618523941497,1.684359822943685,0.9595838694709875,-0.4441372147673346,0.0488550114361112,1.8341593767710684,0.0,False
A855,PLANALTO,PR,19,0,-0.574206988648071,1.7902665318380595,0.9563936409086954,-1.2996426722677104,0.6383516962599495,2.373483440132874,0.0,False
A856,PALMEIRA DAS MISSOES,RS,18,0,-0.10726179086975332,1.8640917504483343,0.9515726075571872,-0.32026115700049745,0.18065204156580203,1.9627641076943385,0.0,False
A857,SAO MIGUEL DO OESTE,SC,17,0,0.08433035888893074,2.0770384396713353,0.9298326773939043,-1.0367704007504999,0.23961714211201568,2.4236567090557544,0.0,False
A858,XANXERE,SC,18,0,0.33937517485060353,2.0447512311125413,0.931033706431915,0.10982881746184726,0.7152215234332914,2.154128504696111,0.0,False
A859,CACADOR,SC,17,0,-0.6240430920857942,1.810670750612291,0.9537958262324965,-0.8139741517491064,-0.09957857936727829,1.9920031829795404,0.0,False
A860,CURITIBANOS,SC,18,0,-0.5361583441769748,1.5557123956741918,0.9628699160738462,-0.7229590740753338,-0.3971598784725888,1.759748007121454,0.0,False
A861,RIO DO CAMPO,SC,18,0,-1.6858446243056724,2.4125366591774804,0.9466896942799745,-2.331227236586651,-1.3151111020977635,3.76550332575345,0.0,False
A862,RIO NEGRINHO,SC,18,0,-0.33329754137827744,1.7272270613836622,0.950995606031279,-0.4795202591190977,-0.21181706987925342,1.9529683498154673,0.0,False
A863,ITUPORANGA,SC,18,0,-1.4107695200305734,2.129900594223216,0.9552722416941777,-1.5963675090988758,-1.089451970574688,2.2874768102960714,0.0,False
A864,MAJOR VIEIRA,SC,17,0,-0.04497092522279033,1.6755173768260847,0.9579312656925661,-0.6972454856089829,0.1190083413479542,2.899733233597652,0.0,False
A865,LAGES,SC,12,0,-0.6053609492047154,1.5036869404380702,0.9667070392448066,-0.816666331289987,-0.35557050475043833,1.6062430906651506,0.0,False
A866,Laguna  - Farol de Santa Marta,SC,17,0,0.37524664277495445,1.4274558317439732,0.9208019973478713,-0.21564902886217913,0.6413415255273496,1.6679678637276598,0.0,False
A867,ARARANGUA,SC,18,0,-0.4178914263400513,1.981593670813211,0.9373714042291289,-0.9008488768190799,-0.11730169041888604,2.176932163215552,0.0,False
A868,ITAJAI,SC,16,0,-0.5587091156738406,1.67226188721386,0.9494744979136729,-1.0448767571593711,0.5285587310791016,1.835014946850158,0.0,False
A869,CIDADE GAUCHA,PR,18,0,-0.5630923918627853,1.7549492379320428,0.9518617165081789,-0.9084296567001722,0.008671612115758929,1.9666792984580268,0.0,False
A870,RANCHO QUEIMADO,SC,10,0,0.8837718728131115,1.725633349897402,0.9553998570901447,0.7490467836357195,1.0742352377832025,2.2909161132751694,0.0,False
A871,JAPIRA,PR,18,0,-0.2077116443255677,1.8632748284434686,0.9315306979621746,-0.7381320819318958,0.4689487093584374,2.0606769820094164,0.0,False
A872,VENTANIA,PR,14,0,0.2974375351722679,1.8874991958309366,0.9207674688444507,0.08174146799232446,0.6693228478643818,2.004407767613472,0.0,False
A873,MORRETES,PR,18,0,-1.3824650216126364,2.108654255275531,0.9400760815593396,-1.6390395794837935,-1.0799120214564581,2.358427705478078,0.0,False
A874,SAO MATEUS DO SUL,PR,15,0,0.36124248128471464,2.1867168921843425,0.9429984461067379,0.07959423783317147,0.6174326180018587,2.4439525779085076,0.0,False
A875,GENERAL CARNEIRO,PR,18,0,-0.7169400506885597,2.4756766607747345,0.9356957640514798,-1.5935342505566361,-0.2773194398259212,2.727243472114232,0.0,False
A876,CLEVELANDIA,PR,18,0,-0.16918276914267025,1.5535494207416884,0.9610853266261299,-0.292802775209464,0.2571748331569448,1.7394062690749916,0.0,False
A878,MOSTARDAS,RS,16,0,-0.3093838255461582,1.890696590311056,0.9145399395266398,-0.5898826040656909,-0.03839372967217035,2.114196953566422,0.0,False
A879,CANELA,RS,18,0,0.12713208273304746,1.5493278231527965,0.9595285616075775,-0.024455055355462555,0.30219819586673574,1.6582246296955463,0.0,False
A880,VACARIA,RS,18,0,0.5507329338999021,1.619186435825202,0.9659130496895938,0.36719163736323607,0.7727681859507383,1.749581409928317,0.0,False
A881,DOM PEDRITO,RS,16,0,-0.6641927332615818,1.7259384191764549,0.9724387586918708,-1.0090072273033401,-0.4618193151661534,2.3961420069147685,0.0,False
A882,TEUTONIA,RS,14,0,-1.528432176661899,2.3072916320084658,0.9642718742419767,-1.6536181887110228,-1.3403606829469155,2.520872450097305,0.0,False
A883,IBIRUBA,RS,14,0,-0.33106706474561576,1.8015426807311907,0.9588253612883676,-1.1371092338610975,-0.15980715906280088,2.217804710013061,0.0,False
A884,CAMPO BOM,RS,13,0,-1.307768440592818,2.178995689487583,0.9643716001141373,-1.6641765092327088,-1.0432438005059614,2.314830968780262,0.0,False
A886,TUPANCIRETA,RS,10,0,-0.3124435914984842,1.7459783619659315,0.9641489267776933,-0.4460613661998166,0.6610094263361537,2.0567643880567976,0.0,False
A887,CAPAO DO LEAO (PELOTAS),RS,7,0,-0.32383770243274074,1.383687283824368,0.9712723900214724,-0.4080299791038488,-0.24143832071034382,1.4559513713873902,0.0,False
A889,SAO VICENTE DO SUL,RS,10,0,-0.08766305192019944,1.561102160586644,0.9724943850845317,-0.1992620879988007,0.04505334515868311,1.6300486451817084,0.0,False
A893,ENCRUZILHADA DO SUL,RS,8,0,-0.2084827314210001,1.5650126662185098,0.9664658949710968,-0.38291070102875435,-0.08780241867477862,1.713854138669094,0.0,False
A894,SERAFINA CORREA,RS,10,0,-0.47336135473852015,2.082371002800852,0.9582320131055903,-0.6398457256827228,-0.3050471542630231,2.1366498969717598,0.0,False
A895,CHAPECO,SC,7,0,-0.07527925497758123,1.8685742266258125,0.9479241727117304,-1.2871267338759311,0.060179010969536324,2.2047827281771757,0.0,False
A897,CAMBARA DO SUL,RS,10,0,0.09750365386187426,1.4493771119581358,0.9627285897422614,-0.1402805224244048,0.24812438385481397,1.5590702567562398,0.0,False
A898,CAMPOS NOVOS,SC,7,0,0.17965714074467978,1.6479546720157452,0.9550169750937814,-0.06799080388960786,0.2788764568791315,1.74128717633383,0.0,False
A899,Santa Vitoria do Palmar - Barra do Chui,RS,18,0,-0.30880366738575715,1.9839477645334185,0.9393458562601498,-0.4907931272333058,-0.08145829663147552,2.2731715447789975,0.0,False
A901,CUIABA,MT,24,0,-1.6430817275552965,2.5500440975590903,0.9190372262794646,-2.5152017228181416,-0.9863545165850209,3.192372155855329,0.0,False
A902,TANGARA DA SERRA,MT,22,0,0.8735970385815919,1.9968553309124912,0.9201377654976978,0.5755616822560433,1.2126265757660293,2.1777827176709037,0.0,False
A903,S.J. DO RIO CLARO,MT,23,0,-0.3987608476621921,2.183062197611983,0.9313214405309548,-0.9845150095785103,0.18176566077512857,2.436956694249167,0.0,False
A904,SORRISO,MT,23,0,-0.785652943684601,1.9010686529800735,0.9263173838914301,-1.1350725585413566,-0.5041780210260731,2.173406778912932,0.0,False
A905,CAMPO NOVO DOS PARECIS,MT,23,0,-0.5146122324364013,1.8573848838807352,0.9275589114322228,-0.8378830854763245,-0.36188069174636234,1.9669628127299779,0.0,False
A906,GUARANTA DO NORTE,MT,22,0,-0.1367989321942152,1.9502918583808029,0.9059508527511064,-0.8514496038771697,0.5178394563541839,2.1807271421695638,0.0,False
A907,RONDONOPOLIS,MT,23,0,0.019023355673320613,1.9721805483804689,0.9350121292001369,-0.2480725975717771,0.5992843499842057,2.5996846192311462,0.0,False
A908,AGUA BOA,MT,20,0,0.23995960207825826,1.794613019935503,0.915583936009764,-0.08950814503456782,0.5444462934660348,1.9766807640797288,0.0,False
A909,ALTO ARAGUAIA,MT,15,0,-0.23096199866934763,1.6917596797083339,0.9405584855766133,-0.5273318223238583,0.09348817111593462,1.8618207681570849,0.0,False
A910,APIACAS,MT,19,0,-1.0640658936400889,2.283094692298901,0.8896609796033006,-2.3886116275887046,-0.2690917278482533,3.018829167816287,0.0,False
A911,SAPEZAL,MT,8,0,0.27001504536394627,1.8252771838271928,0.9280523596561554,0.03206688229459976,1.3231551810652582,2.77763599081467,0.0,False
A912,CAMPO VERDE,MT,20,0,0.04417567691639307,1.6227529369187947,0.9204445809223223,-0.34415487977336273,0.3954325060553616,1.7214537437513933,0.0,False
A913,COMODORO,MT,19,0,0.6672576972036678,2.338811505996813,0.9028251470191591,0.025992076932175073,1.7851856933084214,3.1078796821136327,0.0,False
A914,JUARA,MT,17,0,-0.16939284339940647,1.977370615927883,0.9062334741199748,-0.5187178852059645,0.3347219918694802,3.1778909309709547,0.0,False
A915,PARANATINGA,MT,18,0,-0.6766116768070254,2.0901662832581325,0.9219091228665632,-0.94897598529425,0.03763684110578839,2.857551832915928,0.0,False
A916,QUERENCIA,MT,17,0,-0.27360471538722,1.9310363852511758,0.9138561095093157,-0.847286987009383,0.12715129862873714,2.576722454934563,0.0,False
A917,SINOP,MT,19,0,-0.5401911562409788,1.8442600587584783,0.9279349175512375,-0.8769848062334322,-0.2742448325310025,2.021678318846202,0.0,False
A919,COTRIGUACU,MT,18,0,0.5693797073785257,2.357865864809007,0.8579951949444622,-0.6245016438464609,1.4779836513551032,2.6831677216585677,0.0,False
A920,JUINA,MT,20,0,-0.05943220847446175,1.718410478402435,0.9070993004973278,-0.9171018903016613,0.31024606524816556,2.2188386289611306,0.0,False
A921,SAO FELIX  DO ARAGUAIA,MT,16,0,0.38863534993107757,1.995711628961344,0.9072792512631405,-0.01260415807871798,0.9785893522621272,2.5598166899720223,0.0,False
A922,VILA BELA DA SANTISSIMA TRINDADE,MT,19,0,-0.697392722383218,2.008447457961452,0.9340680327752987,-1.3840737909966738,-0.2539011721791429,4.516949547295888,0.0,False
A923,PRIMAVERA DO LESTE,MT,8,0,0.14156161608035908,1.6880988667018821,0.9235999600771674,-0.1607724479578296,0.5173539842161325,1.8056325360517929,0.0,False
A924,ALTA FLORESTA,MT,17,0,0.441590108987732,2.191162938425877,0.882230647235653,-0.3753002640080902,0.8798688005640122,2.7405386946402137,0.0,False
A925,PORTO VELHO,RO,17,0,-0.28537058380160923,1.8850354717328501,0.880647706035785,-1.3355555074346035,0.27985539175940033,2.268003403857883,0.0,False
A926,CARLINDA,MT,17,0,0.1872264780251216,1.6201080316549519,0.9166736661038832,-0.521841323492515,0.8363370000172341,1.763731373758742,0.0,False
A927,BRASNORTE (MUNDO NOVO),MT,12,0,-0.2913406794107409,1.6848767432011489,0.9201129257587009,-0.5262806040021626,-0.024935317925242898,1.9625403181037,0.0,False
A927,BRASNORTE (NOVO MUNDO),MT,5,0,-0.26591984182271855,1.7145386406919279,0.9169414244982398,-0.4919129636930864,0.10136954832812436,1.8568174274132854,0.0,False
A928,NOVA MARINGA,MT,17,1,-0.5889471752792024,1.9807823936082531,0.9222600326368063,-4.158622301026458,-0.05125237093992823,6.505013080392719,5.88235294117647,False
A929,NOVA UBIRATA,MT,17,0,-0.5644991810005938,1.8135622174121295,0.9282061592923238,-0.899797538801237,-0.09179744124412537,2.1643728197603167,0.0,False
A930,GAUCHA DO NORTE,MT,18,0,-1.0292748334140869,2.0607995753777457,0.9290269697760573,-2.2191676261041855,-0.1060253262363686,2.732706098666342,0.0,False
A931,SANTO ANTONIO DO LESTE,MT,18,0,-0.42059471954244504,1.9067163284853197,0.9194878688614845,-0.6299278474451478,-0.14866416142322122,2.1269308748426337,0.0,False
A932,GUIRATINGA,MT,18,0,-1.6941495856494764,2.4281746754096742,0.9285099266330299,-2.0412885336472946,-0.645014071014966,2.716187360024091,0.0,False
A933,ITIQUIRA,MT,16,0,0.0071665848381467735,1.890453932228839,0.9189718546232756,-0.8468358445535522,0.5218474082329597,2.03483433885285,0.0,False
A934,ALTO TAQUARI,MT,18,0,0.25608333675440503,1.738249679303943,0.9294470803902933,-0.20418251071632523,0.3905505572708954,1.9500267907987947,0.0,False
A935,PORTO ESTRELA,MT,17,0,-0.48015107541340835,1.9435669274425034,0.9380812206617488,-0.856162758639473,-0.01649366302924098,2.294865803302483,0.0,False
A936,SALTO DO CEU,MT,17,0,0.5048478112983668,2.448947078609805,0.9181331283450331,-1.0914016700550917,0.8170593442533632,2.766177069563048,0.0,False
A937,PONTES E LACERDA,MT,16,0,-0.9345541901502541,2.0268052165447044,0.9357430134997371,-1.2765081644343943,0.3830001110064039,2.3047724153943787,0.0,False
A938,VILHENA,RO,18,0,-0.58115616765709,1.7061021962865024,0.9065968184174239,-0.7348190816737614,-0.38652693474214944,1.8538513488406636,0.0,False
A939,CACOAL,RO,18,0,-1.056822899521714,2.0029469710045955,0.9170064377450347,-2.6835735525403703,-0.7728995836087522,2.7533614945487273,0.0,False
A940,ARIQUEMES,RO,15,0,-0.14848266984989916,1.8910927491970884,0.9028223083539884,-0.5891145889150226,0.1065396328315831,2.0941630791943306,0.0,False
A941,CACERES,MT,9,0,-0.15984782164883304,1.778475724882732,0.9389709908779998,-0.44667984659796667,0.2638496962870217,1.93529169500828,0.0,False
A942,SAO JOSE DO XINGU,MT,5,0,-0.40351911170393195,1.7977681072447314,0.9308323285378253,-0.6070821932924354,-0.13755036791874953,2.0510044250717874,0.0,False
A943,SERRA NOVA DOURADA,MT,7,0,0.0006867527830057387,1.6029735438458401,0.8910882197832849,-0.3754303240736538,0.4746439616564758,1.7897913732951478,0.0,False
A944,ROSARIO OESTE,MT,6,0,0.29254516754082727,2.270225831001409,0.9315841404730532,-0.47006378721430775,0.5987828723675078,2.710488104603321,0.0,False
A945,BARRA DO GARCAS,MT,1,0,-1.1968882752435834,2.1066691924294427,0.8535519810788541,-1.1968882752435834,-1.1968882752435834,2.1066691924294427,0.0,False
A947,NOVO SANTO ANTONIO,MT,1,0,-0.2757834386251158,1.6158819449660484,0.9021590906241658,-0.2757834386251158,-0.2757834386251158,1.6158819449660484,0.0,False
A949,DIAMANTINO,MT,1,0,-0.8104445376652526,1.9678710332332945,0.8420640496356947,-0.8104445376652526,-0.8104445376652526,1.9678710332332945,0.0,False
A950,ITANHANGA,MT,1,0,-0.6707677428751326,1.542959997629312,0.8756420381762856,-0.6707677428751326,-0.6707677428751326,1.542959997629312,0.0,False
A954,COCALINHO,MT,1,0,-0.38812161539233503,1.700572704674421,0.8943485428534995,-0.38812161539233503,-0.38812161539233503,1.700572704674421,0.0,False
A955,LUCAS DO RIO VERDE,MT,1,0,-0.7823655868795378,1.7314883206680018,0.8624825823091411,-0.7823655868795378,-0.7823655868795378,1.7314883206680018,0.0,False
B803,CAMPINA DA LAGOA,PR,10,1,-0.596145560120166,1.9979431383703536,0.930104892198832,-2.3803475243315595,-0.35377830205184785,5.025755766098371,10.0,False
B804,LARANJEIRAS DO SUL,PR,10,0,0.41530446708209345,2.0476096060391313,0.9413514352289205,-0.3351518806824763,0.689983120414592,2.3767244806016823,0.0,False
B806,COLOMBO,PR,10,0,-0.17652866394233288,1.592360956992351,0.9556118859817244,-0.30362540514148095,0.0521149864558643,2.1488269961623248,0.0,False
B807,PORTO ALEGRE- BELEM NOVO,RS,3,0,-0.09569345665909397,1.3502976207438249,0.9686592518233494,-0.20745244883959083,0.09887189163806305,1.3808357038688566,0.0,False
B808,CACHOEIRINHA,RS,1,0,-0.7216624453810864,1.5024909260490784,0.9654229988077504,-0.7216624453810864,-0.7216624453810864,1.5024909260490784,0.0,False
B809,SAPUCAIA DO SUL,RS,1,0,-1.6120350611086307,2.141345976506818,0.964596714317235,-1.6120350611086307,-1.6120350611086307,2.141345976506818,0.0,False
B810,PARQUE ELDORADO,RS,1,0,0.3132467380858768,1.4280262457998951,0.9609725478191569,0.3132467380858768,0.3132467380858768,1.4280262457998951,0.0,False
B811,SERTAO SANTANA,RS,1,0,-1.2403637222377166,1.9922257568704334,0.9602468193771754,-1.2403637222377166,-1.2403637222377166,1.9922257568704334,0.0,False
B812,CHARQUEADAS,RS,1,0,-1.0136976671450404,1.5943151471559291,0.9689938557540595,-1.0136976671450404,-1.0136976671450404,1.5943151471559291,0.0,False
B813,MINAS DO LEAO,RS,1,0,-0.5239409337043253,1.6808532355530892,0.9562347252101615,-0.5239409337043253,-0.5239409337043253,1.6808532355530892,0.0,False
B814,MONTENEGRO,RS,1,0,-0.6466369881226738,1.797674263364768,0.9543309890137844,-0.6466369881226738,-0.6466369881226738,1.797674263364768,0.0,False
B816,SANTA MARIA DO HERVAL,RS,1,0,0.20571513373739908,1.514882342898016,0.9527408884895004,0.20571513373739908,0.20571513373739908,1.514882342898016,0.0,False
B817,CAXIAS DO SUL - CRIUVA,RS,1,0,0.09076040959042499,1.5686213055971647,0.9565706594269373,0.09076040959042499,0.09076040959042499,1.5686213055971647,0.0,False
B818,CAXIAS DO SUL - AEROPORTO,RS,1,0,-0.18377857392359778,1.415950626928926,0.9601722040535239,-0.18377857392359778,-0.18377857392359778,1.415950626928926,0.0,False
B819,ROLANTE,RS,1,0,-1.8623345073333961,2.629386898493438,0.9450816754928238,-1.8623345073333961,-1.8623345073333961,2.629386898493438,0.0,False
B820,SAO FRANCISCO DE PAULA,RS,1,0,1.4433450470604514,1.8351810304972975,0.9740443304302678,1.4433450470604514,1.4433450470604514,1.8351810304972975,0.0,False
B821,SANTANA DA BOA VISTA,RS,1,0,-0.007115027671287529,1.4517160365871211,0.9647838216215004,-0.007115027671287529,-0.007115027671287529,1.4517160365871211,0.0,False
B822,CACHOEIRA DO SUL,RS,1,0,-0.838919218311037,1.5656753051689516,0.9656885954904094,-0.838919218311037,-0.838919218311037,1.5656753051689516,0.0,False
B823,PINHEIRO MACHADO,RS,1,0,0.11954203137703531,1.3449025372082806,0.9721667066751153,0.11954203137703531,0.11954203137703531,1.3449025372082806,0.0,False
B825,PORTO ALEGRE - BELEM NOVO,RS,1,0,-0.4514072370820146,1.3596850949845847,0.9600347370721373,-0.4514072370820146,-0.4514072370820146,1.3596850949845847,0.0,False
B826,HERVAL,RS,1,0,0.1702559226938685,1.2933362879064556,0.9707446521995435,0.1702559226938685,0.1702559226938685,1.2933362879064556,0.0,False
B827,BAGE - CENTRO,RS,1,0,-1.427222245600554,1.980446100468486,0.970367483533123,-1.427222245600554,-1.427222245600554,1.980446100468486,0.0,False
B828,ACEGUA,RS,1,0,-0.06798382118782649,1.4827079973545851,0.9648712364995629,-0.06798382118782649,-0.06798382118782649,1.4827079973545851,0.0,False
B829,SANTA VITORIA DO PALMAR (RESERVA DO TAIM),RS,1,0,-0.25247758314724494,1.4333450202966111,0.9249323343014509,-0.25247758314724494,-0.25247758314724494,1.4333450202966111,0.0,False
B830,SANTA VITORIA DO PALMAR (CENTRO),RS,1,0,-0.5771412908763663,1.6606964774583983,0.9662318601729595,-0.5771412908763663,-0.5771412908763663,1.6606964774583983,0.0,False
B832,CAPAO DA CANOA,RS,1,0,-1.1667712717333132,2.635008264418037,0.7817853120944439,-1.1667712717333132,-1.1667712717333132,2.635008264418037,0.0,False
B836,PALMARES DO SUL,RS,1,0,-0.5296691328498296,1.3289054217495653,0.9572191468828264,-0.5296691328498296,-0.5296691328498296,1.3289054217495653,0.0,False
B839,SANTO ANTONIO DA PATRULHA,RS,1,0,-2.1588206217664716,2.5302598433605143,0.9621049058719756,-2.1588206217664716,-2.1588206217664716,2.5302598433605143,0.0,False
B841,TORRES,RS,1,0,-1.0177099569143364,2.4629086694538915,0.8081082886466889,-1.0177099569143364,-1.0177099569143364,2.4629086694538915,0.0,False
F501,BELO HORIZONTE - CERCADINHO,MG,12,0,0.005995784510377852,1.6914326821194248,0.9265250228017814,-0.41143276487672414,0.329469251767359,1.785244432777742,0.0,False
S101,FORTE PRINCIPE,RO,1,0,-0.9820469099136366,2.367539623500653,0.9475805506220817,-0.9820469099136366,-0.9820469099136366,2.367539623500653,0.0,False
S102,PEF IPIRANGA,AM,2,0,-2.624698963736696,3.332965789093905,0.594686482713741,-2.7935358221466475,-2.4558621053267453,3.617721261436529,0.0,False
S103,CRMN MANAUS,AM,2,0,-0.5261659076414631,1.6187797483612778,0.8672589196812921,-0.5483412258739466,-0.5039905894089796,1.6560740791943163,0.0,False
S104,DTCEA VILHENA,RO,2,0,0.3686703221633028,1.655732384017239,0.9118386556818365,0.24134016750052661,0.496000476826079,1.6810942301364034,0.0,False
S105,DTCEA TABATINGA,AM,1,0,0.023641786403937496,4.113587144058348,0.5182250897016142,0.023641786403937496,0.023641786403937496,4.113587144058348,0.0,False
S107,DOM ELISEU,PA,2,0,1.446571258721295,2.159787683394053,0.8994266729556966,1.4051240467845012,1.4880184706580892,2.219312851255502,0.0,False
S108,SAO BENTO,MA,2,0,-0.6087373549377157,1.6725686656448144,0.8702924759687419,-0.8502909757597141,-0.36718373411571725,1.8903235318184541,0.0,False
S110,DTCEA GUAJARA-MIRIM,RO,2,0,-1.3739124896803414,2.7043877519274355,0.8396722937766693,-1.4644333982304814,-1.2833915811302012,2.7436022574759282,0.0,False
S113,BALIZA,RR,2,0,-0.7648579127761337,2.1522240668053794,0.8511922954851352,-0.7755475772050108,-0.7541682483472566,2.2234230776464416,0.0,False
S114,PACARAIMA,RR,2,1,-0.2306221471952993,2.944682531811183,0.6463853836481076,-0.29071333059628823,-0.17053096379431038,4.385184647804131,50.0,False
S115,PEF YAUARETE,AM,1,0,-0.379371384233189,1.8006127752025252,0.7695712372989504,-0.379371384233189,-0.379371384233189,1.8006127752025252,0.0,False
S116,PEF ESTIRAO DO EQUADOR,AM,1,0,-0.7398446022841764,2.0117516494857326,0.8436792149582557,-0.7398446022841764,-0.7398446022841764,2.0117516494857326,0.0,False
S117,DTCEA TEFE,AM,2,0,-0.15525678862350498,1.869261958114108,0.8562129955644481,-0.19341447689568297,-0.11709910035132698,1.9016617481773623,0.0,False
S120,DTCEA JACAREACANGA,PA,2,0,0.1762946340510237,2.3947379563745166,0.8205588639686641,0.13797370845401052,0.21461555964803683,2.6177666211132316,0.0,False
S121,SANTA ISABEL DO RIO NEGRO,AM,1,0,-0.9722202572694252,2.471897119871465,0.8202009011790627,-0.9722202572694252,-0.9722202572694252,2.471897119871465,0.0,False
S122,EB_PEF_BONFIM,MG,1,0,-2.5413571640982453,2.9159480183129283,0.8878225572190334,-2.5413571640982453,-2.5413571640982453,2.9159480183129283,0.0,False
S701,ANGELICA,MS,4,0,-0.1822471593690334,1.6870936196162933,0.9575082715175973,-0.2572044880778853,-0.07139496412080805,1.7560000023633426,0.0,False
S702,ARAL MOREIRA,MS,4,0,0.7790063013133726,2.1001631826864458,0.9459584659712512,0.5937519988734579,1.0271174076035856,2.203665959571069,0.0,False
S703,BANDEIRANTES,MS,1,0,0.05033799361235774,2.0524062722396077,0.9449438043394947,0.05033799361235774,0.05033799361235774,2.0524062722396077,0.0,False
S704,BONITO,MS,4,0,-0.46855380436967053,2.086090612875755,0.9474429307733394,-0.6870882460996208,-0.08539493999221233,2.1140133291013576,0.0,False
S705,BRASILANDIA,MS,2,0,0.225465973216953,1.8705414451741653,0.947187093117161,0.08674391778411647,0.3641880286497895,1.9356471453270552,0.0,False
S706,CAARAPO,MS,4,0,-0.24204149315918178,1.8173847173449453,0.9466986797320929,-0.3800785019489661,-0.02050396896736583,1.8922308246932327,0.0,False
S707,CAMAPUA,MS,3,0,0.6564329170020188,1.8283686589425572,0.9333512888116089,0.013132142774961176,0.7843977383150457,2.300304122768186,0.0,False
S708,FATIMA DO SUL,MS,4,0,-0.04259650627201705,1.9378991467323305,0.9487939428278566,-2.354982407654033,0.6421033319040645,2.597426128376748,0.0,False
S709,IGUATEMI,MS,4,0,-0.371953283826588,1.9741229838978915,0.9560754494235129,-0.6936705391355509,-0.2121869245672011,2.1687892625288607,0.0,False
S710,ITAPORA,MS,4,0,-0.27776616341926164,1.8933781640231155,0.9424776098416694,-0.4659283743419463,-0.16143695500119237,2.077582182232384,0.0,False
S711,LAGUNA CARAPA,MS,4,0,0.018065753680663085,1.8834558975008742,0.9486497528851474,-0.4714433470145514,0.474075221670658,1.9958109048848187,0.0,False
S712,NOVA ALVORADA DO SUL,MS,4,0,-0.296773880103065,1.8275454837093525,0.9448168946288567,-0.3308397520945334,-0.2644065388917829,1.8468733008172633,0.0,False
S713,NOVA ANDRADINA,MS,4,0,0.26224567053841236,2.0533917403722164,0.9372496175111611,-2.026936581053517,0.782904044067947,2.225343479840357,0.0,False
S714,PEDRO GOMES,MS,4,0,0.5717766897001222,2.0941520715686104,0.8679178996317345,0.20865335271256402,1.1578586234197785,2.5545587419808213,0.0,False
S715,RIBAS DO RIO PARDO,MS,4,0,-0.2516720577577222,1.865578576197803,0.9457846409706983,-0.5073154157290354,-0.1550330740007349,1.915464900135504,0.0,False
S716,SANTA RITA DO PARDO,MS,4,0,0.4877508821120722,2.023050393639708,0.9467882355725481,0.3046183610631069,0.6639581226101148,2.1423650231699756,0.0,False
S717,SELVIRIA,MS,3,0,-0.13411762376566638,1.5068634666679814,0.9447354669830376,-0.646736201480074,-0.08918613584011945,1.6543763581587747,0.0,False
