rede,descricao_rede,codigo,variavel,descricao_variavel,n_anos,primeiro_ano,ultimo_ano,amplitude_anos,anos_faltantes_na_amplitude,valor_min_c,valor_mediano_c,valor_medio_c,valor_max_c,sen_slope_c_ano,sen_slope_c_decada,mk_s,mk_var_s,mk_z,mk_tau,mk_p,rho1_anos_consecutivos,n_pares_rho1,estacao,uf,regiao,mk_p_fdr,significativo_p05,significativo_fdr05,tendencia_mk_p05,tendencia_mk_fdr05,autocorrelacao_abs_ge_03
principal_15a,>=15 anos válidos,A001,delta_tmax,Diferença das máximas anuais ERA5 - INMET,20,2003,2025,23,3,-1.6190910339355469,-0.5014896392822266,-0.4258705139160156,0.39980316162109375,-0.0257568359375,-0.257568359375,-38.0,950.0,-1.2004385163676428,-0.2,0.22996907772364034,0.17697065284646163,17,BRASILIA,DF,Centro-Oeste,0.5564718561394973,False,False,sem_tendencia_significativa,sem_tendencia_significativa,False
principal_15a,>=15 anos válidos,A002,delta_tmax,Diferença das máximas anuais ERA5 - INMET,18,2006,2024,19,1,-5.613330841064453,-2.2148208618164062,-2.469120873345269,-1.0187034606933594,-0.10189125754616478,-1.0189125754616477,-63.0,697.0,-2.3484174591435676,-0.4117647058823529,0.018853377367019176,0.24207799894367207,16,GOIANIA,GO,Centro-Oeste,0.17116127753616073,True,False,decrescente,sem_tendencia_significativa,False
principal_15a,>=15 anos válidos,A003,delta_tmax,Diferença das máximas anuais ERA5 - INMET,16,2006,2025,20,4,-2.6012725830078125,-0.9940204620361328,-1.2068748474121094,-0.08628082275390625,-0.06362197449157289,-0.636219744915729,-44.0,493.3333333333333,-1.9359682262302171,-0.36666666666666664,0.0528715926149876,0.37693960570953033,12,MORRINHOS,GO,Centro-Oeste,0.264357963074938,False,False,sem_tendencia_significativa,sem_tendencia_significativa,True
principal_15a,>=15 anos válidos,A012,delta_tmax,Diferença das máximas anuais ERA5 - INMET,15,2007,2025,19,4,-2.2452659606933594,-0.8965835571289062,-1.0340579986572265,-0.3476104736328125,0.01755205790201823,0.1755205790201823,9.0,408.3333333333333,0.39589732744431483,0.08571428571428572,0.6921807727218765,0.37932925269575674,11,LUZIANIA,GO,Centro-Oeste,0.8899467077852699,False,False,sem_tendencia_significativa,sem_tendencia_significativa,True
principal_15a,>=15 anos válidos,A036,delta_tmax,Diferença das máximas anuais ERA5 - INMET,18,2008,2025,18,0,-0.7791500091552734,0.7443580627441406,0.6265228059556749,1.6254386901855469,-0.05782737731933594,-0.5782737731933594,-49.0,697.0,-1.8181296457885685,-0.3202614379084967,0.06904431984775122,-0.11524125295662137,17,CRISTALINA,GO,Centro-Oeste,0.30610066542171016,False,False,sem_tendencia_significativa,sem_tendencia_significativa,False
principal_15a,>=15 anos válidos,A045,delta_tmax,Diferença das máximas anuais ERA5 - INMET,17,2009,2025,17,0,-2.7560081481933594,-2.0555686950683594,-1.9010639190673828,-1.0407257080078125,-0.07740473747253418,-0.7740473747253418,-60.0,589.3333333333334,-2.430365035986322,-0.4411764705882353,0.015083622594694817,0.33494196498519474,16,AGUAS EMENDADAS,DF,Centro-Oeste,0.17116127753616073,True,False,decrescente,sem_tendencia_significativa,True
principal_15a,>=15 anos válidos,A101,delta_tmax,Diferença das máximas anuais ERA5 - INMET,16,2007,2025,19,3,-5.0717315673828125,-1.3944091796875,-1.8030896186828613,0.4052734375,0.13182566716120792,1.3182566716120792,44.0,493.3333333333333,1.9359682262302171,0.36666666666666664,0.0528715926149876,-0.39395676776125216,14,MANAUS,AM,Norte,0.264357963074938,False,False,sem_tendencia_significativa,sem_tendencia_significativa,True
principal_15a,>=15 anos válidos,A303,delta_tmax,Diferença das máximas anuais ERA5 - INMET,15,2004,2025,22,7,-10.07143783569336,-3.368457794189453,-4.032562510172526,-2.4278831481933594,0.08995225694444445,0.8995225694444444,35.0,408.3333333333333,1.6825636416383378,0.3333333333333333,0.09245959511086127,0.8678020423617341,10,MACEIO,AL,Nordeste,0.3467234816657298,False,False,sem_tendencia_significativa,sem_tendencia_significativa,True
principal_15a,>=15 anos válidos,A310,delta_tmax,Diferença das máximas anuais ERA5 - INMET,15,2005,2024,20,5,-4.817138671875,-0.8670425415039062,-1.0445383707682292,-0.05668830871582031,0.010659731351412259,0.10659731351412259,11.0,408.3333333333333,0.4948716593053935,0.10476190476190476,0.6206907170753548,-0.6159750190016624,10,AREIA,PB,Nordeste,0.8728463208872177,False,False,sem_tendencia_significativa,sem_tendencia_significativa,True
principal_15a,>=15 anos válidos,A401,delta_tmax,Diferença das máximas anuais ERA5 - INMET,15,2004,2025,22,7,-8.255762100219727,-4.303319931030273,-4.370016098022461,-2.0284671783447266,0.0499267578125,0.499267578125,23.0,408.3333333333333,1.0887176504718656,0.21904761904761905,0.2762784158080179,0.2592253199181829,11,SALVADOR,BA,Nordeste,0.5651149414254911,False,False,sem_tendencia_significativa,sem_tendencia_significativa,False
principal_15a,>=15 anos válidos,A408,delta_tmax,Diferença das máximas anuais ERA5 - INMET,16,2004,2025,22,6,-3.6376495361328125,-0.7080574035644531,-1.2295489311218262,0.1584930419921875,-0.05425665928767277,-0.5425665928767277,-30.0,493.3333333333333,-1.3056529897831697,-0.25,0.19167059142275544,-0.2973317489652218,11,ITABERABA,BA,Nordeste,0.5564718561394973,False,False,sem_tendencia_significativa,sem_tendencia_significativa,False
principal_15a,>=15 anos válidos,A502,delta_tmax,Diferença das máximas anuais ERA5 - INMET,15,2009,2025,17,2,-2.11181640625,-1.074951171875,-1.0737925211588542,-0.2902336120605469,0.019208908081054688,0.19208908081054688,9.0,408.3333333333333,0.39589732744431483,0.08571428571428572,0.6921807727218765,-0.22279339428286704,12,BARBACENA,MG,Sudeste,0.8899467077852699,False,False,sem_tendencia_significativa,sem_tendencia_significativa,False
principal_15a,>=15 anos válidos,A505,delta_tmax,Diferença das máximas anuais ERA5 - INMET,17,2003,2024,22,5,-1.9426250457763672,-0.9913101196289062,-1.0950003231272978,-0.3013191223144531,0.02180061340332031,0.21800613403320312,24.0,589.3333333333334,0.9474304377573798,0.17647058823529413,0.34341948718274173,0.14516267040640096,13,ARAXA,MG,Sudeste,0.6199515413623299,False,False,sem_tendencia_significativa,sem_tendencia_significativa,False
principal_15a,>=15 anos válidos,A506,delta_tmax,Diferença das máximas anuais ERA5 - INMET,16,2004,2025,22,6,-3.4657249450683594,-2.495973587036133,-2.4799578189849854,-1.8187522888183594,-0.02918985154893663,-0.2918985154893663,-26.0,493.3333333333333,-1.1255629222268704,-0.21666666666666667,0.26035056965599135,0.49402346977478867,12,MONTES CLAROS,MG,Sudeste,0.5651149414254911,False,False,sem_tendencia_significativa,sem_tendencia_significativa,True
principal_15a,>=15 anos válidos,A507,delta_tmax,Diferença das máximas anuais ERA5 - INMET,18,2007,2025,19,1,-2.1288108825683594,-1.3905296325683594,-1.3458593156602647,-0.00595855712890625,0.016911824544270832,0.16911824544270831,17.0,697.0,0.6060432152628562,0.1111111111111111,0.5444860568259107,0.39367271525918157,16,UBERLANDIA,MG,Sudeste,0.8021832460589736,False,False,sem_tendencia_significativa,sem_tendencia_significativa,True
principal_15a,>=15 anos válidos,A509,delta_tmax,Diferença das máximas anuais ERA5 - INMET,18,2007,2025,19,1,-0.31894493103027344,0.8648443222045898,0.88077269660102,2.661130905151367,0.018045152936662947,0.18045152936662948,17.0,697.0,0.6060432152628562,0.1111111111111111,0.5444860568259107,-0.09952320299175312,16,MONTE VERDE,MG,Sudeste,0.8021832460589736,False,False,sem_tendencia_significativa,sem_tendencia_significativa,False
principal_15a,>=15 anos válidos,A510,delta_tmax,Diferença das máximas anuais ERA5 - INMET,16,2008,2025,18,2,-3.8168487548828125,-2.7068862915039062,-2.597867965698242,-0.9132328033447266,0.02235126495361328,0.2235126495361328,8.0,493.3333333333333,0.31515761822352373,0.06666666666666667,0.7526419827681855,0.2444213381978966,13,VICOSA,MG,Sudeste,0.9022184938160344,False,False,sem_tendencia_significativa,sem_tendencia_significativa,False
principal_15a,>=15 anos válidos,A513,delta_tmax,Diferença das máximas anuais ERA5 - INMET,15,2007,2025,19,4,-8.308835983276367,-2.8016605377197266,-3.1570509592692058,-2.030029296875,0.0031476338704427083,0.031476338704427086,3.0,408.3333333333333,0.09897433186107871,0.02857142857142857,0.9211586502250249,-0.035639582430657936,12,OURO BRANCO,MG,Sudeste,0.9869556966696694,False,False,sem_tendencia_significativa,sem_tendencia_significativa,False
principal_15a,>=15 anos válidos,A521,delta_tmax,Diferença das máximas anuais ERA5 - INMET,18,2007,2025,19,1,-4.572118759155273,-3.2549314498901367,-3.3746832741631403,-1.8855476379394531,0.018246014912923176,0.18246014912923175,9.0,697.0,0.3030216076314281,0.058823529411764705,0.7618733947779847,-0.07038034604058391,16,PAMPULHA,MG,Sudeste,0.9022184938160344,False,False,sem_tendencia_significativa,sem_tendencia_significativa,False
principal_15a,>=15 anos válidos,A525,delta_tmax,Diferença das máximas anuais ERA5 - INMET,15,2007,2025,19,4,-4.423439025878906,-1.182861328125,-1.4994087219238281,-0.369873046875,-0.0639190673828125,-0.639190673828125,-47.0,408.3333333333333,-2.27640963280481,-0.44761904761904764,0.022821503671488098,0.029367935089346264,11,SACRAMENTO,MG,Sudeste,0.17116127753616073,True,False,decrescente,sem_tendencia_significativa,False
principal_15a,>=15 anos válidos,A528,delta_tmax,Diferença das máximas anuais ERA5 - INMET,15,2007,2025,19,4,-3.702442169189453,0.040283203125,-0.31474711100260416,0.9376945495605469,0.01823743184407552,0.1823743184407552,5.0,408.3333333333333,0.19794866372215741,0.047619047619047616,0.8430852292699837,-0.1285714977355869,11,TRES MARIAS,MG,Sudeste,0.9484708829287317,False,False,sem_tendencia_significativa,sem_tendencia_significativa,False
principal_15a,>=15 anos válidos,A530,delta_tmax,Diferença das máximas anuais ERA5 - INMET,15,2007,2024,18,3,-2.615234375,-1.7474632263183594,-1.7389818827311199,-0.8942413330078125,-0.03785371780395508,-0.3785371780395508,-21.0,408.3333333333333,-0.989743318610787,-0.2,0.3222995958719193,0.2691005439186954,11,CALDAS,MG,Sudeste,0.6199515413623299,False,False,sem_tendencia_significativa,sem_tendencia_significativa,False
principal_15a,>=15 anos válidos,A531,delta_tmax,Diferença das máximas anuais ERA5 - INMET,18,2008,2025,18,0,-2.044384002685547,-0.8088865280151367,-0.8023160298665365,-0.06337928771972656,-0.0034418106079101562,-0.03441810607910156,-1.0,697.0,0.0,-0.006535947712418301,1.0,0.1814828645016548,17,MARIA DA FE,MG,Sudeste,1.0,False,False,sem_tendencia_significativa,sem_tendencia_significativa,False
principal_15a,>=15 anos válidos,A533,delta_tmax,Diferença das máximas anuais ERA5 - INMET,16,2008,2024,17,1,-2.6747093200683594,-0.8471698760986328,-0.9069781303405762,0.7400360107421875,-0.04577951431274414,-0.4577951431274414,-22.0,493.3333333333333,-0.9454728546705712,-0.18333333333333332,0.3444175229790722,-0.14942438609438377,14,GUANHAES,MG,Sudeste,0.6199515413623299,False,False,sem_tendencia_significativa,sem_tendencia_significativa,False
principal_15a,>=15 anos válidos,A538,delta_tmax,Diferença das máximas anuais ERA5 - INMET,15,2007,2025,19,4,-2.860645294189453,-1.6886749267578125,-1.8445457458496093,-0.910888671875,-0.04077744483947754,-0.4077744483947754,-29.0,408.3333333333333,-1.3856406460551018,-0.2761904761904762,0.16585666034290997,-0.07424876248655911,10,CURVELO,MG,Sudeste,0.5564718561394973,False,False,sem_tendencia_significativa,sem_tendencia_significativa,False
principal_15a,>=15 anos válidos,A539,delta_tmax,Diferença das máximas anuais ERA5 - INMET,15,2008,2025,18,3,-3.148731231689453,-1.9052734375,-1.6844319661458333,1.8572235107421875,-0.03933143615722656,-0.3933143615722656,-23.0,408.3333333333333,-1.0887176504718656,-0.21904761904761905,0.2762784158080179,0.06446198371607227,13,MOCAMBINHO,MG,Sudeste,0.5651149414254911,False,False,sem_tendencia_significativa,sem_tendencia_significativa,False
principal_15a,>=15 anos válidos,A550,delta_tmax,Diferença das máximas anuais ERA5 - INMET,15,2008,2024,17,2,-5.115039825439453,-3.553516387939453,-3.61934076944987,-2.8028831481933594,-0.011560880220853366,-0.11560880220853366,-9.0,408.3333333333333,-0.39589732744431483,-0.08571428571428572,0.6921807727218765,-0.1381371310316736,13,ITAOBIM,MG,Sudeste,0.8899467077852699,False,False,sem_tendencia_significativa,sem_tendencia_significativa,False
principal_15a,>=15 anos válidos,A554,delta_tmax,Diferença das máximas anuais ERA5 - INMET,15,2008,2025,18,3,-4.151123046875,-2.991016387939453,-2.713702646891276,-0.9312515258789062,-0.06148052215576172,-0.6148052215576172,-19.0,408.3333333333333,-0.8907689867497083,-0.18095238095238095,0.3730531162514527,-0.18652688306975793,11,CARATINGA,MG,Sudeste,0.6456688550505911,False,False,sem_tendencia_significativa,sem_tendencia_significativa,False
principal_15a,>=15 anos válidos,A555,delta_tmax,Diferença das máximas anuais ERA5 - INMET,15,2009,2024,16,1,-2.6859397888183594,-0.7698249816894531,-0.44472071329752605,1.9144515991210938,0.09155893325805664,0.9155893325805664,41.0,408.3333333333333,1.979486637221574,0.3904761904761905,0.047761242675103704,-0.5104715215858261,13,IBIRITE (ROLA MOCA),MG,Sudeste,0.264357963074938,True,False,crescente,sem_tendencia_significativa,True
principal_15a,>=15 anos válidos,A601,delta_tmax,Diferença das máximas anuais ERA5 - INMET,19,2003,2025,23,4,-4.888332366943359,-3.368896484375,-3.401504717375103,-1.73193359375,-0.0096435546875,-0.096435546875,-5.0,817.0,-0.13994228570826392,-0.029239766081871343,0.8887055908352302,-0.08027406123153306,15,ECOLOGIA AGRICOLA,RJ,Sudeste,0.9754085753069599,False,False,sem_tendencia_significativa,sem_tendencia_significativa,False
principal_15a,>=15 anos válidos,A607,delta_tmax,Diferença das máximas anuais ERA5 - INMET,15,2007,2025,19,4,-2.9154319763183594,0.2620582580566406,0.09711786905924479,1.4160614013671875,0.10490937666459517,1.0490937666459517,51.0,408.3333333333333,2.4743582965269675,0.4857142857142857,0.013347575926843172,0.7065960006021251,11,CAMPOS,RJ,Sudeste,0.17116127753616073,True,False,crescente,sem_tendencia_significativa,True
principal_15a,>=15 anos válidos,A616,delta_tmax,Diferença das máximas anuais ERA5 - INMET,16,2007,2025,19,3,-7.19218635559082,-5.892187118530273,-5.858910799026489,-4.503271102905273,0.000900109608968099,0.00900109608968099,0.0,493.3333333333333,0.0,0.0,1.0,-0.123276009627214,12,SAO MATEUS,ES,Sudeste,1.0,False,False,sem_tendencia_significativa,sem_tendencia_significativa,False
principal_15a,>=15 anos válidos,A617,delta_tmax,Diferença das máximas anuais ERA5 - INMET,15,2007,2025,19,4,-7.021240234375,-5.892971038818359,-5.781091562906901,-4.149951934814453,0.06965351104736328,0.6965351104736328,37.0,408.3333333333333,1.7815379734994166,0.3523809523809524,0.07482460710308471,0.32558516965636924,10,ALEGRE,ES,Sudeste,0.30610066542171016,False,False,sem_tendencia_significativa,sem_tendencia_significativa,True
principal_15a,>=15 anos válidos,A701,delta_tmax,Diferença das máximas anuais ERA5 - INMET,18,2007,2025,19,1,-4.503810882568359,-2.4025402069091797,-2.1190467410617404,0.6227531433105469,-0.033397674560546875,-0.33397674560546875,-19.0,697.0,-0.6817986171707132,-0.12418300653594772,0.49536629880308886,-0.1375887209174194,16,SAO PAULO - MIRANTE,SP,Sudeste,0.7961244087906785,False,False,sem_tendencia_significativa,sem_tendencia_significativa,False
principal_15a,>=15 anos válidos,A703,delta_tmax,Diferença das máximas anuais ERA5 - INMET,18,2002,2025,24,6,-1.3355979919433594,-0.3340587615966797,-0.3516860538058811,0.5530738830566406,0.013502756754557291,0.1350275675455729,9.0,697.0,0.3030216076314281,0.058823529411764705,0.7618733947779847,-0.6749554750365234,14,PONTA PORA,MS,Centro-Oeste,0.9022184938160344,False,False,sem_tendencia_significativa,sem_tendencia_significativa,True
principal_15a,>=15 anos válidos,A707,delta_tmax,Diferença das máximas anuais ERA5 - INMET,16,2007,2025,19,3,-2.0529327392578125,-0.6242942810058594,-0.6971118450164795,0.768798828125,0.09795236587524414,0.9795236587524414,60.0,493.3333333333333,2.6563284964554144,0.5,0.007899662130493713,0.49603056554536107,12,PRESIDENTE PRUDENTE,SP,Sudeste,0.17116127753616073,True,False,crescente,sem_tendencia_significativa,True
principal_15a,>=15 anos válidos,A708,delta_tmax,Diferença das máximas anuais ERA5 - INMET,15,2004,2023,20,5,-1.1714363098144531,-0.7451667785644531,-0.5411699930826823,0.23813247680664062,-0.0048669179280598955,-0.048669179280598954,-5.0,408.3333333333333,-0.19794866372215741,-0.047619047619047616,0.8430852292699837,-0.13889033152862945,11,FRANCA,SP,Sudeste,0.9484708829287317,False,False,sem_tendencia_significativa,sem_tendencia_significativa,False
principal_15a,>=15 anos válidos,A747,delta_tmax,Diferença das máximas anuais ERA5 - INMET,16,2009,2025,17,1,-2.813037872314453,-1.28369140625,-1.414442539215088,-0.4088401794433594,-0.0049114227294921875,-0.049114227294921875,0.0,493.3333333333333,0.0,0.0,1.0,-0.0688686588515788,14,PRADOPOLIS,SP,Sudeste,1.0,False,False,sem_tendencia_significativa,sem_tendencia_significativa,False
principal_15a,>=15 anos válidos,A801,delta_tmax,Diferença das máximas anuais ERA5 - INMET,19,2007,2025,19,0,-2.810302734375,-1.1215362548828125,-1.1948667827405428,0.6137199401855469,0.05604347815880409,0.5604347815880408,35.0,817.0,1.1895094285202432,0.2046783625730994,0.23423926303398215,0.23270297663520034,18,PORTO ALEGRE,RS,Sul,0.5564718561394973,False,False,sem_tendencia_significativa,sem_tendencia_significativa,False
principal_15a,>=15 anos válidos,A803,delta_tmax,Diferença das máximas anuais ERA5 - INMET,15,2003,2024,22,7,-3.4951171875,-2.3040542602539062,-2.0163032531738283,0.337646484375,0.05436992645263672,0.5436992645263672,27.0,408.3333333333333,1.286666314194023,0.2571428571428571,0.1982106190388427,-0.376678612520021,10,SANTA MARIA,RS,Sul,0.5564718561394973,False,False,sem_tendencia_significativa,sem_tendencia_significativa,True
principal_15a,>=15 anos válidos,A806,delta_tmax,Diferença das máximas anuais ERA5 - INMET,15,2008,2023,16,1,-4.606544494628906,-2.762937545776367,-2.797875467936198,-0.07094955444335938,-0.10959482192993164,-1.0959482192993164,-25.0,408.3333333333333,-1.1876919823329444,-0.23809523809523808,0.2349547837033433,-0.07245747769456025,13,FLORIANOPOLIS,SC,Sul,0.5564718561394973,False,False,sem_tendencia_significativa,sem_tendencia_significativa,False
principal_15a,>=15 anos válidos,A809,delta_tmax,Diferença das máximas anuais ERA5 - INMET,15,2007,2024,18,3,-3.455078125,-2.080371856689453,-1.9569806416829427,-0.6882820129394531,-0.035282135009765625,-0.35282135009765625,-13.0,408.3333333333333,-0.5938459911664722,-0.12380952380952381,0.5526151250628485,-0.05568373869560787,11,URUGUAIANA,RS,Sul,0.8021832460589736,False,False,sem_tendencia_significativa,sem_tendencia_significativa,False
principal_15a,>=15 anos válidos,A839,delta_tmax,Diferença das máximas anuais ERA5 - INMET,16,2007,2024,18,2,-3.4333038330078125,-1.7650413513183594,-1.9028428792953491,-0.18154525756835938,0.04838226636250814,0.4838226636250814,28.0,493.3333333333333,1.2156079560050201,0.23333333333333334,0.22413430196016673,0.11030347171832272,13,PASSO FUNDO,RS,Sul,0.5564718561394973,False,False,sem_tendencia_significativa,sem_tendencia_significativa,False
principal_15a,>=15 anos válidos,A844,delta_tmax,Diferença das máximas anuais ERA5 - INMET,15,2008,2024,17,2,-3.461423873901367,-2.2824230194091797,-2.250273513793945,-0.23012924194335938,0.016324679056803387,0.16324679056803387,15.0,408.3333333333333,0.6928203230275509,0.14285714285714285,0.48842231662259367,-0.1333704804123376,12,LAGOA VERMELHA,RS,Sul,0.7961244087906785,False,False,sem_tendencia_significativa,sem_tendencia_significativa,False
principal_15a,>=15 anos válidos,A853,delta_tmax,Diferença das máximas anuais ERA5 - INMET,15,2008,2024,17,2,-3.9356460571289062,-1.1397476196289062,-1.5091552734375,0.25307464599609375,0.07839339120047432,0.7839339120047433,47.0,408.3333333333333,2.27640963280481,0.44761904761904764,0.022821503671488098,0.4337219752448809,12,CRUZ ALTA,RS,Sul,0.17116127753616073,True,False,crescente,sem_tendencia_significativa,True
principal_15a,>=15 anos válidos,A001,tmax_era5,Máxima anual ERA5,20,2003,2025,23,3,30.280908584594727,33.863548278808594,33.78412961959839,35.725486755371094,0.06726310229060625,0.6726310229060626,40.0,950.0,1.2653270848199478,0.21052631578947367,0.20575410127305518,-0.31132840422934166,17,BRASILIA,DF,Centro-Oeste,0.4066525102557865,False,False,sem_tendencia_significativa,sem_tendencia_significativa,True
principal_15a,>=15 anos válidos,A002,tmax_era5,Máxima anual ERA5,18,2006,2024,19,1,34.426170349121094,36.336936950683594,36.23087904188368,38.607810974121094,0.0841796875,0.841796875,39.0,697.0,1.4393526362492834,0.2549019607843137,0.15005063655725911,-0.2606983972201032,16,GOIANIA,GO,Centro-Oeste,0.3553830865829821,False,False,sem_tendencia_significativa,sem_tendencia_significativa,False
principal_15a,>=15 anos válidos,A003,tmax_era5,Máxima anual ERA5,16,2006,2025,20,4,35.114646911621094,36.697898864746094,36.649375915527344,38.369041442871094,0.042510986328125,0.42510986328125,16.0,493.3333333333333,0.6753377533361223,0.13333333333333333,0.4994612031040145,-0.017679982610087578,12,MORRINHOS,GO,Centro-Oeste,0.6243265038800181,False,False,sem_tendencia_significativa,sem_tendencia_significativa,False
principal_15a,>=15 anos válidos,A012,tmax_era5,Máxima anual ERA5,15,2007,2025,19,4,31.752588272094727,34.779685974121094,34.725942611694336,36.221092224121094,0.025065104166666668,0.2506510416666667,7.0,408.3333333333333,0.2969229955832361,0.06666666666666667,0.7665252995235718,-0.19779829391913448,11,LUZIANIA,GO,Centro-Oeste,0.8021776390362961,False,False,sem_tendencia_significativa,sem_tendencia_significativa,False
principal_15a,>=15 anos válidos,A036,tmax_era5,Máxima anual ERA5,18,2008,2025,18,0,31.220849990844727,35.164451599121094,34.73207865820991,36.947166442871094,0.05837673611111111,0.5837673611111112,29.0,697.0,1.0605756267099984,0.1895424836601307,0.28888280402716393,-0.054045759368942695,17,CRISTALINA,GO,Centro-Oeste,0.4482664200421509,False,False,sem_tendencia_significativa,sem_tendencia_significativa,False
principal_15a,>=15 anos válidos,A045,tmax_era5,Máxima anual ERA5,17,2009,2025,17,0,31.252832412719727,34.144432067871094,33.98128879771513,35.892478942871094,0.11142985026041666,1.1142985026041665,36.0,589.3333333333334,1.4417419705003605,0.2647058823529412,0.14937517875498973,-0.19722244637862707,16,AGUAS EMENDADAS,DF,Centro-Oeste,0.3553830865829821,False,False,sem_tendencia_significativa,sem_tendencia_significativa,False
principal_15a,>=15 anos válidos,A101,tmax_era5,Máxima anual ERA5,16,2007,2025,19,3,32.609275817871094,36.314109802246094,36.059410095214844,38.547752380371094,0.16987173897879465,1.6987173897879466,60.0,493.3333333333333,2.6563284964554144,0.5,0.007899662130493713,0.24097044134770151,14,MANAUS,AM,Norte,0.08887119896805427,True,False,crescente,sem_tendencia_significativa,False
principal_15a,>=15 anos válidos,A303,tmax_era5,Máxima anual ERA5,15,2004,2025,22,7,30.484277725219727,31.849512100219727,31.97410430908203,33.772117614746094,0.032063802083333336,0.32063802083333337,19.0,408.3333333333333,0.8907689867497083,0.18095238095238095,0.3730531162514527,-0.39028870735253374,10,MACEIO,AL,Nordeste,0.5087087948883445,False,False,sem_tendencia_significativa,sem_tendencia_significativa,True
principal_15a,>=15 anos válidos,A310,tmax_era5,Máxima anual ERA5,15,2005,2024,20,5,30.831933975219727,31.957178115844727,31.848795064290364,32.813621520996094,0.010367838541666667,0.10367838541666667,13.0,408.3333333333333,0.5938459911664722,0.12380952380952381,0.5526151250628485,0.36030835616591533,10,AREIA,PB,Nordeste,0.6442510492799831,False,False,sem_tendencia_significativa,sem_tendencia_significativa,True
principal_15a,>=15 anos válidos,A401,tmax_era5,Máxima anual ERA5,15,2004,2025,22,7,28.597558975219727,30.198389053344727,30.14998410542806,31.196680068969727,0.019566127232142856,0.19566127232142855,9.0,408.3333333333333,0.39589732744431483,0.08571428571428572,0.6921807727218765,-0.33677903896010386,11,SALVADOR,BA,Nordeste,0.7416222564877248,False,False,sem_tendencia_significativa,sem_tendencia_significativa,True
principal_15a,>=15 anos válidos,A408,tmax_era5,Máxima anual ERA5,16,2004,2025,22,6,35.051658630371094,37.558372497558594,37.28295135498047,39.471336364746094,0.02535400390625,0.2535400390625,6.0,493.3333333333333,0.2251125844453741,0.05,0.8218916912511594,-0.21938975774859484,11,ITABERABA,BA,Nordeste,0.8405710478705039,False,False,sem_tendencia_significativa,sem_tendencia_significativa,False
principal_15a,>=15 anos válidos,A502,tmax_era5,Máxima anual ERA5,15,2009,2025,17,2,29.374658584594727,30.758691787719727,31.146207555135092,33.525047302246094,0.10504150390625,1.0504150390625,33.0,408.3333333333333,1.5835893097772593,0.3142857142857143,0.11328720822235328,0.2547670290795258,12,BARBACENA,MG,Sudeste,0.32364744699706693,False,False,sem_tendencia_significativa,sem_tendencia_significativa,False
principal_15a,>=15 anos válidos,A505,tmax_era5,Máxima anual ERA5,17,2003,2024,22,5,30.789209365844727,33.899314880371094,33.76970537971048,36.587791442871094,0.1596294545872326,1.5962945458723259,68.0,589.3333333333334,2.759906057814976,0.5,0.005781798478456614,0.6159362910642361,13,ARAXA,MG,Sudeste,0.0867269771768492,True,False,crescente,sem_tendencia_significativa,True
principal_15a,>=15 anos válidos,A506,tmax_era5,Máxima anual ERA5,16,2004,2025,22,6,33.886375427246094,35.826683044433594,35.738792419433594,37.821678161621094,0.0369720458984375,0.369720458984375,14.0,493.3333333333333,0.5852927195579727,0.11666666666666667,0.5583509093759853,-0.2759645261536352,12,MONTES CLAROS,MG,Sudeste,0.6442510492799831,False,False,sem_tendencia_significativa,sem_tendencia_significativa,False
principal_15a,>=15 anos válidos,A507,tmax_era5,Máxima anual ERA5,18,2007,2025,19,1,32.295555114746094,35.047752380371094,35.05414072672526,38.494041442871094,0.11015973772321429,1.1015973772321428,51.0,697.0,1.8938850476964255,0.3333333333333333,0.05824026959156134,0.17243134922714606,16,UBERLANDIA,MG,Sudeste,0.23825564832911458,False,False,sem_tendencia_significativa,sem_tendencia_significativa,False
principal_15a,>=15 anos válidos,A509,tmax_era5,Máxima anual ERA5,18,2007,2025,19,1,28.181055068969727,29.858789443969727,30.058550516764324,32.261131286621094,0.109832763671875,1.09832763671875,51.0,697.0,1.8938850476964255,0.3333333333333333,0.05824026959156134,0.24395164297938263,16,MONTE VERDE,MG,Sudeste,0.23825564832911458,False,False,sem_tendencia_significativa,sem_tendencia_significativa,False
principal_15a,>=15 anos válidos,A510,tmax_era5,Máxima anual ERA5,16,2008,2025,18,2,30.431055068969727,32.527732849121094,32.86463212966919,35.391502380371094,0.12365964253743489,1.2365964253743489,38.0,493.3333333333333,1.6658331248957683,0.31666666666666665,0.0957466564738153,0.05903376676239944,13,VICOSA,MG,Sudeste,0.32364744699706693,False,False,sem_tendencia_significativa,sem_tendencia_significativa,False
principal_15a,>=15 anos válidos,A513,tmax_era5,Máxima anual ERA5,15,2007,2025,19,4,29.065820693969727,31.398340225219727,31.289615631103516,33.408592224121094,0.059651692708333336,0.5965169270833334,17.0,408.3333333333333,0.7917946548886297,0.1619047619047619,0.42848041949799653,0.1201562075290698,12,OURO BRANCO,MG,Sudeste,0.5671064375708778,False,False,sem_tendencia_significativa,sem_tendencia_significativa,False
principal_15a,>=15 anos válidos,A521,tmax_era5,Máxima anual ERA5,18,2007,2025,19,1,29.433496475219727,32.956077575683594,32.67531659868028,35.364891052246094,0.144134521484375,1.44134521484375,39.0,697.0,1.4393526362492834,0.2549019607843137,0.15005063655725911,0.32785406350656127,16,PAMPULHA,MG,Sudeste,0.3553830865829821,False,False,sem_tendencia_significativa,sem_tendencia_significativa,True
principal_15a,>=15 anos válidos,A525,tmax_era5,Máxima anual ERA5,15,2007,2025,19,4,32.559226989746094,34.395164489746094,34.84059092203776,38.076560974121094,0.1250762939453125,1.250762939453125,41.0,408.3333333333333,1.979486637221574,0.3904761904761905,0.047761242675103704,0.29743013184437395,11,SACRAMENTO,MG,Sudeste,0.23825564832911458,True,False,crescente,sem_tendencia_significativa,False
principal_15a,>=15 anos válidos,A528,tmax_era5,Máxima anual ERA5,15,2007,2025,19,4,32.911521911621094,35.748435974121094,35.78525238037109,38.737693786621094,0.1150390625,1.150390625,25.0,408.3333333333333,1.1876919823329444,0.23809523809523808,0.2349547837033433,0.25914473857559545,11,TRES MARIAS,MG,Sudeste,0.4066525102557865,False,False,sem_tendencia_significativa,sem_tendencia_significativa,False
principal_15a,>=15 anos válidos,A530,tmax_era5,Máxima anual ERA5,15,2007,2024,18,3,29.179346084594727,31.160791397094727,31.494351704915363,34.097557067871094,0.20487139775202826,2.0487139775202827,43.0,408.3333333333333,2.0784609690826525,0.4095238095238095,0.037666922228628705,0.5594437013506983,11,CALDAS,MG,Sudeste,0.23825564832911458,True,False,crescente,sem_tendencia_significativa,True
principal_15a,>=15 anos válidos,A531,tmax_era5,Máxima anual ERA5,18,2008,2025,18,0,28.164697647094727,29.839746475219727,30.11435031890869,32.850975036621094,0.157745361328125,1.57745361328125,63.0,697.0,2.3484174591435676,0.4117647058823529,0.018853377367019176,0.21842845877115175,17,MARIA DA FE,MG,Sudeste,0.1696803963031726,True,False,crescente,sem_tendencia_significativa,False
principal_15a,>=15 anos válidos,A533,tmax_era5,Máxima anual ERA5,16,2008,2024,17,1,32.525291442871094,34.669822692871094,34.88677215576172,37.117820739746094,0.12711588541666669,1.271158854166667,36.0,493.3333333333333,1.5757880911176187,0.3,0.11507464782117936,0.23999375358488018,14,GUANHAES,MG,Sudeste,0.32364744699706693,False,False,sem_tendencia_significativa,sem_tendencia_significativa,False
principal_15a,>=15 anos válidos,A538,tmax_era5,Máxima anual ERA5,15,2007,2025,19,4,32.559959411621094,35.189109802246094,35.57545420328776,37.898338317871094,0.08327229817708333,0.8327229817708333,23.0,408.3333333333333,1.0887176504718656,0.21904761904761905,0.2762784158080179,0.27472918380625694,10,CURVELO,MG,Sudeste,0.44401888254860017,False,False,sem_tendencia_significativa,sem_tendencia_significativa,False
principal_15a,>=15 anos válidos,A539,tmax_era5,Máxima anual ERA5,15,2008,2025,18,3,35.383201599121094,38.094139099121094,37.90890146891276,39.597801208496094,0.045200892857142856,0.45200892857142855,9.0,408.3333333333333,0.39589732744431483,0.08571428571428572,0.6921807727218765,-0.29191830705689753,13,MOCAMBINHO,MG,Sudeste,0.7416222564877248,False,False,sem_tendencia_significativa,sem_tendencia_significativa,False
principal_15a,>=15 anos válidos,A550,tmax_era5,Máxima anual ERA5,15,2008,2024,17,2,34.943992614746094,36.647361755371094,36.86065928141276,39.246482849121094,0.096337890625,0.96337890625,21.0,408.3333333333333,0.989743318610787,0.2,0.3222995958719193,-0.031696623090140257,13,ITAOBIM,MG,Sudeste,0.4713566869797926,False,False,sem_tendencia_significativa,sem_tendencia_significativa,False
principal_15a,>=15 anos válidos,A554,tmax_era5,Máxima anual ERA5,15,2008,2025,18,3,32.458641052246094,34.448875427246094,34.63963063557943,37.794578552246094,0.092529296875,0.92529296875,19.0,408.3333333333333,0.8907689867497083,0.18095238095238095,0.3730531162514527,0.08748944232768358,11,CARATINGA,MG,Sudeste,0.5087087948883445,False,False,sem_tendencia_significativa,sem_tendencia_significativa,False
principal_15a,>=15 anos válidos,A555,tmax_era5,Máxima anual ERA5,15,2009,2024,16,1,29.433496475219727,32.881980895996094,32.495279184977214,35.364891052246094,0.254058837890625,2.54058837890625,43.0,408.3333333333333,2.0784609690826525,0.4095238095238095,0.037666922228628705,0.3938653820619554,13,IBIRITE (ROLA MOCA),MG,Sudeste,0.23825564832911458,True,False,crescente,sem_tendencia_significativa,True
principal_15a,>=15 anos válidos,A601,tmax_era5,Máxima anual ERA5,19,2003,2025,23,4,34.366844177246094,36.581199645996094,36.38796876606188,40.597312927246094,0.036865234375,0.36865234375,23.0,817.0,0.7696825713954515,0.13450292397660818,0.44148821101397295,-0.04342521651118546,15,ECOLOGIA AGRICOLA,RJ,Sudeste,0.5676276998751081,False,False,sem_tendencia_significativa,sem_tendencia_significativa,False
principal_15a,>=15 anos válidos,A607,tmax_era5,Máxima anual ERA5,15,2007,2025,19,4,34.784568786621094,39.017967224121094,38.897117614746094,41.487205505371094,0.04258510044642857,0.4258510044642857,11.0,408.3333333333333,0.4948716593053935,0.10476190476190476,0.6206907170753548,0.36308934249098196,11,CAMPOS,RJ,Sudeste,0.6982770567097741,False,False,sem_tendencia_significativa,sem_tendencia_significativa,True
principal_15a,>=15 anos válidos,A616,tmax_era5,Máxima anual ERA5,16,2007,2025,19,3,29.180322647094727,30.271020889282227,30.216089248657227,31.275781631469727,0.029422433035714284,0.29422433035714285,28.0,493.3333333333333,1.2156079560050201,0.23333333333333334,0.22413430196016673,0.10153629194748277,12,SAO MATEUS,ES,Sudeste,0.4066525102557865,False,False,sem_tendencia_significativa,sem_tendencia_significativa,False
principal_15a,>=15 anos válidos,A617,tmax_era5,Máxima anual ERA5,15,2007,2025,19,4,32.108299255371094,34.354148864746094,34.23224131266276,37.650047302246094,0.051091974431818184,0.5109197443181819,13.0,408.3333333333333,0.5938459911664722,0.12380952380952381,0.5526151250628485,-0.5081662948074198,10,ALEGRE,ES,Sudeste,0.6442510492799831,False,False,sem_tendencia_significativa,sem_tendencia_significativa,True
principal_15a,>=15 anos válidos,A701,tmax_era5,Máxima anual ERA5,18,2007,2025,19,1,30.895410537719727,33.010154724121094,33.230953216552734,36.150779724121094,0.10111860795454546,1.0111860795454546,27.0,697.0,0.9848202248021413,0.17647058823529413,0.32471238436385713,0.05238029028010667,16,SAO PAULO - MIRANTE,SP,Sudeste,0.4713566869797926,False,False,sem_tendencia_significativa,sem_tendencia_significativa,False
principal_15a,>=15 anos válidos,A703,tmax_era5,Máxima anual ERA5,18,2002,2025,24,6,33.864402770996094,35.828025817871094,36.08164723714193,38.253074645996094,0.0903063322368421,0.903063322368421,38.0,696.0,1.4024813806209713,0.24836601307189543,0.16077154674467664,0.099258797259109,14,PONTA PORA,MS,Centro-Oeste,0.35540712930623564,False,False,sem_tendencia_significativa,sem_tendencia_significativa,False
principal_15a,>=15 anos válidos,A707,tmax_era5,Máxima anual ERA5,16,2007,2025,19,3,34.565330505371094,37.731346130371094,38.04663848876953,41.870750427246094,0.22560628255208331,2.256062825520833,64.0,493.3333333333333,2.8364185640117134,0.5333333333333333,0.0045622611532226106,0.5313507296731879,12,PRESIDENTE PRUDENTE,SP,Sudeste,0.0867269771768492,True,False,crescente,sem_tendencia_significativa,True
principal_15a,>=15 anos válidos,A708,tmax_era5,Máxima anual ERA5,15,2004,2023,20,5,32.924217224121094,34.328758239746094,34.61882985432943,37.009666442871094,0.100189208984375,1.00189208984375,29.0,408.3333333333333,1.3856406460551018,0.2761904761904762,0.16585666034290997,0.0185281686117616,11,FRANCA,SP,Sudeste,0.35540712930623564,False,False,sem_tendencia_significativa,sem_tendencia_significativa,False
principal_15a,>=15 anos válidos,A747,tmax_era5,Máxima anual ERA5,16,2009,2025,17,1,32.986961364746094,37.274436950683594,37.204307556152344,39.791160583496094,0.22124481201171875,2.2124481201171875,40.0,493.3333333333333,1.7558781586739178,0.3333333333333333,0.0791092150986985,0.054523174946089596,14,PRADOPOLIS,SP,Sudeste,0.2966595566201194,False,False,sem_tendencia_significativa,sem_tendencia_significativa,False
principal_15a,>=15 anos válidos,A801,tmax_era5,Máxima anual ERA5,19,2007,2025,19,0,33.861717224121094,37.152732849121094,36.91565945273951,39.390281677246094,0.1613006591796875,1.613006591796875,87.0,817.0,3.008759142727674,0.5087719298245614,0.0026231698430961552,0.3851549092924788,18,PORTO ALEGRE,RS,Sul,0.0867269771768492,True,False,crescente,sem_tendencia_significativa,True
principal_15a,>=15 anos válidos,A803,tmax_era5,Máxima anual ERA5,15,2003,2024,22,7,33.718894958496094,35.687156677246094,36.090363057454425,38.640525817871094,0.07156808035714286,0.7156808035714286,41.0,408.3333333333333,1.979486637221574,0.3904761904761905,0.047761242675103704,0.15188350404374112,10,SANTA MARIA,RS,Sul,0.23825564832911458,True,False,crescente,sem_tendencia_significativa,False
principal_15a,>=15 anos válidos,A806,tmax_era5,Máxima anual ERA5,15,2008,2023,16,1,30.837060928344727,32.589744567871094,33.06212437947591,35.715721130371094,0.007666015625,0.07666015625,3.0,408.3333333333333,0.09897433186107871,0.02857142857142857,0.9211586502250249,0.25695628823811234,13,FLORIANOPOLIS,SC,Sul,0.9211586502250249,False,False,sem_tendencia_significativa,sem_tendencia_significativa,False
principal_15a,>=15 anos válidos,A809,tmax_era5,Máxima anual ERA5,15,2007,2024,18,3,33.719627380371094,36.883445739746094,37.096352640787764,40.572654724121094,0.050628662109375,0.50628662109375,25.0,408.3333333333333,1.1876919823329444,0.23809523809523808,0.2349547837033433,0.009675083233974075,11,URUGUAIANA,RS,Sul,0.4066525102557865,False,False,sem_tendencia_significativa,sem_tendencia_significativa,False
principal_15a,>=15 anos válidos,A839,tmax_era5,Máxima anual ERA5,16,2007,2024,18,2,31.008203506469727,32.486717224121094,32.890907645225525,36.170555114746094,0.09880719866071429,0.9880719866071429,36.0,493.3333333333333,1.5757880911176187,0.3,0.11507464782117936,0.2307350586904223,13,PASSO FUNDO,RS,Sul,0.32364744699706693,False,False,sem_tendencia_significativa,sem_tendencia_significativa,False
principal_15a,>=15 anos válidos,A844,tmax_era5,Máxima anual ERA5,15,2008,2024,17,2,29.841455459594727,31.147363662719727,31.303059768676757,33.469871520996094,0.0730730203481821,0.7307302034818209,23.0,408.3333333333333,1.0887176504718656,0.21904761904761905,0.2762784158080179,0.052357935572323454,12,LAGOA VERMELHA,RS,Sul,0.44401888254860017,False,False,sem_tendencia_significativa,sem_tendencia_significativa,False
principal_15a,>=15 anos válidos,A853,tmax_era5,Máxima anual ERA5,15,2008,2024,17,2,32.360252380371094,34.631980895996094,35.11751149495443,38.082176208496094,0.05611478365384615,0.5611478365384616,25.0,408.3333333333333,1.1876919823329444,0.23809523809523808,0.2349547837033433,0.35716729726692176,12,CRUZ ALTA,RS,Sul,0.4066525102557865,False,False,sem_tendencia_significativa,sem_tendencia_significativa,True
principal_15a,>=15 anos válidos,A001,tmax_inmet,Máxima anual INMET,20,2003,2025,23,3,31.899999618530273,34.20000076293945,34.210000133514406,36.5,0.1031250556310018,1.031250556310018,74.0,946.0,2.373434723982596,0.3894736842105263,0.017623507832862633,-0.059297042800317945,17,BRASILIA,DF,Centro-Oeste,0.11329397892554549,True,False,crescente,sem_tendencia_significativa,False
principal_15a,>=15 anos válidos,A002,tmax_inmet,Máxima anual INMET,18,2006,2024,19,1,36.0,38.599998474121094,38.69999991522895,41.29999923706055,0.16923082791841948,1.6923082791841948,58.0,693.3333333333334,2.164730397141337,0.3790849673202614,0.03040833780507227,0.25859148954355266,16,GOIANIA,GO,Centro-Oeste,0.12439774556620474,True,False,crescente,sem_tendencia_significativa,False
principal_15a,>=15 anos válidos,A003,tmax_inmet,Máxima anual INMET,16,2006,2025,20,4,35.900001525878906,37.85000038146973,37.85625076293945,40.400001525878906,0.10000011656019422,1.0000011656019423,34.0,491.3333333333333,1.4887638867354895,0.2833333333333333,0.13654955508657116,0.14866626264179528,12,MORRINHOS,GO,Centro-Oeste,0.2928883658296221,False,False,sem_tendencia_significativa,sem_tendencia_significativa,False
principal_15a,>=15 anos válidos,A012,tmax_inmet,Máxima anual INMET,15,2007,2025,19,4,33.20000076293945,36.20000076293945,35.76000061035156,37.29999923706055,0.046666717529296874,0.46666717529296875,15.0,404.3333333333333,0.696238865114524,0.14285714285714285,0.48627925196705,-0.3114080604405446,11,LUZIANIA,GO,Centro-Oeste,0.621775019979958,False,False,sem_tendencia_significativa,sem_tendencia_significativa,True
principal_15a,>=15 anos válidos,A036,tmax_inmet,Máxima anual INMET,18,2008,2025,18,0,32.0,34.29999923706055,34.105555852254234,35.900001525878906,0.13333333333333333,1.3333333333333333,68.0,694.0,2.5432852203037632,0.4444444444444444,0.010981554725508307,0.21893499315770548,17,CRISTALINA,GO,Centro-Oeste,0.09841517649781828,True,False,crescente,sem_tendencia_significativa,False
principal_15a,>=15 anos válidos,A045,tmax_inmet,Máxima anual INMET,17,2009,2025,17,0,33.599998474121094,35.900001525878906,35.88235271678251,37.79999923706055,0.16547616322835285,1.6547616322835283,65.0,585.6666666666666,2.6445678906771675,0.47794117647058826,0.008179529633231984,0.16995293020476196,16,AGUAS EMENDADAS,DF,Centro-Oeste,0.09841517649781828,True,False,crescente,sem_tendencia_significativa,False
principal_15a,>=15 anos válidos,A101,tmax_inmet,Máxima anual INMET,16,2007,2025,19,3,36.099998474121094,37.75,37.862499713897705,41.400001525878906,0.01714259556361607,0.1714259556361607,6.0,491.3333333333333,0.22557028586901356,0.05,0.8215356536608815,-0.044255273594512465,14,MANAUS,AM,Norte,0.8597466142962713,False,False,sem_tendencia_significativa,sem_tendencia_significativa,False
principal_15a,>=15 anos válidos,A303,tmax_inmet,Máxima anual INMET,15,2004,2025,22,7,33.400001525878906,35.29999923706055,36.006666819254555,42.20000076293945,-0.07333323160807291,-0.7333323160807291,-27.0,406.3333333333333,-1.289828956361812,-0.2571428571428571,0.19711005177131616,0.7649197871153519,10,MACEIO,AL,Nordeste,0.3547980931883691,False,False,sem_tendencia_significativa,sem_tendencia_significativa,True
principal_15a,>=15 anos válidos,A310,tmax_inmet,Máxima anual INMET,15,2005,2024,20,5,31.200000762939453,32.70000076293945,32.893333435058594,37.099998474121094,0.015384674072265625,0.15384674072265625,6.0,405.3333333333333,0.2483498169496957,0.05714285714285714,0.803863757670262,-0.18197610000003797,10,AREIA,PB,Nordeste,0.8597466142962713,False,False,sem_tendencia_significativa,sem_tendencia_significativa,False
principal_15a,>=15 anos válidos,A401,tmax_inmet,Máxima anual INMET,15,2004,2025,22,7,32.900001525878906,34.20000076293945,34.52000020345052,37.70000076293945,-0.03333409627278646,-0.3333409627278646,-16.0,405.3333333333333,-0.7450494508490871,-0.1523809523809524,0.45624182590897855,0.5126214158342093,11,SALVADOR,BA,Nordeste,0.6053157011164161,False,False,sem_tendencia_significativa,sem_tendencia_significativa,True
principal_15a,>=15 anos válidos,A408,tmax_inmet,Máxima anual INMET,16,2004,2025,22,6,36.400001525878906,38.35000038146973,38.512500286102295,41.29999923706055,0.06515146505953086,0.6515146505953086,23.0,492.3333333333333,0.9915007807559584,0.19166666666666668,0.3214411113021264,0.11047359461537111,11,ITABERABA,BA,Nordeste,0.483449393807879,False,False,sem_tendencia_significativa,sem_tendencia_significativa,False
principal_15a,>=15 anos válidos,A502,tmax_inmet,Máxima anual INMET,15,2009,2025,17,2,30.600000381469727,31.799999237060547,32.22000007629394,34.599998474121094,0.09090926430442116,0.9090926430442116,29.0,406.3333333333333,1.3890465683896438,0.2761904761904762,0.16481858981177677,0.28411898891598303,12,BARBACENA,MG,Sudeste,0.3224711539795633,False,False,sem_tendencia_significativa,sem_tendencia_significativa,False
principal_15a,>=15 anos válidos,A505,tmax_inmet,Máxima anual INMET,17,2003,2024,22,5,32.5,34.599998474121094,34.864705702837774,37.20000076293945,0.15555572509765625,1.5555572509765625,66.0,587.3333333333334,2.6820757035279903,0.4852941176470588,0.0073166900360846915,0.5998546601160645,13,ARAXA,MG,Sudeste,0.09841517649781828,True,False,crescente,sem_tendencia_significativa,True
principal_15a,>=15 anos válidos,A506,tmax_inmet,Máxima anual INMET,16,2004,2025,22,6,35.79999923706055,38.14999961853027,38.21875023841858,40.70000076293945,0.06794890379294372,0.6794890379294372,27.0,492.3333333333333,1.1717736499843143,0.225,0.2412879445016494,-0.1331424533744818,12,MONTES CLAROS,MG,Sudeste,0.4176137500990086,False,False,sem_tendencia_significativa,sem_tendencia_significativa,False
principal_15a,>=15 anos válidos,A507,tmax_inmet,Máxima anual INMET,18,2007,2025,19,1,34.20000076293945,36.5,36.40000004238553,38.5,0.09999990463256836,0.9999990463256836,48.0,694.0,1.7840956023026397,0.3137254901960784,0.0744081317635724,0.08475140308562927,16,UBERLANDIA,MG,Sudeste,0.1969627017271034,False,False,sem_tendencia_significativa,sem_tendencia_significativa,False
principal_15a,>=15 anos válidos,A509,tmax_inmet,Máxima anual INMET,18,2007,2025,19,1,27.5,29.0,29.177777820163303,31.0,0.05555555555555555,0.5555555555555556,35.0,690.3333333333334,1.294045345367283,0.22875816993464052,0.19564975830780015,-0.04740650650272545,16,MONTE VERDE,MG,Sudeste,0.3547980931883691,False,False,sem_tendencia_significativa,sem_tendencia_significativa,False
principal_15a,>=15 anos válidos,A510,tmax_inmet,Máxima anual INMET,16,2008,2025,18,2,32.20000076293945,35.14999961853027,35.46250009536743,38.20000076293945,0.15277793672349718,1.5277793672349718,32.0,491.3333333333333,1.398535772387884,0.26666666666666666,0.1619522382109209,-0.007506184147807721,13,VICOSA,MG,Sudeste,0.3224711539795633,False,False,sem_tendencia_significativa,sem_tendencia_significativa,False
principal_15a,>=15 anos válidos,A513,tmax_inmet,Máxima anual INMET,15,2007,2025,19,4,31.899999618530273,34.20000076293945,34.44666659037272,38.599998474121094,0.0444441901312934,0.44444190131293404,7.0,406.3333333333333,0.2976528360834951,0.06666666666666667,0.7659681439026508,0.19547555894631513,12,OURO BRANCO,MG,Sudeste,0.8597466142962713,False,False,sem_tendencia_significativa,sem_tendencia_significativa,False
principal_15a,>=15 anos válidos,A521,tmax_inmet,Máxima anual INMET,18,2007,2025,19,1,33.900001525878906,36.099998474121094,36.04999987284342,38.599998474121094,0.10000010899135045,1.0000010899135046,52.0,692.0,1.938729099237749,0.33986928104575165,0.05253433340051772,0.3413667150953274,16,PAMPULHA,MG,Sudeste,0.1818496156171767,False,False,sem_tendencia_significativa,sem_tendencia_significativa,True
principal_15a,>=15 anos válidos,A525,tmax_inmet,Máxima anual INMET,15,2007,2025,19,4,33.5,35.900001525878906,36.33999964396159,42.5,0.19999991522894967,1.9999991522894967,51.0,406.3333333333333,2.4804403006957925,0.4857142857142857,0.013122023533042437,0.3649848488187736,11,SACRAMENTO,MG,Sudeste,0.09841517649781828,True,False,crescente,sem_tendencia_significativa,True
principal_15a,>=15 anos válidos,A528,tmax_inmet,Máxima anual INMET,15,2007,2025,19,4,32.79999923706055,36.0,36.0999994913737,39.29999923706055,0.023076864389272835,0.23076864389272836,6.0,407.3333333333333,0.2477393699381441,0.05714285714285714,0.8043360683870272,0.30991626565084157,11,TRES MARIAS,MG,Sudeste,0.8597466142962713,False,False,sem_tendencia_significativa,sem_tendencia_significativa,True
principal_15a,>=15 anos válidos,A530,tmax_inmet,Máxima anual INMET,15,2007,2024,18,3,30.5,32.900001525878906,33.233333587646484,35.599998474121094,0.20000012715657553,2.0000012715657554,57.0,406.3333333333333,2.7780931367792876,0.5428571428571428,0.005467894284964219,0.6837768624035407,11,CALDAS,MG,Sudeste,0.09841517649781828,True,False,crescente,sem_tendencia_significativa,True
principal_15a,>=15 anos válidos,A531,tmax_inmet,Máxima anual INMET,18,2008,2025,18,0,28.899999618530273,30.90000057220459,30.916666348775227,34.099998474121094,0.13333352406819662,1.3333352406819663,60.0,696.0,2.236389228557765,0.39215686274509803,0.02532628610277907,0.2053712115144392,17,MARIA DA FE,MG,Sudeste,0.12376516481550319,True,False,crescente,sem_tendencia_significativa,False
principal_15a,>=15 anos válidos,A533,tmax_inmet,Máxima anual INMET,16,2008,2024,17,1,33.900001525878906,35.60000038146973,35.793750286102295,38.29999923706055,0.16666666666666666,1.6666666666666665,57.0,488.3333333333333,2.5341355534803123,0.475,0.01127251163275514,0.09178980096696959,14,GUANHAES,MG,Sudeste,0.09841517649781828,True,False,crescente,sem_tendencia_significativa,False
principal_15a,>=15 anos válidos,A538,tmax_inmet,Máxima anual INMET,15,2007,2025,19,4,35.099998474121094,36.900001525878906,37.41999994913737,40.5,0.10833358764648438,1.0833358764648438,31.0,406.3333333333333,1.4882641804174754,0.29523809523809524,0.13668123738715698,0.2963827594426918,10,CURVELO,MG,Sudeste,0.2928883658296221,False,False,sem_tendencia_significativa,sem_tendencia_significativa,False
principal_15a,>=15 anos válidos,A539,tmax_inmet,Máxima anual INMET,15,2008,2025,18,3,36.900001525878906,39.29999923706055,39.5933334350586,41.29999923706055,0.07142857142857142,0.7142857142857142,21.0,406.3333333333333,0.9921761202783169,0.2,0.32111161917785963,0.4111873955176849,13,MOCAMBINHO,MG,Sudeste,0.483449393807879,False,False,sem_tendencia_significativa,sem_tendencia_significativa,True
principal_15a,>=15 anos válidos,A550,tmax_inmet,Máxima anual INMET,15,2008,2024,17,2,38.400001525878906,40.400001525878906,40.48000005086263,42.79999923706055,0.08749985694885254,0.8749985694885254,21.0,408.3333333333333,0.989743318610787,0.2,0.3222995958719193,-0.013247298405451647,13,ITAOBIM,MG,Sudeste,0.483449393807879,False,False,sem_tendencia_significativa,sem_tendencia_significativa,False
principal_15a,>=15 anos válidos,A554,tmax_inmet,Máxima anual INMET,15,2008,2025,18,3,34.400001525878906,37.70000076293945,37.3533332824707,39.400001525878906,0.14615367009089544,1.4615367009089544,37.0,403.6666666666667,1.7918062889285116,0.3523809523809524,0.07316400108296825,0.32012951388630195,11,CARATINGA,MG,Sudeste,0.1969627017271034,False,False,sem_tendencia_significativa,sem_tendencia_significativa,True
principal_15a,>=15 anos válidos,A555,tmax_inmet,Máxima anual INMET,15,2009,2024,16,1,30.899999618530273,32.79999923706055,32.93999989827474,36.70000076293945,0.11428587777273995,1.1428587777273995,32.0,407.3333333333333,1.5359840936164935,0.3047619047619048,0.12454228158188534,0.05250696553570319,13,IBIRITE (ROLA MOCA),MG,Sudeste,0.2928883658296221,False,False,sem_tendencia_significativa,sem_tendencia_significativa,False
principal_15a,>=15 anos válidos,A601,tmax_inmet,Máxima anual INMET,19,2003,2025,23,4,37.400001525878906,39.5,39.789473483436986,42.599998474121094,0.07500028610229492,0.7500028610229492,55.0,813.0,1.8938626843461148,0.3216374269005848,0.05824323867414074,0.13706054816747548,15,ECOLOGIA AGRICOLA,RJ,Sudeste,0.1872104100240238,False,False,sem_tendencia_significativa,sem_tendencia_significativa,False
principal_15a,>=15 anos válidos,A607,tmax_inmet,Máxima anual INMET,15,2007,2025,19,4,37.29999923706055,38.70000076293945,38.79999974568685,40.599998474121094,-0.04000015258789062,-0.40000152587890625,-16.0,407.3333333333333,-0.7432181098144324,-0.1523809523809524,0.4573496408435143,0.03621505871543475,11,CAMPOS,RJ,Sudeste,0.6053157011164161,False,False,sem_tendencia_significativa,sem_tendencia_significativa,False
principal_15a,>=15 anos válidos,A616,tmax_inmet,Máxima anual INMET,16,2007,2025,19,3,34.20000076293945,36.10000038146973,36.075000047683716,38.29999923706055,0.05555576748318142,0.5555576748318142,15.0,490.3333333333333,0.6322405207978062,0.125,0.5272297230696295,-0.0071150089596671,12,SAO MATEUS,ES,Sudeste,0.6412253388684682,False,False,sem_tendencia_significativa,sem_tendencia_significativa,False
principal_15a,>=15 anos válidos,A617,tmax_inmet,Máxima anual INMET,15,2007,2025,19,4,37.70000076293945,40.0,40.01333287556966,41.79999923706055,0.0,0.0,0.0,407.3333333333333,0.0,0.0,1.0,-0.42377034830010424,10,ALEGRE,ES,Sudeste,1.0,False,False,sem_tendencia_significativa,sem_tendencia_significativa,True
principal_15a,>=15 anos válidos,A701,tmax_inmet,Máxima anual INMET,18,2007,2025,19,1,33.79999923706055,35.19999885559082,35.34999995761447,37.5,0.14000015258789061,1.4000015258789062,59.0,692.3333333333334,2.2042983352300847,0.38562091503267976,0.027503369959000712,0.2997742992794459,16,SAO PAULO - MIRANTE,SP,Sudeste,0.12376516481550319,True,False,crescente,sem_tendencia_significativa,False
principal_15a,>=15 anos válidos,A703,tmax_inmet,Máxima anual INMET,18,2002,2025,24,6,34.70000076293945,36.55000114440918,36.43333329094781,38.099998474121094,0.08333333333333333,0.8333333333333333,49.0,695.0,1.8207437803461157,0.3202614379084967,0.06864581379085412,0.3644453895882496,14,PONTA PORA,MS,Centro-Oeste,0.1969627017271034,False,False,sem_tendencia_significativa,sem_tendencia_significativa,True
principal_15a,>=15 anos válidos,A707,tmax_inmet,Máxima anual INMET,16,2007,2025,19,3,35.900001525878906,38.85000038146973,38.74375033378601,41.79999923706055,0.13541682561238605,1.3541682561238604,48.0,493.3333333333333,2.1160582937865167,0.4,0.03433985000756264,0.4212404459669638,12,PRESIDENTE PRUDENTE,SP,Sudeste,0.1287744375283599,True,False,crescente,sem_tendencia_significativa,True
principal_15a,>=15 anos válidos,A708,tmax_inmet,Máxima anual INMET,15,2004,2023,20,5,33.20000076293945,34.79999923706055,35.15999984741211,37.900001525878906,0.10000038146972656,1.0000038146972656,24.0,407.3333333333333,1.1396011017154628,0.22857142857142856,0.25445252615345604,0.04882275507512204,11,FRANCA,SP,Sudeste,0.4240875435890934,False,False,sem_tendencia_significativa,sem_tendencia_significativa,False
principal_15a,>=15 anos válidos,A747,tmax_inmet,Máxima anual INMET,16,2009,2025,17,1,35.79999923706055,38.60000038146973,38.61875009536743,41.20000076293945,0.18375015258789062,1.8375015258789062,50.0,493.3333333333333,2.206103327564666,0.4166666666666667,0.027376765789661663,0.08354293355105255,14,PRADOPOLIS,SP,Sudeste,0.12376516481550319,True,False,crescente,sem_tendencia_significativa,False
principal_15a,>=15 anos válidos,A801,tmax_inmet,Máxima anual INMET,19,2007,2025,19,0,35.5,38.400001525878906,38.11052623548006,40.599998474121094,0.13333257039388022,1.3333257039388022,50.0,814.0,1.717449111220315,0.29239766081871343,0.08589714493338899,-0.05967390432535732,18,PORTO ALEGRE,RS,Sul,0.21474286233347248,False,False,sem_tendencia_significativa,sem_tendencia_significativa,False
principal_15a,>=15 anos válidos,A803,tmax_inmet,Máxima anual INMET,15,2003,2024,22,7,36.20000076293945,38.29999923706055,38.106666310628256,40.20000076293945,0.022221883138020832,0.22221883138020831,18.0,404.6666666666667,0.8450846345418398,0.17142857142857143,0.39806358667063246,0.28065260210092036,10,SANTA MARIA,RS,Sul,0.5597769187555769,False,False,sem_tendencia_significativa,sem_tendencia_significativa,False
principal_15a,>=15 anos válidos,A806,tmax_inmet,Máxima anual INMET,15,2008,2023,16,1,33.5,35.5,35.85999984741211,39.70000076293945,0.007692190317007212,0.07692190317007212,2.0,407.3333333333333,0.049547873987628825,0.01904761904761905,0.9604826860995309,0.007601110592671969,13,FLORIANOPOLIS,SC,Sul,0.9823118380563384,False,False,sem_tendencia_significativa,sem_tendencia_significativa,False
principal_15a,>=15 anos válidos,A809,tmax_inmet,Máxima anual INMET,15,2007,2024,18,3,35.79999923706055,39.29999923706055,39.0533332824707,42.900001525878906,0.07142857142857142,0.7142857142857142,19.0,408.3333333333333,0.8907689867497083,0.18095238095238095,0.3730531162514527,0.07480674416914816,11,URUGUAIANA,RS,Sul,0.5415287171392055,False,False,sem_tendencia_significativa,sem_tendencia_significativa,False
principal_15a,>=15 anos válidos,A839,tmax_inmet,Máxima anual INMET,16,2007,2024,18,2,32.400001525878906,34.75,34.793750524520874,37.29999923706055,0.08154755546933129,0.8154755546933129,16.0,488.6666666666667,0.6785547598194783,0.13333333333333333,0.49742001598396635,0.16637214257955815,13,PASSO FUNDO,RS,Sul,0.621775019979958,False,False,sem_tendencia_significativa,sem_tendencia_significativa,False
principal_15a,>=15 anos válidos,A844,tmax_inmet,Máxima anual INMET,15,2008,2024,17,2,32.5,33.400001525878906,33.5533332824707,35.099998474121094,0.02857153756277902,0.2857153756277902,7.0,406.3333333333333,0.2976528360834951,0.06666666666666667,0.7659681439026508,0.049490197572288674,12,LAGOA VERMELHA,RS,Sul,0.8597466142962713,False,False,sem_tendencia_significativa,sem_tendencia_significativa,False
principal_15a,>=15 anos válidos,A853,tmax_inmet,Máxima anual INMET,15,2008,2024,17,2,33.5,36.900001525878906,36.62666676839193,39.0,-0.016666412353515625,-0.16666412353515625,-7.0,406.3333333333333,-0.2976528360834951,-0.06666666666666667,0.7659681439026508,0.42374338959129265,12,CRUZ ALTA,RS,Sul,0.8597466142962713,False,False,sem_tendencia_significativa,sem_tendencia_significativa,True
sensibilidade_10a,>=10 anos válidos,A001,delta_tmax,Diferença das máximas anuais ERA5 - INMET,20,2003,2025,23,3,-1.6190910339355469,-0.5014896392822266,-0.4258705139160156,0.39980316162109375,-0.0257568359375,-0.257568359375,-38.0,950.0,-1.2004385163676428,-0.2,0.22996907772364034,0.17697065284646163,17,BRASILIA,DF,Centro-Oeste,0.6674290512184655,False,False,sem_tendencia_significativa,sem_tendencia_significativa,False
sensibilidade_10a,>=10 anos válidos,A002,delta_tmax,Diferença das máximas anuais ERA5 - INMET,18,2006,2024,19,1,-5.613330841064453,-2.2148208618164062,-2.469120873345269,-1.0187034606933594,-0.10189125754616478,-1.0189125754616477,-63.0,697.0,-2.3484174591435676,-0.4117647058823529,0.018853377367019176,0.24207799894367207,16,GOIANIA,GO,Centro-Oeste,0.3372956564378985,True,False,decrescente,sem_tendencia_significativa,False
sensibilidade_10a,>=10 anos válidos,A003,delta_tmax,Diferença das máximas anuais ERA5 - INMET,16,2006,2025,20,4,-2.6012725830078125,-0.9940204620361328,-1.2068748474121094,-0.08628082275390625,-0.06362197449157289,-0.636219744915729,-44.0,493.3333333333333,-1.9359682262302171,-0.36666666666666664,0.0528715926149876,0.37693960570953033,12,MORRINHOS,GO,Centro-Oeste,0.4190563266521239,False,False,sem_tendencia_significativa,sem_tendencia_significativa,True
sensibilidade_10a,>=10 anos válidos,A010,delta_tmax,Diferença das máximas anuais ERA5 - INMET,11,2007,2024,18,7,-3.428028106689453,-2.78076171875,-2.7424371892755683,-1.8674812316894531,0.02298008311878551,0.2298008311878551,5.0,165.0,0.3113995776646092,0.09090909090909091,0.7554968749288828,0.054204520247453286,7,PARANA,TO,Norte,0.9647390916123593,False,False,sem_tendencia_significativa,sem_tendencia_significativa,False
sensibilidade_10a,>=10 anos válidos,A011,delta_tmax,Diferença das máximas anuais ERA5 - INMET,11,2007,2025,19,8,-3.228321075439453,-1.8202667236328125,-1.8329655040394177,-1.121337890625,-0.03377056121826172,-0.3377056121826172,-17.0,165.0,-1.2455983106584367,-0.3090909090909091,0.21291190281150457,0.14527179361195006,5,SAO SIMAO,GO,Centro-Oeste,0.641734467629042,False,False,sem_tendencia_significativa,sem_tendencia_significativa,False
sensibilidade_10a,>=10 anos válidos,A012,delta_tmax,Diferença das máximas anuais ERA5 - INMET,15,2007,2025,19,4,-2.2452659606933594,-0.8965835571289062,-1.0340579986572265,-0.3476104736328125,0.01755205790201823,0.1755205790201823,9.0,408.3333333333333,0.39589732744431483,0.08571428571428572,0.6921807727218765,0.37932925269575674,11,LUZIANIA,GO,Centro-Oeste,0.9647390916123593,False,False,sem_tendencia_significativa,sem_tendencia_significativa,True
sensibilidade_10a,>=10 anos válidos,A014,delta_tmax,Diferença das máximas anuais ERA5 - INMET,12,2008,2025,18,6,-5.0482940673828125,-3.618459701538086,-3.6558237075805664,-2.2701187133789062,-0.07492501395089285,-0.7492501395089285,-22.0,212.66666666666666,-1.4400235107798574,-0.3333333333333333,0.14986074751304929,0.18195322789060622,7,GOIAS,GO,Centro-Oeste,0.574678985797618,False,False,sem_tendencia_significativa,sem_tendencia_significativa,False
sensibilidade_10a,>=10 anos válidos,A016,delta_tmax,Diferença das máximas anuais ERA5 - INMET,14,2008,2025,18,4,-3.986865997314453,-2.733938217163086,-2.8147032601492747,-1.6015167236328125,0.035807291666666664,0.35807291666666663,17.0,333.6666666666667,0.8759182423221743,0.18681318681318682,0.3810744816092944,0.015711863633201352,10,JATAI,GO,Centro-Oeste,0.7766660863275143,False,False,sem_tendencia_significativa,sem_tendencia_significativa,False
sensibilidade_10a,>=10 anos válidos,A019,delta_tmax,Diferença das máximas anuais ERA5 - INMET,11,2008,2024,17,6,-3.00244140625,-1.955810546875,-1.81031625921076,-0.505126953125,-0.0676104227701823,-0.676104227701823,-23.0,165.0,-1.7126976771553506,-0.41818181818181815,0.0867681727038757,-0.116278816910067,7,GURUPI,TO,Norte,0.4761125374007538,False,False,sem_tendencia_significativa,sem_tendencia_significativa,False
sensibilidade_10a,>=10 anos válidos,A023,delta_tmax,Diferença das máximas anuais ERA5 - INMET,11,2008,2025,18,7,-6.230079650878906,-1.5838394165039062,-2.258119756525213,-1.2412605285644531,-0.006088550274188702,-0.06088550274188702,-3.0,165.0,-0.1556997888323046,-0.05454545454545454,0.8762696636277618,0.5841292462729311,5,CAIAPONIA,GO,Centro-Oeste,1.0,False,False,sem_tendencia_significativa,sem_tendencia_significativa,True
sensibilidade_10a,>=10 anos válidos,A024,delta_tmax,Diferença das máximas anuais ERA5 - INMET,11,2008,2021,14,3,-5.93115234375,0.5737762451171875,-0.07063813643022017,1.0680160522460938,0.11562995910644532,1.1562995910644531,29.0,165.0,2.1797970436522642,0.5272727272727272,0.029272509186304526,0.541500610286978,7,ALTO PARAISO DE GOIAS,GO,Centro-Oeste,0.3684892332864217,True,False,crescente,sem_tendencia_significativa,True
sensibilidade_10a,>=10 anos válidos,A027,delta_tmax,Diferença das máximas anuais ERA5 - INMET,10,2009,2025,17,7,-3.2464370727539062,-1.9917488098144531,-2.119155502319336,-1.3490142822265625,-0.06489849090576172,-0.6489849090576172,-19.0,125.0,-1.6099689437998486,-0.4222222222222222,0.10740463633025377,-0.059767941322193166,5,PARAUNA,GO,Centro-Oeste,0.4890338760569001,False,False,sem_tendencia_significativa,sem_tendencia_significativa,False
sensibilidade_10a,>=10 anos válidos,A033,delta_tmax,Diferença das máximas anuais ERA5 - INMET,13,2008,2025,18,5,-3.5971221923828125,-2.5347671508789062,-2.475110274094802,-0.9548835754394531,-0.10972442626953124,-1.0972442626953125,-42.0,268.6666666666667,-2.5013643919549087,-0.5384615384615384,0.012371581204524314,0.4670973040130272,8,PIRES DO RIO,GO,Centro-Oeste,0.3372956564378985,True,False,decrescente,sem_tendencia_significativa,True
sensibilidade_10a,>=10 anos válidos,A034,delta_tmax,Diferença das máximas anuais ERA5 - INMET,14,2009,2025,17,3,-1.6685066223144531,-0.6034698486328125,-0.7810388292585101,0.0186004638671875,-0.01695387704031808,-0.16953877040318083,-9.0,333.6666666666667,-0.43795912116108715,-0.0989010989010989,0.6614159170078633,-0.27198283416437896,10,CATALAO,GO,Centro-Oeste,0.9647390916123593,False,False,sem_tendencia_significativa,sem_tendencia_significativa,False
sensibilidade_10a,>=10 anos válidos,A035,delta_tmax,Diferença das máximas anuais ERA5 - INMET,11,2009,2025,17,6,-2.6666030883789062,-1.8175811767578125,-1.7276736172762783,-0.36962890625,-0.04798398699079241,-0.47983986990792415,-15.0,165.0,-1.0898985218261321,-0.2727272727272727,0.2757578478275093,0.1878885738377353,5,ITUMBIARA,GO,Centro-Oeste,0.6807865878847438,False,False,sem_tendencia_significativa,sem_tendencia_significativa,False
sensibilidade_10a,>=10 anos válidos,A036,delta_tmax,Diferença das máximas anuais ERA5 - INMET,18,2008,2025,18,0,-0.7791500091552734,0.7443580627441406,0.6265228059556749,1.6254386901855469,-0.05782737731933594,-0.5782737731933594,-49.0,697.0,-1.8181296457885685,-0.3202614379084967,0.06904431984775122,-0.11524125295662137,17,CRISTALINA,GO,Centro-Oeste,0.45683574070356087,False,False,sem_tendencia_significativa,sem_tendencia_significativa,False
sensibilidade_10a,>=10 anos válidos,A037,delta_tmax,Diferença das máximas anuais ERA5 - INMET,11,2011,2025,15,4,-2.6652450561523438,-1.3277359008789062,-1.4442495866255327,-0.7958526611328125,0.02263784408569336,0.2263784408569336,3.0,165.0,0.1556997888323046,0.05454545454545454,0.8762696636277618,-0.34218550293279393,6,SILVANIA,GO,Centro-Oeste,1.0,False,False,sem_tendencia_significativa,sem_tendencia_significativa,True
sensibilidade_10a,>=10 anos válidos,A045,delta_tmax,Diferença das máximas anuais ERA5 - INMET,17,2009,2025,17,0,-2.7560081481933594,-2.0555686950683594,-1.9010639190673828,-1.0407257080078125,-0.07740473747253418,-0.7740473747253418,-60.0,589.3333333333334,-2.430365035986322,-0.4411764705882353,0.015083622594694817,0.33494196498519474,16,AGUAS EMENDADAS,DF,Centro-Oeste,0.3372956564378985,True,False,decrescente,sem_tendencia_significativa,True
sensibilidade_10a,>=10 anos válidos,A046,delta_tmax,Diferença das máximas anuais ERA5 - INMET,11,2015,2025,11,0,-2.063526153564453,-1.4437026977539062,-1.323119423606179,-0.37265777587890625,-0.156005859375,-1.56005859375,-35.0,165.0,-2.646896410149178,-0.6363636363636364,0.00812342330427351,0.432724804710185,10,GAMA (PONTE ALTA),DF,Centro-Oeste,0.3372956564378985,True,False,decrescente,sem_tendencia_significativa,True
sensibilidade_10a,>=10 anos válidos,A101,delta_tmax,Diferença das máximas anuais ERA5 - INMET,16,2007,2025,19,3,-5.0717315673828125,-1.3944091796875,-1.8030896186828613,0.4052734375,0.13182566716120792,1.3182566716120792,44.0,493.3333333333333,1.9359682262302171,0.36666666666666664,0.0528715926149876,-0.39395676776125216,14,MANAUS,AM,Norte,0.4190563266521239,False,False,sem_tendencia_significativa,sem_tendencia_significativa,True
sensibilidade_10a,>=10 anos válidos,A119,delta_tmax,Diferença das máximas anuais ERA5 - INMET,12,2009,2025,17,5,-9.45595932006836,-2.7258567810058594,-3.3700008392333984,-1.8568382263183594,0.1453137927585178,1.453137927585178,36.0,212.66666666666666,2.400039184633096,0.5454545454545454,0.016393316888809063,-0.03307746712276236,8,MANACAPURU,AM,Norte,0.3372956564378985,True,False,crescente,sem_tendencia_significativa,False
sensibilidade_10a,>=10 anos válidos,A121,delta_tmax,Diferença das máximas anuais ERA5 - INMET,10,2009,2025,17,7,-2.9378929138183594,-1.9391860961914062,-1.947799301147461,0.10043716430664062,-0.0012655258178710938,-0.012655258178710938,-3.0,125.0,-0.17888543819998318,-0.06666666666666667,0.8580276569875213,0.22927500692838026,5,ITACOATIARA,AM,Norte,1.0,False,False,sem_tendencia_significativa,sem_tendencia_significativa,False
sensibilidade_10a,>=10 anos válidos,A201,delta_tmax,Diferença das máximas anuais ERA5 - INMET,10,2010,2024,15,5,-3.4384765625,-2.0906524658203125,-2.235905075073242,-1.0738792419433594,-0.15401898897611177,-1.5401898897611177,-33.0,125.0,-2.862167011199731,-0.7333333333333333,0.004207551285491754,0.629638142413761,5,BELEM,PA,Norte,0.3372956564378985,True,False,decrescente,sem_tendencia_significativa,True
sensibilidade_10a,>=10 anos válidos,A202,delta_tmax,Diferença das máximas anuais ERA5 - INMET,11,2004,2025,22,11,-1.5874519348144531,-0.7215843200683594,-0.7322547219016335,0.23554611206054688,0.01099853515625,0.1099853515625,5.0,165.0,0.3113995776646092,0.09090909090909091,0.7554968749288828,-0.457961669281713,6,CASTANHAL,PA,Norte,0.9647390916123593,False,False,sem_tendencia_significativa,sem_tendencia_significativa,True
sensibilidade_10a,>=10 anos válidos,A203,delta_tmax,Diferença das máximas anuais ERA5 - INMET,10,2012,2025,14,4,-4.12299919128418,-3.311277389526367,-3.151523208618164,-1.7422351837158203,0.047183990478515625,0.47183990478515625,11.0,125.0,0.8944271909999159,0.24444444444444444,0.3710933695226976,-0.34089491230817454,6,SAO LUIS,MA,Nordeste,0.7676285276712584,False,False,sem_tendencia_significativa,sem_tendencia_significativa,True
sensibilidade_10a,>=10 anos válidos,A206,delta_tmax,Diferença das máximas anuais ERA5 - INMET,10,2009,2025,17,7,-1.88037109375,-0.9119167327880859,-0.9417984008789062,0.0435028076171875,-0.09062385559082031,-0.9062385559082031,-21.0,125.0,-1.7888543819998317,-0.4666666666666667,0.07363827012030268,0.46833051364045175,6,CHAPADINHA,MA,Nordeste,0.45683574070356087,False,False,sem_tendencia_significativa,sem_tendencia_significativa,True
sensibilidade_10a,>=10 anos válidos,A225,delta_tmax,Diferença das máximas anuais ERA5 - INMET,12,2009,2023,15,3,-3.6878929138183594,-2.893482208251953,-2.860760052998861,-2.287403106689453,-0.04848600362802481,-0.4848600362802481,-24.0,212.66666666666666,-1.5771686070446058,-0.36363636363636365,0.1147567343186491,0.6115938258232212,8,IMPERATRIZ,MA,Nordeste,0.5011824723304267,False,False,sem_tendencia_significativa,sem_tendencia_significativa,True
sensibilidade_10a,>=10 anos válidos,A226,delta_tmax,Diferença das máximas anuais ERA5 - INMET,10,2009,2024,16,6,-12.76362419128418,-3.704761505126953,-4.460366058349609,-2.4033679962158203,-0.05955791473388672,-0.5955791473388672,-11.0,125.0,-0.8944271909999159,-0.24444444444444444,0.3710933695226976,0.036872181861726534,4,BRAGANCA,PA,Norte,0.7676285276712584,False,False,sem_tendencia_significativa,sem_tendencia_significativa,False
sensibilidade_10a,>=10 anos válidos,A229,delta_tmax,Diferença das máximas anuais ERA5 - INMET,10,2009,2024,16,6,-1.7872085571289062,-1.3324470520019531,-1.1862174987792968,-0.17055892944335938,-0.04221343994140625,-0.4221343994140625,-15.0,125.0,-1.2521980673998823,-0.3333333333333333,0.2104977000553374,-0.394518673367131,5,TUCURUI,PA,Norte,0.641734467629042,False,False,sem_tendencia_significativa,sem_tendencia_significativa,True
sensibilidade_10a,>=10 anos válidos,A238,delta_tmax,Diferença das máximas anuais ERA5 - INMET,10,2009,2025,17,7,-7.801513671875,-2.240774154663086,-3.096110534667969,-0.4372100830078125,-0.26900990804036456,-2.6900990804036455,-21.0,125.0,-1.7888543819998317,-0.4666666666666667,0.07363827012030268,0.08921959549547301,8,BURITICUPU,MA,Nordeste,0.45683574070356087,False,False,sem_tendencia_significativa,sem_tendencia_significativa,False
sensibilidade_10a,>=10 anos válidos,A303,delta_tmax,Diferença das máximas anuais ERA5 - INMET,15,2004,2025,22,7,-10.07143783569336,-3.368457794189453,-4.032562510172526,-2.4278831481933594,0.08995225694444445,0.8995225694444444,35.0,408.3333333333333,1.6825636416383378,0.3333333333333333,0.09245959511086127,0.8678020423617341,10,MACEIO,AL,Nordeste,0.4890338760569001,False,False,sem_tendencia_significativa,sem_tendencia_significativa,True
sensibilidade_10a,>=10 anos válidos,A307,delta_tmax,Diferença das máximas anuais ERA5 - INMET,14,2004,2021,18,4,-2.591114044189453,-0.994873046875,-1.1800689697265625,-0.341796875,-0.07466506958007812,-0.7466506958007812,-47.0,333.6666666666667,-2.518264946676251,-0.5164835164835165,0.011793457077065013,0.16504334372394341,9,PETROLINA,PE,Nordeste,0.3372956564378985,True,False,decrescente,sem_tendencia_significativa,False
sensibilidade_10a,>=10 anos válidos,A309,delta_tmax,Diferença das máximas anuais ERA5 - INMET,10,2005,2025,21,11,-2.4125518798828125,-1.8591327667236328,-1.7131271362304688,-0.8919944763183594,0.009953180948893229,0.09953180948893228,1.0,125.0,0.0,0.022222222222222223,1.0,-0.5941189919472492,5,ARCO VERDE,PE,Nordeste,1.0,False,False,sem_tendencia_significativa,sem_tendencia_significativa,True
sensibilidade_10a,>=10 anos válidos,A310,delta_tmax,Diferença das máximas anuais ERA5 - INMET,15,2005,2024,20,5,-4.817138671875,-0.8670425415039062,-1.0445383707682292,-0.05668830871582031,0.010659731351412259,0.10659731351412259,11.0,408.3333333333333,0.4948716593053935,0.10476190476190476,0.6206907170753548,-0.6159750190016624,10,AREIA,PB,Nordeste,0.9647390916123593,False,False,sem_tendencia_significativa,sem_tendencia_significativa,True
sensibilidade_10a,>=10 anos válidos,A313,delta_tmax,Diferença das máximas anuais ERA5 - INMET,11,2008,2022,15,4,-6.577247619628906,-1.1671905517578125,-1.5130344737659802,0.053661346435546875,0.0342041015625,0.342041015625,11.0,165.0,0.778498944161523,0.2,0.43627492884052926,-0.26397477203892705,6,CAMPINA GRANDE,PB,Nordeste,0.848753043380666,False,False,sem_tendencia_significativa,sem_tendencia_significativa,False
sensibilidade_10a,>=10 anos válidos,A322,delta_tmax,Diferença das máximas anuais ERA5 - INMET,12,2008,2025,18,6,-3.4612808227539062,-1.3064937591552734,-1.3882536888122559,-0.7666015625,0.001116472132065717,0.01116472132065717,0.0,212.66666666666666,0.0,0.0,1.0,-0.6981105774516925,8,GARANHUNS,PE,Nordeste,1.0,False,False,sem_tendencia_significativa,sem_tendencia_significativa,True
sensibilidade_10a,>=10 anos válidos,A329,delta_tmax,Diferença das máximas anuais ERA5 - INMET,12,2008,2025,18,6,-2.1521987915039062,-1.4326915740966797,-1.394732157389323,-0.3665046691894531,-0.0032253265380859375,-0.032253265380859375,0.0,212.66666666666666,0.0,0.0,1.0,-0.3680325041684545,7,CABROBO,PE,Nordeste,1.0,False,False,sem_tendencia_significativa,sem_tendencia_significativa,True
sensibilidade_10a,>=10 anos válidos,A342,delta_tmax,Diferença das máximas anuais ERA5 - INMET,11,2011,2024,14,3,-6.8486328125,-2.5895042419433594,-3.033275604248047,-1.5245132446289062,0.053356170654296875,0.5335617065429688,11.0,165.0,0.778498944161523,0.2,0.43627492884052926,-0.24622921126631556,7,CRATEUS,CE,Nordeste,0.848753043380666,False,False,sem_tendencia_significativa,sem_tendencia_significativa,False
sensibilidade_10a,>=10 anos válidos,A346,delta_tmax,Diferença das máximas anuais ERA5 - INMET,11,2009,2024,16,5,-3.58935546875,-2.540088653564453,-2.5136822787198154,-1.189453125,0.09258804321289063,0.9258804321289062,19.0,165.0,1.4012980994907414,0.34545454545454546,0.16112494928905177,0.2616145466350302,7,URUCUI,PI,Nordeste,0.574678985797618,False,False,sem_tendencia_significativa,sem_tendencia_significativa,False
sensibilidade_10a,>=10 anos válidos,A348,delta_tmax,Diferença das máximas anuais ERA5 - INMET,11,2009,2023,15,4,-2.7768096923828125,-2.3505401611328125,-2.288363370028409,-1.8405303955078125,-0.026175572321965143,-0.26175572321965146,-9.0,165.0,-0.6227991553292184,-0.16363636363636364,0.5334165134726945,-0.26547738782654756,6,CABACEIRAS,PB,Nordeste,0.9059613800250526,False,False,sem_tendencia_significativa,sem_tendencia_significativa,False
sensibilidade_10a,>=10 anos válidos,A349,delta_tmax,Diferença das máximas anuais ERA5 - INMET,13,2009,2025,17,4,-2.3507347106933594,-1.7549819946289062,-1.5624788724459135,-0.6851577758789062,0.019360224405924477,0.19360224405924475,10.0,268.6666666666667,0.5490799884779067,0.1282051282051282,0.5829505577618919,0.10460858135638496,8,IBIMIRIM,PE,Nordeste,0.9446423725142699,False,False,sem_tendencia_significativa,sem_tendencia_significativa,False
sensibilidade_10a,>=10 anos válidos,A357,delta_tmax,Diferença das máximas anuais ERA5 - INMET,10,2009,2025,17,7,-9.95644760131836,-2.8724136352539062,-4.259581756591797,-1.6873550415039062,0.11039377848307291,1.103937784830729,5.0,125.0,0.35777087639996635,0.1111111111111111,0.7205147871362553,0.1745667295440915,7,PALMARES,PE,Nordeste,0.9647390916123593,False,False,sem_tendencia_significativa,sem_tendencia_significativa,False
sensibilidade_10a,>=10 anos válidos,A358,delta_tmax,Diferença das máximas anuais ERA5 - INMET,10,2009,2023,15,5,-3.8013687133789062,-2.569581985473633,-2.7002212524414064,-2.0910186767578125,0.04938507080078125,0.4938507080078125,9.0,125.0,0.7155417527999327,0.2,0.4742743507673296,0.21847030369788353,6,JAGUARIBE,CE,Nordeste,0.8749544057259356,False,False,sem_tendencia_significativa,sem_tendencia_significativa,False
sensibilidade_10a,>=10 anos válidos,A363,delta_tmax,Diferença das máximas anuais ERA5 - INMET,10,2010,2025,16,6,-3.5841331481933594,-2.575124740600586,-2.446583557128906,-1.6272964477539062,0.06931522914341517,0.6931522914341517,13.0,125.0,1.073312629199899,0.28888888888888886,0.2831308706623467,0.6158365502925239,7,VALENCA DO PIAUI,PI,Nordeste,0.6807865878847438,False,False,sem_tendencia_significativa,sem_tendencia_significativa,True
sensibilidade_10a,>=10 anos válidos,A401,delta_tmax,Diferença das máximas anuais ERA5 - INMET,15,2004,2025,22,7,-8.255762100219727,-4.303319931030273,-4.370016098022461,-2.0284671783447266,0.0499267578125,0.499267578125,23.0,408.3333333333333,1.0887176504718656,0.21904761904761905,0.2762784158080179,0.2592253199181829,11,SALVADOR,BA,Nordeste,0.6807865878847438,False,False,sem_tendencia_significativa,sem_tendencia_significativa,False
sensibilidade_10a,>=10 anos válidos,A402,delta_tmax,Diferença das máximas anuais ERA5 - INMET,12,2007,2024,18,6,-3.4453125,-2.7809104919433594,-2.8224868774414062,-2.475391387939453,0.023778279622395836,0.23778279622395837,18.0,212.66666666666666,1.1657333182503609,0.2727272727272727,0.24372228477217445,0.6198837039332618,5,BARREIRAS,BA,Nordeste,0.6674290512184655,False,False,sem_tendencia_significativa,sem_tendencia_significativa,True
sensibilidade_10a,>=10 anos válidos,A404,delta_tmax,Diferença das máximas anuais ERA5 - INMET,11,2007,2024,18,7,-4.5114288330078125,-2.2411651611328125,-2.265382246537642,-1.4386749267578125,0.028949260711669922,0.2894926071166992,7.0,165.0,0.46709936649691375,0.12727272727272726,0.6404287874127911,0.261816205785636,6,LUIZ EDUARDO MAGALHAES,BA,Nordeste,0.9647390916123593,False,False,sem_tendencia_significativa,sem_tendencia_significativa,False
sensibilidade_10a,>=10 anos válidos,A407,delta_tmax,Diferença das máximas anuais ERA5 - INMET,12,2004,2022,19,7,-3.6991710662841797,-2.072681427001953,-2.240715662638346,-1.0575218200683594,0.017360750834147134,0.17360750834147134,8.0,212.66666666666666,0.48000783692661914,0.12121212121212122,0.6312218204782533,-0.0013335374514318592,6,ITIRUCU,BA,Nordeste,0.9647390916123593,False,False,sem_tendencia_significativa,sem_tendencia_significativa,False
sensibilidade_10a,>=10 anos válidos,A408,delta_tmax,Diferença das máximas anuais ERA5 - INMET,16,2004,2025,22,6,-3.6376495361328125,-0.7080574035644531,-1.2295489311218262,0.1584930419921875,-0.05425665928767277,-0.5425665928767277,-30.0,493.3333333333333,-1.3056529897831697,-0.25,0.19167059142275544,-0.2973317489652218,11,ITABERABA,BA,Nordeste,0.641734467629042,False,False,sem_tendencia_significativa,sem_tendencia_significativa,False
sensibilidade_10a,>=10 anos válidos,A409,delta_tmax,Diferença das máximas anuais ERA5 - INMET,11,2004,2020,17,6,-11.839208602905273,-5.282712936401367,-6.066583806818182,-2.779491424560547,0.013954925537109374,0.13954925537109375,1.0,165.0,0.0,0.01818181818181818,1.0,0.24477445377374113,9,ARACAJU,SE,Nordeste,1.0,False,False,sem_tendencia_significativa,sem_tendencia_significativa,False
sensibilidade_10a,>=10 anos válidos,A414,delta_tmax,Diferença das máximas anuais ERA5 - INMET,13,2008,2025,18,5,-2.7482452392578125,-1.7789077758789062,-2.004452338585487,-1.1903839111328125,-0.016816881569949066,-0.16816881569949066,-14.0,268.6666666666667,-0.793115538912532,-0.1794871794871795,0.42771051029746415,0.24097188438443568,9,VITORIA DA CONQUISTA,BA,Nordeste,0.848753043380666,False,False,sem_tendencia_significativa,sem_tendencia_significativa,False
sensibilidade_10a,>=10 anos válidos,A416,delta_tmax,Diferença das máximas anuais ERA5 - INMET,10,2010,2025,16,6,-4.265480041503906,-2.72607421875,-2.6292446136474608,-1.6673851013183594,0.012470245361328125,0.12470245361328125,3.0,125.0,0.17888543819998318,0.06666666666666667,0.8580276569875213,0.21273789017018133,4,CORRENTINA,BA,Nordeste,1.0,False,False,sem_tendencia_significativa,sem_tendencia_significativa,False
sensibilidade_10a,>=10 anos válidos,A417,delta_tmax,Diferença das máximas anuais ERA5 - INMET,10,2008,2025,18,8,-3.0301284790039062,-1.2461185455322266,-1.2268711090087892,-0.17295074462890625,-0.043271636962890624,-0.43271636962890625,-3.0,125.0,-0.17888543819998318,-0.06666666666666667,0.8580276569875213,0.24553368944602239,5,ITABAIANINHA,SE,Nordeste,1.0,False,False,sem_tendencia_significativa,sem_tendencia_significativa,False
sensibilidade_10a,>=10 anos válidos,A424,delta_tmax,Diferença das máximas anuais ERA5 - INMET,11,2009,2025,17,6,-2.7291526794433594,-2.0732421875,-2.036990772594105,-1.5657730102539062,0.0263519287109375,0.263519287109375,5.0,165.0,0.3113995776646092,0.09090909090909091,0.7554968749288828,-0.7319911419701565,7,IRECE,BA,Nordeste,0.9647390916123593,False,False,sem_tendencia_significativa,sem_tendencia_significativa,True
sensibilidade_10a,>=10 anos válidos,A425,delta_tmax,Diferença das máximas anuais ERA5 - INMET,10,2009,2023,15,5,-12.438430786132812,-5.04841423034668,-5.930084228515625,-4.339210510253906,0.11511463589138454,1.1511463589138455,17.0,125.0,1.4310835055998654,0.37777777777777777,0.15240628395674935,0.5978133466130192,5,LENCOIS,BA,Nordeste,0.574678985797618,False,False,sem_tendencia_significativa,sem_tendencia_significativa,True
sensibilidade_10a,>=10 anos válidos,A426,delta_tmax,Diferença das máximas anuais ERA5 - INMET,10,2009,2025,17,7,-3.359619140625,-2.6070327758789062,-2.350099563598633,-0.9213409423828125,0.07542142001065341,0.7542142001065342,19.0,125.0,1.6099689437998486,0.4222222222222222,0.10740463633025377,-0.647616276563882,5,GUANAMBI,BA,Nordeste,0.4890338760569001,False,False,sem_tendencia_significativa,sem_tendencia_significativa,True
sensibilidade_10a,>=10 anos válidos,A430,delta_tmax,Diferença das máximas anuais ERA5 - INMET,14,2009,2023,15,1,-2.4713878631591797,-1.7067623138427734,-1.3599294934953963,0.518798828125,-0.007951100667317709,-0.07951100667317709,-3.0,333.6666666666667,-0.10948978029027179,-0.03296703296703297,0.9128140271840749,-0.17772159362575085,12,PIATA,BA,Nordeste,1.0,False,False,sem_tendencia_significativa,sem_tendencia_significativa,False
sensibilidade_10a,>=10 anos válidos,A433,delta_tmax,Diferença das máximas anuais ERA5 - INMET,14,2009,2024,16,2,-4.161281585693359,-3.3165054321289062,-2.999530519757952,-1.2755393981933594,0.12819290161132812,1.2819290161132812,37.0,333.6666666666667,1.9708160452248922,0.4065934065934066,0.04874492073970655,0.5606071844400519,11,BRUMADO,BA,Nordeste,0.4190563266521239,True,False,crescente,sem_tendencia_significativa,True
sensibilidade_10a,>=10 anos válidos,A434,delta_tmax,Diferença das máximas anuais ERA5 - INMET,13,2009,2025,17,4,-3.892383575439453,-1.4212913513183594,-1.6078928433931792,-0.5769538879394531,0.08492764559659091,0.8492764559659092,36.0,268.6666666666667,2.135311066302971,0.46153846153846156,0.03273560958832078,0.12195593692313299,9,AMARGOSA,BA,Nordeste,0.36870633957371823,True,False,crescente,sem_tendencia_significativa,False
sensibilidade_10a,>=10 anos válidos,A437,delta_tmax,Diferença das máximas anuais ERA5 - INMET,10,2009,2024,16,6,-3.7039546966552734,-2.6310043334960938,-2.718334197998047,-2.0494651794433594,0.05913043022155762,0.5913043022155762,13.0,125.0,1.073312629199899,0.28888888888888886,0.2831308706623467,0.24935529213959762,6,UNA,BA,Nordeste,0.6807865878847438,False,False,sem_tendencia_significativa,sem_tendencia_significativa,False
sensibilidade_10a,>=10 anos válidos,A441,delta_tmax,Diferença das máximas anuais ERA5 - INMET,10,2009,2019,11,1,-1.8001480102539062,-0.06889915466308594,-0.30275535583496094,1.1996574401855469,-0.22643423080444336,-2.2643423080444336,-23.0,125.0,-1.9677398201998149,-0.5111111111111111,0.04909798160926562,0.33037047285594684,8,SERRINHA,BA,Nordeste,0.4190563266521239,True,False,decrescente,sem_tendencia_significativa,True
sensibilidade_10a,>=10 anos válidos,A442,delta_tmax,Diferença das máximas anuais ERA5 - INMET,10,2009,2025,17,7,-4.111621856689453,-2.6856956481933594,-2.6734493255615233,-1.7282257080078125,-0.0888671875,-0.888671875,-23.0,125.0,-1.9677398201998149,-0.5111111111111111,0.04909798160926562,0.7311626829586141,6,EUCLIDES DA CUNHA,BA,Nordeste,0.4190563266521239,True,False,decrescente,sem_tendencia_significativa,True
sensibilidade_10a,>=10 anos válidos,A502,delta_tmax,Diferença das máximas anuais ERA5 - INMET,15,2009,2025,17,2,-2.11181640625,-1.074951171875,-1.0737925211588542,-0.2902336120605469,0.019208908081054688,0.19208908081054688,9.0,408.3333333333333,0.39589732744431483,0.08571428571428572,0.6921807727218765,-0.22279339428286704,12,BARBACENA,MG,Sudeste,0.9647390916123593,False,False,sem_tendencia_significativa,sem_tendencia_significativa,False
sensibilidade_10a,>=10 anos válidos,A505,delta_tmax,Diferença das máximas anuais ERA5 - INMET,17,2003,2024,22,5,-1.9426250457763672,-0.9913101196289062,-1.0950003231272978,-0.3013191223144531,0.02180061340332031,0.21800613403320312,24.0,589.3333333333334,0.9474304377573798,0.17647058823529413,0.34341948718274173,0.14516267040640096,13,ARAXA,MG,Sudeste,0.7676285276712584,False,False,sem_tendencia_significativa,sem_tendencia_significativa,False
sensibilidade_10a,>=10 anos válidos,A506,delta_tmax,Diferença das máximas anuais ERA5 - INMET,16,2004,2025,22,6,-3.4657249450683594,-2.495973587036133,-2.4799578189849854,-1.8187522888183594,-0.02918985154893663,-0.2918985154893663,-26.0,493.3333333333333,-1.1255629222268704,-0.21666666666666667,0.26035056965599135,0.49402346977478867,12,MONTES CLAROS,MG,Sudeste,0.6807865878847438,False,False,sem_tendencia_significativa,sem_tendencia_significativa,True
sensibilidade_10a,>=10 anos válidos,A507,delta_tmax,Diferença das máximas anuais ERA5 - INMET,18,2007,2025,19,1,-2.1288108825683594,-1.3905296325683594,-1.3458593156602647,-0.00595855712890625,0.016911824544270832,0.16911824544270831,17.0,697.0,0.6060432152628562,0.1111111111111111,0.5444860568259107,0.39367271525918157,16,UBERLANDIA,MG,Sudeste,0.9103126262558194,False,False,sem_tendencia_significativa,sem_tendencia_significativa,True
sensibilidade_10a,>=10 anos válidos,A508,delta_tmax,Diferença das máximas anuais ERA5 - INMET,13,2004,2025,22,9,-5.383644104003906,-3.926319122314453,-3.7536709125225363,-2.29296875,-0.041684180902679585,-0.41684180902679585,-12.0,268.6666666666667,-0.6710977636952193,-0.15384615384615385,0.5021582515007487,-0.06554663798281522,8,ALMENARA,MG,Sudeste,0.8808349657472149,False,False,sem_tendencia_significativa,sem_tendencia_significativa,False
sensibilidade_10a,>=10 anos válidos,A509,delta_tmax,Diferença das máximas anuais ERA5 - INMET,18,2007,2025,19,1,-0.31894493103027344,0.8648443222045898,0.88077269660102,2.661130905151367,0.018045152936662947,0.18045152936662948,17.0,697.0,0.6060432152628562,0.1111111111111111,0.5444860568259107,-0.09952320299175312,16,MONTE VERDE,MG,Sudeste,0.9103126262558194,False,False,sem_tendencia_significativa,sem_tendencia_significativa,False
sensibilidade_10a,>=10 anos válidos,A510,delta_tmax,Diferença das máximas anuais ERA5 - INMET,16,2008,2025,18,2,-3.8168487548828125,-2.7068862915039062,-2.597867965698242,-0.9132328033447266,0.02235126495361328,0.2235126495361328,8.0,493.3333333333333,0.31515761822352373,0.06666666666666667,0.7526419827681855,0.2444213381978966,13,VICOSA,MG,Sudeste,0.9647390916123593,False,False,sem_tendencia_significativa,sem_tendencia_significativa,False
sensibilidade_10a,>=10 anos válidos,A511,delta_tmax,Diferença das máximas anuais ERA5 - INMET,11,2007,2025,19,8,-1.5455589294433594,0.38100433349609375,0.7462123524058949,4.712158203125,-0.027555465698242188,-0.2755546569824219,-3.0,165.0,-0.1556997888323046,-0.05454545454545454,0.8762696636277618,0.1579287956680206,7,TIMOTEO,MG,Sudeste,1.0,False,False,sem_tendencia_significativa,sem_tendencia_significativa,False
sensibilidade_10a,>=10 anos válidos,A512,delta_tmax,Diferença das máximas anuais ERA5 - INMET,12,2008,2025,18,6,-2.8205108642578125,-1.8955841064453125,-1.7086242039998372,-0.2889671325683594,-0.06192593347458612,-0.6192593347458613,-16.0,212.66666666666666,-1.0285882219856124,-0.24242424242424243,0.303673214899419,0.5316176332199873,7,ITUIUTABA,MG,Sudeste,0.7141326152579743,False,False,sem_tendencia_significativa,sem_tendencia_significativa,True
sensibilidade_10a,>=10 anos válidos,A513,delta_tmax,Diferença das máximas anuais ERA5 - INMET,15,2007,2025,19,4,-8.308835983276367,-2.8016605377197266,-3.1570509592692058,-2.030029296875,0.0031476338704427083,0.031476338704427086,3.0,408.3333333333333,0.09897433186107871,0.02857142857142857,0.9211586502250249,-0.035639582430657936,12,OURO BRANCO,MG,Sudeste,1.0,False,False,sem_tendencia_significativa,sem_tendencia_significativa,False
sensibilidade_10a,>=10 anos válidos,A515,delta_tmax,Diferença das máximas anuais ERA5 - INMET,14,2007,2024,18,4,-2.1380863189697266,-1.2824716567993164,-1.291099957057408,-0.447265625,0.02305005391438802,0.23050053914388022,15.0,333.6666666666667,0.7664284620319025,0.16483516483516483,0.4434214028640829,-0.03816945295451237,12,VARGINHA,MG,Sudeste,0.8548845064226464,False,False,sem_tendencia_significativa,sem_tendencia_significativa,False
sensibilidade_10a,>=10 anos válidos,A516,delta_tmax,Diferença das máximas anuais ERA5 - INMET,14,2007,2025,19,5,-3.3970718383789062,-2.3763198852539062,-2.3423280715942383,-1.2129402160644531,-0.013671875,-0.13671875,-7.0,333.6666666666667,-0.32846934087081536,-0.07692307692307693,0.7425568219265776,0.4616811432026724,8,PASSOS,MG,Sudeste,0.9647390916123593,False,False,sem_tendencia_significativa,sem_tendencia_significativa,True
sensibilidade_10a,>=10 anos válidos,A517,delta_tmax,Diferença das máximas anuais ERA5 - INMET,11,2007,2023,17,6,-5.801906585693359,-4.9508819580078125,-4.911880319768732,-3.9411163330078125,-0.0035643944373497595,-0.0356439443734976,-1.0,165.0,0.0,-0.01818181818181818,1.0,-0.10251513606415719,7,MURIAE,MG,Sudeste,1.0,False,False,sem_tendencia_significativa,sem_tendencia_significativa,False
sensibilidade_10a,>=10 anos válidos,A518,delta_tmax,Diferença das máximas anuais ERA5 - INMET,13,2008,2024,17,4,-0.0841827392578125,0.8749008178710938,0.9713175846980169,1.8224601745605469,-0.01476406328605883,-0.14764063286058832,-6.0,268.6666666666667,-0.3050444380432815,-0.07692307692307693,0.7603323075218762,0.28314056988222314,9,JUIZ DE FORA,MG,Sudeste,0.9647390916123593,False,False,sem_tendencia_significativa,sem_tendencia_significativa,False
sensibilidade_10a,>=10 anos válidos,A519,delta_tmax,Diferença das máximas anuais ERA5 - INMET,12,2007,2025,19,7,-2.9715843200683594,-1.2990989685058594,-1.296669324239095,0.162109375,-0.061796677418244184,-0.6179667741824418,-18.0,212.66666666666666,-1.1657333182503609,-0.2727272727272727,0.24372228477217445,-0.30033339347826626,5,CAMPINA VERDE,MG,Sudeste,0.6674290512184655,False,False,sem_tendencia_significativa,sem_tendencia_significativa,True
sensibilidade_10a,>=10 anos válidos,A520,delta_tmax,Diferença das máximas anuais ERA5 - INMET,14,2008,2025,18,4,-2.8939476013183594,-2.3810558319091797,-2.245387213570731,-1.5238304138183594,0.004497528076171875,0.04497528076171875,3.0,333.6666666666667,0.10948978029027179,0.03296703296703297,0.9128140271840749,0.40002604837107353,10,CONCEICAO DAS ALAGOAS,MG,Sudeste,1.0,False,False,sem_tendencia_significativa,sem_tendencia_significativa,True
sensibilidade_10a,>=10 anos válidos,A521,delta_tmax,Diferença das máximas anuais ERA5 - INMET,18,2007,2025,19,1,-4.572118759155273,-3.2549314498901367,-3.3746832741631403,-1.8855476379394531,0.018246014912923176,0.18246014912923175,9.0,697.0,0.3030216076314281,0.058823529411764705,0.7618733947779847,-0.07038034604058391,16,PAMPULHA,MG,Sudeste,0.9647390916123593,False,False,sem_tendencia_significativa,sem_tendencia_significativa,False
sensibilidade_10a,>=10 anos válidos,A522,delta_tmax,Diferença das máximas anuais ERA5 - INMET,12,2007,2025,19,7,-1.8705101013183594,-0.2660655975341797,-0.2722422281901042,1.155029296875,0.03244446974534255,0.32444469745342547,8.0,212.66666666666666,0.48000783692661914,0.12121212121212122,0.6312218204782533,0.624980921693815,8,SERRA DOS AIMORES,MG,Sudeste,0.9647390916123593,False,False,sem_tendencia_significativa,sem_tendencia_significativa,True
sensibilidade_10a,>=10 anos válidos,A523,delta_tmax,Diferença das máximas anuais ERA5 - INMET,12,2008,2023,16,4,-2.8680667877197266,-1.6531991958618164,-1.6249806086222331,-0.06650543212890625,0.08630970546177455,0.8630970546177454,20.0,212.66666666666666,1.302878414515109,0.30303030303030304,0.19261627432960213,-0.0366167808565332,9,PATROCINIO,MG,Sudeste,0.641734467629042,False,False,sem_tendencia_significativa,sem_tendencia_significativa,False
sensibilidade_10a,>=10 anos válidos,A524,delta_tmax,Diferença das máximas anuais ERA5 - INMET,13,2007,2025,19,6,-2.5243186950683594,-1.8373069763183594,-1.6890411376953125,-0.18442535400390625,0.01468862806047712,0.1468862806047712,12.0,268.6666666666667,0.6710977636952193,0.15384615384615385,0.5021582515007487,-0.212370196832756,9,FORMIGA,MG,Sudeste,0.8808349657472149,False,False,sem_tendencia_significativa,sem_tendencia_significativa,False
sensibilidade_10a,>=10 anos válidos,A525,delta_tmax,Diferença das máximas anuais ERA5 - INMET,15,2007,2025,19,4,-4.423439025878906,-1.182861328125,-1.4994087219238281,-0.369873046875,-0.0639190673828125,-0.639190673828125,-47.0,408.3333333333333,-2.27640963280481,-0.44761904761904764,0.022821503671488098,0.029367935089346264,11,SACRAMENTO,MG,Sudeste,0.3372956564378985,True,False,decrescente,sem_tendencia_significativa,False
sensibilidade_10a,>=10 anos válidos,A527,delta_tmax,Diferença das máximas anuais ERA5 - INMET,10,2007,2023,17,7,-1.8642578125,-1.1207294464111328,-0.9462902069091796,0.034763336181640625,-0.04014248318142361,-0.4014248318142361,-9.0,125.0,-0.7155417527999327,-0.2,0.4742743507673296,-0.05776482572755201,6,TEOFILO OTONI,MG,Sudeste,0.8749544057259356,False,False,sem_tendencia_significativa,sem_tendencia_significativa,False
sensibilidade_10a,>=10 anos válidos,A528,delta_tmax,Diferença das máximas anuais ERA5 - INMET,15,2007,2025,19,4,-3.702442169189453,0.040283203125,-0.31474711100260416,0.9376945495605469,0.01823743184407552,0.1823743184407552,5.0,408.3333333333333,0.19794866372215741,0.047619047619047616,0.8430852292699837,-0.1285714977355869,11,TRES MARIAS,MG,Sudeste,1.0,False,False,sem_tendencia_significativa,sem_tendencia_significativa,False
sensibilidade_10a,>=10 anos válidos,A529,delta_tmax,Diferença das máximas anuais ERA5 - INMET,11,2009,2023,15,4,-4.043066024780273,-2.5086936950683594,-2.40028901533647,-1.207763671875,-0.11381855010986328,-1.1381855010986328,-21.0,165.0,-1.556997888323046,-0.38181818181818183,0.11947098677170073,-0.08543616838515228,8,PASSA QUATRO,MG,Sudeste,0.5113358233828792,False,False,sem_tendencia_significativa,sem_tendencia_significativa,False
sensibilidade_10a,>=10 anos válidos,A530,delta_tmax,Diferença das máximas anuais ERA5 - INMET,15,2007,2024,18,3,-2.615234375,-1.7474632263183594,-1.7389818827311199,-0.8942413330078125,-0.03785371780395508,-0.3785371780395508,-21.0,408.3333333333333,-0.989743318610787,-0.2,0.3222995958719193,0.2691005439186954,11,CALDAS,MG,Sudeste,0.746523330877611,False,False,sem_tendencia_significativa,sem_tendencia_significativa,False
sensibilidade_10a,>=10 anos válidos,A531,delta_tmax,Diferença das máximas anuais ERA5 - INMET,18,2008,2025,18,0,-2.044384002685547,-0.8088865280151367,-0.8023160298665365,-0.06337928771972656,-0.0034418106079101562,-0.03441810607910156,-1.0,697.0,0.0,-0.006535947712418301,1.0,0.1814828645016548,17,MARIA DA FE,MG,Sudeste,1.0,False,False,sem_tendencia_significativa,sem_tendencia_significativa,False
sensibilidade_10a,>=10 anos válidos,A532,delta_tmax,Diferença das máximas anuais ERA5 - INMET,11,2008,2025,18,7,-3.524169921875,-1.90625,-1.4908169833096592,0.3650856018066406,0.054606119791666664,0.5460611979166666,13.0,165.0,0.9341987329938275,0.23636363636363636,0.3502013891792958,-0.06173761083150691,7,GOVERNADOR VALADARES,MG,Sudeste,0.7676285276712584,False,False,sem_tendencia_significativa,sem_tendencia_significativa,False
sensibilidade_10a,>=10 anos válidos,A533,delta_tmax,Diferença das máximas anuais ERA5 - INMET,16,2008,2024,17,1,-2.6747093200683594,-0.8471698760986328,-0.9069781303405762,0.7400360107421875,-0.04577951431274414,-0.4577951431274414,-22.0,493.3333333333333,-0.9454728546705712,-0.18333333333333332,0.3444175229790722,-0.14942438609438377,14,GUANHAES,MG,Sudeste,0.7676285276712584,False,False,sem_tendencia_significativa,sem_tendencia_significativa,False
sensibilidade_10a,>=10 anos válidos,A534,delta_tmax,Diferença das máximas anuais ERA5 - INMET,10,2008,2024,17,7,-2.7073745727539062,-1.3160400390625,-1.4847671508789062,-0.8332061767578125,0.06456671820746528,0.6456671820746528,15.0,125.0,1.2521980673998823,0.3333333333333333,0.2104977000553374,-0.6097741236377909,5,AIMORES,MG,Sudeste,0.641734467629042,False,False,sem_tendencia_significativa,sem_tendencia_significativa,True
sensibilidade_10a,>=10 anos válidos,A535,delta_tmax,Diferença das máximas anuais ERA5 - INMET,14,2009,2025,17,3,-6.027830123901367,-2.7640151977539062,-2.994664737156459,-1.8421897888183594,0.09733668240633878,0.9733668240633877,35.0,333.6666666666667,1.8613262649346203,0.38461538461538464,0.06269811626098264,0.29940982046205666,10,FLORESTAL,MG,Sudeste,0.45683574070356087,False,False,sem_tendencia_significativa,sem_tendencia_significativa,False
sensibilidade_10a,>=10 anos válidos,A536,delta_tmax,Diferença das máximas anuais ERA5 - INMET,12,2008,2025,18,6,-2.9664573669433594,-1.6739501953125,-1.6700579325358074,-0.6659202575683594,-0.00923798301003196,-0.0923798301003196,-6.0,212.66666666666666,-0.34286274066187084,-0.09090909090909091,0.7317017232242102,-0.3958305922330722,6,DORES DO INDAIA,MG,Sudeste,0.9647390916123593,False,False,sem_tendencia_significativa,sem_tendencia_significativa,True
sensibilidade_10a,>=10 anos válidos,A537,delta_tmax,Diferença das máximas anuais ERA5 - INMET,14,2008,2025,18,4,-0.9885234832763672,0.7711658477783203,0.5158476148332868,2.3575172424316406,-0.026850960471413353,-0.26850960471413354,-11.0,333.6666666666667,-0.5474489014513589,-0.12087912087912088,0.5840703669455065,-0.07393884537117468,9,DIAMANTINA,MG,Sudeste,0.9446423725142699,False,False,sem_tendencia_significativa,sem_tendencia_significativa,False
sensibilidade_10a,>=10 anos válidos,A538,delta_tmax,Diferença das máximas anuais ERA5 - INMET,15,2007,2025,19,4,-2.860645294189453,-1.6886749267578125,-1.8445457458496093,-0.910888671875,-0.04077744483947754,-0.4077744483947754,-29.0,408.3333333333333,-1.3856406460551018,-0.2761904761904762,0.16585666034290997,-0.07424876248655911,10,CURVELO,MG,Sudeste,0.5818577920226677,False,False,sem_tendencia_significativa,sem_tendencia_significativa,False
sensibilidade_10a,>=10 anos válidos,A539,delta_tmax,Diferença das máximas anuais ERA5 - INMET,15,2008,2025,18,3,-3.148731231689453,-1.9052734375,-1.6844319661458333,1.8572235107421875,-0.03933143615722656,-0.3933143615722656,-23.0,408.3333333333333,-1.0887176504718656,-0.21904761904761905,0.2762784158080179,0.06446198371607227,13,MOCAMBINHO,MG,Sudeste,0.6807865878847438,False,False,sem_tendencia_significativa,sem_tendencia_significativa,False
sensibilidade_10a,>=10 anos válidos,A540,delta_tmax,Diferença das máximas anuais ERA5 - INMET,14,2008,2025,18,4,-3.4732437133789062,-2.152589797973633,-2.2600533621651784,-0.8585968017578125,0.004654884338378906,0.04654884338378906,3.0,333.6666666666667,0.10948978029027179,0.03296703296703297,0.9128140271840749,-0.19895501613870156,9,MANTENA,MG,Sudeste,1.0,False,False,sem_tendencia_significativa,sem_tendencia_significativa,False
sensibilidade_10a,>=10 anos válidos,A541,delta_tmax,Diferença das máximas anuais ERA5 - INMET,13,2008,2025,18,5,-2.327392578125,-1.2665557861328125,-1.2372461465688853,-0.14292144775390625,0.013472557067871094,0.13472557067871094,6.0,268.6666666666667,0.3050444380432815,0.07692307692307693,0.7603323075218762,-0.17318135884782906,10,CAPELINHA,MG,Sudeste,0.9647390916123593,False,False,sem_tendencia_significativa,sem_tendencia_significativa,False
sensibilidade_10a,>=10 anos válidos,A542,delta_tmax,Diferença das máximas anuais ERA5 - INMET,12,2008,2025,18,6,-4.050930023193359,-2.8026123046875,-2.9382575352986655,-2.229736328125,0.006220436096191407,0.06220436096191406,2.0,212.66666666666666,0.06857254813237416,0.030303030303030304,0.9453298708327001,-0.5298596312645052,6,UNAI,MG,Sudeste,1.0,False,False,sem_tendencia_significativa,sem_tendencia_significativa,True
sensibilidade_10a,>=10 anos válidos,A546,delta_tmax,Diferença das máximas anuais ERA5 - INMET,11,2008,2024,17,6,-1.9994640350341797,-0.46421051025390625,-0.4417178414084695,0.9262199401855469,0.07116372244698661,0.7116372244698661,13.0,165.0,0.9341987329938275,0.23636363636363636,0.3502013891792958,0.08250739264515593,7,GUARDA-MOR,MG,Sudeste,0.7676285276712584,False,False,sem_tendencia_significativa,sem_tendencia_significativa,False
sensibilidade_10a,>=10 anos válidos,A547,delta_tmax,Diferença das máximas anuais ERA5 - INMET,10,2008,2023,16,6,-5.3146514892578125,-2.416309356689453,-2.6983707427978514,-1.6197280883789062,-0.08867168426513672,-0.8867168426513672,-25.0,125.0,-2.146625258399798,-0.5555555555555556,0.0318231273864902,0.6260780021496448,4,SAO ROMAO,MG,Sudeste,0.36870633957371823,True,False,decrescente,sem_tendencia_significativa,True
sensibilidade_10a,>=10 anos válidos,A548,delta_tmax,Diferença das máximas anuais ERA5 - INMET,10,2008,2023,16,6,-1.8036155700683594,-0.8167743682861328,-0.6628776550292969,0.487548828125,0.001461029052734375,0.01461029052734375,1.0,125.0,0.0,0.022222222222222223,1.0,-0.21287792555893142,4,CHAPADA GAUCHA,MG,Sudeste,1.0,False,False,sem_tendencia_significativa,sem_tendencia_significativa,False
sensibilidade_10a,>=10 anos válidos,A550,delta_tmax,Diferença das máximas anuais ERA5 - INMET,15,2008,2024,17,2,-5.115039825439453,-3.553516387939453,-3.61934076944987,-2.8028831481933594,-0.011560880220853366,-0.11560880220853366,-9.0,408.3333333333333,-0.39589732744431483,-0.08571428571428572,0.6921807727218765,-0.1381371310316736,13,ITAOBIM,MG,Sudeste,0.9647390916123593,False,False,sem_tendencia_significativa,sem_tendencia_significativa,False
sensibilidade_10a,>=10 anos válidos,A551,delta_tmax,Diferença das máximas anuais ERA5 - INMET,13,2008,2025,18,5,-2.6065444946289062,-1.4767112731933594,-1.5345194889948919,-0.7851104736328125,0.005812486012776693,0.058124860127766936,12.0,268.6666666666667,0.6710977636952193,0.15384615384615385,0.5021582515007487,0.00830444361126226,9,RIO PARDO DE MINAS,MG,Sudeste,0.8808349657472149,False,False,sem_tendencia_significativa,sem_tendencia_significativa,False
sensibilidade_10a,>=10 anos válidos,A552,delta_tmax,Diferença das máximas anuais ERA5 - INMET,12,2008,2025,18,6,-3.6827659606933594,-3.3139171600341797,-3.2348286310831704,-2.380908966064453,-0.02430880069732666,-0.2430880069732666,-20.0,212.66666666666666,-1.302878414515109,-0.30303030303030304,0.19261627432960213,-0.11224717076945614,8,SALINAS,MG,Sudeste,0.641734467629042,False,False,sem_tendencia_significativa,sem_tendencia_significativa,False
sensibilidade_10a,>=10 anos válidos,A554,delta_tmax,Diferença das máximas anuais ERA5 - INMET,15,2008,2025,18,3,-4.151123046875,-2.991016387939453,-2.713702646891276,-0.9312515258789062,-0.06148052215576172,-0.6148052215576172,-19.0,408.3333333333333,-0.8907689867497083,-0.18095238095238095,0.3730531162514527,-0.18652688306975793,11,CARATINGA,MG,Sudeste,0.7676285276712584,False,False,sem_tendencia_significativa,sem_tendencia_significativa,False
sensibilidade_10a,>=10 anos válidos,A555,delta_tmax,Diferença das máximas anuais ERA5 - INMET,15,2009,2024,16,1,-2.6859397888183594,-0.7698249816894531,-0.44472071329752605,1.9144515991210938,0.09155893325805664,0.9155893325805664,41.0,408.3333333333333,1.979486637221574,0.3904761904761905,0.047761242675103704,-0.5104715215858261,13,IBIRITE (ROLA MOCA),MG,Sudeste,0.4190563266521239,True,False,crescente,sem_tendencia_significativa,True
sensibilidade_10a,>=10 anos válidos,A557,delta_tmax,Diferença das máximas anuais ERA5 - INMET,10,2013,2025,13,3,-6.455810546875,-5.056423187255859,-4.8923694610595705,-3.32080078125,-0.22055138481987846,-2.205513848198785,-21.0,125.0,-1.7888543819998317,-0.4666666666666667,0.07363827012030268,0.768378500866529,7,CORONEL PACHECO,MG,Sudeste,0.45683574070356087,False,False,sem_tendencia_significativa,sem_tendencia_significativa,True
sensibilidade_10a,>=10 anos válidos,A601,delta_tmax,Diferença das máximas anuais ERA5 - INMET,19,2003,2025,23,4,-4.888332366943359,-3.368896484375,-3.401504717375103,-1.73193359375,-0.0096435546875,-0.096435546875,-5.0,817.0,-0.13994228570826392,-0.029239766081871343,0.8887055908352302,-0.08027406123153306,15,ECOLOGIA AGRICOLA,RJ,Sudeste,1.0,False,False,sem_tendencia_significativa,sem_tendencia_significativa,False
sensibilidade_10a,>=10 anos válidos,A602,delta_tmax,Diferença das máximas anuais ERA5 - INMET,13,2004,2024,21,8,-6.57373046875,-5.027442932128906,-5.1096804692195015,-3.283008575439453,0.00211970837085278,0.0211970837085278,2.0,268.6666666666667,0.061008887608656304,0.02564102564102564,0.9513521309544037,-0.33984036068591994,7,MARAMBAIA,RJ,Sudeste,1.0,False,False,sem_tendencia_significativa,sem_tendencia_significativa,True
sensibilidade_10a,>=10 anos válidos,A603,delta_tmax,Diferença das máximas anuais ERA5 - INMET,13,2010,2025,16,3,-5.364307403564453,-4.445411682128906,-4.410435016338642,-3.062061309814453,0.04362472380050505,0.4362472380050505,16.0,268.6666666666667,0.9151333141298446,0.20512820512820512,0.36012164775537836,0.256945485425249,9,XEREM,RJ,Sudeste,0.7676285276712584,False,False,sem_tendencia_significativa,sem_tendencia_significativa,False
sensibilidade_10a,>=10 anos válidos,A604,delta_tmax,Diferença das máximas anuais ERA5 - INMET,12,2007,2025,19,7,-3.3411636352539062,-2.1238784790039062,-2.1510839462280273,-0.9113311767578125,0.10747443112460049,1.074744311246005,34.0,212.66666666666666,2.2628940883683475,0.5151515151515151,0.02364221890919849,-0.42073954453856754,6,CAMBUCI,RJ,Sudeste,0.3372956564378985,True,False,crescente,sem_tendencia_significativa,True
sensibilidade_10a,>=10 anos válidos,A606,delta_tmax,Diferença das máximas anuais ERA5 - INMET,13,2007,2025,19,6,-7.06596565246582,-5.896631240844727,-5.543745921208308,-3.6402835845947266,-0.051565789557122564,-0.5156578955712257,-12.0,268.6666666666667,-0.6710977636952193,-0.15384615384615385,0.5021582515007487,0.32385451858035635,8,ARRAIAL DO CABO,RJ,Sudeste,0.8808349657472149,False,False,sem_tendencia_significativa,sem_tendencia_significativa,True
sensibilidade_10a,>=10 anos válidos,A607,delta_tmax,Diferença das máximas anuais ERA5 - INMET,15,2007,2025,19,4,-2.9154319763183594,0.2620582580566406,0.09711786905924479,1.4160614013671875,0.10490937666459517,1.0490937666459517,51.0,408.3333333333333,2.4743582965269675,0.4857142857142857,0.013347575926843172,0.7065960006021251,11,CAMPOS,RJ,Sudeste,0.3372956564378985,True,False,crescente,sem_tendencia_significativa,True
sensibilidade_10a,>=10 anos válidos,A608,delta_tmax,Diferença das máximas anuais ERA5 - INMET,10,2007,2023,17,7,-8.83598518371582,-7.4376726150512695,-7.590146255493164,-6.71757698059082,0.026959737141927082,0.2695973714192708,9.0,125.0,0.7155417527999327,0.2,0.4742743507673296,-0.2842397310329672,5,MACAE,RJ,Sudeste,0.8749544057259356,False,False,sem_tendencia_significativa,sem_tendencia_significativa,False
sensibilidade_10a,>=10 anos válidos,A609,delta_tmax,Diferença das máximas anuais ERA5 - INMET,12,2007,2025,19,7,-7.35302734375,-4.756274223327637,-5.333272457122803,-3.9214344024658203,-0.09331498594365568,-0.9331498594365568,-28.0,212.66666666666666,-1.8514587995741025,-0.42424242424242425,0.06410357671243593,0.15287478775538954,8,RESENDE,RJ,Sudeste,0.45683574070356087,False,False,sem_tendencia_significativa,sem_tendencia_significativa,False
sensibilidade_10a,>=10 anos válidos,A610,delta_tmax,Diferença das máximas anuais ERA5 - INMET,11,2007,2025,19,8,5.760593414306641,7.99370002746582,7.969378904862837,10.15458869934082,-0.06270245143345424,-0.6270245143345423,-5.0,165.0,-0.3113995776646092,-0.09090909090909091,0.7554968749288828,-0.1230143854844653,7,PICO DO COUTO,RJ,Sudeste,0.9647390916123593,False,False,sem_tendencia_significativa,sem_tendencia_significativa,False
sensibilidade_10a,>=10 anos válidos,A611,delta_tmax,Diferença das máximas anuais ERA5 - INMET,14,2007,2024,18,4,-4.2631378173828125,-3.2393321990966797,-3.117694854736328,-1.5978546142578125,-0.03168083639705882,-0.3168083639705882,-19.0,333.6666666666667,-0.9854080226124461,-0.2087912087912088,0.3244236905215786,0.3156721534991249,10,VALENCA,RJ,Sudeste,0.746523330877611,False,False,sem_tendencia_significativa,sem_tendencia_significativa,True
sensibilidade_10a,>=10 anos válidos,A612,delta_tmax,Diferença das máximas anuais ERA5 - INMET,14,2007,2025,19,5,-7.605466842651367,-5.966894149780273,-6.0092909676688055,-5.15678596496582,-0.06201171875,-0.6201171875,-27.0,333.6666666666667,-1.4233671437735331,-0.2967032967032967,0.15462975196581533,-0.22108379882788065,10,VITORIA,ES,Sudeste,0.574678985797618,False,False,sem_tendencia_significativa,sem_tendencia_significativa,False
sensibilidade_10a,>=10 anos válidos,A613,delta_tmax,Diferença das máximas anuais ERA5 - INMET,10,2008,2025,18,8,1.7169418334960938,3.1057605743408203,3.116419792175293,4.639060974121094,-0.029150009155273438,-0.2915000915527344,-11.0,125.0,-0.8944271909999159,-0.24444444444444444,0.3710933695226976,-0.6762861313730669,4,SANTA TERESA,ES,Sudeste,0.7676285276712584,False,False,sem_tendencia_significativa,sem_tendencia_significativa,True
sensibilidade_10a,>=10 anos válidos,A614,delta_tmax,Diferença das máximas anuais ERA5 - INMET,13,2007,2025,19,6,-1.6491241455078125,-1.1242218017578125,-1.0735218341533954,-0.07065582275390625,0.028723893661844246,0.28723893661844246,26.0,268.6666666666667,1.5252221902164076,0.3333333333333333,0.1272036876310995,0.25697714311103476,8,LINHARES,ES,Sudeste,0.5337566500599077,False,False,sem_tendencia_significativa,sem_tendencia_significativa,False
sensibilidade_10a,>=10 anos válidos,A615,delta_tmax,Diferença das máximas anuais ERA5 - INMET,14,2007,2024,18,4,-7.711423873901367,-5.394386291503906,-5.563411303928921,-3.83984375,-0.020585060119628906,-0.20585060119628906,-5.0,333.6666666666667,-0.21897956058054358,-0.054945054945054944,0.8266659696701553,-0.5471279302715888,9,ALFREDO CHAVES,ES,Sudeste,1.0,False,False,sem_tendencia_significativa,sem_tendencia_significativa,True
sensibilidade_10a,>=10 anos válidos,A616,delta_tmax,Diferença das máximas anuais ERA5 - INMET,16,2007,2025,19,3,-7.19218635559082,-5.892187118530273,-5.858910799026489,-4.503271102905273,0.000900109608968099,0.00900109608968099,0.0,493.3333333333333,0.0,0.0,1.0,-0.123276009627214,12,SAO MATEUS,ES,Sudeste,1.0,False,False,sem_tendencia_significativa,sem_tendencia_significativa,False
sensibilidade_10a,>=10 anos válidos,A617,delta_tmax,Diferença das máximas anuais ERA5 - INMET,15,2007,2025,19,4,-7.021240234375,-5.892971038818359,-5.781091562906901,-4.149951934814453,0.06965351104736328,0.6965351104736328,37.0,408.3333333333333,1.7815379734994166,0.3523809523809524,0.07482460710308471,0.32558516965636924,10,ALEGRE,ES,Sudeste,0.45683574070356087,False,False,sem_tendencia_significativa,sem_tendencia_significativa,True
sensibilidade_10a,>=10 anos válidos,A618,delta_tmax,Diferença das máximas anuais ERA5 - INMET,14,2007,2023,17,3,-0.18413162231445312,2.546140670776367,2.2577483313424245,3.3375473022460938,0.09772600446428571,0.9772600446428571,43.0,333.6666666666667,2.2992853860957077,0.4725274725274725,0.021488739119677407,0.2130116899166102,10,TERESOPOLIS,RJ,Sudeste,0.3372956564378985,True,False,crescente,sem_tendencia_significativa,False
sensibilidade_10a,>=10 anos válidos,A619,delta_tmax,Diferença das máximas anuais ERA5 - INMET,11,2009,2024,16,5,-7.402097702026367,-5.639209747314453,-5.780601501464844,-4.48486328125,0.004896436418805804,0.04896436418805804,3.0,165.0,0.1556997888323046,0.05454545454545454,0.8762696636277618,-0.01825423463389455,7,PARATI,RJ,Sudeste,1.0,False,False,sem_tendencia_significativa,sem_tendencia_significativa,False
sensibilidade_10a,>=10 anos válidos,A620,delta_tmax,Diferença das máximas anuais ERA5 - INMET,10,2009,2023,15,5,-6.64482307434082,-5.179956436157227,-5.148725509643555,-2.7566394805908203,0.014036031869741587,0.14036031869741586,5.0,125.0,0.35777087639996635,0.1111111111111111,0.7205147871362553,-0.20952697142887566,7,SAO TOME,RJ,Sudeste,0.9647390916123593,False,False,sem_tendencia_significativa,sem_tendencia_significativa,False
sensibilidade_10a,>=10 anos válidos,A621,delta_tmax,Diferença das máximas anuais ERA5 - INMET,12,2008,2025,18,6,-3.5467796325683594,-2.3346939086914062,-2.474907875061035,-1.67333984375,-0.007676601409912109,-0.0767660140991211,-2.0,212.66666666666666,-0.06857254813237416,-0.030303030303030304,0.9453298708327001,0.08458420667420997,8,VILA MILITAR,RJ,Sudeste,1.0,False,False,sem_tendencia_significativa,sem_tendencia_significativa,False
sensibilidade_10a,>=10 anos válidos,A624,delta_tmax,Diferença das máximas anuais ERA5 - INMET,13,2011,2025,15,2,-0.8420886993408203,0.117919921875,-0.07085374685434195,0.47695350646972656,0.014484812996604226,0.14484812996604227,10.0,268.6666666666667,0.5490799884779067,0.1282051282051282,0.5829505577618919,0.16128991848214197,11,NOVA FRIBURGO,RJ,Sudeste,0.9446423725142699,False,False,sem_tendencia_significativa,sem_tendencia_significativa,False
sensibilidade_10a,>=10 anos válidos,A652,delta_tmax,Diferença das máximas anuais ERA5 - INMET,14,2008,2023,16,2,-3.7801780700683594,-2.126758575439453,-2.1548987797328403,-0.0607452392578125,0.1633838653564453,1.6338386535644531,39.0,333.6666666666667,2.080305825515164,0.42857142857142855,0.03749749081571985,0.32109788451199067,11,FORTE DE COPACABANA,RJ,Sudeste,0.40122315172820233,True,False,crescente,sem_tendencia_significativa,True
sensibilidade_10a,>=10 anos válidos,A701,delta_tmax,Diferença das máximas anuais ERA5 - INMET,18,2007,2025,19,1,-4.503810882568359,-2.4025402069091797,-2.1190467410617404,0.6227531433105469,-0.033397674560546875,-0.33397674560546875,-19.0,697.0,-0.6817986171707132,-0.12418300653594772,0.49536629880308886,-0.1375887209174194,16,SAO PAULO - MIRANTE,SP,Sudeste,0.8808349657472149,False,False,sem_tendencia_significativa,sem_tendencia_significativa,False
sensibilidade_10a,>=10 anos válidos,A703,delta_tmax,Diferença das máximas anuais ERA5 - INMET,18,2002,2025,24,6,-1.3355979919433594,-0.3340587615966797,-0.3516860538058811,0.5530738830566406,0.013502756754557291,0.1350275675455729,9.0,697.0,0.3030216076314281,0.058823529411764705,0.7618733947779847,-0.6749554750365234,14,PONTA PORA,MS,Centro-Oeste,0.9647390916123593,False,False,sem_tendencia_significativa,sem_tendencia_significativa,True
sensibilidade_10a,>=10 anos válidos,A704,delta_tmax,Diferença das máximas anuais ERA5 - INMET,11,2007,2025,19,8,-3.663330078125,-2.375732421875,-2.3995177529074927,-1.4188003540039062,-0.060289556329900566,-0.6028955632990056,-15.0,165.0,-1.0898985218261321,-0.2727272727272727,0.2757578478275093,0.06074536188999085,7,TRES LAGOAS,MS,Centro-Oeste,0.6807865878847438,False,False,sem_tendencia_significativa,sem_tendencia_significativa,False
sensibilidade_10a,>=10 anos válidos,A705,delta_tmax,Diferença das máximas anuais ERA5 - INMET,13,2007,2025,19,6,-2.4098663330078125,-1.063720703125,-0.9269658602201022,0.7087860107421875,-0.03963470458984375,-0.3963470458984375,-20.0,268.6666666666667,-1.1591688645644698,-0.2564102564102564,0.2463873600292466,0.1439051635055711,8,BAURU,SP,Sudeste,0.6674290512184655,False,False,sem_tendencia_significativa,sem_tendencia_significativa,False
sensibilidade_10a,>=10 anos válidos,A706,delta_tmax,Diferença das máximas anuais ERA5 - INMET,12,2007,2025,19,7,-11.097753524780273,2.3707027435302734,1.4091304143269856,3.375244140625,-0.004057861509777251,-0.04057861509777251,-2.0,212.66666666666666,-0.06857254813237416,-0.030303030303030304,0.9453298708327001,-0.20269407631434505,8,CAMPOS DO JORDAO,SP,Sudeste,1.0,False,False,sem_tendencia_significativa,sem_tendencia_significativa,False
sensibilidade_10a,>=10 anos válidos,A707,delta_tmax,Diferença das máximas anuais ERA5 - INMET,16,2007,2025,19,3,-2.0529327392578125,-0.6242942810058594,-0.6971118450164795,0.768798828125,0.09795236587524414,0.9795236587524414,60.0,493.3333333333333,2.6563284964554144,0.5,0.007899662130493713,0.49603056554536107,12,PRESIDENTE PRUDENTE,SP,Sudeste,0.3372956564378985,True,False,crescente,sem_tendencia_significativa,True
sensibilidade_10a,>=10 anos válidos,A708,delta_tmax,Diferença das máximas anuais ERA5 - INMET,15,2004,2023,20,5,-1.1714363098144531,-0.7451667785644531,-0.5411699930826823,0.23813247680664062,-0.0048669179280598955,-0.048669179280598954,-5.0,408.3333333333333,-0.19794866372215741,-0.047619047619047616,0.8430852292699837,-0.13889033152862945,11,FRANCA,SP,Sudeste,1.0,False,False,sem_tendencia_significativa,sem_tendencia_significativa,False
sensibilidade_10a,>=10 anos válidos,A711,delta_tmax,Diferença das máximas anuais ERA5 - INMET,12,2008,2023,16,4,-1.1731452941894531,-0.06067085266113281,0.006646792093912761,0.7435035705566406,-0.009755706787109374,-0.09755706787109374,-2.0,212.66666666666666,-0.06857254813237416,-0.030303030303030304,0.9453298708327001,-0.016513940645220035,7,SAO CARLOS,SP,Sudeste,1.0,False,False,sem_tendencia_significativa,sem_tendencia_significativa,False
sensibilidade_10a,>=10 anos válidos,A718,delta_tmax,Diferença das máximas anuais ERA5 - INMET,10,2007,2025,19,9,-3.3637237548828125,-1.8936290740966797,-1.8955043792724608,-0.3805694580078125,0.02569580078125,0.2569580078125,3.0,125.0,0.17888543819998318,0.06666666666666667,0.8580276569875213,-0.680123252938383,5,RANCHARIA,SP,Sudeste,1.0,False,False,sem_tendencia_significativa,sem_tendencia_significativa,True
sensibilidade_10a,>=10 anos válidos,A719,delta_tmax,Diferença das máximas anuais ERA5 - INMET,10,2007,2025,19,9,-3.1225128173828125,-2.4850597381591797,-2.368478012084961,-1.5044937133789062,-0.03182736565085018,-0.3182736565085018,-15.0,125.0,-1.2521980673998823,-0.3333333333333333,0.2104977000553374,-0.18054469612664753,6,AQUIDAUANA,MS,Centro-Oeste,0.641734467629042,False,False,sem_tendencia_significativa,sem_tendencia_significativa,False
sensibilidade_10a,>=10 anos válidos,A720,delta_tmax,Diferença das máximas anuais ERA5 - INMET,11,2007,2023,17,6,-3.29541015625,-2.1134796142578125,-2.1572303771972656,-0.458251953125,-0.02155160903930664,-0.2155160903930664,-7.0,165.0,-0.46709936649691375,-0.12727272727272726,0.6404287874127911,-0.1088116599781737,8,COXIM,MS,Centro-Oeste,0.9647390916123593,False,False,sem_tendencia_significativa,sem_tendencia_significativa,False
sensibilidade_10a,>=10 anos válidos,A721,delta_tmax,Diferença das máximas anuais ERA5 - INMET,12,2007,2024,18,6,-2.0050315856933594,-1.1079120635986328,-1.1855360666910808,-0.52490234375,-0.04649940659018124,-0.46499406590181236,-26.0,212.66666666666666,-1.714313703309354,-0.3939393939393939,0.08647112777407259,0.39338301457878405,8,DOURADOS,MS,Centro-Oeste,0.4761125374007538,False,False,sem_tendencia_significativa,sem_tendencia_significativa,True
sensibilidade_10a,>=10 anos válidos,A722,delta_tmax,Diferença das máximas anuais ERA5 - INMET,11,2007,2025,19,8,-2.935352325439453,-1.7782745361328125,-1.6469788984818892,-0.3176765441894531,-0.004302130805121528,-0.043021308051215276,-1.0,165.0,0.0,-0.01818181818181818,1.0,0.4579301415231131,7,MIRANDA,MS,Centro-Oeste,1.0,False,False,sem_tendencia_significativa,sem_tendencia_significativa,True
sensibilidade_10a,>=10 anos válidos,A727,delta_tmax,Diferença das máximas anuais ERA5 - INMET,10,2007,2023,17,7,-3.8578224182128906,-2.2657718658447266,-2.288791275024414,-0.5828628540039062,-0.02843202863420759,-0.2843202863420759,-7.0,125.0,-0.5366563145999494,-0.15555555555555556,0.5915050369949166,-0.8062346321228234,4,LINS,SP,Sudeste,0.9446423725142699,False,False,sem_tendencia_significativa,sem_tendencia_significativa,True
sensibilidade_10a,>=10 anos válidos,A729,delta_tmax,Diferença das máximas anuais ERA5 - INMET,11,2007,2021,15,4,-3.1630401611328125,-1.9146499633789062,-1.8678727583451704,-1.1080589294433594,0.00244903564453125,0.0244903564453125,1.0,165.0,0.0,0.01818181818181818,1.0,-0.09834550396072193,7,VOTUPORANGA,SP,Sudeste,1.0,False,False,sem_tendencia_significativa,sem_tendencia_significativa,False
sensibilidade_10a,>=10 anos válidos,A740,delta_tmax,Diferença das máximas anuais ERA5 - INMET,10,2008,2019,12,2,-1.8206062316894531,-0.8441410064697266,-0.790738296508789,0.132080078125,-0.09729995727539062,-0.9729995727539062,-17.0,125.0,-1.4310835055998654,-0.37777777777777777,0.15240628395674935,0.4657656933005099,7,SAO LUIS DO PARAITINGA,SP,Sudeste,0.574678985797618,False,False,sem_tendencia_significativa,sem_tendencia_significativa,True
sensibilidade_10a,>=10 anos válidos,A743,delta_tmax,Diferença das máximas anuais ERA5 - INMET,14,2009,2025,17,3,-2.1744651794433594,-0.9759559631347656,-0.9919872283935547,0.3433074951171875,0.04136827256944445,0.4136827256944445,9.0,333.6666666666667,0.43795912116108715,0.0989010989010989,0.6614159170078633,-0.16974775226644404,10,RIO BRILHANTE,MS,Centro-Oeste,0.9647390916123593,False,False,sem_tendencia_significativa,sem_tendencia_significativa,False
sensibilidade_10a,>=10 anos válidos,A746,delta_tmax,Diferença das máximas anuais ERA5 - INMET,10,2010,2024,15,5,-2.31689453125,-0.43711090087890625,-0.774591064453125,0.09375,0.016073400324041195,0.16073400324041195,3.0,125.0,0.17888543819998318,0.06666666666666667,0.8580276569875213,-0.432363294462423,7,BARRA DO TURVO,SP,Sudeste,1.0,False,False,sem_tendencia_significativa,sem_tendencia_significativa,True
sensibilidade_10a,>=10 anos válidos,A747,delta_tmax,Diferença das máximas anuais ERA5 - INMET,16,2009,2025,17,1,-2.813037872314453,-1.28369140625,-1.414442539215088,-0.4088401794433594,-0.0049114227294921875,-0.049114227294921875,0.0,493.3333333333333,0.0,0.0,1.0,-0.0688686588515788,14,PRADOPOLIS,SP,Sudeste,1.0,False,False,sem_tendencia_significativa,sem_tendencia_significativa,False
sensibilidade_10a,>=10 anos válidos,A748,delta_tmax,Diferença das máximas anuais ERA5 - INMET,10,2011,2023,13,3,-3.216602325439453,-2.0401134490966797,-2.197565460205078,-0.8280296325683594,-0.1327853732638889,-1.3278537326388888,-19.0,125.0,-1.6099689437998486,-0.4222222222222222,0.10740463633025377,0.548917459205198,7,BARRETOS,SP,Sudeste,0.4890338760569001,False,False,sem_tendencia_significativa,sem_tendencia_significativa,True
sensibilidade_10a,>=10 anos válidos,A749,delta_tmax,Diferença das máximas anuais ERA5 - INMET,11,2009,2024,16,5,-2.455615997314453,-1.3426284790039062,-1.50921630859375,-0.6416511535644531,0.056200663248697914,0.5620066324869791,19.0,165.0,1.4012980994907414,0.34545454545454546,0.16112494928905177,0.16482518616433744,8,JUTI,MS,Centro-Oeste,0.574678985797618,False,False,sem_tendencia_significativa,sem_tendencia_significativa,False
sensibilidade_10a,>=10 anos válidos,A753,delta_tmax,Diferença das máximas anuais ERA5 - INMET,10,2010,2025,16,6,-3.294189453125,-2.6087417602539062,-2.500470733642578,-1.4933624267578125,-0.012012481689453125,-0.12012481689453125,-5.0,125.0,-0.35777087639996635,-0.1111111111111111,0.7205147871362553,-0.1580402847137864,6,ITUVERAVA,SP,Sudeste,0.9647390916123593,False,False,sem_tendencia_significativa,sem_tendencia_significativa,False
sensibilidade_10a,>=10 anos válidos,A754,delta_tmax,Diferença das máximas anuais ERA5 - INMET,12,2009,2024,16,4,-2.285400390625,-1.4870872497558594,-1.179030418395996,0.42128753662109375,-0.08090960184733073,-0.8090960184733074,-24.0,212.66666666666666,-1.5771686070446058,-0.36363636363636365,0.1147567343186491,-0.3267259473333285,8,SIDROLANDIA,MS,Centro-Oeste,0.5011824723304267,False,False,sem_tendencia_significativa,sem_tendencia_significativa,True
sensibilidade_10a,>=10 anos válidos,A755,delta_tmax,Diferença das máximas anuais ERA5 - INMET,11,2012,2025,14,3,-2.7318363189697266,-1.9915542602539062,-1.8691553636030718,-0.7804718017578125,0.0012448628743489583,0.012448628743489582,1.0,165.0,0.0,0.01818181818181818,1.0,-0.5391226947440246,7,BARUERI,SP,Sudeste,1.0,False,False,sem_tendencia_significativa,sem_tendencia_significativa,True
sensibilidade_10a,>=10 anos válidos,A756,delta_tmax,Diferença das máximas anuais ERA5 - INMET,11,2012,2025,14,3,-3.7491722106933594,-2.8299827575683594,-2.7555725791237573,-1.5906753540039062,-0.11332321166992188,-1.1332321166992188,-29.0,165.0,-2.1797970436522642,-0.5272727272727272,0.029272509186304526,0.45041677238490513,8,AGUA CLARA,MS,Centro-Oeste,0.3684892332864217,True,False,decrescente,sem_tendencia_significativa,True
sensibilidade_10a,>=10 anos válidos,A801,delta_tmax,Diferença das máximas anuais ERA5 - INMET,19,2007,2025,19,0,-2.810302734375,-1.1215362548828125,-1.1948667827405428,0.6137199401855469,0.05604347815880409,0.5604347815880408,35.0,817.0,1.1895094285202432,0.2046783625730994,0.23423926303398215,0.23270297663520034,18,PORTO ALEGRE,RS,Sul,0.6674290512184655,False,False,sem_tendencia_significativa,sem_tendencia_significativa,False
sensibilidade_10a,>=10 anos válidos,A803,delta_tmax,Diferença das máximas anuais ERA5 - INMET,15,2003,2024,22,7,-3.4951171875,-2.3040542602539062,-2.0163032531738283,0.337646484375,0.05436992645263672,0.5436992645263672,27.0,408.3333333333333,1.286666314194023,0.2571428571428571,0.1982106190388427,-0.376678612520021,10,SANTA MARIA,RS,Sul,0.641734467629042,False,False,sem_tendencia_significativa,sem_tendencia_significativa,True
sensibilidade_10a,>=10 anos válidos,A805,delta_tmax,Diferença das máximas anuais ERA5 - INMET,11,2008,2024,17,6,-2.783008575439453,-1.968017578125,-1.753068750554865,-0.20322418212890625,-0.04405702863420759,-0.44057028634207585,-9.0,165.0,-0.6227991553292184,-0.16363636363636364,0.5334165134726945,-0.2383434033735151,8,SANTO AUGUSTO,RS,Sul,0.9059613800250526,False,False,sem_tendencia_significativa,sem_tendencia_significativa,False
sensibilidade_10a,>=10 anos válidos,A806,delta_tmax,Diferença das máximas anuais ERA5 - INMET,15,2008,2023,16,1,-4.606544494628906,-2.762937545776367,-2.797875467936198,-0.07094955444335938,-0.10959482192993164,-1.0959482192993164,-25.0,408.3333333333333,-1.1876919823329444,-0.23809523809523808,0.2349547837033433,-0.07245747769456025,13,FLORIANOPOLIS,SC,Sul,0.6674290512184655,False,False,sem_tendencia_significativa,sem_tendencia_significativa,False
sensibilidade_10a,>=10 anos válidos,A807,delta_tmax,Diferença das máximas anuais ERA5 - INMET,12,2011,2024,14,2,-4.53242301940918,-2.9266366958618164,-3.1103355089823403,-2.2209949493408203,0.011499404907226562,0.11499404907226562,2.0,212.66666666666666,0.06857254813237416,0.030303030303030304,0.9453298708327001,-0.06848389044402517,9,CURITIBA,PR,Sul,1.0,False,False,sem_tendencia_significativa,sem_tendencia_significativa,False
sensibilidade_10a,>=10 anos válidos,A808,delta_tmax,Diferença das máximas anuais ERA5 - INMET,10,2007,2023,17,7,-8.38261604309082,-3.7796878814697266,-4.136073875427246,-2.3681640625,-0.13699650764465332,-1.3699650764465332,-15.0,125.0,-1.2521980673998823,-0.3333333333333333,0.2104977000553374,0.4664288868492754,6,TORRES,RS,Sul,0.641734467629042,False,False,sem_tendencia_significativa,sem_tendencia_significativa,True
sensibilidade_10a,>=10 anos válidos,A809,delta_tmax,Diferença das máximas anuais ERA5 - INMET,15,2007,2024,18,3,-3.455078125,-2.080371856689453,-1.9569806416829427,-0.6882820129394531,-0.035282135009765625,-0.35282135009765625,-13.0,408.3333333333333,-0.5938459911664722,-0.12380952380952381,0.5526151250628485,-0.05568373869560787,11,URUGUAIANA,RS,Sul,0.916741370259299,False,False,sem_tendencia_significativa,sem_tendencia_significativa,False
sensibilidade_10a,>=10 anos válidos,A811,delta_tmax,Diferença das máximas anuais ERA5 - INMET,13,2009,2024,16,3,-2.4551773071289062,-0.890625,-0.6984652005709134,1.693359375,0.027082773355337292,0.2708277335533729,8.0,268.6666666666667,0.4270622132605941,0.10256410256410256,0.6693340144640528,-0.2571473158503683,11,CANGUCU,RS,Sul,0.9647390916123593,False,False,sem_tendencia_significativa,sem_tendencia_significativa,False
sensibilidade_10a,>=10 anos válidos,A812,delta_tmax,Diferença das máximas anuais ERA5 - INMET,12,2007,2024,18,6,-1.2258777618408203,0.0015354156494140625,0.15988969802856445,1.6853485107421875,-0.012298583984375,-0.12298583984375,-2.0,212.66666666666666,-0.06857254813237416,-0.030303030303030304,0.9453298708327001,0.0655613345771386,7,CACAPAVA DO SUL,RS,Sul,1.0,False,False,sem_tendencia_significativa,sem_tendencia_significativa,False
sensibilidade_10a,>=10 anos válidos,A813,delta_tmax,Diferença das máximas anuais ERA5 - INMET,11,2007,2022,16,5,-2.55908203125,-1.5955085754394531,-1.229937119917436,0.8675270080566406,-0.08828125,-0.8828125,-11.0,165.0,-0.778498944161523,-0.2,0.43627492884052926,-0.21579991010927294,8,RIO PARDO,RS,Sul,0.848753043380666,False,False,sem_tendencia_significativa,sem_tendencia_significativa,False
sensibilidade_10a,>=10 anos válidos,A815,delta_tmax,Diferença das máximas anuais ERA5 - INMET,12,2010,2024,15,3,-1.7108879089355469,-0.30483341217041016,-0.6201818784077963,0.2079601287841797,0.023834149042765297,0.23834149042765296,6.0,212.66666666666666,0.34286274066187084,0.09090909090909091,0.7317017232242102,-0.06722723967220236,8,SAO JOAQUIM,SC,Sul,0.9647390916123593,False,False,sem_tendencia_significativa,sem_tendencia_significativa,False
sensibilidade_10a,>=10 anos válidos,A817,delta_tmax,Diferença das máximas anuais ERA5 - INMET,11,2007,2023,17,6,-5.339015960693359,-3.4342308044433594,-3.725467161698775,-1.4768562316894531,0.11989140510559082,1.1989140510559082,17.0,165.0,1.2455983106584367,0.3090909090909091,0.21291190281150457,-0.17033733962010986,7,INDAIAL,SC,Sul,0.641734467629042,False,False,sem_tendencia_significativa,sem_tendencia_significativa,False
sensibilidade_10a,>=10 anos válidos,A818,delta_tmax,Diferença das máximas anuais ERA5 - INMET,12,2007,2025,19,7,-3.7894039154052734,-2.8589115142822266,-2.803300380706787,-1.6114768981933594,0.037290366490681966,0.37290366490681964,12.0,212.66666666666666,0.7542980294561158,0.18181818181818182,0.4506702853141802,-0.11841632692702649,8,IVAI,PR,Sul,0.8611021522967371,False,False,sem_tendencia_significativa,sem_tendencia_significativa,False
sensibilidade_10a,>=10 anos válidos,A819,delta_tmax,Diferença das máximas anuais ERA5 - INMET,11,2007,2020,14,3,-3.6807613372802734,-2.9367198944091797,-2.9555530548095703,-2.320507049560547,0.015497970581054687,0.15497970581054688,7.0,165.0,0.46709936649691375,0.12727272727272726,0.6404287874127911,-0.5213397580009396,8,CASTRO,PR,Sul,0.9647390916123593,False,False,sem_tendencia_significativa,sem_tendencia_significativa,True
sensibilidade_10a,>=10 anos válidos,A820,delta_tmax,Diferença das máximas anuais ERA5 - INMET,11,2007,2025,19,8,-3.85888671875,-2.6034698486328125,-2.243334336714311,0.0124969482421875,0.0991607666015625,0.991607666015625,19.0,165.0,1.4012980994907414,0.34545454545454546,0.16112494928905177,0.03247260218050938,5,MAL. CANDIDO RONDON,PR,Sul,0.574678985797618,False,False,sem_tendencia_significativa,sem_tendencia_significativa,False
sensibilidade_10a,>=10 anos válidos,A821,delta_tmax,Diferença das máximas anuais ERA5 - INMET,11,2008,2025,18,7,-3.4188995361328125,-1.212646484375,-1.342877127907493,0.8110809326171875,0.05280749003092448,0.5280749003092448,5.0,165.0,0.3113995776646092,0.09090909090909091,0.7554968749288828,-0.09211226308770862,8,JOAQUIM TAVORA,PR,Sul,0.9647390916123593,False,False,sem_tendencia_significativa,sem_tendencia_significativa,False
sensibilidade_10a,>=10 anos válidos,A823,delta_tmax,Diferença das máximas anuais ERA5 - INMET,10,2007,2023,17,7,-0.9186553955078125,-0.3454580307006836,-0.24338340759277344,1.4795417785644531,0.0018457412719726563,0.018457412719726562,1.0,125.0,0.0,0.022222222222222223,1.0,-0.24803917867472616,5,INACIO MARTINS,PR,Sul,1.0,False,False,sem_tendencia_significativa,sem_tendencia_significativa,False
sensibilidade_10a,>=10 anos válidos,A826,delta_tmax,Diferença das máximas anuais ERA5 - INMET,10,2007,2024,18,8,-3.0576171875,-2.2721214294433594,-2.036456298828125,-0.20420074462890625,0.01237640380859375,0.1237640380859375,1.0,125.0,0.0,0.022222222222222223,1.0,-0.3831902566607407,4,ALEGRETE,RS,Sul,1.0,False,False,sem_tendencia_significativa,sem_tendencia_significativa,True
sensibilidade_10a,>=10 anos válidos,A827,delta_tmax,Diferença das máximas anuais ERA5 - INMET,14,2007,2024,18,4,-3.5252952575683594,-2.2460708618164062,-2.1603803634643555,0.3217277526855469,0.01290734608968099,0.1290734608968099,3.0,333.6666666666667,0.10948978029027179,0.03296703296703297,0.9128140271840749,-0.3046940541593116,10,BAGE,RS,Sul,1.0,False,False,sem_tendencia_significativa,sem_tendencia_significativa,True
sensibilidade_10a,>=10 anos válidos,A828,delta_tmax,Diferença das máximas anuais ERA5 - INMET,10,2007,2024,18,8,-2.999267578125,-1.7767095565795898,-1.4955963134765624,-0.15830230712890625,0.011620839436848959,0.11620839436848959,9.0,125.0,0.7155417527999327,0.2,0.4742743507673296,-0.5374177216512015,5,ERECHIM,RS,Sul,0.8749544057259356,False,False,sem_tendencia_significativa,sem_tendencia_significativa,True
sensibilidade_10a,>=10 anos válidos,A829,delta_tmax,Diferença das máximas anuais ERA5 - INMET,12,2007,2022,16,4,-3.8629398345947266,0.7121343612670898,0.42213980356852215,2.0097179412841797,-0.06210002899169922,-0.6210002899169922,-16.0,212.66666666666666,-1.0285882219856124,-0.24242424242424243,0.303673214899419,0.2622338100642571,8,SAO JOSE DOS AUSENTES,RS,Sul,0.7141326152579743,False,False,sem_tendencia_significativa,sem_tendencia_significativa,False
sensibilidade_10a,>=10 anos válidos,A831,delta_tmax,Diferença das máximas anuais ERA5 - INMET,13,2008,2024,17,4,-4.299221038818359,-2.4873046875,-2.4281492966871996,-1.1452178955078125,-0.013327471415201823,-0.13327471415201822,-8.0,268.6666666666667,-0.4270622132605941,-0.10256410256410256,0.6693340144640528,-0.07159139685090807,9,QUARAI,RS,Sul,0.9647390916123593,False,False,sem_tendencia_significativa,sem_tendencia_significativa,False
sensibilidade_10a,>=10 anos válidos,A832,delta_tmax,Diferença das máximas anuais ERA5 - INMET,13,2008,2024,17,4,-4.620410919189453,-1.6123542785644531,-1.9323143592247596,-0.10483551025390625,0.09139895439147949,0.9139895439147949,24.0,268.6666666666667,1.403204414999095,0.3076923076923077,0.16055589143580892,-0.05845502829311847,9,SAO GABRIEL,RS,Sul,0.574678985797618,False,False,sem_tendencia_significativa,sem_tendencia_significativa,False
sensibilidade_10a,>=10 anos válidos,A834,delta_tmax,Diferença das máximas anuais ERA5 - INMET,10,2009,2023,15,5,-3.9334983825683594,-1.3905048370361328,-1.5967153549194335,0.7668914794921875,0.1255648476736886,1.255648476736886,19.0,125.0,1.6099689437998486,0.4222222222222222,0.10740463633025377,-0.6513199446975361,6,TRAMANDAI,RS,Sul,0.4890338760569001,False,False,sem_tendencia_significativa,sem_tendencia_significativa,True
sensibilidade_10a,>=10 anos válidos,A835,delta_tmax,Diferença das máximas anuais ERA5 - INMET,13,2007,2024,18,5,-2.8798370361328125,-0.9254417419433594,-0.9795614389272836,0.24203872680664062,0.05302695072058475,0.5302695072058474,30.0,268.6666666666667,1.7692577406510328,0.38461538461538464,0.07685087226788874,0.12728389402239965,9,MARINGA,PR,Sul,0.45683574070356087,False,False,sem_tendencia_significativa,sem_tendencia_significativa,False
sensibilidade_10a,>=10 anos válidos,A836,delta_tmax,Diferença das máximas anuais ERA5 - INMET,10,2008,2024,17,7,-2.6071319580078125,-0.8678722381591797,-1.1663105010986328,-0.4262237548828125,-0.04146634615384615,-0.4146634615384615,-13.0,125.0,-1.073312629199899,-0.28888888888888886,0.2831308706623467,-0.0349367482922681,4,JAGUARAO,RS,Sul,0.6807865878847438,False,False,sem_tendencia_significativa,sem_tendencia_significativa,False
sensibilidade_10a,>=10 anos válidos,A837,delta_tmax,Diferença das máximas anuais ERA5 - INMET,11,2009,2024,16,5,-3.22900390625,-2.250782012939453,-2.173616062511097,-1.1306648254394531,0.021028645833333335,0.21028645833333334,9.0,165.0,0.6227991553292184,0.16363636363636364,0.5334165134726945,-0.21130873936275826,6,SOLEDADE,RS,Sul,0.9059613800250526,False,False,sem_tendencia_significativa,sem_tendencia_significativa,False
sensibilidade_10a,>=10 anos válidos,A838,delta_tmax,Diferença das máximas anuais ERA5 - INMET,10,2007,2022,16,6,-3.0780296325683594,-1.9954357147216797,-2.1301334381103514,-1.74560546875,-0.015492575509207589,-0.1549257550920759,-13.0,125.0,-1.073312629199899,-0.28888888888888886,0.2831308706623467,-0.43363198303019634,4,CAMAQUA,RS,Sul,0.6807865878847438,False,False,sem_tendencia_significativa,sem_tendencia_significativa,True
sensibilidade_10a,>=10 anos válidos,A839,delta_tmax,Diferença das máximas anuais ERA5 - INMET,16,2007,2024,18,2,-3.4333038330078125,-1.7650413513183594,-1.9028428792953491,-0.18154525756835938,0.04838226636250814,0.4838226636250814,28.0,493.3333333333333,1.2156079560050201,0.23333333333333334,0.22413430196016673,0.11030347171832272,13,PASSO FUNDO,RS,Sul,0.6661769530482734,False,False,sem_tendencia_significativa,sem_tendencia_significativa,False
sensibilidade_10a,>=10 anos válidos,A840,delta_tmax,Diferença das máximas anuais ERA5 - INMET,13,2008,2024,17,4,-1.6955108642578125,-0.2979011535644531,-0.48757230318509615,0.510498046875,0.0918394542875744,0.918394542875744,30.0,268.6666666666667,1.7692577406510328,0.38461538461538464,0.07685087226788874,-0.020675456868212146,9,BENTO GONCALVES,RS,Sul,0.45683574070356087,False,False,sem_tendencia_significativa,sem_tendencia_significativa,False
sensibilidade_10a,>=10 anos válidos,A841,delta_tmax,Diferença das máximas anuais ERA5 - INMET,11,2008,2020,13,2,-4.42524528503418,-2.684864044189453,-2.5489938909357246,-1.2972679138183594,-0.10235050746372767,-1.0235050746372767,-27.0,165.0,-2.0240972548199596,-0.4909090909090909,0.04296014602842507,-0.4555344879898607,8,JOACABA,SC,Sul,0.4190563266521239,True,False,decrescente,sem_tendencia_significativa,True
sensibilidade_10a,>=10 anos válidos,A844,delta_tmax,Diferença das máximas anuais ERA5 - INMET,15,2008,2024,17,2,-3.461423873901367,-2.2824230194091797,-2.250273513793945,-0.23012924194335938,0.016324679056803387,0.16324679056803387,15.0,408.3333333333333,0.6928203230275509,0.14285714285714285,0.48842231662259367,-0.1333704804123376,12,LAGOA VERMELHA,RS,Sul,0.8808349657472149,False,False,sem_tendencia_significativa,sem_tendencia_significativa,False
sensibilidade_10a,>=10 anos válidos,A845,delta_tmax,Diferença das máximas anuais ERA5 - INMET,13,2009,2023,15,2,3.9285640716552734,5.693115234375,5.548061811006987,7.044483184814453,-0.019778966903686523,-0.19778966903686523,-4.0,268.6666666666667,-0.1830266628259689,-0.05128205128205128,0.8547770980655479,0.06493562213503636,10,BOM JARDIM DA SERRA - MORRO DA IGREJA,SC,Sul,1.0,False,False,sem_tendencia_significativa,sem_tendencia_significativa,False
sensibilidade_10a,>=10 anos válidos,A853,delta_tmax,Diferença das máximas anuais ERA5 - INMET,15,2008,2024,17,2,-3.9356460571289062,-1.1397476196289062,-1.5091552734375,0.25307464599609375,0.07839339120047432,0.7839339120047433,47.0,408.3333333333333,2.27640963280481,0.44761904761904764,0.022821503671488098,0.4337219752448809,12,CRUZ ALTA,RS,Sul,0.3372956564378985,True,False,crescente,sem_tendencia_significativa,True
sensibilidade_10a,>=10 anos válidos,A854,delta_tmax,Diferença das máximas anuais ERA5 - INMET,11,2008,2024,17,6,-2.4716339111328125,-1.2088890075683594,-1.3122537786310369,-0.4117698669433594,0.04559162684849331,0.45591626848493305,11.0,165.0,0.778498944161523,0.2,0.43627492884052926,0.19922062127666115,6,FREDERICO WESTPHALEN,RS,Sul,0.848753043380666,False,False,sem_tendencia_significativa,sem_tendencia_significativa,False
sensibilidade_10a,>=10 anos válidos,A856,delta_tmax,Diferença das máximas anuais ERA5 - INMET,10,2010,2024,15,5,-1.7393569946289062,-0.7484130859375,-0.5782674789428711,0.39174652099609375,0.09084415435791016,0.9084415435791016,19.0,125.0,1.6099689437998486,0.4222222222222222,0.10740463633025377,-0.8334438283307877,4,PALMEIRA DAS MISSOES,RS,Sul,0.4890338760569001,False,False,sem_tendencia_significativa,sem_tendencia_significativa,True
sensibilidade_10a,>=10 anos válidos,A859,delta_tmax,Diferença das máximas anuais ERA5 - INMET,12,2009,2023,15,3,-3.8697261810302734,-2.55600643157959,-2.696928024291992,-1.5746574401855469,-0.018456459045410156,-0.18456459045410156,-6.0,212.66666666666666,-0.34286274066187084,-0.09090909090909091,0.7317017232242102,0.017204407172420808,8,CACADOR,SC,Sul,0.9647390916123593,False,False,sem_tendencia_significativa,sem_tendencia_significativa,False
sensibilidade_10a,>=10 anos válidos,A860,delta_tmax,Diferença das máximas anuais ERA5 - INMET,13,2009,2025,17,4,-3.2129878997802734,-2.1517581939697266,-2.051114742572491,-0.7460441589355469,-0.01680340911402847,-0.1680340911402847,-6.0,268.6666666666667,-0.3050444380432815,-0.07692307692307693,0.7603323075218762,-0.05367408679802724,9,CURITIBANOS,SC,Sul,0.9647390916123593,False,False,sem_tendencia_significativa,sem_tendencia_significativa,False
sensibilidade_10a,>=10 anos válidos,A863,delta_tmax,Diferença das máximas anuais ERA5 - INMET,11,2009,2025,17,6,-4.826269149780273,-3.610107421875,-3.3088030381636186,-1.3506851196289062,0.02068672180175781,0.20686721801757812,5.0,165.0,0.3113995776646092,0.09090909090909091,0.7554968749288828,0.16122392664529975,6,ITUPORANGA,SC,Sul,0.9647390916123593,False,False,sem_tendencia_significativa,sem_tendencia_significativa,False
sensibilidade_10a,>=10 anos válidos,A864,delta_tmax,Diferença das máximas anuais ERA5 - INMET,12,2011,2025,15,3,-3.358396530151367,-2.03012752532959,-2.0391971270243325,-0.6483402252197266,-0.01066185062767094,-0.10661850627670941,-6.0,212.66666666666666,-0.34286274066187084,-0.09090909090909091,0.7317017232242102,-0.47016760426510457,9,MAJOR VIEIRA,SC,Sul,0.9647390916123593,False,False,sem_tendencia_significativa,sem_tendencia_significativa,True
sensibilidade_10a,>=10 anos válidos,A867,delta_tmax,Diferença das máximas anuais ERA5 - INMET,12,2009,2025,17,5,-7.106592178344727,-5.68916130065918,-5.641679128011067,-3.6290550231933594,0.004916000366210937,0.04916000366210937,0.0,212.66666666666666,0.0,0.0,1.0,-0.07838040783333006,8,ARARANGUA,SC,Sul,1.0,False,False,sem_tendencia_significativa,sem_tendencia_significativa,False
sensibilidade_10a,>=10 anos válidos,A868,delta_tmax,Diferença das máximas anuais ERA5 - INMET,10,2011,2025,15,5,-6.091163635253906,-4.2523698806762695,-4.557383728027344,-3.7039566040039062,0.11696319580078125,1.1696319580078125,19.0,125.0,1.6099689437998486,0.4222222222222222,0.10740463633025377,0.10947182786487958,7,ITAJAI,SC,Sul,0.4890338760569001,False,False,sem_tendencia_significativa,sem_tendencia_significativa,False
sensibilidade_10a,>=10 anos válidos,A871,delta_tmax,Diferença das máximas anuais ERA5 - INMET,11,2009,2025,17,6,-2.1540069580078125,-1.0235366821289062,-0.9664344787597656,-0.06430816650390625,0.011940589317908654,0.11940589317908654,5.0,165.0,0.3113995776646092,0.09090909090909091,0.7554968749288828,0.04541745934153848,5,JAPIRA,PR,Sul,0.9647390916123593,False,False,sem_tendencia_significativa,sem_tendencia_significativa,False
sensibilidade_10a,>=10 anos válidos,A873,delta_tmax,Diferença das máximas anuais ERA5 - INMET,10,2011,2024,14,4,-5.69091796875,-4.50105094909668,-4.555431365966797,-3.1920928955078125,0.018546017733487217,0.18546017733487216,5.0,125.0,0.35777087639996635,0.1111111111111111,0.7205147871362553,0.05774566592824697,7,MORRETES,PR,Sul,0.9647390916123593,False,False,sem_tendencia_significativa,sem_tendencia_significativa,False
sensibilidade_10a,>=10 anos válidos,A874,delta_tmax,Diferença das máximas anuais ERA5 - INMET,10,2012,2025,14,4,-4.7604522705078125,-3.346240997314453,-3.377920150756836,-2.2909183502197266,-0.13218727111816406,-1.3218727111816406,-19.0,125.0,-1.6099689437998486,-0.4222222222222222,0.10740463633025377,0.4121543962081775,6,SAO MATEUS DO SUL,PR,Sul,0.4890338760569001,False,False,sem_tendencia_significativa,sem_tendencia_significativa,True
sensibilidade_10a,>=10 anos válidos,A876,delta_tmax,Diferença das máximas anuais ERA5 - INMET,12,2009,2025,17,5,-3.5019054412841797,-2.135082244873047,-2.198486328125,-0.986572265625,0.010423421859741211,0.10423421859741211,2.0,212.66666666666666,0.06857254813237416,0.030303030303030304,0.9453298708327001,-0.02255466273705564,7,CLEVELANDIA,PR,Sul,1.0,False,False,sem_tendencia_significativa,sem_tendencia_significativa,False
sensibilidade_10a,>=10 anos válidos,A879,delta_tmax,Diferença das máximas anuais ERA5 - INMET,13,2009,2024,16,3,-2.4366703033447266,-0.7107906341552734,-0.7616697458120493,0.2574195861816406,0.04978738512311663,0.49787385123116634,20.0,268.6666666666667,1.1591688645644698,0.2564102564102564,0.2463873600292466,0.5862742094248055,10,CANELA,RS,Sul,0.6674290512184655,False,False,sem_tendencia_significativa,sem_tendencia_significativa,True
sensibilidade_10a,>=10 anos válidos,A880,delta_tmax,Diferença das máximas anuais ERA5 - INMET,11,2009,2024,16,5,-2.5698719024658203,-1.1302738189697266,-1.1625090512362393,-0.2671375274658203,0.10282843453543526,1.0282843453543526,23.0,165.0,1.7126976771553506,0.41818181818181815,0.0867681727038757,0.4760394677825317,6,VACARIA,RS,Sul,0.4761125374007538,False,False,sem_tendencia_significativa,sem_tendencia_significativa,True
sensibilidade_10a,>=10 anos válidos,A884,delta_tmax,Diferença das máximas anuais ERA5 - INMET,11,2014,2024,11,0,-4.322120666503906,-3.2406768798828125,-3.344816728071733,-2.530811309814453,0.12381998697916667,1.2381998697916667,33.0,165.0,2.4911966213168735,0.6,0.012731364269923504,0.18191967932357422,10,CAMPO BOM,RS,Sul,0.3372956564378985,True,False,crescente,sem_tendencia_significativa,False
sensibilidade_10a,>=10 anos válidos,A899,delta_tmax,Diferença das máximas anuais ERA5 - INMET,10,2009,2024,16,6,-8.52705192565918,-5.745630264282227,-5.9619043350219725,-4.307031631469727,0.04193966205303486,0.41939662053034854,3.0,125.0,0.17888543819998318,0.06666666666666667,0.8580276569875213,0.8857246736498154,5,Santa Vitoria do Palmar - Barra do Chui,RS,Sul,1.0,False,False,sem_tendencia_significativa,sem_tendencia_significativa,True
sensibilidade_10a,>=10 anos válidos,A904,delta_tmax,Diferença das máximas anuais ERA5 - INMET,10,2003,2024,22,12,-2.757373809814453,-1.6308364868164062,-1.7596450805664063,-0.79248046875,0.04266558195415296,0.4266558195415296,7.0,125.0,0.5366563145999494,0.15555555555555556,0.5915050369949166,0.13854281257977724,5,SORRISO,MT,Centro-Oeste,0.9446423725142699,False,False,sem_tendencia_significativa,sem_tendencia_significativa,False
sensibilidade_10a,>=10 anos válidos,A906,delta_tmax,Diferença das máximas anuais ERA5 - INMET,11,2004,2024,21,10,-2.8822288513183594,-1.6238784790039062,-1.859910097989169,-0.256103515625,-0.10698318481445312,-1.0698318481445312,-31.0,165.0,-2.335496832484569,-0.5636363636363636,0.019517481182177766,0.41947625790025667,6,GUARANTA DO NORTE,MT,Centro-Oeste,0.3372956564378985,True,False,decrescente,sem_tendencia_significativa,True
sensibilidade_10a,>=10 anos válidos,A907,delta_tmax,Diferença das máximas anuais ERA5 - INMET,13,2004,2025,22,9,-7.211036682128906,-2.662353515625,-2.9376517075758715,-1.196533203125,0.0009271757943289621,0.009271757943289622,2.0,268.6666666666667,0.061008887608656304,0.02564102564102564,0.9513521309544037,0.5010374394140347,7,RONDONOPOLIS,MT,Centro-Oeste,1.0,False,False,sem_tendencia_significativa,sem_tendencia_significativa,True
sensibilidade_10a,>=10 anos válidos,A931,delta_tmax,Diferença das máximas anuais ERA5 - INMET,10,2009,2024,16,6,-3.989990234375,-2.303518295288086,-2.4617740631103517,-1.69287109375,0.04902362823486328,0.4902362823486328,13.0,125.0,1.073312629199899,0.28888888888888886,0.2831308706623467,-0.2621746002090523,6,SANTO ANTONIO DO LESTE,MT,Centro-Oeste,0.6807865878847438,False,False,sem_tendencia_significativa,sem_tendencia_significativa,False
sensibilidade_10a,>=10 anos válidos,A934,delta_tmax,Diferença das máximas anuais ERA5 - INMET,12,2009,2024,16,4,-2.05224609375,-1.0683364868164062,-1.112505594889323,-0.2851104736328125,0.04505608876546224,0.45056088765462243,14.0,212.66666666666666,0.8914431257208641,0.21212121212121213,0.37269149047151834,0.059670367493793876,7,ALTO TAQUARI,MT,Centro-Oeste,0.7676285276712584,False,False,sem_tendencia_significativa,sem_tendencia_significativa,False
sensibilidade_10a,>=10 anos válidos,A936,delta_tmax,Diferença das máximas anuais ERA5 - INMET,10,2009,2024,16,6,-4.000637054443359,-2.116870880126953,-2.2342884063720705,0.2752418518066406,-0.1023507799421038,-1.023507799421038,-17.0,125.0,-1.4310835055998654,-0.37777777777777777,0.15240628395674935,0.357413627041744,5,SALTO DO CEU,MT,Centro-Oeste,0.574678985797618,False,False,sem_tendencia_significativa,sem_tendencia_significativa,True
sensibilidade_10a,>=10 anos válidos,A937,delta_tmax,Diferença das máximas anuais ERA5 - INMET,11,2009,2023,15,4,-3.0003929138183594,-2.3351593017578125,-2.2270923961292612,-1.2216339111328125,0.027392864227294922,0.2739286422729492,9.0,165.0,0.6227991553292184,0.16363636363636364,0.5334165134726945,-0.07193141220280751,7,PONTES E LACERDA,MT,Centro-Oeste,0.9059613800250526,False,False,sem_tendencia_significativa,sem_tendencia_significativa,False
sensibilidade_10a,>=10 anos válidos,A939,delta_tmax,Diferença das máximas anuais ERA5 - INMET,10,2010,2025,16,6,-3.2084503173828125,-2.2361583709716797,-2.362906265258789,-1.801025390625,-0.025696841153231533,-0.2569684115323153,-11.0,125.0,-0.8944271909999159,-0.24444444444444444,0.3710933695226976,0.17123913161958015,5,CACOAL,RO,Norte,0.7676285276712584,False,False,sem_tendencia_significativa,sem_tendencia_significativa,False
sensibilidade_10a,>=10 anos válidos,F501,delta_tmax,Diferença das máximas anuais ERA5 - INMET,11,2015,2025,11,0,-1.7046375274658203,-0.5995635986328125,-0.6256358406760476,0.9144515991210938,0.03941631317138672,0.3941631317138672,3.0,165.0,0.1556997888323046,0.05454545454545454,0.8762696636277618,-0.24575942841373327,10,BELO HORIZONTE - CERCADINHO,MG,Sudeste,1.0,False,False,sem_tendencia_significativa,sem_tendencia_significativa,False
sensibilidade_10a,>=10 anos válidos,A001,tmax_era5,Máxima anual ERA5,20,2003,2025,23,3,30.280908584594727,33.863548278808594,33.78412961959839,35.725486755371094,0.06726310229060625,0.6726310229060626,40.0,950.0,1.2653270848199478,0.21052631578947367,0.20575410127305518,-0.31132840422934166,17,BRASILIA,DF,Centro-Oeste,0.4899263139963653,False,False,sem_tendencia_significativa,sem_tendencia_significativa,True
sensibilidade_10a,>=10 anos válidos,A002,tmax_era5,Máxima anual ERA5,18,2006,2024,19,1,34.426170349121094,36.336936950683594,36.23087904188368,38.607810974121094,0.0841796875,0.841796875,39.0,697.0,1.4393526362492834,0.2549019607843137,0.15005063655725911,-0.2606983972201032,16,GOIANIA,GO,Centro-Oeste,0.447801807115027,False,False,sem_tendencia_significativa,sem_tendencia_significativa,False
sensibilidade_10a,>=10 anos válidos,A003,tmax_era5,Máxima anual ERA5,16,2006,2025,20,4,35.114646911621094,36.697898864746094,36.649375915527344,38.369041442871094,0.042510986328125,0.42510986328125,16.0,493.3333333333333,0.6753377533361223,0.13333333333333333,0.4994612031040145,-0.017679982610087578,12,MORRINHOS,GO,Centro-Oeste,0.6978043235140274,False,False,sem_tendencia_significativa,sem_tendencia_significativa,False
sensibilidade_10a,>=10 anos válidos,A010,tmax_era5,Máxima anual ERA5,11,2007,2024,18,7,37.054344177246094,37.858299255371094,37.96665330366655,39.432518005371094,0.042277018229166664,0.42277018229166663,15.0,165.0,1.0898985218261321,0.2727272727272727,0.2757578478275093,0.3510873064062313,7,PARANA,TO,Norte,0.5361947462101079,False,False,sem_tendencia_significativa,sem_tendencia_significativa,True
sensibilidade_10a,>=10 anos válidos,A011,tmax_era5,Máxima anual ERA5,11,2007,2025,19,8,36.012351989746094,37.079734802246094,37.50339785489169,39.453758239746094,0.06640625,0.6640625,13.0,165.0,0.9341987329938275,0.23636363636363636,0.3502013891792958,0.5525250184489585,5,SAO SIMAO,GO,Centro-Oeste,0.5827253056774516,False,False,sem_tendencia_significativa,sem_tendencia_significativa,True
sensibilidade_10a,>=10 anos válidos,A012,tmax_era5,Máxima anual ERA5,15,2007,2025,19,4,31.752588272094727,34.779685974121094,34.725942611694336,36.221092224121094,0.025065104166666668,0.2506510416666667,7.0,408.3333333333333,0.2969229955832361,0.06666666666666667,0.7665252995235718,-0.19779829391913448,11,LUZIANIA,GO,Centro-Oeste,0.8679175349102877,False,False,sem_tendencia_significativa,sem_tendencia_significativa,False
sensibilidade_10a,>=10 anos válidos,A014,tmax_era5,Máxima anual ERA5,12,2008,2025,18,6,34.786033630371094,37.449241638183594,37.37751007080078,39.816307067871094,0.06271597055288461,0.627159705528846,10.0,212.66666666666666,0.6171529331913674,0.15151515151515152,0.5371338571769024,-0.06813018920365327,7,GOIAS,GO,Centro-Oeste,0.7229348769550762,False,False,sem_tendencia_significativa,sem_tendencia_significativa,False
sensibilidade_10a,>=10 anos válidos,A016,tmax_era5,Máxima anual ERA5,14,2008,2025,18,4,32.813133239746094,35.458152770996094,35.59243992396763,39.098045349121094,0.1330413818359375,1.330413818359375,35.0,333.6666666666667,1.8613262649346203,0.38461538461538464,0.06269811626098264,0.38443989442733817,10,JATAI,GO,Centro-Oeste,0.3429541354115322,False,False,sem_tendencia_significativa,sem_tendencia_significativa,True
sensibilidade_10a,>=10 anos válidos,A019,tmax_era5,Máxima anual ERA5,11,2008,2024,17,6,36.644187927246094,38.153465270996094,38.13513807816939,39.516746520996094,0.049397786458333336,0.49397786458333337,11.0,165.0,0.778498944161523,0.2,0.43627492884052926,-0.5164070219737531,7,GURUPI,TO,Norte,0.6574847519146004,False,False,sem_tendencia_significativa,sem_tendencia_significativa,True
sensibilidade_10a,>=10 anos válidos,A023,tmax_era5,Máxima anual ERA5,11,2008,2025,18,7,33.459373474121094,35.584617614746094,35.55097059770064,37.972068786621094,0.08625139508928571,0.8625139508928571,19.0,165.0,1.4012980994907414,0.34545454545454546,0.16112494928905177,-0.1003240063467255,5,CAIAPONIA,GO,Centro-Oeste,0.447801807115027,False,False,sem_tendencia_significativa,sem_tendencia_significativa,False
sensibilidade_10a,>=10 anos válidos,A024,tmax_era5,Máxima anual ERA5,11,2008,2021,14,3,32.980613708496094,33.989402770996094,34.129361932927914,35.958885192871094,0.13525390625,1.3525390625,19.0,165.0,1.4012980994907414,0.34545454545454546,0.16112494928905177,0.2807733520523558,7,ALTO PARAISO DE GOIAS,GO,Centro-Oeste,0.447801807115027,False,False,sem_tendencia_significativa,sem_tendencia_significativa,False
sensibilidade_10a,>=10 anos válidos,A027,tmax_era5,Máxima anual ERA5,10,2009,2025,17,7,34.113914489746094,36.216209411621094,36.41084442138672,39.042869567871094,0.21282196044921875,2.1282196044921875,23.0,125.0,1.9677398201998149,0.5111111111111111,0.04909798160926562,0.24999834101313406,5,PARAUNA,GO,Centro-Oeste,0.32834275201196383,True,False,crescente,sem_tendencia_significativa,False
sensibilidade_10a,>=10 anos válidos,A033,tmax_era5,Máxima anual ERA5,13,2008,2025,18,5,32.747703552246094,35.345115661621094,35.40181262676533,37.503807067871094,0.04281068459535256,0.4281068459535256,10.0,268.6666666666667,0.5490799884779067,0.1282051282051282,0.5829505577618919,-0.1495353002427766,8,PIRES DO RIO,GO,Centro-Oeste,0.7446004583347774,False,False,sem_tendencia_significativa,sem_tendencia_significativa,False
sensibilidade_10a,>=10 anos válidos,A034,tmax_era5,Máxima anual ERA5,14,2009,2025,17,3,33.125633239746094,36.032859802246094,35.80467551095145,37.865135192871094,0.15623121995192307,1.5623121995192308,33.0,333.6666666666667,1.7518364846443486,0.3626373626373626,0.07980192864239073,0.35274905299488407,10,CATALAO,GO,Centro-Oeste,0.38812756203344584,False,False,sem_tendencia_significativa,sem_tendencia_significativa,True
sensibilidade_10a,>=10 anos válidos,A035,tmax_era5,Máxima anual ERA5,11,2009,2025,17,6,36.017478942871094,37.444725036621094,37.55414442582564,39.310447692871094,0.10682091346153846,1.0682091346153846,21.0,165.0,1.556997888323046,0.38181818181818183,0.11947098677170073,-0.24155581025765882,5,ITUMBIARA,GO,Centro-Oeste,0.447801807115027,False,False,sem_tendencia_significativa,sem_tendencia_significativa,False
sensibilidade_10a,>=10 anos válidos,A036,tmax_era5,Máxima anual ERA5,18,2008,2025,18,0,31.220849990844727,35.164451599121094,34.73207865820991,36.947166442871094,0.05837673611111111,0.5837673611111112,29.0,697.0,1.0605756267099984,0.1895424836601307,0.28888280402716393,-0.054045759368942695,17,CRISTALINA,GO,Centro-Oeste,0.5422887724720445,False,False,sem_tendencia_significativa,sem_tendencia_significativa,False
sensibilidade_10a,>=10 anos válidos,A037,tmax_era5,Máxima anual ERA5,11,2011,2025,15,4,32.834754943847656,35.604148864746094,35.210295937278055,37.126853942871094,0.08076171875,0.8076171875,7.0,165.0,0.46709936649691375,0.12727272727272726,0.6404287874127911,0.07896358696499005,6,SILVANIA,GO,Centro-Oeste,0.7876537960134328,False,False,sem_tendencia_significativa,sem_tendencia_significativa,False
sensibilidade_10a,>=10 anos válidos,A045,tmax_era5,Máxima anual ERA5,17,2009,2025,17,0,31.252832412719727,34.144432067871094,33.98128879771513,35.892478942871094,0.11142985026041666,1.1142985026041665,36.0,589.3333333333334,1.4417419705003605,0.2647058823529412,0.14937517875498973,-0.19722244637862707,16,AGUAS EMENDADAS,DF,Centro-Oeste,0.447801807115027,False,False,sem_tendencia_significativa,sem_tendencia_significativa,False
sensibilidade_10a,>=10 anos válidos,A046,tmax_era5,Máxima anual ERA5,11,2015,2025,11,0,33.098289489746094,34.805564880371094,34.90415330366655,36.222557067871094,-0.066650390625,-0.66650390625,-7.0,165.0,-0.46709936649691375,-0.12727272727272726,0.6404287874127911,-0.3823141553940721,10,GAMA (PONTE ALTA),DF,Centro-Oeste,0.7876537960134328,False,False,sem_tendencia_significativa,sem_tendencia_significativa,True
sensibilidade_10a,>=10 anos válidos,A101,tmax_era5,Máxima anual ERA5,16,2007,2025,19,3,32.609275817871094,36.314109802246094,36.059410095214844,38.547752380371094,0.16987173897879465,1.6987173897879466,60.0,493.3333333333333,2.6563284964554144,0.5,0.007899662130493713,0.24097044134770151,14,MANAUS,AM,Norte,0.32834275201196383,True,False,crescente,sem_tendencia_significativa,False
sensibilidade_10a,>=10 anos válidos,A119,tmax_era5,Máxima anual ERA5,12,2009,2025,17,5,32.703514099121094,33.939353942871094,34.121665954589844,36.827781677246094,0.0459442138671875,0.459442138671875,12.0,212.66666666666666,0.7542980294561158,0.18181818181818182,0.4506702853141802,0.3057000963970673,8,MANACAPURU,AM,Norte,0.665127179705066,False,False,sem_tendencia_significativa,sem_tendencia_significativa,True
sensibilidade_10a,>=10 anos válidos,A121,tmax_era5,Máxima anual ERA5,10,2009,2025,17,7,32.762107849121094,34.741477966308594,34.88220062255859,37.300437927246094,0.025983537946428572,0.2598353794642857,7.0,125.0,0.5366563145999494,0.15555555555555556,0.5915050369949166,0.08387810647649331,5,ITACOATIARA,AM,Norte,0.7446004583347774,False,False,sem_tendencia_significativa,sem_tendencia_significativa,False
sensibilidade_10a,>=10 anos válidos,A201,tmax_era5,Máxima anual ERA5,10,2010,2024,15,5,32.208641052246094,33.632957458496094,33.72409515380859,35.246238708496094,-0.00146484375,-0.0146484375,-1.0,125.0,0.0,-0.022222222222222223,1.0,-0.22991935023575444,5,BELEM,PA,Norte,1.0,False,False,sem_tendencia_significativa,sem_tendencia_significativa,False
sensibilidade_10a,>=10 anos válidos,A202,tmax_era5,Máxima anual ERA5,11,2004,2025,22,11,34.478416442871094,35.426902770996094,35.404108914462,36.646873474121094,0.0379638671875,0.379638671875,15.0,165.0,1.0898985218261321,0.2727272727272727,0.2757578478275093,-0.13921916455730504,6,CASTANHAL,PA,Norte,0.5361947462101079,False,False,sem_tendencia_significativa,sem_tendencia_significativa,False
sensibilidade_10a,>=10 anos válidos,A203,tmax_era5,Máxima anual ERA5,10,2012,2025,14,4,29.734766006469727,31.023828506469727,30.938476943969725,31.558984756469727,0.00885009765625,0.0885009765625,9.0,125.0,0.7155417527999327,0.2,0.4742743507673296,0.14943586049613375,6,SAO LUIS,MA,Nordeste,0.6766314070947236,False,False,sem_tendencia_significativa,sem_tendencia_significativa,False
sensibilidade_10a,>=10 anos válidos,A206,tmax_era5,Máxima anual ERA5,10,2009,2025,17,7,37.572166442871094,37.930686950683594,38.108201599121095,38.898826599121094,-0.02880859375,-0.2880859375,-15.0,125.0,-1.2521980673998823,-0.3333333333333333,0.2104977000553374,-0.3089658149120809,6,CHAPADINHA,MA,Nordeste,0.4899263139963653,False,False,sem_tendencia_significativa,sem_tendencia_significativa,True
sensibilidade_10a,>=10 anos válidos,A225,tmax_era5,Máxima anual ERA5,12,2009,2023,15,3,35.512596130371094,35.955955505371094,36.11424001057943,36.769920349121094,0.011838640485491072,0.11838640485491073,6.0,212.66666666666666,0.34286274066187084,0.09090909090909091,0.7317017232242102,0.018446403209998293,8,IMPERATRIZ,MA,Nordeste,0.8464009122701674,False,False,sem_tendencia_significativa,sem_tendencia_significativa,False
sensibilidade_10a,>=10 anos válidos,A226,tmax_era5,Máxima anual ERA5,10,2009,2024,16,6,30.814355850219727,31.457666397094727,31.449634170532228,31.896631240844727,0.033721923828125,0.33721923828125,9.0,125.0,0.7155417527999327,0.2,0.4742743507673296,-0.7962903607444655,4,BRAGANCA,PA,Norte,0.6766314070947236,False,False,sem_tendencia_significativa,sem_tendencia_significativa,True
sensibilidade_10a,>=10 anos válidos,A229,tmax_era5,Máxima anual ERA5,10,2009,2024,16,6,33.599754333496094,34.962425231933594,34.90378265380859,35.835350036621094,0.06328876201923077,0.6328876201923077,17.0,125.0,1.4310835055998654,0.37777777777777777,0.15240628395674935,0.7688550556221679,5,TUCURUI,PA,Norte,0.447801807115027,False,False,sem_tendencia_significativa,sem_tendencia_significativa,True
sensibilidade_10a,>=10 anos válidos,A238,tmax_era5,Máxima anual ERA5,10,2009,2025,17,7,35.446189880371094,36.134910583496094,36.063890075683595,36.819969177246094,-0.00732421875,-0.0732421875,-3.0,125.0,-0.17888543819998318,-0.06666666666666667,0.8580276569875213,-0.2978810796121722,8,BURITICUPU,MA,Nordeste,0.922703108519244,False,False,sem_tendencia_significativa,sem_tendencia_significativa,False
sensibilidade_10a,>=10 anos válidos,A303,tmax_era5,Máxima anual ERA5,15,2004,2025,22,7,30.484277725219727,31.849512100219727,31.97410430908203,33.772117614746094,0.032063802083333336,0.32063802083333337,19.0,408.3333333333333,0.8907689867497083,0.18095238095238095,0.3730531162514527,-0.39028870735253374,10,MACEIO,AL,Nordeste,0.5827253056774516,False,False,sem_tendencia_significativa,sem_tendencia_significativa,True
sensibilidade_10a,>=10 anos válidos,A307,tmax_era5,Máxima anual ERA5,14,2004,2021,18,4,36.260154724121094,37.288719177246094,37.36993081229074,38.758201599121094,-0.018510298295454544,-0.18510298295454544,-7.0,333.6666666666667,-0.32846934087081536,-0.07692307692307693,0.7425568219265776,-0.03038440267719666,9,PETROLINA,PE,Nordeste,0.8543395693133743,False,False,sem_tendencia_significativa,sem_tendencia_significativa,False
sensibilidade_10a,>=10 anos válidos,A309,tmax_era5,Máxima anual ERA5,10,2005,2025,21,11,34.124168395996094,35.038108825683594,35.04687347412109,36.008934020996094,0.050830078125,0.50830078125,15.0,125.0,1.2521980673998823,0.3333333333333333,0.2104977000553374,-0.5962180337173119,5,ARCO VERDE,PE,Nordeste,0.4899263139963653,False,False,sem_tendencia_significativa,sem_tendencia_significativa,True
sensibilidade_10a,>=10 anos válidos,A310,tmax_era5,Máxima anual ERA5,15,2005,2024,20,5,30.831933975219727,31.957178115844727,31.848795064290364,32.813621520996094,0.010367838541666667,0.10367838541666667,13.0,408.3333333333333,0.5938459911664722,0.12380952380952381,0.5526151250628485,0.36030835616591533,10,AREIA,PB,Nordeste,0.7345319053630408,False,False,sem_tendencia_significativa,sem_tendencia_significativa,True
sensibilidade_10a,>=10 anos válidos,A313,tmax_era5,Máxima anual ERA5,11,2008,2022,15,4,32.347068786621094,32.922752380371094,33.014238530939274,34.353660583496094,0.0269775390625,0.269775390625,9.0,165.0,0.6227991553292184,0.16363636363636364,0.5334165134726945,-0.739227542281164,6,CAMPINA GRANDE,PB,Nordeste,0.7229348769550762,False,False,sem_tendencia_significativa,sem_tendencia_significativa,True
sensibilidade_10a,>=10 anos válidos,A322,tmax_era5,Máxima anual ERA5,12,2008,2025,18,6,31.583398818969727,32.331809997558594,32.4950795173645,33.833396911621094,0.038216659000941684,0.38216659000941683,20.0,212.66666666666666,1.302878414515109,0.30303030303030304,0.19261627432960213,-0.09496924508648577,8,GARANHUNS,PE,Nordeste,0.4899263139963653,False,False,sem_tendencia_significativa,sem_tendencia_significativa,False
sensibilidade_10a,>=10 anos válidos,A329,tmax_era5,Máxima anual ERA5,12,2008,2025,18,6,36.347801208496094,37.548973083496094,37.646934509277344,38.830223083496094,0.09688517252604167,0.9688517252604167,30.0,212.66666666666666,1.9886038958388508,0.45454545454545453,0.04674494105371121,0.38755419236244226,7,CABROBO,PE,Nordeste,0.32834275201196383,True,False,crescente,sem_tendencia_significativa,True
sensibilidade_10a,>=10 anos válidos,A342,tmax_era5,Máxima anual ERA5,11,2011,2024,14,3,35.614158630371094,36.714988708496094,36.67581523548473,37.402244567871094,0.0693359375,0.693359375,17.0,165.0,1.2455983106584367,0.3090909090909091,0.21291190281150457,-0.21665935832369643,7,CRATEUS,CE,Nordeste,0.4899263139963653,False,False,sem_tendencia_significativa,sem_tendencia_significativa,False
sensibilidade_10a,>=10 anos válidos,A346,tmax_era5,Máxima anual ERA5,11,2009,2024,16,5,35.166893005371094,37.147605895996094,37.077226812189274,38.410545349121094,0.111083984375,1.11083984375,27.0,165.0,2.0240972548199596,0.4909090909090909,0.04296014602842507,0.47147095431246877,7,URUCUI,PI,Nordeste,0.32834275201196383,True,False,crescente,sem_tendencia_significativa,True
sensibilidade_10a,>=10 anos válidos,A348,tmax_era5,Máxima anual ERA5,11,2009,2023,15,4,33.632225036621094,34.487937927246094,34.575273687189274,35.623191833496094,0.03925432477678571,0.3925432477678571,15.0,165.0,1.0898985218261321,0.2727272727272727,0.2757578478275093,0.10070819559304818,6,CABACEIRAS,PB,Nordeste,0.5361947462101079,False,False,sem_tendencia_significativa,sem_tendencia_significativa,False
sensibilidade_10a,>=10 anos válidos,A349,tmax_era5,Máxima anual ERA5,13,2009,2025,17,4,35.849266052246094,37.074607849121094,36.906751779409554,37.814842224121094,0.07618931361607142,0.7618931361607142,36.0,268.6666666666667,2.135311066302971,0.46153846153846156,0.03273560958832078,-0.15185574483224756,8,IBIMIRIM,PE,Nordeste,0.32834275201196383,True,False,crescente,sem_tendencia_significativa,False
sensibilidade_10a,>=10 anos válidos,A357,tmax_era5,Máxima anual ERA5,10,2009,2025,17,7,32.385887145996094,33.299217224121094,33.43041839599609,34.743553161621094,-0.007098858173076923,-0.07098858173076923,-1.0,125.0,0.0,-0.022222222222222223,1.0,-0.8324088463694841,7,PALMARES,PE,Nordeste,1.0,False,False,sem_tendencia_significativa,sem_tendencia_significativa,True
sensibilidade_10a,>=10 anos válidos,A358,tmax_era5,Máxima anual ERA5,10,2009,2023,15,5,36.198631286621094,37.194969177246094,37.249778747558594,38.313865661621094,0.08878580729166667,0.8878580729166667,17.0,125.0,1.4310835055998654,0.37777777777777777,0.15240628395674935,-0.5519560958866121,6,JAGUARIBE,CE,Nordeste,0.447801807115027,False,False,sem_tendencia_significativa,sem_tendencia_significativa,True
sensibilidade_10a,>=10 anos válidos,A363,tmax_era5,Máxima anual ERA5,10,2010,2025,16,6,37.612205505371094,38.313987731933594,38.203416442871095,38.769920349121094,0.0283203125,0.283203125,7.0,125.0,0.5366563145999494,0.15555555555555556,0.5915050369949166,-0.27919642818449947,7,VALENCA DO PIAUI,PI,Nordeste,0.7446004583347774,False,False,sem_tendencia_significativa,sem_tendencia_significativa,False
sensibilidade_10a,>=10 anos válidos,A401,tmax_era5,Máxima anual ERA5,15,2004,2025,22,7,28.597558975219727,30.198389053344727,30.14998410542806,31.196680068969727,0.019566127232142856,0.19566127232142855,9.0,408.3333333333333,0.39589732744431483,0.08571428571428572,0.6921807727218765,-0.33677903896010386,11,SALVADOR,BA,Nordeste,0.8275233819133049,False,False,sem_tendencia_significativa,sem_tendencia_significativa,True
sensibilidade_10a,>=10 anos válidos,A402,tmax_era5,Máxima anual ERA5,12,2007,2024,18,6,35.564353942871094,36.178611755371094,36.677513122558594,38.132713317871094,0.03600658069957387,0.36006580699573865,16.0,212.66666666666666,1.0285882219856124,0.24242424242424243,0.303673214899419,-0.4290266587853144,5,BARREIRAS,BA,Nordeste,0.5507293897328447,False,False,sem_tendencia_significativa,sem_tendencia_significativa,True
sensibilidade_10a,>=10 anos válidos,A404,tmax_era5,Máxima anual ERA5,11,2007,2024,18,7,34.446678161621094,35.388572692871094,35.56189034201882,37.106834411621094,0.10578264508928571,1.0578264508928572,19.0,165.0,1.4012980994907414,0.34545454545454546,0.16112494928905177,0.7292367692672005,6,LUIZ EDUARDO MAGALHAES,BA,Nordeste,0.447801807115027,False,False,sem_tendencia_significativa,sem_tendencia_significativa,True
sensibilidade_10a,>=10 anos válidos,A407,tmax_era5,Máxima anual ERA5,12,2004,2022,19,7,29.700830459594727,32.14980411529541,32.242618242899574,34.455467224121094,0.0182861328125,0.182861328125,4.0,212.66666666666666,0.20571764439712248,0.06060606060606061,0.8370114751054462,-0.10982895633340498,6,ITIRUCU,BA,Nordeste,0.922703108519244,False,False,sem_tendencia_significativa,sem_tendencia_significativa,False
sensibilidade_10a,>=10 anos válidos,A408,tmax_era5,Máxima anual ERA5,16,2004,2025,22,6,35.051658630371094,37.558372497558594,37.28295135498047,39.471336364746094,0.02535400390625,0.2535400390625,6.0,493.3333333333333,0.2251125844453741,0.05,0.8218916912511594,-0.21938975774859484,11,ITABERABA,BA,Nordeste,0.922703108519244,False,False,sem_tendencia_significativa,sem_tendencia_significativa,False
sensibilidade_10a,>=10 anos válidos,A409,tmax_era5,Máxima anual ERA5,11,2004,2020,17,6,28.034570693969727,28.920557022094727,29.124325665560637,30.506494522094727,0.0899810791015625,0.899810791015625,11.0,165.0,0.778498944161523,0.2,0.43627492884052926,-0.2564224401780913,9,ARACAJU,SE,Nordeste,0.6574847519146004,False,False,sem_tendencia_significativa,sem_tendencia_significativa,False
sensibilidade_10a,>=10 anos válidos,A414,tmax_era5,Máxima anual ERA5,13,2008,2025,18,5,31.338769912719727,32.859275817871094,32.98016357421875,35.209617614746094,0.040417262486049106,0.40417262486049105,8.0,268.6666666666667,0.4270622132605941,0.10256410256410256,0.6693340144640528,-0.26221836952947286,9,VITORIA DA CONQUISTA,BA,Nordeste,0.80925129432377,False,False,sem_tendencia_significativa,sem_tendencia_significativa,False
sensibilidade_10a,>=10 anos válidos,A416,tmax_era5,Máxima anual ERA5,10,2010,2025,16,6,36.384910583496094,37.201438903808594,37.40075531005859,38.468650817871094,0.037890625,0.37890625,9.0,125.0,0.7155417527999327,0.2,0.4742743507673296,0.21675904534616602,4,CORRENTINA,BA,Nordeste,0.6766314070947236,False,False,sem_tendencia_significativa,sem_tendencia_significativa,False
sensibilidade_10a,>=10 anos válidos,A417,tmax_era5,Máxima anual ERA5,10,2008,2025,18,8,34.469871520996094,35.432640075683594,35.6331283569336,37.517723083496094,-0.00458984375,-0.0458984375,-1.0,125.0,0.0,-0.022222222222222223,1.0,-0.27429426531377693,5,ITABAIANINHA,SE,Nordeste,1.0,False,False,sem_tendencia_significativa,sem_tendencia_significativa,False
sensibilidade_10a,>=10 anos válidos,A424,tmax_era5,Máxima anual ERA5,11,2009,2025,17,6,32.470848083496094,35.428855895996094,35.02664531360973,36.373191833496094,0.072662353515625,0.72662353515625,15.0,165.0,1.0898985218261321,0.2727272727272727,0.2757578478275093,-0.0242887407936701,7,IRECE,BA,Nordeste,0.5361947462101079,False,False,sem_tendencia_significativa,sem_tendencia_significativa,False
sensibilidade_10a,>=10 anos válidos,A425,tmax_era5,Máxima anual ERA5,10,2009,2023,15,5,31.724756240844727,33.469383239746094,33.53991584777832,35.193748474121094,0.0681847163609096,0.681847163609096,13.0,125.0,1.073312629199899,0.28888888888888886,0.2831308706623467,0.3810452227821616,5,LENCOIS,BA,Nordeste,0.5361947462101079,False,False,sem_tendencia_significativa,sem_tendencia_significativa,True
sensibilidade_10a,>=10 anos válidos,A426,tmax_era5,Máxima anual ERA5,10,2009,2025,17,7,34.943504333496094,36.408836364746094,36.29990081787109,37.240379333496094,0.05723987926136364,0.5723987926136364,17.0,125.0,1.4310835055998654,0.37777777777777777,0.15240628395674935,-0.1334741502269269,5,GUANAMBI,BA,Nordeste,0.447801807115027,False,False,sem_tendencia_significativa,sem_tendencia_significativa,False
sensibilidade_10a,>=10 anos válidos,A430,tmax_era5,Máxima anual ERA5,14,2009,2023,15,1,29.019189834594727,31.069726943969727,31.047213281903947,33.618797302246094,0.07087053571428571,0.7087053571428571,19.0,333.6666666666667,0.9854080226124461,0.2087912087912088,0.3244236905215786,-0.08121020934648268,12,PIATA,BA,Nordeste,0.5649467500314262,False,False,sem_tendencia_significativa,sem_tendencia_significativa,False
sensibilidade_10a,>=10 anos válidos,A433,tmax_era5,Máxima anual ERA5,14,2009,2024,16,2,33.974998474121094,35.731590270996094,36.20761217389788,39.486961364746094,0.1568603515625,1.568603515625,23.0,333.6666666666667,1.2043875831929896,0.25274725274725274,0.22843980898867525,0.20776035484043437,11,BRUMADO,BA,Nordeste,0.5130645276787292,False,False,sem_tendencia_significativa,sem_tendencia_significativa,False
sensibilidade_10a,>=10 anos válidos,A434,tmax_era5,Máxima anual ERA5,13,2009,2025,17,4,32.754295349121094,33.960594177246094,34.14595325176533,36.565818786621094,0.04264137961647727,0.4264137961647727,10.0,268.6666666666667,0.5490799884779067,0.1282051282051282,0.5829505577618919,-0.09744222786289865,9,AMARGOSA,BA,Nordeste,0.7446004583347774,False,False,sem_tendencia_significativa,sem_tendencia_significativa,False
sensibilidade_10a,>=10 anos válidos,A437,tmax_era5,Máxima anual ERA5,10,2009,2024,16,6,28.923974990844727,30.818994522094727,30.731665229797365,32.150535583496094,0.07466264204545454,0.7466264204545454,23.0,125.0,1.9677398201998149,0.5111111111111111,0.04909798160926562,0.2454636687624622,6,UNA,BA,Nordeste,0.32834275201196383,True,False,crescente,sem_tendencia_significativa,False
sensibilidade_10a,>=10 anos válidos,A441,tmax_era5,Máxima anual ERA5,10,2009,2019,11,1,35.488670349121094,37.664817810058594,37.377244567871095,38.414939880371094,0.0692138671875,0.692138671875,9.0,125.0,0.7155417527999327,0.2,0.4742743507673296,-0.37984857993096666,8,SERRINHA,BA,Nordeste,0.6766314070947236,False,False,sem_tendencia_significativa,sem_tendencia_significativa,True
sensibilidade_10a,>=10 anos válidos,A442,tmax_era5,Máxima anual ERA5,10,2009,2025,17,7,33.925437927246094,35.243309020996094,35.2665512084961,36.302146911621094,0.0033203125,0.033203125,3.0,125.0,0.17888543819998318,0.06666666666666667,0.8580276569875213,-0.30469088862678195,6,EUCLIDES DA CUNHA,BA,Nordeste,0.922703108519244,False,False,sem_tendencia_significativa,sem_tendencia_significativa,True
sensibilidade_10a,>=10 anos válidos,A502,tmax_era5,Máxima anual ERA5,15,2009,2025,17,2,29.374658584594727,30.758691787719727,31.146207555135092,33.525047302246094,0.10504150390625,1.0504150390625,33.0,408.3333333333333,1.5835893097772593,0.3142857142857143,0.11328720822235328,0.2547670290795258,12,BARBACENA,MG,Sudeste,0.447801807115027,False,False,sem_tendencia_significativa,sem_tendencia_significativa,False
sensibilidade_10a,>=10 anos válidos,A505,tmax_era5,Máxima anual ERA5,17,2003,2024,22,5,30.789209365844727,33.899314880371094,33.76970537971048,36.587791442871094,0.1596294545872326,1.5962945458723259,68.0,589.3333333333334,2.759906057814976,0.5,0.005781798478456614,0.6159362910642361,13,ARAXA,MG,Sudeste,0.32834275201196383,True,False,crescente,sem_tendencia_significativa,True
sensibilidade_10a,>=10 anos válidos,A506,tmax_era5,Máxima anual ERA5,16,2004,2025,22,6,33.886375427246094,35.826683044433594,35.738792419433594,37.821678161621094,0.0369720458984375,0.369720458984375,14.0,493.3333333333333,0.5852927195579727,0.11666666666666667,0.5583509093759853,-0.2759645261536352,12,MONTES CLAROS,MG,Sudeste,0.7375746580645732,False,False,sem_tendencia_significativa,sem_tendencia_significativa,False
sensibilidade_10a,>=10 anos válidos,A507,tmax_era5,Máxima anual ERA5,18,2007,2025,19,1,32.295555114746094,35.047752380371094,35.05414072672526,38.494041442871094,0.11015973772321429,1.1015973772321428,51.0,697.0,1.8938850476964255,0.3333333333333333,0.05824026959156134,0.17243134922714606,16,UBERLANDIA,MG,Sudeste,0.3429541354115322,False,False,sem_tendencia_significativa,sem_tendencia_significativa,False
sensibilidade_10a,>=10 anos válidos,A508,tmax_era5,Máxima anual ERA5,13,2004,2025,22,9,34.284568786621094,35.141014099121094,35.415559621957634,37.628318786621094,0.043287797407670456,0.4328779740767046,18.0,268.6666666666667,1.0371510893471572,0.23076923076923078,0.29966544843430204,0.04750902884941816,8,ALMENARA,MG,Sudeste,0.5507293897328447,False,False,sem_tendencia_significativa,sem_tendencia_significativa,False
sensibilidade_10a,>=10 anos válidos,A509,tmax_era5,Máxima anual ERA5,18,2007,2025,19,1,28.181055068969727,29.858789443969727,30.058550516764324,32.261131286621094,0.109832763671875,1.09832763671875,51.0,697.0,1.8938850476964255,0.3333333333333333,0.05824026959156134,0.24395164297938263,16,MONTE VERDE,MG,Sudeste,0.3429541354115322,False,False,sem_tendencia_significativa,sem_tendencia_significativa,False
sensibilidade_10a,>=10 anos válidos,A510,tmax_era5,Máxima anual ERA5,16,2008,2025,18,2,30.431055068969727,32.527732849121094,32.86463212966919,35.391502380371094,0.12365964253743489,1.2365964253743489,38.0,493.3333333333333,1.6658331248957683,0.31666666666666665,0.0957466564738153,0.05903376676239944,13,VICOSA,MG,Sudeste,0.4268705101124266,False,False,sem_tendencia_significativa,sem_tendencia_significativa,False
sensibilidade_10a,>=10 anos válidos,A511,tmax_era5,Máxima anual ERA5,11,2007,2025,19,8,34.881004333496094,37.147117614746094,37.355302984064274,39.812156677246094,-0.09520128038194445,-0.9520128038194444,-13.0,165.0,-0.9341987329938275,-0.23636363636363636,0.3502013891792958,-0.47433093889939126,7,TIMOTEO,MG,Sudeste,0.5827253056774516,False,False,sem_tendencia_significativa,sem_tendencia_significativa,True
sensibilidade_10a,>=10 anos válidos,A512,tmax_era5,Máxima anual ERA5,12,2008,2025,18,6,35.911033630371094,37.821434020996094,37.57470957438151,39.654197692871094,0.11092122395833334,1.1092122395833335,24.0,212.66666666666666,1.5771686070446058,0.36363636363636365,0.1147567343186491,0.2742434444611484,7,ITUIUTABA,MG,Sudeste,0.447801807115027,False,False,sem_tendencia_significativa,sem_tendencia_significativa,False
sensibilidade_10a,>=10 anos válidos,A513,tmax_era5,Máxima anual ERA5,15,2007,2025,19,4,29.065820693969727,31.398340225219727,31.289615631103516,33.408592224121094,0.059651692708333336,0.5965169270833334,17.0,408.3333333333333,0.7917946548886297,0.1619047619047619,0.42848041949799653,0.1201562075290698,12,OURO BRANCO,MG,Sudeste,0.6574847519146004,False,False,sem_tendencia_significativa,sem_tendencia_significativa,False
sensibilidade_10a,>=10 anos válidos,A515,tmax_era5,Máxima anual ERA5,14,2007,2024,18,4,30.642480850219727,33.969993591308594,33.223185539245605,35.652732849121094,0.183837890625,1.83837890625,41.0,333.6666666666667,2.1897956058054358,0.45054945054945056,0.028539063570362466,0.17690080196596913,12,VARGINHA,MG,Sudeste,0.32834275201196383,True,False,crescente,sem_tendencia_significativa,False
sensibilidade_10a,>=10 anos válidos,A516,tmax_era5,Máxima anual ERA5,14,2007,2025,19,5,31.633447647094727,34.510032653808594,34.393385887145996,36.684959411621094,0.15714518229166666,1.5714518229166665,39.0,333.6666666666667,2.080305825515164,0.42857142857142855,0.03749749081571985,0.10793026681164827,8,PASSOS,MG,Sudeste,0.32834275201196383,True,False,crescente,sem_tendencia_significativa,False
sensibilidade_10a,>=10 anos válidos,A517,tmax_era5,Máxima anual ERA5,11,2007,2023,17,6,31.333887100219727,34.323875427246094,33.87902918728915,36.202781677246094,0.12579900568181818,1.2579900568181817,19.0,165.0,1.4012980994907414,0.34545454545454546,0.16112494928905177,0.02594423737619208,7,MURIAE,MG,Sudeste,0.447801807115027,False,False,sem_tendencia_significativa,sem_tendencia_significativa,False
sensibilidade_10a,>=10 anos válidos,A518,tmax_era5,Máxima anual ERA5,13,2008,2024,17,4,32.522850036621094,33.874900817871094,34.39439450777494,37.297752380371094,0.04616487943209135,0.4616487943209135,10.0,268.6666666666667,0.5490799884779067,0.1282051282051282,0.5829505577618919,0.057083671389603234,9,JUIZ DE FORA,MG,Sudeste,0.7446004583347774,False,False,sem_tendencia_significativa,sem_tendencia_significativa,False
sensibilidade_10a,>=10 anos válidos,A519,tmax_era5,Máxima anual ERA5,12,2007,2025,19,7,35.133445739746094,37.309104919433594,37.50333023071289,40.650047302246094,0.0797000461154514,0.797000461154514,14.0,212.66666666666666,0.8914431257208641,0.21212121212121213,0.37269149047151834,-0.7669863259969184,5,CAMPINA VERDE,MG,Sudeste,0.5827253056774516,False,False,sem_tendencia_significativa,sem_tendencia_significativa,True
sensibilidade_10a,>=10 anos válidos,A520,tmax_era5,Máxima anual ERA5,14,2008,2025,18,4,34.088523864746094,36.880760192871094,36.81175558907645,39.676170349121094,0.10225423177083333,1.0225423177083333,25.0,333.6666666666667,1.3138773634832615,0.27472527472527475,0.18888747753953772,0.2981192758820371,10,CONCEICAO DAS ALAGOAS,MG,Sudeste,0.4899263139963653,False,False,sem_tendencia_significativa,sem_tendencia_significativa,False
sensibilidade_10a,>=10 anos válidos,A521,tmax_era5,Máxima anual ERA5,18,2007,2025,19,1,29.433496475219727,32.956077575683594,32.67531659868028,35.364891052246094,0.144134521484375,1.44134521484375,39.0,697.0,1.4393526362492834,0.2549019607843137,0.15005063655725911,0.32785406350656127,16,PAMPULHA,MG,Sudeste,0.447801807115027,False,False,sem_tendencia_significativa,sem_tendencia_significativa,True
sensibilidade_10a,>=10 anos válidos,A522,tmax_era5,Máxima anual ERA5,12,2007,2025,19,7,36.090721130371094,37.544212341308594,37.76109059651693,39.755027770996094,0.02161310369318182,0.21613103693181818,6.0,212.66666666666666,0.34286274066187084,0.09090909090909091,0.7317017232242102,-0.15349532201492488,8,SERRA DOS AIMORES,MG,Sudeste,0.8464009122701674,False,False,sem_tendencia_significativa,sem_tendencia_significativa,False
sensibilidade_10a,>=10 anos válidos,A523,tmax_era5,Máxima anual ERA5,12,2008,2023,16,4,30.525293350219727,33.947898864746094,33.725019454956055,37.433494567871094,0.317484458287557,3.1748445828755703,34.0,212.66666666666666,2.2628940883683475,0.5151515151515151,0.02364221890919849,0.4640912078331305,9,PATROCINIO,MG,Sudeste,0.32834275201196383,True,False,crescente,sem_tendencia_significativa,True
sensibilidade_10a,>=10 anos válidos,A524,tmax_era5,Máxima anual ERA5,13,2007,2025,19,6,30.565332412719727,33.675682067871094,33.29557448167067,36.519432067871094,0.1881912549336751,1.881912549336751,24.0,268.6666666666667,1.403204414999095,0.3076923076923077,0.16055589143580892,0.3226198955250035,9,FORMIGA,MG,Sudeste,0.447801807115027,False,False,sem_tendencia_significativa,sem_tendencia_significativa,True
sensibilidade_10a,>=10 anos válidos,A525,tmax_era5,Máxima anual ERA5,15,2007,2025,19,4,32.559226989746094,34.395164489746094,34.84059092203776,38.076560974121094,0.1250762939453125,1.250762939453125,41.0,408.3333333333333,1.979486637221574,0.3904761904761905,0.047761242675103704,0.29743013184437395,11,SACRAMENTO,MG,Sudeste,0.32834275201196383,True,False,crescente,sem_tendencia_significativa,False
sensibilidade_10a,>=10 anos válidos,A527,tmax_era5,Máxima anual ERA5,10,2007,2023,17,7,35.102439880371094,36.235252380371094,36.55370941162109,38.147117614746094,0.043146306818181816,0.4314630681818182,11.0,125.0,0.8944271909999159,0.24444444444444444,0.3710933695226976,-0.06594049833631513,6,TEOFILO OTONI,MG,Sudeste,0.5827253056774516,False,False,sem_tendencia_significativa,sem_tendencia_significativa,False
sensibilidade_10a,>=10 anos válidos,A528,tmax_era5,Máxima anual ERA5,15,2007,2025,19,4,32.911521911621094,35.748435974121094,35.78525238037109,38.737693786621094,0.1150390625,1.150390625,25.0,408.3333333333333,1.1876919823329444,0.23809523809523808,0.2349547837033433,0.25914473857559545,11,TRES MARIAS,MG,Sudeste,0.5130645276787292,False,False,sem_tendencia_significativa,sem_tendencia_significativa,False
sensibilidade_10a,>=10 anos válidos,A529,tmax_era5,Máxima anual ERA5,11,2009,2023,15,4,30.267480850219727,31.456933975219727,31.826983885331586,34.958396911621094,0.17608642578125,1.7608642578125,21.0,165.0,1.556997888323046,0.38181818181818183,0.11947098677170073,-0.10345649403217225,8,PASSA QUATRO,MG,Sudeste,0.447801807115027,False,False,sem_tendencia_significativa,sem_tendencia_significativa,False
sensibilidade_10a,>=10 anos válidos,A530,tmax_era5,Máxima anual ERA5,15,2007,2024,18,3,29.179346084594727,31.160791397094727,31.494351704915363,34.097557067871094,0.20487139775202826,2.0487139775202827,43.0,408.3333333333333,2.0784609690826525,0.4095238095238095,0.037666922228628705,0.5594437013506983,11,CALDAS,MG,Sudeste,0.32834275201196383,True,False,crescente,sem_tendencia_significativa,True
sensibilidade_10a,>=10 anos válidos,A531,tmax_era5,Máxima anual ERA5,18,2008,2025,18,0,28.164697647094727,29.839746475219727,30.11435031890869,32.850975036621094,0.157745361328125,1.57745361328125,63.0,697.0,2.3484174591435676,0.4117647058823529,0.018853377367019176,0.21842845877115175,17,MARIA DA FE,MG,Sudeste,0.32834275201196383,True,False,crescente,sem_tendencia_significativa,False
sensibilidade_10a,>=10 anos válidos,A532,tmax_era5,Máxima anual ERA5,11,2008,2025,18,7,35.075828552246094,37.884422302246094,37.536455327814274,39.653953552246094,0.08176491477272728,0.8176491477272728,5.0,165.0,0.3113995776646092,0.09090909090909091,0.7554968749288828,-0.5213661295816983,7,GOVERNADOR VALADARES,MG,Sudeste,0.8599804852913878,False,False,sem_tendencia_significativa,sem_tendencia_significativa,True
sensibilidade_10a,>=10 anos válidos,A533,tmax_era5,Máxima anual ERA5,16,2008,2024,17,1,32.525291442871094,34.669822692871094,34.88677215576172,37.117820739746094,0.12711588541666669,1.271158854166667,36.0,493.3333333333333,1.5757880911176187,0.3,0.11507464782117936,0.23999375358488018,14,GUANHAES,MG,Sudeste,0.447801807115027,False,False,sem_tendencia_significativa,sem_tendencia_significativa,False
sensibilidade_10a,>=10 anos válidos,A534,tmax_era5,Máxima anual ERA5,10,2008,2024,17,7,34.792625427246094,36.657249450683594,36.715232849121094,38.224021911621094,0.0877685546875,0.877685546875,7.0,125.0,0.5366563145999494,0.15555555555555556,0.5915050369949166,0.26257923333711136,5,AIMORES,MG,Sudeste,0.7446004583347774,False,False,sem_tendencia_significativa,sem_tendencia_significativa,False
sensibilidade_10a,>=10 anos válidos,A535,tmax_era5,Máxima anual ERA5,14,2009,2025,17,3,30.731836318969727,33.807640075683594,33.56962081364223,36.357810974121094,0.2713216145833333,2.713216145833333,37.0,333.6666666666667,1.9708160452248922,0.4065934065934066,0.04874492073970655,0.46146074843663426,10,FLORESTAL,MG,Sudeste,0.32834275201196383,True,False,crescente,sem_tendencia_significativa,True
sensibilidade_10a,>=10 anos válidos,A536,tmax_era5,Máxima anual ERA5,12,2008,2025,18,6,32.353904724121094,35.861473083496094,35.52160898844401,38.154197692871094,0.2132510230654762,2.132510230654762,28.0,212.66666666666666,1.8514587995741025,0.42424242424242425,0.06410357671243593,0.4771481233191576,6,DORES DO INDAIA,MG,Sudeste,0.3429541354115322,False,False,sem_tendencia_significativa,sem_tendencia_significativa,True
sensibilidade_10a,>=10 anos válidos,A537,tmax_era5,Máxima anual ERA5,14,2008,2025,18,4,29.812646865844727,32.193992614746094,32.13013308388846,33.966697692871094,0.03138950892857143,0.3138950892857143,5.0,333.6666666666667,0.21897956058054358,0.054945054945054944,0.8266659696701553,0.16930833294150355,9,DIAMANTINA,MG,Sudeste,0.922703108519244,False,False,sem_tendencia_significativa,sem_tendencia_significativa,False
sensibilidade_10a,>=10 anos válidos,A538,tmax_era5,Máxima anual ERA5,15,2007,2025,19,4,32.559959411621094,35.189109802246094,35.57545420328776,37.898338317871094,0.08327229817708333,0.8327229817708333,23.0,408.3333333333333,1.0887176504718656,0.21904761904761905,0.2762784158080179,0.27472918380625694,10,CURVELO,MG,Sudeste,0.5361947462101079,False,False,sem_tendencia_significativa,sem_tendencia_significativa,False
sensibilidade_10a,>=10 anos válidos,A539,tmax_era5,Máxima anual ERA5,15,2008,2025,18,3,35.383201599121094,38.094139099121094,37.90890146891276,39.597801208496094,0.045200892857142856,0.45200892857142855,9.0,408.3333333333333,0.39589732744431483,0.08571428571428572,0.6921807727218765,-0.29191830705689753,13,MOCAMBINHO,MG,Sudeste,0.8275233819133049,False,False,sem_tendencia_significativa,sem_tendencia_significativa,False
sensibilidade_10a,>=10 anos válidos,A540,tmax_era5,Máxima anual ERA5,14,2008,2025,18,4,34.516014099121094,35.477561950683594,35.90423257010324,37.924461364746094,0.0018310546875,0.018310546875,1.0,333.6666666666667,0.0,0.01098901098901099,1.0,-0.25448910606504055,9,MANTENA,MG,Sudeste,1.0,False,False,sem_tendencia_significativa,sem_tendencia_significativa,False
sensibilidade_10a,>=10 anos válidos,A541,tmax_era5,Máxima anual ERA5,13,2008,2025,18,5,31.837549209594727,33.633689880371094,33.65506172180176,35.283348083496094,0.0306396484375,0.306396484375,8.0,268.6666666666667,0.4270622132605941,0.10256410256410256,0.6693340144640528,-0.047767241679230486,10,CAPELINHA,MG,Sudeste,0.80925129432377,False,False,sem_tendencia_significativa,sem_tendencia_significativa,False
sensibilidade_10a,>=10 anos válidos,A542,tmax_era5,Máxima anual ERA5,12,2008,2025,18,6,32.827049255371094,36.371849060058594,35.97007497151693,37.552879333496094,-0.07210673983134921,-0.7210673983134921,-10.0,212.66666666666666,-0.6171529331913674,-0.15151515151515152,0.5371338571769024,-0.7774134180072119,6,UNAI,MG,Sudeste,0.7229348769550762,False,False,sem_tendencia_significativa,sem_tendencia_significativa,True
sensibilidade_10a,>=10 anos válidos,A546,tmax_era5,Máxima anual ERA5,11,2008,2024,17,6,31.400537490844727,35.395652770996094,34.97646349126642,37.363182067871094,0.23583984375,2.3583984375,31.0,165.0,2.335496832484569,0.5636363636363636,0.019517481182177766,0.12672904104179214,7,GUARDA-MOR,MG,Sudeste,0.32834275201196383,True,False,crescente,sem_tendencia_significativa,False
sensibilidade_10a,>=10 anos válidos,A547,tmax_era5,Máxima anual ERA5,10,2008,2023,16,6,36.167625427246094,38.953025817871094,38.57162933349609,39.751609802246094,0.08406575520833333,0.8406575520833333,11.0,125.0,0.8944271909999159,0.24444444444444444,0.3710933695226976,-0.8084421796904153,4,SAO ROMAO,MG,Sudeste,0.5827253056774516,False,False,sem_tendencia_significativa,sem_tendencia_significativa,True
sensibilidade_10a,>=10 anos válidos,A548,tmax_era5,Máxima anual ERA5,10,2008,2023,16,6,35.123924255371094,36.690574645996094,36.627122497558595,38.444480895996094,0.060791015625,0.60791015625,7.0,125.0,0.5366563145999494,0.15555555555555556,0.5915050369949166,-0.9688996913550123,4,CHAPADA GAUCHA,MG,Sudeste,0.7446004583347774,False,False,sem_tendencia_significativa,sem_tendencia_significativa,True
sensibilidade_10a,>=10 anos válidos,A550,tmax_era5,Máxima anual ERA5,15,2008,2024,17,2,34.943992614746094,36.647361755371094,36.86065928141276,39.246482849121094,0.096337890625,0.96337890625,21.0,408.3333333333333,0.989743318610787,0.2,0.3222995958719193,-0.031696623090140257,13,ITAOBIM,MG,Sudeste,0.5649467500314262,False,False,sem_tendencia_significativa,sem_tendencia_significativa,False
sensibilidade_10a,>=10 anos válidos,A551,tmax_era5,Máxima anual ERA5,13,2008,2025,18,5,33.223289489746094,34.911521911621094,34.950096130371094,36.777000427246094,0.09430948893229166,0.9430948893229165,20.0,268.6666666666667,1.1591688645644698,0.2564102564102564,0.2463873600292466,0.17761812346318412,9,RIO PARDO DE MINAS,MG,Sudeste,0.5272689504625877,False,False,sem_tendencia_significativa,sem_tendencia_significativa,False
sensibilidade_10a,>=10 anos válidos,A552,tmax_era5,Máxima anual ERA5,12,2008,2025,18,6,34.724021911621094,36.332054138183594,36.340171813964844,37.919090270996094,-0.009540012904575894,-0.09540012904575894,-4.0,212.66666666666666,-0.20571764439712248,-0.06060606060606061,0.8370114751054462,0.12750442445308116,8,SALINAS,MG,Sudeste,0.922703108519244,False,False,sem_tendencia_significativa,sem_tendencia_significativa,False
sensibilidade_10a,>=10 anos válidos,A554,tmax_era5,Máxima anual ERA5,15,2008,2025,18,3,32.458641052246094,34.448875427246094,34.63963063557943,37.794578552246094,0.092529296875,0.92529296875,19.0,408.3333333333333,0.8907689867497083,0.18095238095238095,0.3730531162514527,0.08748944232768358,11,CARATINGA,MG,Sudeste,0.5827253056774516,False,False,sem_tendencia_significativa,sem_tendencia_significativa,False
sensibilidade_10a,>=10 anos válidos,A555,tmax_era5,Máxima anual ERA5,15,2009,2024,16,1,29.433496475219727,32.881980895996094,32.495279184977214,35.364891052246094,0.254058837890625,2.54058837890625,43.0,408.3333333333333,2.0784609690826525,0.4095238095238095,0.037666922228628705,0.3938653820619554,13,IBIRITE (ROLA MOCA),MG,Sudeste,0.32834275201196383,True,False,crescente,sem_tendencia_significativa,True
sensibilidade_10a,>=10 anos válidos,A557,tmax_era5,Máxima anual ERA5,10,2013,2025,13,3,33.187156677246094,33.736717224121094,34.19763031005859,36.659080505371094,-0.029866536458333332,-0.2986653645833333,-3.0,125.0,-0.17888543819998318,-0.06666666666666667,0.8580276569875213,-0.41794808574305503,7,CORONEL PACHECO,MG,Sudeste,0.922703108519244,False,False,sem_tendencia_significativa,sem_tendencia_significativa,True
sensibilidade_10a,>=10 anos válidos,A601,tmax_era5,Máxima anual ERA5,19,2003,2025,23,4,34.366844177246094,36.581199645996094,36.38796876606188,40.597312927246094,0.036865234375,0.36865234375,23.0,817.0,0.7696825713954515,0.13450292397660818,0.44148821101397295,-0.04342521651118546,15,ECOLOGIA AGRICOLA,RJ,Sudeste,0.660688651447484,False,False,sem_tendencia_significativa,sem_tendencia_significativa,False
sensibilidade_10a,>=10 anos válidos,A602,tmax_era5,Máxima anual ERA5,13,2004,2024,21,8,33.026268005371094,35.397361755371094,35.08262692964994,36.516990661621094,0.003871372767857143,0.03871372767857143,0.0,268.6666666666667,0.0,0.0,1.0,0.24184645004453376,7,MARAMBAIA,RJ,Sudeste,1.0,False,False,sem_tendencia_significativa,sem_tendencia_significativa,False
sensibilidade_10a,>=10 anos válidos,A603,tmax_era5,Máxima anual ERA5,13,2010,2025,16,3,33.627342224121094,35.370994567871094,35.404948894794174,39.237937927246094,0.025002219460227272,0.2500221946022727,4.0,268.6666666666667,0.1830266628259689,0.05128205128205128,0.8547770980655479,-0.18876681919371258,9,XEREM,RJ,Sudeste,0.922703108519244,False,False,sem_tendencia_significativa,sem_tendencia_significativa,False
sensibilidade_10a,>=10 anos válidos,A604,tmax_era5,Máxima anual ERA5,12,2007,2025,19,7,35.988670349121094,37.456565856933594,37.36558278401693,39.915672302246094,0.05655924479166667,0.5655924479166667,10.0,212.66666666666666,0.6171529331913674,0.15151515151515152,0.5371338571769024,-0.8083553005860963,6,CAMBUCI,RJ,Sudeste,0.7229348769550762,False,False,sem_tendencia_significativa,sem_tendencia_significativa,True
sensibilidade_10a,>=10 anos válidos,A606,tmax_era5,Máxima anual ERA5,13,2007,2025,19,6,26.632959365844727,27.790430068969727,27.93317721440242,29.559717178344727,0.06182548327323718,0.6182548327323718,34.0,268.6666666666667,2.0132932910856582,0.4358974358974359,0.044083783741321,-0.18787250211315262,8,ARRAIAL DO CABO,RJ,Sudeste,0.32834275201196383,True,False,crescente,sem_tendencia_significativa,False
sensibilidade_10a,>=10 anos válidos,A607,tmax_era5,Máxima anual ERA5,15,2007,2025,19,4,34.784568786621094,39.017967224121094,38.897117614746094,41.487205505371094,0.04258510044642857,0.4258510044642857,11.0,408.3333333333333,0.4948716593053935,0.10476190476190476,0.6206907170753548,0.36308934249098196,11,CAMPOS,RJ,Sudeste,0.7767708389130171,False,False,sem_tendencia_significativa,sem_tendencia_significativa,True
sensibilidade_10a,>=10 anos válidos,A608,tmax_era5,Máxima anual ERA5,10,2007,2023,17,7,30.128808975219727,31.586694717407227,31.399853515625,32.600242614746094,0.04177844524383545,0.4177844524383545,5.0,125.0,0.35777087639996635,0.1111111111111111,0.7205147871362553,-0.6226015859051413,5,MACAE,RJ,Sudeste,0.8464009122701674,False,False,sem_tendencia_significativa,sem_tendencia_significativa,True
sensibilidade_10a,>=10 anos válidos,A609,tmax_era5,Máxima anual ERA5,12,2007,2025,19,7,30.903711318969727,31.824853897094727,32.14172728856405,34.955711364746094,0.05803448813302176,0.5803448813302177,24.0,212.66666666666666,1.5771686070446058,0.36363636363636365,0.1147567343186491,0.6114084326207414,8,RESENDE,RJ,Sudeste,0.447801807115027,False,False,sem_tendencia_significativa,sem_tendencia_significativa,True
sensibilidade_10a,>=10 anos válidos,A610,tmax_era5,Máxima anual ERA5,11,2007,2025,19,8,33.460594177246094,34.938133239746094,35.305742437189274,39.237937927246094,0.08806501116071429,0.8806501116071429,17.0,165.0,1.2455983106584367,0.3090909090909091,0.21291190281150457,-0.15336053668794683,7,PICO DO COUTO,RJ,Sudeste,0.4899263139963653,False,False,sem_tendencia_significativa,sem_tendencia_significativa,False
sensibilidade_10a,>=10 anos válidos,A611,tmax_era5,Máxima anual ERA5,14,2007,2024,18,4,32.933250427246094,34.160789489746094,34.33944811139788,37.751609802246094,0.046915690104166664,0.46915690104166663,11.0,333.6666666666667,0.5474489014513589,0.12087912087912088,0.5840703669455065,-0.15928929437703368,10,VALENCA,RJ,Sudeste,0.7446004583347774,False,False,sem_tendencia_significativa,sem_tendencia_significativa,False
sensibilidade_10a,>=10 anos válidos,A612,tmax_era5,Máxima anual ERA5,14,2007,2025,19,5,29.994531631469727,30.636987686157227,30.647851943969727,31.797510147094727,0.025390625,0.25390625,19.0,333.6666666666667,0.9854080226124461,0.2087912087912088,0.3244236905215786,-0.1623024064480437,10,VITORIA,ES,Sudeste,0.5649467500314262,False,False,sem_tendencia_significativa,sem_tendencia_significativa,False
sensibilidade_10a,>=10 anos válidos,A613,tmax_era5,Máxima anual ERA5,10,2008,2025,18,8,32.796531677246094,34.500755310058594,34.60641937255859,36.216941833496094,0.053009033203125,0.53009033203125,11.0,125.0,0.8944271909999159,0.24444444444444444,0.3710933695226976,-0.4571111636771033,4,SANTA TERESA,ES,Sudeste,0.5827253056774516,False,False,sem_tendencia_significativa,sem_tendencia_significativa,True
sensibilidade_10a,>=10 anos válidos,A614,tmax_era5,Máxima anual ERA5,13,2007,2025,19,6,33.134178161621094,35.668113708496094,35.54955526498648,37.429344177246094,0.04122585720486111,0.4122585720486111,20.0,268.6666666666667,1.1591688645644698,0.2564102564102564,0.2463873600292466,0.26079962389673933,8,LINHARES,ES,Sudeste,0.5272689504625877,False,False,sem_tendencia_significativa,sem_tendencia_significativa,False
sensibilidade_10a,>=10 anos válidos,A615,tmax_era5,Máxima anual ERA5,14,2007,2024,18,4,31.412988662719727,33.196067810058594,33.08658858707973,34.336814880371094,-0.028076171875,-0.28076171875,-9.0,333.6666666666667,-0.43795912116108715,-0.0989010989010989,0.6614159170078633,-0.3938918876240382,9,ALFREDO CHAVES,ES,Sudeste,0.8088171785124728,False,False,sem_tendencia_significativa,sem_tendencia_significativa,True
sensibilidade_10a,>=10 anos válidos,A616,tmax_era5,Máxima anual ERA5,16,2007,2025,19,3,29.180322647094727,30.271020889282227,30.216089248657227,31.275781631469727,0.029422433035714284,0.29422433035714285,28.0,493.3333333333333,1.2156079560050201,0.23333333333333334,0.22413430196016673,0.10153629194748277,12,SAO MATEUS,ES,Sudeste,0.5102631980795286,False,False,sem_tendencia_significativa,sem_tendencia_significativa,False
sensibilidade_10a,>=10 anos válidos,A617,tmax_era5,Máxima anual ERA5,15,2007,2025,19,4,32.108299255371094,34.354148864746094,34.23224131266276,37.650047302246094,0.051091974431818184,0.5109197443181819,13.0,408.3333333333333,0.5938459911664722,0.12380952380952381,0.5526151250628485,-0.5081662948074198,10,ALEGRE,ES,Sudeste,0.7345319053630408,False,False,sem_tendencia_significativa,sem_tendencia_significativa,True
sensibilidade_10a,>=10 anos válidos,A618,tmax_era5,Máxima anual ERA5,14,2007,2023,17,3,32.469383239746094,34.543235778808594,34.68631962367466,38.337547302246094,0.15391322544642858,1.5391322544642858,41.0,333.6666666666667,2.1897956058054358,0.45054945054945056,0.028539063570362466,0.4214011877125203,10,TERESOPOLIS,RJ,Sudeste,0.32834275201196383,True,False,crescente,sem_tendencia_significativa,True
sensibilidade_10a,>=10 anos válidos,A619,tmax_era5,Máxima anual ERA5,11,2009,2024,16,5,29.946924209594727,31.397851943969727,31.39212521639737,33.115135192871094,0.10603841145833333,1.0603841145833333,17.0,165.0,1.2455983106584367,0.3090909090909091,0.21291190281150457,0.4100938086653473,7,PARATI,RJ,Sudeste,0.4899263139963653,False,False,sem_tendencia_significativa,sem_tendencia_significativa,True
sensibilidade_10a,>=10 anos válidos,A620,tmax_era5,Máxima anual ERA5,10,2009,2023,15,5,29.155176162719727,30.240137100219727,30.381274795532228,31.647607803344727,0.060190054086538464,0.6019005408653846,15.0,125.0,1.2521980673998823,0.3333333333333333,0.2104977000553374,-0.7888365850206401,7,SAO TOME,RJ,Sudeste,0.4899263139963653,False,False,sem_tendencia_significativa,sem_tendencia_significativa,True
sensibilidade_10a,>=10 anos válidos,A621,tmax_era5,Máxima anual ERA5,12,2008,2025,18,6,35.632469177246094,38.016014099121094,37.63342539469401,38.653221130371094,-0.0052490234375,-0.052490234375,-2.0,212.66666666666666,-0.06857254813237416,-0.030303030303030304,0.9453298708327001,-0.044165639767857874,8,VILA MILITAR,RJ,Sudeste,0.9931188098743531,False,False,sem_tendencia_significativa,sem_tendencia_significativa,False
sensibilidade_10a,>=10 anos válidos,A624,tmax_era5,Máxima anual ERA5,13,2011,2025,15,2,30.217920303344727,31.369531631469727,31.47530012864333,33.864891052246094,0.011940696022727272,0.11940696022727272,2.0,268.6666666666667,0.061008887608656304,0.02564102564102564,0.9513521309544037,-0.39177467602940963,11,NOVA FRIBURGO,RJ,Sudeste,0.9931188098743531,False,False,sem_tendencia_significativa,sem_tendencia_significativa,True
sensibilidade_10a,>=10 anos válidos,A652,tmax_era5,Máxima anual ERA5,14,2008,2023,16,2,32.618553161621094,35.260276794433594,35.25938742501395,38.339256286621094,0.1461181640625,1.461181640625,27.0,333.6666666666667,1.4233671437735331,0.2967032967032967,0.15462975196581533,0.23560470433599248,11,FORTE DE COPACABANA,RJ,Sudeste,0.447801807115027,False,False,sem_tendencia_significativa,sem_tendencia_significativa,False
sensibilidade_10a,>=10 anos válidos,A701,tmax_era5,Máxima anual ERA5,18,2007,2025,19,1,30.895410537719727,33.010154724121094,33.230953216552734,36.150779724121094,0.10111860795454546,1.0111860795454546,27.0,697.0,0.9848202248021413,0.17647058823529413,0.32471238436385713,0.05238029028010667,16,SAO PAULO - MIRANTE,SP,Sudeste,0.5649467500314262,False,False,sem_tendencia_significativa,sem_tendencia_significativa,False
sensibilidade_10a,>=10 anos válidos,A703,tmax_era5,Máxima anual ERA5,18,2002,2025,24,6,33.864402770996094,35.828025817871094,36.08164723714193,38.253074645996094,0.0903063322368421,0.903063322368421,38.0,696.0,1.4024813806209713,0.24836601307189543,0.16077154674467664,0.099258797259109,14,PONTA PORA,MS,Centro-Oeste,0.447801807115027,False,False,sem_tendencia_significativa,sem_tendencia_significativa,False
sensibilidade_10a,>=10 anos válidos,A704,tmax_era5,Máxima anual ERA5,11,2007,2025,19,8,36.780174255371094,38.535789489746094,38.900481484153055,41.081199645996094,-0.047444661458333336,-0.47444661458333337,-3.0,165.0,-0.1556997888323046,-0.05454545454545454,0.8762696636277618,-0.6853206967071704,7,TRES LAGOAS,MS,Centro-Oeste,0.932943820976821,False,False,sem_tendencia_significativa,sem_tendencia_significativa,True
sensibilidade_10a,>=10 anos válidos,A705,tmax_era5,Máxima anual ERA5,13,2007,2025,19,6,35.490135192871094,37.730369567871094,37.36534177339994,40.134666442871094,0.13467915852864581,1.346791585286458,24.0,268.6666666666667,1.403204414999095,0.3076923076923077,0.16055589143580892,0.39359099169219475,8,BAURU,SP,Sudeste,0.447801807115027,False,False,sem_tendencia_significativa,sem_tendencia_significativa,True
sensibilidade_10a,>=10 anos válidos,A706,tmax_era5,Máxima anual ERA5,12,2007,2025,19,7,29.874658584594727,31.688745498657227,31.709130605061848,33.573631286621094,0.09273274739583334,0.9273274739583335,26.0,212.66666666666666,1.714313703309354,0.3939393939393939,0.08647112777407259,0.6827202437919294,8,CAMPOS DO JORDAO,SP,Sudeste,0.3950721055027532,False,False,sem_tendencia_significativa,sem_tendencia_significativa,True
sensibilidade_10a,>=10 anos válidos,A707,tmax_era5,Máxima anual ERA5,16,2007,2025,19,3,34.565330505371094,37.731346130371094,38.04663848876953,41.870750427246094,0.22560628255208331,2.256062825520833,64.0,493.3333333333333,2.8364185640117134,0.5333333333333333,0.0045622611532226106,0.5313507296731879,12,PRESIDENTE PRUDENTE,SP,Sudeste,0.32834275201196383,True,False,crescente,sem_tendencia_significativa,True
sensibilidade_10a,>=10 anos válidos,A708,tmax_era5,Máxima anual ERA5,15,2004,2023,20,5,32.924217224121094,34.328758239746094,34.61882985432943,37.009666442871094,0.100189208984375,1.00189208984375,29.0,408.3333333333333,1.3856406460551018,0.2761904761904762,0.16585666034290997,0.0185281686117616,11,FRANCA,SP,Sudeste,0.45504263222285557,False,False,sem_tendencia_significativa,sem_tendencia_significativa,False
sensibilidade_10a,>=10 anos válidos,A711,tmax_era5,Máxima anual ERA5,12,2008,2023,16,4,32.126853942871094,35.546043395996094,35.70664723714193,38.663963317871094,0.30502041903409094,3.050204190340909,32.0,212.66666666666666,2.125748992103599,0.48484848484848486,0.033524165235004746,0.39800334741990123,7,SAO CARLOS,SP,Sudeste,0.32834275201196383,True,False,crescente,sem_tendencia_significativa,True
sensibilidade_10a,>=10 anos válidos,A718,tmax_era5,Máxima anual ERA5,10,2007,2025,19,9,34.194236755371094,36.565696716308594,37.0344955444336,41.019432067871094,0.18194580078125,1.8194580078125,23.0,125.0,1.9677398201998149,0.5111111111111111,0.04909798160926562,0.625425961181519,5,RANCHARIA,SP,Sudeste,0.32834275201196383,True,False,crescente,sem_tendencia_significativa,True
sensibilidade_10a,>=10 anos válidos,A719,tmax_era5,Máxima anual ERA5,10,2007,2025,19,9,36.344871520996094,38.198020935058594,38.161521911621094,40.868064880371094,0.06954520089285714,0.6954520089285714,5.0,125.0,0.35777087639996635,0.1111111111111111,0.7205147871362553,0.3141939209451014,6,AQUIDAUANA,MS,Centro-Oeste,0.8464009122701674,False,False,sem_tendencia_significativa,sem_tendencia_significativa,True
sensibilidade_10a,>=10 anos válidos,A720,tmax_era5,Máxima anual ERA5,11,2007,2023,17,6,36.938377380371094,39.141746520996094,39.088224237615414,42.258201599121094,0.146484375,1.46484375,25.0,165.0,1.868397465987655,0.45454545454545453,0.06170669002831274,0.14386648357333523,8,COXIM,MS,Centro-Oeste,0.3429541354115322,False,False,sem_tendencia_significativa,sem_tendencia_significativa,False
sensibilidade_10a,>=10 anos válidos,A721,tmax_era5,Máxima anual ERA5,12,2007,2024,18,6,35.765281677246094,37.223533630371094,37.15613047281901,39.419090270996094,0.036692899816176475,0.3669289981617647,12.0,212.66666666666666,0.7542980294561158,0.18181818181818182,0.4506702853141802,-0.44158062330799164,8,DOURADOS,MS,Centro-Oeste,0.665127179705066,False,False,sem_tendencia_significativa,sem_tendencia_significativa,True
sensibilidade_10a,>=10 anos válidos,A722,tmax_era5,Máxima anual ERA5,11,2007,2025,19,8,36.621726989746094,38.272605895996094,38.56211228804155,40.364646911621094,0.08503069196428571,0.8503069196428571,15.0,165.0,1.0898985218261321,0.2727272727272727,0.2757578478275093,0.0702299393372667,7,MIRANDA,MS,Centro-Oeste,0.5361947462101079,False,False,sem_tendencia_significativa,sem_tendencia_significativa,False
sensibilidade_10a,>=10 anos válidos,A727,tmax_era5,Máxima anual ERA5,10,2007,2023,17,7,34.228416442871094,36.756126403808594,37.15120849609375,39.966941833496094,0.24305138221153846,2.4305138221153846,15.0,125.0,1.2521980673998823,0.3333333333333333,0.2104977000553374,-0.9049857014171597,4,LINS,SP,Sudeste,0.4899263139963653,False,False,sem_tendencia_significativa,sem_tendencia_significativa,True
sensibilidade_10a,>=10 anos válidos,A729,tmax_era5,Máxima anual ERA5,11,2007,2021,15,4,34.236961364746094,37.505271911621094,37.62303647128019,40.091941833496094,0.2110595703125,2.110595703125,21.0,165.0,1.556997888323046,0.38181818181818183,0.11947098677170073,0.48444732648675476,7,VOTUPORANGA,SP,Sudeste,0.447801807115027,False,False,sem_tendencia_significativa,sem_tendencia_significativa,True
sensibilidade_10a,>=10 anos válidos,A740,tmax_era5,Máxima anual ERA5,10,2008,2019,12,2,32.036766052246094,32.991111755371094,33.069261169433595,35.174949645996094,0.113311767578125,1.13311767578125,23.0,125.0,1.9677398201998149,0.5111111111111111,0.04909798160926562,0.5784712939232083,7,SAO LUIS DO PARAITINGA,SP,Sudeste,0.32834275201196383,True,False,crescente,sem_tendencia_significativa,True
sensibilidade_10a,>=10 anos válidos,A743,tmax_era5,Máxima anual ERA5,14,2009,2025,17,3,36.259666442871094,38.106956481933594,38.37944139753069,41.243309020996094,0.0955810546875,0.955810546875,17.0,333.6666666666667,0.8759182423221743,0.18681318681318682,0.3810744816092944,-0.13612760261766016,10,RIO BRILHANTE,MS,Centro-Oeste,0.5909415874231088,False,False,sem_tendencia_significativa,sem_tendencia_significativa,False
sensibilidade_10a,>=10 anos válidos,A746,tmax_era5,Máxima anual ERA5,10,2010,2024,15,5,32.677879333496094,33.972923278808594,34.19540863037109,36.693748474121094,0.1162109375,1.162109375,15.0,125.0,1.2521980673998823,0.3333333333333333,0.2104977000553374,-0.12134260172132895,7,BARRA DO TURVO,SP,Sudeste,0.4899263139963653,False,False,sem_tendencia_significativa,sem_tendencia_significativa,False
sensibilidade_10a,>=10 anos válidos,A747,tmax_era5,Máxima anual ERA5,16,2009,2025,17,1,32.986961364746094,37.274436950683594,37.204307556152344,39.791160583496094,0.22124481201171875,2.2124481201171875,40.0,493.3333333333333,1.7558781586739178,0.3333333333333333,0.0791092150986985,0.054523174946089596,14,PRADOPOLIS,SP,Sudeste,0.38812756203344584,False,False,sem_tendencia_significativa,sem_tendencia_significativa,False
sensibilidade_10a,>=10 anos válidos,A748,tmax_era5,Máxima anual ERA5,10,2011,2023,13,3,36.384422302246094,37.982810974121094,37.9224349975586,39.689353942871094,0.151153564453125,1.51153564453125,17.0,125.0,1.4310835055998654,0.37777777777777777,0.15240628395674935,-0.2371461947777809,7,BARRETOS,SP,Sudeste,0.447801807115027,False,False,sem_tendencia_significativa,sem_tendencia_significativa,False
sensibilidade_10a,>=10 anos válidos,A749,tmax_era5,Máxima anual ERA5,11,2009,2024,16,5,35.297508239746094,37.142723083496094,37.29078327525746,39.657371520996094,0.22336989182692307,2.233698918269231,23.0,165.0,1.7126976771553506,0.41818181818181815,0.0867681727038757,-0.2530385109103294,8,JUTI,MS,Centro-Oeste,0.3950721055027532,False,False,sem_tendencia_significativa,sem_tendencia_significativa,False
sensibilidade_10a,>=10 anos válidos,A753,tmax_era5,Máxima anual ERA5,10,2010,2025,16,6,34.524070739746094,35.747337341308594,36.119529724121094,38.809715270996094,0.18798828125,1.8798828125,21.0,125.0,1.7888543819998317,0.4666666666666667,0.07363827012030268,0.32505083944937674,6,ITUVERAVA,SP,Sudeste,0.3843558489206042,False,False,sem_tendencia_significativa,sem_tendencia_significativa,True
sensibilidade_10a,>=10 anos válidos,A754,tmax_era5,Máxima anual ERA5,12,2009,2024,16,4,34.933738708496094,37.261741638183594,37.21263631184896,39.921287536621094,0.12010846819196429,1.2010846819196428,16.0,212.66666666666666,1.0285882219856124,0.24242424242424243,0.303673214899419,-0.4834570030116659,8,SIDROLANDIA,MS,Centro-Oeste,0.5507293897328447,False,False,sem_tendencia_significativa,sem_tendencia_significativa,True
sensibilidade_10a,>=10 anos válidos,A755,tmax_era5,Máxima anual ERA5,11,2012,2025,14,3,31.968164443969727,34.238182067871094,34.149026523936875,36.619529724121094,0.03533935546875,0.3533935546875,1.0,165.0,0.0,0.01818181818181818,1.0,-0.2726852455315433,7,BARUERI,SP,Sudeste,1.0,False,False,sem_tendencia_significativa,sem_tendencia_significativa,False
sensibilidade_10a,>=10 anos válidos,A756,tmax_era5,Máxima anual ERA5,11,2012,2025,14,3,37.050926208496094,38.870018005371094,39.02624581076882,41.576560974121094,0.10888671875,1.0888671875,9.0,165.0,0.6227991553292184,0.16363636363636364,0.5334165134726945,0.35657505487913915,8,AGUA CLARA,MS,Centro-Oeste,0.7229348769550762,False,False,sem_tendencia_significativa,sem_tendencia_significativa,True
sensibilidade_10a,>=10 anos válidos,A801,tmax_era5,Máxima anual ERA5,19,2007,2025,19,0,33.861717224121094,37.152732849121094,36.91565945273951,39.390281677246094,0.1613006591796875,1.613006591796875,87.0,817.0,3.008759142727674,0.5087719298245614,0.0026231698430961552,0.3851549092924788,18,PORTO ALEGRE,RS,Sul,0.32834275201196383,True,False,crescente,sem_tendencia_significativa,True
sensibilidade_10a,>=10 anos válidos,A803,tmax_era5,Máxima anual ERA5,15,2003,2024,22,7,33.718894958496094,35.687156677246094,36.090363057454425,38.640525817871094,0.07156808035714286,0.7156808035714286,41.0,408.3333333333333,1.979486637221574,0.3904761904761905,0.047761242675103704,0.15188350404374112,10,SANTA MARIA,RS,Sul,0.32834275201196383,True,False,crescente,sem_tendencia_significativa,False
sensibilidade_10a,>=10 anos válidos,A805,tmax_era5,Máxima anual ERA5,11,2008,2024,17,6,33.218162536621094,34.516990661621094,35.00147663463246,37.549461364746094,0.070068359375,0.70068359375,11.0,165.0,0.778498944161523,0.2,0.43627492884052926,-0.048548277809560725,8,SANTO AUGUSTO,RS,Sul,0.6574847519146004,False,False,sem_tendencia_significativa,sem_tendencia_significativa,False
sensibilidade_10a,>=10 anos válidos,A806,tmax_era5,Máxima anual ERA5,15,2008,2023,16,1,30.837060928344727,32.589744567871094,33.06212437947591,35.715721130371094,0.007666015625,0.07666015625,3.0,408.3333333333333,0.09897433186107871,0.02857142857142857,0.9211586502250249,0.25695628823811234,13,FLORIANOPOLIS,SC,Sul,0.9758809462779966,False,False,sem_tendencia_significativa,sem_tendencia_significativa,False
sensibilidade_10a,>=10 anos válidos,A807,tmax_era5,Máxima anual ERA5,12,2011,2024,14,2,29.142724990844727,30.965356826782227,30.92299795150757,32.791893005371094,0.18181257588522776,1.8181257588522777,34.0,212.66666666666666,2.2628940883683475,0.5151515151515151,0.02364221890919849,0.07690874543121705,9,CURITIBA,PR,Sul,0.32834275201196383,True,False,crescente,sem_tendencia_significativa,False
sensibilidade_10a,>=10 anos válidos,A808,tmax_era5,Máxima anual ERA5,10,2007,2023,17,7,28.749902725219727,29.409204483032227,29.973926162719728,31.909082412719727,0.13382975260416666,1.3382975260416665,13.0,125.0,1.073312629199899,0.28888888888888886,0.2831308706623467,-0.3554139632269604,6,TORRES,RS,Sul,0.5361947462101079,False,False,sem_tendencia_significativa,sem_tendencia_significativa,True
sensibilidade_10a,>=10 anos válidos,A809,tmax_era5,Máxima anual ERA5,15,2007,2024,18,3,33.719627380371094,36.883445739746094,37.096352640787764,40.572654724121094,0.050628662109375,0.50628662109375,25.0,408.3333333333333,1.1876919823329444,0.23809523809523808,0.2349547837033433,0.009675083233974075,11,URUGUAIANA,RS,Sul,0.5130645276787292,False,False,sem_tendencia_significativa,sem_tendencia_significativa,False
sensibilidade_10a,>=10 anos válidos,A811,tmax_era5,Máxima anual ERA5,13,2009,2024,16,3,31.713525772094727,33.346580505371094,33.9630734370305,37.415428161621094,0.14953597386678058,1.4953597386678057,18.0,268.6666666666667,1.0371510893471572,0.23076923076923078,0.29966544843430204,0.1357715746996088,11,CANGUCU,RS,Sul,0.5507293897328447,False,False,sem_tendencia_significativa,sem_tendencia_significativa,False
sensibilidade_10a,>=10 anos válidos,A812,tmax_era5,Máxima anual ERA5,12,2007,2024,18,6,31.574121475219727,35.681419372558594,35.1765570640564,37.488670349121094,0.09052734375,0.9052734375,22.0,212.66666666666666,1.4400235107798574,0.3333333333333333,0.14986074751304929,0.1051978807861127,7,CACAPAVA DO SUL,RS,Sul,0.447801807115027,False,False,sem_tendencia_significativa,sem_tendencia_significativa,False
sensibilidade_10a,>=10 anos válidos,A813,tmax_era5,Máxima anual ERA5,11,2007,2022,16,5,33.470603942871094,36.857810974121094,36.733698758212,39.321922302246094,0.25459428267045453,2.5459428267045454,33.0,165.0,2.4911966213168735,0.6,0.012731364269923504,0.8244261760575875,8,RIO PARDO,RS,Sul,0.32834275201196383,True,False,crescente,sem_tendencia_significativa,True
sensibilidade_10a,>=10 anos válidos,A815,tmax_era5,Máxima anual ERA5,12,2010,2024,15,3,26.508935928344727,28.023584365844727,28.246484756469727,29.764307022094727,0.07960001627604166,0.7960001627604165,22.0,212.66666666666666,1.4400235107798574,0.3333333333333333,0.14986074751304929,-0.28272061370860063,8,SAO JOAQUIM,SC,Sul,0.447801807115027,False,False,sem_tendencia_significativa,sem_tendencia_significativa,False
sensibilidade_10a,>=10 anos válidos,A817,tmax_era5,Máxima anual ERA5,11,2007,2023,17,6,31.719873428344727,34.860984802246094,34.474532560868695,36.823143005371094,0.169891357421875,1.69891357421875,27.0,165.0,2.0240972548199596,0.4909090909090909,0.04296014602842507,0.3370863446135393,7,INDAIAL,SC,Sul,0.32834275201196383,True,False,crescente,sem_tendencia_significativa,True
sensibilidade_10a,>=10 anos válidos,A818,tmax_era5,Máxima anual ERA5,12,2007,2025,19,7,30.091699600219727,31.213403701782227,31.48836660385132,34.579002380371094,0.07217240767045455,0.7217240767045454,14.0,212.66666666666666,0.8914431257208641,0.21212121212121213,0.37269149047151834,0.32716368532584256,8,IVAI,PR,Sul,0.5827253056774516,False,False,sem_tendencia_significativa,sem_tendencia_significativa,True
sensibilidade_10a,>=10 anos válidos,A819,tmax_era5,Máxima anual ERA5,11,2007,2020,14,3,28.883447647094727,30.035791397094727,30.22626530040394,32.437400817871094,0.177398681640625,1.77398681640625,33.0,165.0,2.4911966213168735,0.6,0.012731364269923504,0.7281860199806471,8,CASTRO,PR,Sul,0.32834275201196383,True,False,crescente,sem_tendencia_significativa,True
sensibilidade_10a,>=10 anos válidos,A820,tmax_era5,Máxima anual ERA5,11,2007,2025,19,8,34.983055114746094,35.492332458496094,36.047574823552914,37.918113708496094,0.12926307091346154,1.2926307091346154,31.0,165.0,2.335496832484569,0.5636363636363636,0.019517481182177766,0.9196920544217893,5,MAL. CANDIDO RONDON,PR,Sul,0.32834275201196383,True,False,crescente,sem_tendencia_significativa,True
sensibilidade_10a,>=10 anos válidos,A821,tmax_era5,Máxima anual ERA5,11,2008,2025,18,7,32.481101989746094,34.914939880371094,35.08439566872337,37.172019958496094,0.173291015625,1.73291015625,15.0,165.0,1.0898985218261321,0.2727272727272727,0.2757578478275093,-0.2892224971038823,8,JOAQUIM TAVORA,PR,Sul,0.5361947462101079,False,False,sem_tendencia_significativa,sem_tendencia_significativa,False
sensibilidade_10a,>=10 anos válidos,A823,tmax_era5,Máxima anual ERA5,10,2007,2023,17,7,29.019433975219727,30.344263076782227,30.556616401672365,32.481346130371094,0.10398512620192307,1.0398512620192308,15.0,125.0,1.2521980673998823,0.3333333333333333,0.2104977000553374,-0.7829350604714382,5,INACIO MARTINS,PR,Sul,0.4899263139963653,False,False,sem_tendencia_significativa,sem_tendencia_significativa,True
sensibilidade_10a,>=10 anos válidos,A826,tmax_era5,Máxima anual ERA5,10,2007,2024,18,8,34.912498474121094,36.288719177246094,36.38354339599609,37.795799255371094,0.06646369485294118,0.6646369485294118,13.0,125.0,1.073312629199899,0.28888888888888886,0.2831308706623467,0.07071518411223161,4,ALEGRETE,RS,Sul,0.5361947462101079,False,False,sem_tendencia_significativa,sem_tendencia_significativa,False
sensibilidade_10a,>=10 anos válidos,A827,tmax_era5,Máxima anual ERA5,14,2007,2024,18,4,31.305322647094727,34.750633239746094,34.67533343178885,36.314598083496094,0.042271205357142856,0.42271205357142855,19.0,333.6666666666667,0.9854080226124461,0.2087912087912088,0.3244236905215786,-0.34902492846155053,10,BAGE,RS,Sul,0.5649467500314262,False,False,sem_tendencia_significativa,sem_tendencia_significativa,True
sensibilidade_10a,>=10 anos válidos,A828,tmax_era5,Máxima anual ERA5,10,2007,2024,18,8,30.606103897094727,32.331199645996094,32.464403533935545,34.841697692871094,0.10300273895263672,1.0300273895263672,17.0,125.0,1.4310835055998654,0.37777777777777777,0.15240628395674935,-0.0798809739263749,5,ERECHIM,RS,Sul,0.447801807115027,False,False,sem_tendencia_significativa,sem_tendencia_significativa,False
sensibilidade_10a,>=10 anos válidos,A829,tmax_era5,Máxima anual ERA5,12,2007,2022,16,4,29.290674209594727,31.016016006469727,30.730473041534424,32.651756286621094,0.16044108072916666,1.6044108072916665,38.0,212.66666666666666,2.537184280897844,0.5757575757575758,0.011174811327380362,-0.054930107837575085,8,SAO JOSE DOS AUSENTES,RS,Sul,0.32834275201196383,True,False,crescente,sem_tendencia_significativa,False
sensibilidade_10a,>=10 anos válidos,A831,tmax_era5,Máxima anual ERA5,13,2008,2024,17,4,35.748191833496094,36.754783630371094,36.864158630371094,39.377098083496094,0.06571663200081168,0.6571663200081168,22.0,268.6666666666667,1.2811866397817824,0.28205128205128205,0.20012811767860228,0.19565599427282668,9,QUARAI,RS,Sul,0.4899263139963653,False,False,sem_tendencia_significativa,sem_tendencia_significativa,False
sensibilidade_10a,>=10 anos válidos,A832,tmax_era5,Máxima anual ERA5,13,2008,2024,17,4,32.679588317871094,37.278953552246094,36.65230090801533,38.372459411621094,0.0824981689453125,0.824981689453125,12.0,268.6666666666667,0.6710977636952193,0.15384615384615385,0.5021582515007487,0.005493017499908813,9,SAO GABRIEL,RS,Sul,0.6978043235140274,False,False,sem_tendencia_significativa,sem_tendencia_significativa,False
sensibilidade_10a,>=10 anos válidos,A834,tmax_era5,Máxima anual ERA5,10,2009,2023,15,5,31.689355850219727,34.221336364746094,34.09328479766846,36.110008239746094,0.09873744419642858,0.9873744419642858,11.0,125.0,0.8944271909999159,0.24444444444444444,0.3710933695226976,-0.8240778418220269,6,TRAMANDAI,RS,Sul,0.5827253056774516,False,False,sem_tendencia_significativa,sem_tendencia_significativa,True
sensibilidade_10a,>=10 anos válidos,A835,tmax_era5,Máxima anual ERA5,13,2007,2024,18,5,34.317039489746094,36.169334411621094,36.51274637075571,39.445701599121094,0.121728515625,1.21728515625,30.0,268.6666666666667,1.7692577406510328,0.38461538461538464,0.07685087226788874,0.5194984464425197,9,MARINGA,PR,Sul,0.38812756203344584,False,False,sem_tendencia_significativa,sem_tendencia_significativa,True
sensibilidade_10a,>=10 anos válidos,A836,tmax_era5,Máxima anual ERA5,10,2008,2024,17,7,34.178367614746094,35.648948669433594,35.93368988037109,38.360008239746094,0.03673206676136364,0.3673206676136364,1.0,125.0,0.0,0.022222222222222223,1.0,0.9406060349331975,4,JAGUARAO,RS,Sul,1.0,False,False,sem_tendencia_significativa,sem_tendencia_significativa,True
sensibilidade_10a,>=10 anos válidos,A837,tmax_era5,Máxima anual ERA5,11,2009,2024,16,5,31.582178115844727,32.370994567871094,33.05365666476163,35.424461364746094,0.0804443359375,0.804443359375,13.0,165.0,0.9341987329938275,0.23636363636363636,0.3502013891792958,-0.06089132409155453,6,SOLEDADE,RS,Sul,0.5827253056774516,False,False,sem_tendencia_significativa,sem_tendencia_significativa,False
sensibilidade_10a,>=10 anos válidos,A838,tmax_era5,Máxima anual ERA5,10,2007,2022,16,6,33.076805114746094,35.011375427246094,35.089866638183594,37.640769958496094,0.1716851128472222,1.716851128472222,19.0,125.0,1.6099689437998486,0.4222222222222222,0.10740463633025377,-0.7047611723868686,4,CAMAQUA,RS,Sul,0.447801807115027,False,False,sem_tendencia_significativa,sem_tendencia_significativa,True
sensibilidade_10a,>=10 anos válidos,A839,tmax_era5,Máxima anual ERA5,16,2007,2024,18,2,31.008203506469727,32.486717224121094,32.890907645225525,36.170555114746094,0.09880719866071429,0.9880719866071429,36.0,493.3333333333333,1.5757880911176187,0.3,0.11507464782117936,0.2307350586904223,13,PASSO FUNDO,RS,Sul,0.447801807115027,False,False,sem_tendencia_significativa,sem_tendencia_significativa,False
sensibilidade_10a,>=10 anos válidos,A840,tmax_era5,Máxima anual ERA5,13,2008,2024,17,4,32.008445739746094,34.110496520996094,34.08935018686148,36.204490661621094,0.06872934194711539,0.6872934194711539,16.0,268.6666666666667,0.9151333141298446,0.20512820512820512,0.36012164775537836,0.2286543154079812,9,BENTO GONCALVES,RS,Sul,0.5827253056774516,False,False,sem_tendencia_significativa,sem_tendencia_significativa,False
sensibilidade_10a,>=10 anos válidos,A841,tmax_era5,Máxima anual ERA5,11,2008,2020,13,2,31.474756240844727,32.402732849121094,32.45100645585494,33.704246520996094,0.04498291015625,0.4498291015625,5.0,165.0,0.3113995776646092,0.09090909090909091,0.7554968749288828,-0.8537787846021107,8,JOACABA,SC,Sul,0.8599804852913878,False,False,sem_tendencia_significativa,sem_tendencia_significativa,True
sensibilidade_10a,>=10 anos válidos,A844,tmax_era5,Máxima anual ERA5,15,2008,2024,17,2,29.841455459594727,31.147363662719727,31.303059768676757,33.469871520996094,0.0730730203481821,0.7307302034818209,23.0,408.3333333333333,1.0887176504718656,0.21904761904761905,0.2762784158080179,0.052357935572323454,12,LAGOA VERMELHA,RS,Sul,0.5361947462101079,False,False,sem_tendencia_significativa,sem_tendencia_significativa,False
sensibilidade_10a,>=10 anos válidos,A845,tmax_era5,Máxima anual ERA5,13,2009,2023,15,2,29.128564834594727,31.433496475219727,31.055754148043118,32.258201599121094,-0.027259410511363637,-0.27259410511363635,-12.0,268.6666666666667,-0.6710977636952193,-0.15384615384615385,0.5021582515007487,-0.3538062258620052,10,BOM JARDIM DA SERRA - MORRO DA IGREJA,SC,Sul,0.6978043235140274,False,False,sem_tendencia_significativa,sem_tendencia_significativa,True
sensibilidade_10a,>=10 anos válidos,A853,tmax_era5,Máxima anual ERA5,15,2008,2024,17,2,32.360252380371094,34.631980895996094,35.11751149495443,38.082176208496094,0.05611478365384615,0.5611478365384616,25.0,408.3333333333333,1.1876919823329444,0.23809523809523808,0.2349547837033433,0.35716729726692176,12,CRUZ ALTA,RS,Sul,0.5130645276787292,False,False,sem_tendencia_significativa,sem_tendencia_significativa,True
sensibilidade_10a,>=10 anos válidos,A854,tmax_era5,Máxima anual ERA5,11,2008,2024,17,6,33.104637145996094,34.528709411621094,34.58774705366655,35.801414489746094,0.00439453125,0.0439453125,3.0,165.0,0.1556997888323046,0.05454545454545454,0.8762696636277618,-0.018464449894521492,6,FREDERICO WESTPHALEN,RS,Sul,0.932943820976821,False,False,sem_tendencia_significativa,sem_tendencia_significativa,False
sensibilidade_10a,>=10 anos válidos,A856,tmax_era5,Máxima anual ERA5,10,2010,2024,15,5,31.862695693969727,34.078147888183594,34.25173206329346,36.906150817871094,0.09983132102272728,0.9983132102272728,13.0,125.0,1.073312629199899,0.28888888888888886,0.2831308706623467,-0.5402190642690435,4,PALMEIRA DAS MISSOES,RS,Sul,0.5361947462101079,False,False,sem_tendencia_significativa,sem_tendencia_significativa,True
sensibilidade_10a,>=10 anos válidos,A859,tmax_era5,Máxima anual ERA5,12,2009,2023,15,3,29.630273818969727,30.553003311157227,30.561405658721924,32.165184020996094,0.030558268229166664,0.30558268229166663,6.0,212.66666666666666,0.34286274066187084,0.09090909090909091,0.7317017232242102,-0.24902108512455082,8,CACADOR,SC,Sul,0.8464009122701674,False,False,sem_tendencia_significativa,sem_tendencia_significativa,False
sensibilidade_10a,>=10 anos válidos,A860,tmax_era5,Máxima anual ERA5,13,2009,2025,17,4,29.804834365844727,30.918359756469727,31.148884699894833,32.981346130371094,0.021484375,0.21484375,12.0,268.6666666666667,0.6710977636952193,0.15384615384615385,0.5021582515007487,-0.20877588385794035,9,CURITIBANOS,SC,Sul,0.6978043235140274,False,False,sem_tendencia_significativa,sem_tendencia_significativa,False
sensibilidade_10a,>=10 anos válidos,A863,tmax_era5,Máxima anual ERA5,11,2009,2025,17,6,31.673730850219727,32.489891052246094,32.60028752413663,34.149314880371094,0.03592608525202824,0.3592608525202824,13.0,165.0,0.9341987329938275,0.23636363636363636,0.3502013891792958,0.48565410752841137,6,ITUPORANGA,SC,Sul,0.5827253056774516,False,False,sem_tendencia_significativa,sem_tendencia_significativa,True
sensibilidade_10a,>=10 anos válidos,A864,tmax_era5,Máxima anual ERA5,12,2011,2025,15,3,30.741601943969727,31.486108779907227,31.86080280939738,33.741111755371094,0.11096958625010955,1.1096958625010955,28.0,212.66666666666666,1.8514587995741025,0.42424242424242425,0.06410357671243593,-0.1555276537017808,9,MAJOR VIEIRA,SC,Sul,0.3429541354115322,False,False,sem_tendencia_significativa,sem_tendencia_significativa,False
sensibilidade_10a,>=10 anos válidos,A867,tmax_era5,Máxima anual ERA5,12,2009,2025,17,5,29.593408584594727,31.152856826782227,31.233320871988933,33.070945739746094,0.054863823784722224,0.5486382378472222,6.0,212.66666666666666,0.34286274066187084,0.09090909090909091,0.7317017232242102,-0.45528467287697355,8,ARARANGUA,SC,Sul,0.8464009122701674,False,False,sem_tendencia_significativa,sem_tendencia_significativa,True
sensibilidade_10a,>=10 anos válidos,A868,tmax_era5,Máxima anual ERA5,10,2011,2025,15,5,30.948144912719727,32.463523864746094,32.43261604309082,34.457908630371094,-0.01533203125,-0.1533203125,-3.0,125.0,-0.17888543819998318,-0.06666666666666667,0.8580276569875213,-0.4594653827555093,7,ITAJAI,SC,Sul,0.922703108519244,False,False,sem_tendencia_significativa,sem_tendencia_significativa,True
sensibilidade_10a,>=10 anos válidos,A871,tmax_era5,Máxima anual ERA5,11,2009,2025,17,6,32.745994567871094,34.674461364746094,35.09720195423473,37.534080505371094,0.20855712890625,2.0855712890625,29.0,165.0,2.1797970436522642,0.5272727272727272,0.029272509186304526,0.5346884587552161,5,JAPIRA,PR,Sul,0.32834275201196383,True,False,crescente,sem_tendencia_significativa,True
sensibilidade_10a,>=10 anos válidos,A873,tmax_era5,Máxima anual ERA5,10,2011,2024,14,4,33.244529724121094,35.148338317871094,34.7345687866211,36.207908630371094,0.1341271033653846,1.341271033653846,13.0,125.0,1.073312629199899,0.28888888888888886,0.2831308706623467,-0.07647894125183213,7,MORRETES,PR,Sul,0.5361947462101079,False,False,sem_tendencia_significativa,sem_tendencia_significativa,False
sensibilidade_10a,>=10 anos válidos,A874,tmax_era5,Máxima anual ERA5,10,2012,2025,14,4,29.924463272094727,31.641382217407227,31.732079696655273,33.438377380371094,0.12207004002162389,1.220700400216239,15.0,125.0,1.2521980673998823,0.3333333333333333,0.2104977000553374,0.6235250125987001,6,SAO MATEUS DO SUL,PR,Sul,0.4899263139963653,False,False,sem_tendencia_significativa,sem_tendencia_significativa,True
sensibilidade_10a,>=10 anos válidos,A876,tmax_era5,Máxima anual ERA5,12,2009,2025,17,5,29.465967178344727,30.856958389282227,30.693180561065674,32.208885192871094,0.043310546874999994,0.43310546874999994,8.0,212.66666666666666,0.48000783692661914,0.12121212121212122,0.6312218204782533,0.145950964295376,7,CLEVELANDIA,PR,Sul,0.7853573812927104,False,False,sem_tendencia_significativa,sem_tendencia_significativa,False
sensibilidade_10a,>=10 anos válidos,A879,tmax_era5,Máxima anual ERA5,13,2009,2024,16,3,30.353174209594727,31.379053115844727,31.638329872718224,32.991111755371094,0.01221284412202381,0.1221284412202381,2.0,268.6666666666667,0.061008887608656304,0.02564102564102564,0.9513521309544037,-0.2379311510795109,10,CANELA,RS,Sul,0.9931188098743531,False,False,sem_tendencia_significativa,sem_tendencia_significativa,False
sensibilidade_10a,>=10 anos válidos,A880,tmax_era5,Máxima anual ERA5,11,2009,2024,16,5,29.664941787719727,30.730127334594727,31.255672801624645,33.051902770996094,0.11431206597222222,1.1431206597222223,17.0,165.0,1.2455983106584367,0.3090909090909091,0.21291190281150457,-0.06352376730196274,6,VACARIA,RS,Sul,0.4899263139963653,False,False,sem_tendencia_significativa,sem_tendencia_significativa,False
sensibilidade_10a,>=10 anos válidos,A884,tmax_era5,Máxima anual ERA5,11,2014,2024,11,0,33.848289489746094,36.659324645996094,36.43700131503019,38.421531677246094,0.21044921875,2.1044921875,25.0,165.0,1.868397465987655,0.45454545454545453,0.06170669002831274,0.2540020023499363,10,CAMPO BOM,RS,Sul,0.3429541354115322,False,False,sem_tendencia_significativa,sem_tendencia_significativa,False
sensibilidade_10a,>=10 anos válidos,A899,tmax_era5,Máxima anual ERA5,10,2009,2024,16,6,27.183984756469727,29.312158584594727,29.548096084594725,31.600000381469727,0.022705078125,0.22705078125,1.0,125.0,0.0,0.022222222222222223,1.0,-0.7365056607215194,5,Santa Vitoria do Palmar - Barra do Chui,RS,Sul,1.0,False,False,sem_tendencia_significativa,sem_tendencia_significativa,True
sensibilidade_10a,>=10 anos válidos,A904,tmax_era5,Máxima anual ERA5,10,2003,2024,22,12,35.127098083496094,36.969749450683594,37.14035491943359,38.807518005371094,0.15083451704545456,1.5083451704545456,17.0,125.0,1.4310835055998654,0.37777777777777777,0.15240628395674935,0.6106612473639479,5,SORRISO,MT,Centro-Oeste,0.447801807115027,False,False,sem_tendencia_significativa,sem_tendencia_significativa,True
sensibilidade_10a,>=10 anos válidos,A906,tmax_era5,Máxima anual ERA5,11,2004,2024,21,10,35.454734802246094,37.130271911621094,36.96736214377663,38.281639099121094,0.09535047743055555,0.9535047743055556,25.0,165.0,1.868397465987655,0.45454545454545453,0.06170669002831274,0.08182284498448539,6,GUARANTA DO NORTE,MT,Centro-Oeste,0.3429541354115322,False,False,sem_tendencia_significativa,sem_tendencia_significativa,False
sensibilidade_10a,>=10 anos válidos,A907,tmax_era5,Máxima anual ERA5,13,2004,2025,22,9,36.365623474121094,38.198631286621094,38.20080977219801,39.427635192871094,0.08068428787530638,0.8068428787530637,38.0,268.6666666666667,2.2573288415202835,0.48717948717948717,0.023987534464426963,0.0010792747559862112,7,RONDONOPOLIS,MT,Centro-Oeste,0.32834275201196383,True,False,crescente,sem_tendencia_significativa,False
sensibilidade_10a,>=10 anos válidos,A931,tmax_era5,Máxima anual ERA5,10,2009,2024,16,6,33.110008239746094,35.356834411621094,35.258226013183595,37.482566833496094,0.1566162109375,1.566162109375,17.0,125.0,1.4310835055998654,0.37777777777777777,0.15240628395674935,-0.6165349164263426,6,SANTO ANTONIO DO LESTE,MT,Centro-Oeste,0.447801807115027,False,False,sem_tendencia_significativa,sem_tendencia_significativa,True
sensibilidade_10a,>=10 anos válidos,A934,tmax_era5,Máxima anual ERA5,12,2009,2024,16,4,32.547752380371094,35.562644958496094,35.63749440511068,38.869529724121094,0.1788851746127137,1.788851746127137,26.0,212.66666666666666,1.714313703309354,0.3939393939393939,0.08647112777407259,0.3748832588414861,7,ALTO TAQUARI,MT,Centro-Oeste,0.3950721055027532,False,False,sem_tendencia_significativa,sem_tendencia_significativa,True
sensibilidade_10a,>=10 anos válidos,A936,tmax_era5,Máxima anual ERA5,10,2009,2024,16,6,36.496238708496094,37.034690856933594,37.4057113647461,39.104148864746094,-0.007672991071428571,-0.07672991071428571,-3.0,125.0,-0.17888543819998318,-0.06666666666666667,0.8580276569875213,-0.734468295017537,5,SALTO DO CEU,MT,Centro-Oeste,0.922703108519244,False,False,sem_tendencia_significativa,sem_tendencia_significativa,True
sensibilidade_10a,>=10 anos válidos,A937,tmax_era5,Máxima anual ERA5,11,2009,2023,15,4,35.564842224121094,36.678367614746094,37.03654410622337,38.703514099121094,0.107470703125,1.07470703125,13.0,165.0,0.9341987329938275,0.23636363636363636,0.3502013891792958,-0.35835256050669984,7,PONTES E LACERDA,MT,Centro-Oeste,0.5827253056774516,False,False,sem_tendencia_significativa,sem_tendencia_significativa,True
sensibilidade_10a,>=10 anos válidos,A939,tmax_era5,Máxima anual ERA5,10,2010,2025,16,6,35.763328552246094,36.857566833496094,36.89709320068359,37.837791442871094,0.04703036221590909,0.4703036221590909,9.0,125.0,0.7155417527999327,0.2,0.4742743507673296,-0.006776213618585851,5,CACOAL,RO,Norte,0.6766314070947236,False,False,sem_tendencia_significativa,sem_tendencia_significativa,False
sensibilidade_10a,>=10 anos válidos,F501,tmax_era5,Máxima anual ERA5,11,2015,2025,11,0,30.595361709594727,33.030174255371094,33.21072786504572,35.364891052246094,0.049397786458333336,0.49397786458333337,1.0,165.0,0.0,0.01818181818181818,1.0,0.06677502488852013,10,BELO HORIZONTE - CERCADINHO,MG,Sudeste,1.0,False,False,sem_tendencia_significativa,sem_tendencia_significativa,False
sensibilidade_10a,>=10 anos válidos,A001,tmax_inmet,Máxima anual INMET,20,2003,2025,23,3,31.899999618530273,34.20000076293945,34.210000133514406,36.5,0.1031250556310018,1.031250556310018,74.0,946.0,2.373434723982596,0.3894736842105263,0.017623507832862633,-0.059297042800317945,17,BRASILIA,DF,Centro-Oeste,0.22576626764433036,True,False,crescente,sem_tendencia_significativa,False
sensibilidade_10a,>=10 anos válidos,A002,tmax_inmet,Máxima anual INMET,18,2006,2024,19,1,36.0,38.599998474121094,38.69999991522895,41.29999923706055,0.16923082791841948,1.6923082791841948,58.0,693.3333333333334,2.164730397141337,0.3790849673202614,0.03040833780507227,0.25859148954355266,16,GOIANIA,GO,Centro-Oeste,0.23679272659798273,True,False,crescente,sem_tendencia_significativa,False
sensibilidade_10a,>=10 anos válidos,A003,tmax_inmet,Máxima anual INMET,16,2006,2025,20,4,35.900001525878906,37.85000038146973,37.85625076293945,40.400001525878906,0.10000011656019422,1.0000011656019423,34.0,491.3333333333333,1.4887638867354895,0.2833333333333333,0.13654955508657116,0.14866626264179528,12,MORRINHOS,GO,Centro-Oeste,0.3567046926933121,False,False,sem_tendencia_significativa,sem_tendencia_significativa,False
sensibilidade_10a,>=10 anos válidos,A010,tmax_inmet,Máxima anual INMET,11,2007,2024,18,7,39.599998474121094,40.599998474121094,40.70909049294212,41.70000076293945,0.046154022216796875,0.46154022216796875,19.0,163.0,1.4098688099783232,0.34545454545454546,0.15857842388677296,0.1056013217866767,7,PARANA,TO,Norte,0.38940767119774217,False,False,sem_tendencia_significativa,sem_tendencia_significativa,False
sensibilidade_10a,>=10 anos válidos,A011,tmax_inmet,Máxima anual INMET,11,2007,2025,19,8,37.20000076293945,39.0,39.33636335893111,41.29999923706055,0.07999954223632813,0.7999954223632812,16.0,164.0,1.1713032141645454,0.2909090909090909,0.24147691993853201,0.5757466734666363,5,SAO SIMAO,GO,Centro-Oeste,0.4643703705627494,False,False,sem_tendencia_significativa,sem_tendencia_significativa,True
sensibilidade_10a,>=10 anos válidos,A012,tmax_inmet,Máxima anual INMET,15,2007,2025,19,4,33.20000076293945,36.20000076293945,35.76000061035156,37.29999923706055,0.046666717529296874,0.46666717529296875,15.0,404.3333333333333,0.696238865114524,0.14285714285714285,0.48627925196705,-0.3114080604405446,11,LUZIANIA,GO,Centro-Oeste,0.674739747388408,False,False,sem_tendencia_significativa,sem_tendencia_significativa,True
sensibilidade_10a,>=10 anos válidos,A014,tmax_inmet,Máxima anual INMET,12,2008,2025,18,6,38.79999923706055,40.70000076293945,41.03333377838135,43.400001525878906,0.14125865322726588,1.412586532272659,21.0,211.66666666666666,1.3746867932469413,0.3181818181818182,0.169228567389673,0.1498814654686108,7,GOIAS,GO,Centro-Oeste,0.38940767119774217,False,False,sem_tendencia_significativa,sem_tendencia_significativa,False
sensibilidade_10a,>=10 anos válidos,A016,tmax_inmet,Máxima anual INMET,14,2008,2025,18,4,36.70000076293945,38.35000038146973,38.40714318411691,41.099998474121094,0.09285708836146764,0.9285708836146764,30.0,332.6666666666667,1.5899861987528223,0.32967032967032966,0.11183791599029783,0.12663908079603614,10,JATAI,GO,Centro-Oeste,0.32342316245842884,False,False,sem_tendencia_significativa,sem_tendencia_significativa,False
sensibilidade_10a,>=10 anos válidos,A019,tmax_inmet,Máxima anual INMET,11,2008,2024,17,6,38.599998474121094,39.70000076293945,39.94545433738015,41.599998474121094,0.1090909784490412,1.090909784490412,25.0,165.0,1.868397465987655,0.45454545454545453,0.06170669002831274,0.26449786003107106,7,GURUPI,TO,Norte,0.29366917979502327,False,False,sem_tendencia_significativa,sem_tendencia_significativa,False
sensibilidade_10a,>=10 anos válidos,A023,tmax_inmet,Máxima anual INMET,11,2008,2025,18,7,35.099998474121094,37.5,37.80909035422585,40.20000076293945,0.1928571973528181,1.928571973528181,25.0,165.0,1.868397465987655,0.45454545454545453,0.06170669002831274,0.6230006281728762,5,CAIAPONIA,GO,Centro-Oeste,0.29366917979502327,False,False,sem_tendencia_significativa,sem_tendencia_significativa,True
sensibilidade_10a,>=10 anos válidos,A024,tmax_inmet,Máxima anual INMET,11,2008,2021,14,3,32.099998474121094,34.20000076293945,34.20000006935813,39.099998474121094,-0.01999969482421875,-0.1999969482421875,-2.0,164.0,-0.07808688094430304,-0.03636363636363636,0.9377589428180784,-0.2313454535785738,7,ALTO PARAISO DE GOIAS,GO,Centro-Oeste,0.9648096815532152,False,False,sem_tendencia_significativa,sem_tendencia_significativa,False
sensibilidade_10a,>=10 anos válidos,A027,tmax_inmet,Máxima anual INMET,10,2009,2025,17,7,35.900001525878906,38.45000076293945,38.52999992370606,41.099998474121094,0.21428571428571427,2.142857142857143,27.0,125.0,2.3255106965997814,0.6,0.02004466862262746,0.7099694579901722,5,PARAUNA,GO,Centro-Oeste,0.22576626764433036,True,False,crescente,sem_tendencia_significativa,True
sensibilidade_10a,>=10 anos válidos,A033,tmax_inmet,Máxima anual INMET,13,2008,2025,18,5,35.599998474121094,38.0,37.87692290086012,39.900001525878906,0.15357163974217006,1.5357163974217005,33.0,267.6666666666667,1.9559278612097477,0.4230769230769231,0.05047365271802615,0.20626123567625868,8,PIRES DO RIO,GO,Centro-Oeste,0.29366917979502327,False,False,sem_tendencia_significativa,sem_tendencia_significativa,False
sensibilidade_10a,>=10 anos válidos,A034,tmax_inmet,Máxima anual INMET,14,2009,2025,17,3,34.70000076293945,36.45000076293945,36.58571434020996,38.400001525878906,0.13750028610229492,1.3750028610229492,33.0,331.6666666666667,1.7571104649195075,0.3626373626373626,0.07889898233093841,0.3472000704531736,10,CATALAO,GO,Centro-Oeste,0.29366917979502327,False,False,sem_tendencia_significativa,sem_tendencia_significativa,True
sensibilidade_10a,>=10 anos válidos,A035,tmax_inmet,Máxima anual INMET,11,2009,2025,17,6,37.29999923706055,39.0,39.281818043101914,41.70000076293945,0.14444435967339408,1.4444435967339408,34.0,164.0,2.5768670711620003,0.6181818181818182,0.009970028375973423,0.22011144330123908,5,ITUMBIARA,GO,Centro-Oeste,0.21967370445535767,True,False,crescente,sem_tendencia_significativa,False
sensibilidade_10a,>=10 anos válidos,A036,tmax_inmet,Máxima anual INMET,18,2008,2025,18,0,32.0,34.29999923706055,34.105555852254234,35.900001525878906,0.13333333333333333,1.3333333333333333,68.0,694.0,2.5432852203037632,0.4444444444444444,0.010981554725508307,0.21893499315770548,17,CRISTALINA,GO,Centro-Oeste,0.21967370445535767,True,False,crescente,sem_tendencia_significativa,False
sensibilidade_10a,>=10 anos válidos,A037,tmax_inmet,Máxima anual INMET,11,2011,2025,15,4,35.5,36.400001525878906,36.654545523903586,38.20000076293945,0.059999847412109376,0.5999984741210938,8.0,164.0,0.5466081666101212,0.14545454545454545,0.5846479572713805,0.4536819280408551,6,SILVANIA,GO,Centro-Oeste,0.727410830558578,False,False,sem_tendencia_significativa,sem_tendencia_significativa,True
sensibilidade_10a,>=10 anos válidos,A045,tmax_inmet,Máxima anual INMET,17,2009,2025,17,0,33.599998474121094,35.900001525878906,35.88235271678251,37.79999923706055,0.16547616322835285,1.6547616322835283,65.0,585.6666666666666,2.6445678906771675,0.47794117647058826,0.008179529633231984,0.16995293020476196,16,AGUAS EMENDADAS,DF,Centro-Oeste,0.21967370445535767,True,False,crescente,sem_tendencia_significativa,False
sensibilidade_10a,>=10 anos válidos,A046,tmax_inmet,Máxima anual INMET,11,2015,2025,11,0,35.0,36.5,36.22727272727273,37.5,0.08333333333333333,0.8333333333333333,11.0,163.0,0.7832604499879574,0.2,0.43347418315950703,-0.24758793362374312,10,GAMA (PONTE ALTA),DF,Centro-Oeste,0.6438816191163673,False,False,sem_tendencia_significativa,sem_tendencia_significativa,False
sensibilidade_10a,>=10 anos válidos,A101,tmax_inmet,Máxima anual INMET,16,2007,2025,19,3,36.099998474121094,37.75,37.862499713897705,41.400001525878906,0.01714259556361607,0.1714259556361607,6.0,491.3333333333333,0.22557028586901356,0.05,0.8215356536608815,-0.044255273594512465,14,MANAUS,AM,Norte,0.8834604516755209,False,False,sem_tendencia_significativa,sem_tendencia_significativa,False
sensibilidade_10a,>=10 anos válidos,A119,tmax_inmet,Máxima anual INMET,12,2009,2025,17,5,35.70000076293945,37.04999923706055,37.49166679382324,43.20000076293945,-0.07812488079071045,-0.7812488079071045,-18.0,210.66666666666666,-1.1712537910452947,-0.2727272727272727,0.24149677939515377,-0.12932588910829437,8,MANACAPURU,AM,Norte,0.4643703705627494,False,False,sem_tendencia_significativa,sem_tendencia_significativa,False
sensibilidade_10a,>=10 anos válidos,A121,tmax_inmet,Máxima anual INMET,10,2009,2025,17,7,35.599998474121094,36.5,36.829999923706055,39.5,0.0,0.0,-3.0,120.33333333333333,-0.1823211376388292,-0.06666666666666667,0.8553307112512754,0.22047484379277318,5,ITACOATIARA,AM,Norte,0.9000878362516154,False,False,sem_tendencia_significativa,sem_tendencia_significativa,False
sensibilidade_10a,>=10 anos válidos,A201,tmax_inmet,Máxima anual INMET,10,2010,2024,15,5,34.599998474121094,35.400001525878906,35.96000022888184,38.099998474121094,0.10000101725260417,1.0000101725260417,24.0,121.33333333333333,2.0880349877073683,0.5333333333333333,0.03679467871054446,0.1661171748631537,5,BELEM,PA,Norte,0.24953104328965495,True,False,crescente,sem_tendencia_significativa,False
sensibilidade_10a,>=10 anos válidos,A202,tmax_inmet,Máxima anual INMET,11,2004,2025,22,11,34.79999923706055,36.20000076293945,36.13636363636363,37.400001525878906,0.03076934814453125,0.3076934814453125,6.0,164.0,0.3904344047215152,0.10909090909090909,0.69621535124374,0.3383383368486065,6,CASTANHAL,PA,Norte,0.8277226953675575,False,False,sem_tendencia_significativa,sem_tendencia_significativa,True
sensibilidade_10a,>=10 anos válidos,A203,tmax_inmet,Máxima anual INMET,10,2012,2025,14,4,32.79999923706055,34.25,34.09000015258789,34.900001525878906,-0.042857578822544644,-0.42857578822544645,-9.0,123.0,-0.7213357077339458,-0.2,0.47070299251140946,-0.26811246707457825,6,SAO LUIS,MA,Nordeste,0.6627002657726423,False,False,sem_tendencia_significativa,sem_tendencia_significativa,False
sensibilidade_10a,>=10 anos válidos,A206,tmax_inmet,Máxima anual INMET,10,2009,2025,17,7,38.099998474121094,39.29999923706055,39.05,40.400001525878906,0.04999987284342448,0.49999872843424475,9.0,123.0,0.7213357077339458,0.2,0.47070299251140946,-0.7439459013741294,6,CHAPADINHA,MA,Nordeste,0.6627002657726423,False,False,sem_tendencia_significativa,sem_tendencia_significativa,True
sensibilidade_10a,>=10 anos válidos,A225,tmax_inmet,Máxima anual INMET,12,2009,2023,15,3,37.79999923706055,38.95000076293945,38.975000063578285,40.20000076293945,0.052777634726630315,0.5277763472663032,12.0,212.66666666666666,0.7542980294561158,0.18181818181818182,0.4506702853141802,-0.14624926759869764,8,IMPERATRIZ,MA,Nordeste,0.6560778303213236,False,False,sem_tendencia_significativa,sem_tendencia_significativa,False
sensibilidade_10a,>=10 anos válidos,A226,tmax_inmet,Máxima anual INMET,10,2009,2024,16,6,34.29999923706055,35.05000114440918,35.910000228881835,44.400001525878906,0.08461526724008414,0.8461526724008415,13.0,125.0,1.073312629199899,0.28888888888888886,0.2831308706623467,0.41576033533951,4,BRAGANCA,PA,Norte,0.48087306604557295,False,False,sem_tendencia_significativa,sem_tendencia_significativa,True
sensibilidade_10a,>=10 anos válidos,A229,tmax_inmet,Máxima anual INMET,10,2009,2024,16,6,34.599998474121094,36.14999961853027,36.09000015258789,37.0,0.08000030517578124,0.8000030517578125,20.0,124.0,1.7062503692543616,0.4444444444444444,0.08796147430808014,0.8346607336447204,5,TUCURUI,PA,Norte,0.29366917979502327,False,False,sem_tendencia_significativa,sem_tendencia_significativa,True
sensibilidade_10a,>=10 anos válidos,A238,tmax_inmet,Máxima anual INMET,10,2009,2025,17,7,36.70000076293945,38.20000076293945,39.16000061035156,44.099998474121094,0.2999992370605469,2.9999923706054688,16.0,124.0,1.347039765200812,0.35555555555555557,0.17796742596806472,0.1296975667506871,8,BURITICUPU,MA,Nordeste,0.4008950437596405,False,False,sem_tendencia_significativa,sem_tendencia_significativa,False
sensibilidade_10a,>=10 anos válidos,A303,tmax_inmet,Máxima anual INMET,15,2004,2025,22,7,33.400001525878906,35.29999923706055,36.006666819254555,42.20000076293945,-0.07333323160807291,-0.7333323160807291,-27.0,406.3333333333333,-1.289828956361812,-0.2571428571428571,0.19711005177131616,0.7649197871153519,10,MACEIO,AL,Nordeste,0.41763911959466987,False,False,sem_tendencia_significativa,sem_tendencia_significativa,True
sensibilidade_10a,>=10 anos válidos,A307,tmax_inmet,Máxima anual INMET,14,2004,2021,18,4,37.400001525878906,38.54999923706055,38.5499997820173,40.099998474121094,0.06666666666666667,0.6666666666666666,30.0,330.6666666666667,1.594787375857217,0.32967032967032966,0.11075979101310413,-0.1236034452990487,9,PETROLINA,PE,Nordeste,0.32342316245842884,False,False,sem_tendencia_significativa,sem_tendencia_significativa,False
sensibilidade_10a,>=10 anos válidos,A309,tmax_inmet,Máxima anual INMET,10,2005,2025,21,11,36.20000076293945,36.85000038146973,36.76000061035156,37.400001525878906,0.05454531582919034,0.5454531582919033,24.0,122.0,2.082322158977926,0.5333333333333333,0.037313053202191394,0.5803701357876382,5,ARCO VERDE,PE,Nordeste,0.24953104328965495,True,False,crescente,sem_tendencia_significativa,True
sensibilidade_10a,>=10 anos válidos,A310,tmax_inmet,Máxima anual INMET,15,2005,2024,20,5,31.200000762939453,32.70000076293945,32.893333435058594,37.099998474121094,0.015384674072265625,0.15384674072265625,6.0,405.3333333333333,0.2483498169496957,0.05714285714285714,0.803863757670262,-0.18197610000003797,10,AREIA,PB,Nordeste,0.8806236595966173,False,False,sem_tendencia_significativa,sem_tendencia_significativa,False
sensibilidade_10a,>=10 anos válidos,A313,tmax_inmet,Máxima anual INMET,11,2008,2022,15,4,33.20000076293945,34.29999923706055,34.52727300470526,39.5,-0.008333206176757812,-0.08333206176757812,-5.0,160.33333333333334,-0.31589887589559384,-0.09090909090909091,0.7520792651759998,-0.5668514095811847,6,CAMPINA GRANDE,PB,Nordeste,0.8582051455244359,False,False,sem_tendencia_significativa,sem_tendencia_significativa,True
sensibilidade_10a,>=10 anos válidos,A322,tmax_inmet,Máxima anual INMET,12,2008,2025,18,6,33.099998474121094,33.54999923706055,33.88333320617676,36.0,0.046875596046447754,0.46875596046447754,21.0,211.66666666666666,1.3746867932469413,0.3181818181818182,0.169228567389673,0.7176857166764853,8,GARANHUNS,PE,Nordeste,0.38940767119774217,False,False,sem_tendencia_significativa,sem_tendencia_significativa,True
sensibilidade_10a,>=10 anos válidos,A329,tmax_inmet,Máxima anual INMET,12,2008,2025,18,6,38.099998474121094,38.85000038146973,39.041666666666664,40.400001525878906,0.08303570747375488,0.8303570747375488,26.0,212.66666666666666,1.714313703309354,0.3939393939393939,0.08647112777407259,0.42940612722130944,7,CABROBO,PE,Nordeste,0.29366917979502327,False,False,sem_tendencia_significativa,sem_tendencia_significativa,True
sensibilidade_10a,>=10 anos válidos,A342,tmax_inmet,Máxima anual INMET,11,2011,2024,14,3,38.5,39.400001525878906,39.709090839732774,44.099998474121094,-0.016666412353515625,-0.16666412353515625,-4.0,162.0,-0.23570226039551584,-0.07272727272727272,0.8136637157667919,-0.29707256530172077,7,CRATEUS,CE,Nordeste,0.8806236595966173,False,False,sem_tendencia_significativa,sem_tendencia_significativa,False
sensibilidade_10a,>=10 anos válidos,A346,tmax_inmet,Máxima anual INMET,11,2009,2024,16,5,38.400001525878906,39.599998474121094,39.59090909090909,40.79999923706055,0.05555555555555555,0.5555555555555556,13.0,163.0,0.9399125399855488,0.23636363636363636,0.3472624244875814,0.3033473015198413,7,URUCUI,PI,Nordeste,0.5464276385319295,False,False,sem_tendencia_significativa,sem_tendencia_significativa,True
sensibilidade_10a,>=10 anos válidos,A348,tmax_inmet,Máxima anual INMET,11,2009,2023,15,4,35.79999923706055,36.70000076293945,36.86363705721769,38.400001525878906,0.08333333333333333,0.8333333333333333,17.0,163.0,1.2532167199807318,0.3090909090909091,0.21012684666927425,0.09994542767158936,6,CABACEIRAS,PB,Nordeste,0.43657422511868627,False,False,sem_tendencia_significativa,sem_tendencia_significativa,False
sensibilidade_10a,>=10 anos válidos,A349,tmax_inmet,Máxima anual INMET,13,2009,2025,17,4,37.29999923706055,38.5,38.46923065185547,39.400001525878906,0.06547621318272182,0.6547621318272181,27.0,263.0,1.6032286815433392,0.34615384615384615,0.10888417540400147,0.6126384128933633,8,IBIMIRIM,PE,Nordeste,0.32342316245842884,False,False,sem_tendencia_significativa,sem_tendencia_significativa,True
sensibilidade_10a,>=10 anos válidos,A357,tmax_inmet,Máxima anual INMET,10,2009,2025,17,7,34.70000076293945,37.0,37.69000015258789,44.70000076293945,-0.20666656494140626,-2.0666656494140625,-14.0,124.0,-1.167434463174037,-0.3111111111111111,0.24303496029452304,0.20563277308611852,7,PALMARES,PE,Nordeste,0.4643703705627494,False,False,sem_tendencia_significativa,sem_tendencia_significativa,False
sensibilidade_10a,>=10 anos válidos,A358,tmax_inmet,Máxima anual INMET,10,2009,2023,15,5,38.900001525878906,39.95000076293945,39.95,40.79999923706055,0.0666656494140625,0.666656494140625,13.0,123.0,1.0820035616009187,0.28888888888888886,0.27925094536873774,-0.0021701538190662156,6,JAGUARIBE,CE,Nordeste,0.48087306604557295,False,False,sem_tendencia_significativa,sem_tendencia_significativa,False
sensibilidade_10a,>=10 anos válidos,A363,tmax_inmet,Máxima anual INMET,10,2010,2025,16,6,40.0,40.5,40.65,42.20000076293945,-0.03333333333333333,-0.3333333333333333,-13.0,123.0,-1.0820035616009187,-0.28888888888888886,0.27925094536873774,-0.25780065561141,7,VALENCA DO PIAUI,PI,Nordeste,0.48087306604557295,False,False,sem_tendencia_significativa,sem_tendencia_significativa,False
sensibilidade_10a,>=10 anos válidos,A401,tmax_inmet,Máxima anual INMET,15,2004,2025,22,7,32.900001525878906,34.20000076293945,34.52000020345052,37.70000076293945,-0.03333409627278646,-0.3333409627278646,-16.0,405.3333333333333,-0.7450494508490871,-0.1523809523809524,0.45624182590897855,0.5126214158342093,11,SALVADOR,BA,Nordeste,0.6568645848356515,False,False,sem_tendencia_significativa,sem_tendencia_significativa,True
sensibilidade_10a,>=10 anos válidos,A402,tmax_inmet,Máxima anual INMET,12,2007,2024,18,6,38.5,39.349998474121094,39.5,41.0,0.05857118879045759,0.585711887904576,17.0,209.0,1.1067431421857195,0.25757575757575757,0.2684049970372207,-0.658624203299718,5,BARREIRAS,BA,Nordeste,0.48087306604557295,False,False,sem_tendencia_significativa,sem_tendencia_significativa,True
sensibilidade_10a,>=10 anos válidos,A404,tmax_inmet,Máxima anual INMET,11,2007,2024,18,7,36.400001525878906,37.599998474121094,37.82727258855646,39.900001525878906,0.045454545454545456,0.4545454545454546,6.0,164.0,0.3904344047215152,0.10909090909090909,0.69621535124374,0.2191147515075113,6,LUIZ EDUARDO MAGALHAES,BA,Nordeste,0.8277226953675575,False,False,sem_tendencia_significativa,sem_tendencia_significativa,False
sensibilidade_10a,>=10 anos válidos,A407,tmax_inmet,Máxima anual INMET,12,2004,2022,19,7,33.0,34.5,34.483333905537926,36.599998474121094,-0.018181887539950283,-0.18181887539950284,-5.0,207.0,-0.27801921874276636,-0.07575757575757576,0.7809976057010769,-0.15612670062367423,6,ITIRUCU,BA,Nordeste,0.8704869146876586,False,False,sem_tendencia_significativa,sem_tendencia_significativa,False
sensibilidade_10a,>=10 anos válidos,A408,tmax_inmet,Máxima anual INMET,16,2004,2025,22,6,36.400001525878906,38.35000038146973,38.512500286102295,41.29999923706055,0.06515146505953086,0.6515146505953086,23.0,492.3333333333333,0.9915007807559584,0.19166666666666668,0.3214411113021264,0.11047359461537111,11,ITABERABA,BA,Nordeste,0.5225160114893238,False,False,sem_tendencia_significativa,sem_tendencia_significativa,False
sensibilidade_10a,>=10 anos válidos,A409,tmax_inmet,Máxima anual INMET,11,2004,2020,17,6,31.399999618530273,34.599998474121094,35.19090947237882,41.0,0.1214284896850586,1.214284896850586,5.0,165.0,0.3113995776646092,0.09090909090909091,0.7554968749288828,0.03772432292180243,9,ARACAJU,SE,Nordeste,0.8582051455244359,False,False,sem_tendencia_significativa,sem_tendencia_significativa,False
sensibilidade_10a,>=10 anos válidos,A414,tmax_inmet,Máxima anual INMET,13,2008,2025,18,5,32.900001525878906,34.900001525878906,34.98461591280424,36.900001525878906,0.04772729997511034,0.4772729997511034,11.0,267.6666666666667,0.6112274566280461,0.14102564102564102,0.5410490087900592,-0.14146575427715807,9,VITORIA DA CONQUISTA,BA,Nordeste,0.69332028671301,False,False,sem_tendencia_significativa,sem_tendencia_significativa,False
sensibilidade_10a,>=10 anos válidos,A416,tmax_inmet,Máxima anual INMET,10,2010,2025,16,6,38.70000076293945,39.75,40.02999992370606,41.20000076293945,0.04999987284342448,0.49999872843424475,8.0,124.0,0.6286185570937122,0.17777777777777778,0.5295988084250076,-0.053955355233066,4,CORRENTINA,BA,Nordeste,0.6844338627445093,False,False,sem_tendencia_significativa,sem_tendencia_significativa,False
sensibilidade_10a,>=10 anos válidos,A417,tmax_inmet,Máxima anual INMET,10,2008,2025,18,8,35.099998474121094,37.0,36.85999946594238,38.599998474121094,0.04999995231628418,0.4999995231628418,5.0,123.0,0.3606678538669729,0.1111111111111111,0.7183477583478872,-0.22289693583199097,5,ITABAIANINHA,SE,Nordeste,0.8446506609145488,False,False,sem_tendencia_significativa,sem_tendencia_significativa,False
sensibilidade_10a,>=10 anos válidos,A424,tmax_inmet,Máxima anual INMET,11,2009,2025,17,6,35.20000076293945,37.099998474121094,37.063636086203836,38.400001525878906,0.09090909090909091,0.9090909090909092,18.0,164.0,1.3274769760531515,0.32727272727272727,0.1843509512097483,0.26750202951576646,7,IRECE,BA,Nordeste,0.4067124078235684,False,False,sem_tendencia_significativa,sem_tendencia_significativa,False
sensibilidade_10a,>=10 anos válidos,A425,tmax_inmet,Máxima anual INMET,10,2009,2023,15,5,37.099998474121094,39.25,39.47000007629394,44.900001525878906,0.0,0.0,-1.0,123.0,0.0,-0.022222222222222223,1.0,0.1359572006717587,5,LENCOIS,BA,Nordeste,1.0,False,False,sem_tendencia_significativa,sem_tendencia_significativa,False
sensibilidade_10a,>=10 anos válidos,A426,tmax_inmet,Máxima anual INMET,10,2009,2025,17,7,37.70000076293945,38.400001525878906,38.650000381469724,40.599998474121094,-0.03333282470703125,-0.3333282470703125,-10.0,124.0,-0.8082238591204871,-0.2222222222222222,0.4189617251593411,-0.5487919445323596,5,GUANAMBI,BA,Nordeste,0.6313930224232324,False,False,sem_tendencia_significativa,sem_tendencia_significativa,True
sensibilidade_10a,>=10 anos válidos,A430,tmax_inmet,Máxima anual INMET,14,2009,2023,15,1,30.5,32.54999923706055,32.40714277539934,34.400001525878906,0.07142857142857142,0.7142857142857142,7.0,331.6666666666667,0.3294582121724076,0.07692307692307693,0.7418093743125747,-0.7284479555240718,12,PIATA,BA,Nordeste,0.8582051455244359,False,False,sem_tendencia_significativa,sem_tendencia_significativa,True
sensibilidade_10a,>=10 anos válidos,A433,tmax_inmet,Máxima anual INMET,14,2009,2024,16,2,36.70000076293945,39.14999961853027,39.20714269365583,41.400001525878906,0.0666669209798177,0.666669209798177,13.0,331.6666666666667,0.6589164243448152,0.14285714285714285,0.5099494383255552,-0.15825905504491772,11,BRUMADO,BA,Nordeste,0.6820573737604301,False,False,sem_tendencia_significativa,sem_tendencia_significativa,False
sensibilidade_10a,>=10 anos válidos,A434,tmax_inmet,Máxima anual INMET,13,2009,2025,17,4,33.70000076293945,35.5,35.7538460951585,38.29999923706055,-0.07846150031456581,-0.784615003145658,-12.0,268.6666666666667,-0.6710977636952193,-0.15384615384615385,0.5021582515007487,0.6240081774313034,9,AMARGOSA,BA,Nordeste,0.6758607913280517,False,False,sem_tendencia_significativa,sem_tendencia_significativa,True
sensibilidade_10a,>=10 anos válidos,A437,tmax_inmet,Máxima anual INMET,10,2009,2024,16,6,31.899999618530273,33.44999885559082,33.44999942779541,34.599998474121094,0.04999987284342448,0.49999872843424475,14.0,124.0,1.167434463174037,0.3111111111111111,0.24303496029452304,-0.06731623674932755,6,UNA,BA,Nordeste,0.4643703705627494,False,False,sem_tendencia_significativa,sem_tendencia_significativa,False
sensibilidade_10a,>=10 anos válidos,A441,tmax_inmet,Máxima anual INMET,10,2009,2019,11,1,35.400001525878906,37.14999961853027,37.679999923706056,39.70000076293945,0.17999954223632814,1.7999954223632812,21.0,123.0,1.8033392693348644,0.4666666666666667,0.07133494897796916,0.08492797379976418,8,SERRINHA,BA,Nordeste,0.29366917979502327,False,False,sem_tendencia_significativa,sem_tendencia_significativa,False
sensibilidade_10a,>=10 anos válidos,A442,tmax_inmet,Máxima anual INMET,10,2009,2025,17,7,36.70000076293945,37.89999961853027,37.94000053405762,39.29999923706055,0.09090909090909091,0.9090909090909092,13.0,125.0,1.073312629199899,0.28888888888888886,0.2831308706623467,0.16465929960899903,6,EUCLIDES DA CUNHA,BA,Nordeste,0.48087306604557295,False,False,sem_tendencia_significativa,sem_tendencia_significativa,False
sensibilidade_10a,>=10 anos válidos,A502,tmax_inmet,Máxima anual INMET,15,2009,2025,17,2,30.600000381469727,31.799999237060547,32.22000007629394,34.599998474121094,0.09090926430442116,0.9090926430442116,29.0,406.3333333333333,1.3890465683896438,0.2761904761904762,0.16481858981177677,0.28411898891598303,12,BARBACENA,MG,Sudeste,0.38940767119774217,False,False,sem_tendencia_significativa,sem_tendencia_significativa,False
sensibilidade_10a,>=10 anos válidos,A505,tmax_inmet,Máxima anual INMET,17,2003,2024,22,5,32.5,34.599998474121094,34.864705702837774,37.20000076293945,0.15555572509765625,1.5555572509765625,66.0,587.3333333333334,2.6820757035279903,0.4852941176470588,0.0073166900360846915,0.5998546601160645,13,ARAXA,MG,Sudeste,0.21967370445535767,True,False,crescente,sem_tendencia_significativa,True
sensibilidade_10a,>=10 anos válidos,A506,tmax_inmet,Máxima anual INMET,16,2004,2025,22,6,35.79999923706055,38.14999961853027,38.21875023841858,40.70000076293945,0.06794890379294372,0.6794890379294372,27.0,492.3333333333333,1.1717736499843143,0.225,0.2412879445016494,-0.1331424533744818,12,MONTES CLAROS,MG,Sudeste,0.4643703705627494,False,False,sem_tendencia_significativa,sem_tendencia_significativa,False
sensibilidade_10a,>=10 anos válidos,A507,tmax_inmet,Máxima anual INMET,18,2007,2025,19,1,34.20000076293945,36.5,36.40000004238553,38.5,0.09999990463256836,0.9999990463256836,48.0,694.0,1.7840956023026397,0.3137254901960784,0.0744081317635724,0.08475140308562927,16,UBERLANDIA,MG,Sudeste,0.29366917979502327,False,False,sem_tendencia_significativa,sem_tendencia_significativa,False
sensibilidade_10a,>=10 anos válidos,A508,tmax_inmet,Máxima anual INMET,13,2004,2025,22,9,37.400001525878906,39.20000076293945,39.16923053448017,42.099998474121094,0.10912698412698413,1.0912698412698414,28.0,266.6666666666667,1.653405576378645,0.358974358974359,0.09824834872949123,0.16605830016291614,8,ALMENARA,MG,Sudeste,0.30862128524728016,False,False,sem_tendencia_significativa,sem_tendencia_significativa,False
sensibilidade_10a,>=10 anos válidos,A509,tmax_inmet,Máxima anual INMET,18,2007,2025,19,1,27.5,29.0,29.177777820163303,31.0,0.05555555555555555,0.5555555555555556,35.0,690.3333333333334,1.294045345367283,0.22875816993464052,0.19564975830780015,-0.04740650650272545,16,MONTE VERDE,MG,Sudeste,0.41763911959466987,False,False,sem_tendencia_significativa,sem_tendencia_significativa,False
sensibilidade_10a,>=10 anos válidos,A510,tmax_inmet,Máxima anual INMET,16,2008,2025,18,2,32.20000076293945,35.14999961853027,35.46250009536743,38.20000076293945,0.15277793672349718,1.5277793672349718,32.0,491.3333333333333,1.398535772387884,0.26666666666666666,0.1619522382109209,-0.007506184147807721,13,VICOSA,MG,Sudeste,0.38940767119774217,False,False,sem_tendencia_significativa,sem_tendencia_significativa,False
sensibilidade_10a,>=10 anos válidos,A511,tmax_inmet,Máxima anual INMET,11,2007,2025,19,8,34.5,36.400001525878906,36.60909063165838,38.5,-0.07857131958007812,-0.7857131958007812,-11.0,165.0,-0.778498944161523,-0.2,0.43627492884052926,0.7059851017088054,7,TIMOTEO,MG,Sudeste,0.6438816191163673,False,False,sem_tendencia_significativa,sem_tendencia_significativa,True
sensibilidade_10a,>=10 anos válidos,A512,tmax_inmet,Máxima anual INMET,12,2008,2025,18,6,36.20000076293945,39.19999885559082,39.28333377838135,41.400001525878906,0.13854169845581055,1.3854169845581055,25.0,211.66666666666666,1.6496241518963297,0.3787878787878788,0.09901983206246184,0.4573322492124888,7,ITUIUTABA,MG,Sudeste,0.30862128524728016,False,False,sem_tendencia_significativa,sem_tendencia_significativa,True
sensibilidade_10a,>=10 anos válidos,A513,tmax_inmet,Máxima anual INMET,15,2007,2025,19,4,31.899999618530273,34.20000076293945,34.44666659037272,38.599998474121094,0.0444441901312934,0.44444190131293404,7.0,406.3333333333333,0.2976528360834951,0.06666666666666667,0.7659681439026508,0.19547555894631513,12,OURO BRANCO,MG,Sudeste,0.8582051455244359,False,False,sem_tendencia_significativa,sem_tendencia_significativa,False
sensibilidade_10a,>=10 anos válidos,A515,tmax_inmet,Máxima anual INMET,14,2007,2024,18,4,32.0,34.94999885559082,34.51428549630301,37.29999923706055,0.16249990463256836,1.6249990463256836,38.0,332.6666666666667,2.028603081167394,0.4175824175824176,0.04249873448881427,0.14777312629730918,12,VARGINHA,MG,Sudeste,0.27559785395776526,True,False,crescente,sem_tendencia_significativa,False
sensibilidade_10a,>=10 anos válidos,A516,tmax_inmet,Máxima anual INMET,14,2007,2025,19,5,33.70000076293945,37.14999961853027,36.735713958740234,39.5,0.16666666666666666,1.6666666666666665,36.0,328.0,1.9325517063098143,0.3956043956043956,0.053291446566761186,0.14596247066171592,8,PASSOS,MG,Sudeste,0.29366917979502327,False,False,sem_tendencia_significativa,sem_tendencia_significativa,False
sensibilidade_10a,>=10 anos válidos,A517,tmax_inmet,Máxima anual INMET,11,2007,2023,17,6,36.20000076293945,38.900001525878906,38.79090950705788,41.20000076293945,0.1,1.0,13.0,163.0,0.9399125399855488,0.23636363636363636,0.3472624244875814,-0.13186648295944917,7,MURIAE,MG,Sudeste,0.5464276385319295,False,False,sem_tendencia_significativa,sem_tendencia_significativa,False
sensibilidade_10a,>=10 anos válidos,A518,tmax_inmet,Máxima anual INMET,13,2008,2024,17,4,31.799999237060547,33.0,33.42307692307692,35.79999923706055,0.0881944497426351,0.8819444974263511,18.0,266.6666666666667,1.0410331406828506,0.23076923076923078,0.2978601675498061,0.39550330342855133,9,JUIZ DE FORA,MG,Sudeste,0.5019061090996733,False,False,sem_tendencia_significativa,sem_tendencia_significativa,True
sensibilidade_10a,>=10 anos válidos,A519,tmax_inmet,Máxima anual INMET,12,2007,2025,19,7,35.5,38.60000038146973,38.79999955495199,41.29999923706055,0.08174610137939453,0.8174610137939453,33.0,211.66666666666666,2.1994988691951063,0.5,0.027842469454623646,-0.08003901122148409,5,CAMPINA VERDE,MG,Sudeste,0.23098977301618662,True,False,crescente,sem_tendencia_significativa,False
sensibilidade_10a,>=10 anos válidos,A520,tmax_inmet,Máxima anual INMET,14,2008,2025,18,4,36.70000076293945,38.94999885559082,39.057142802647185,41.20000076293945,0.11666679382324219,1.1666679382324219,32.0,332.6666666666667,1.6996404193564651,0.3516483516483517,0.0891985826480211,0.23871049123710553,10,CONCEICAO DAS ALAGOAS,MG,Sudeste,0.29366917979502327,False,False,sem_tendencia_significativa,sem_tendencia_significativa,False
sensibilidade_10a,>=10 anos válidos,A521,tmax_inmet,Máxima anual INMET,18,2007,2025,19,1,33.900001525878906,36.099998474121094,36.04999987284342,38.599998474121094,0.10000010899135045,1.0000010899135046,52.0,692.0,1.938729099237749,0.33986928104575165,0.05253433340051772,0.3413667150953274,16,PAMPULHA,MG,Sudeste,0.29366917979502327,False,False,sem_tendencia_significativa,sem_tendencia_significativa,True
sensibilidade_10a,>=10 anos válidos,A522,tmax_inmet,Máxima anual INMET,12,2007,2025,19,7,35.099998474121094,38.25,38.03333282470703,40.099998474121094,0.019374823570251463,0.19374823570251465,4.0,212.66666666666666,0.20571764439712248,0.06060606060606061,0.8370114751054462,-0.23790809789916514,8,SERRA DOS AIMORES,MG,Sudeste,0.8956022783628274,False,False,sem_tendencia_significativa,sem_tendencia_significativa,False
sensibilidade_10a,>=10 anos válidos,A523,tmax_inmet,Máxima anual INMET,12,2008,2023,16,4,33.29999923706055,35.25,35.350000063578285,37.900001525878906,0.20666707356770833,2.0666707356770835,37.0,211.66666666666666,2.4744362278444947,0.5606060606060606,0.013344664289344157,0.40061052669152813,9,PATROCINIO,MG,Sudeste,0.21967370445535767,True,False,crescente,sem_tendencia_significativa,True
sensibilidade_10a,>=10 anos válidos,A524,tmax_inmet,Máxima anual INMET,13,2007,2025,19,6,32.5,35.20000076293945,34.98461561936598,37.79999923706055,0.14780219570621028,1.478021957062103,21.0,267.6666666666667,1.2224549132560922,0.2692307692307692,0.2215356440220416,0.08643174977005297,9,FORMIGA,MG,Sudeste,0.4558521905838164,False,False,sem_tendencia_significativa,sem_tendencia_significativa,False
sensibilidade_10a,>=10 anos válidos,A525,tmax_inmet,Máxima anual INMET,15,2007,2025,19,4,33.5,35.900001525878906,36.33999964396159,42.5,0.19999991522894967,1.9999991522894967,51.0,406.3333333333333,2.4804403006957925,0.4857142857142857,0.013122023533042437,0.3649848488187736,11,SACRAMENTO,MG,Sudeste,0.21967370445535767,True,False,crescente,sem_tendencia_significativa,True
sensibilidade_10a,>=10 anos válidos,A527,tmax_inmet,Máxima anual INMET,10,2007,2023,17,7,36.20000076293945,37.39999961853027,37.499999618530275,39.400001525878906,0.07999992370605469,0.7999992370605469,18.0,124.0,1.5266450672275869,0.4,0.1268492940151452,0.017186883810955515,6,TEOFILO OTONI,MG,Sudeste,0.3393218614905134,False,False,sem_tendencia_significativa,sem_tendencia_significativa,False
sensibilidade_10a,>=10 anos válidos,A528,tmax_inmet,Máxima anual INMET,15,2007,2025,19,4,32.79999923706055,36.0,36.0999994913737,39.29999923706055,0.023076864389272835,0.23076864389272836,6.0,407.3333333333333,0.2477393699381441,0.05714285714285714,0.8043360683870272,0.30991626565084157,11,TRES MARIAS,MG,Sudeste,0.8806236595966173,False,False,sem_tendencia_significativa,sem_tendencia_significativa,True
sensibilidade_10a,>=10 anos válidos,A529,tmax_inmet,Máxima anual INMET,11,2009,2023,15,4,31.600000381469727,34.20000076293945,34.227272900668055,37.5,0.3250000476837158,3.250000476837158,31.0,165.0,2.335496832484569,0.5636363636363636,0.019517481182177766,0.034217354519009285,8,PASSA QUATRO,MG,Sudeste,0.22576626764433036,True,False,crescente,sem_tendencia_significativa,False
sensibilidade_10a,>=10 anos válidos,A530,tmax_inmet,Máxima anual INMET,15,2007,2024,18,3,30.5,32.900001525878906,33.233333587646484,35.599998474121094,0.20000012715657553,2.0000012715657554,57.0,406.3333333333333,2.7780931367792876,0.5428571428571428,0.005467894284964219,0.6837768624035407,11,CALDAS,MG,Sudeste,0.21967370445535767,True,False,crescente,sem_tendencia_significativa,True
sensibilidade_10a,>=10 anos válidos,A531,tmax_inmet,Máxima anual INMET,18,2008,2025,18,0,28.899999618530273,30.90000057220459,30.916666348775227,34.099998474121094,0.13333352406819662,1.3333352406819663,60.0,696.0,2.236389228557765,0.39215686274509803,0.02532628610277907,0.2053712115144392,17,MARIA DA FE,MG,Sudeste,0.23098977301618662,True,False,crescente,sem_tendencia_significativa,False
sensibilidade_10a,>=10 anos válidos,A532,tmax_inmet,Máxima anual INMET,11,2008,2025,18,7,37.099998474121094,39.0,39.02727231112394,41.70000076293945,-0.06363643299449574,-0.6363643299449574,-4.0,164.0,-0.2342606428329091,-0.07272727272727272,0.8147826383183655,0.03883678630362231,7,GOVERNADOR VALADARES,MG,Sudeste,0.8806236595966173,False,False,sem_tendencia_significativa,sem_tendencia_significativa,False
sensibilidade_10a,>=10 anos válidos,A533,tmax_inmet,Máxima anual INMET,16,2008,2024,17,1,33.900001525878906,35.60000038146973,35.793750286102295,38.29999923706055,0.16666666666666666,1.6666666666666665,57.0,488.3333333333333,2.5341355534803123,0.475,0.01127251163275514,0.09178980096696959,14,GUANHAES,MG,Sudeste,0.21967370445535767,True,False,crescente,sem_tendencia_significativa,False
sensibilidade_10a,>=10 anos válidos,A534,tmax_inmet,Máxima anual INMET,10,2008,2024,17,7,37.29999923706055,37.70000076293945,38.2,39.599998474121094,0.0,0.0,1.0,123.0,0.0,0.022222222222222223,1.0,0.025183725212193708,5,AIMORES,MG,Sudeste,1.0,False,False,sem_tendencia_significativa,sem_tendencia_significativa,False
sensibilidade_10a,>=10 anos válidos,A535,tmax_inmet,Máxima anual INMET,14,2009,2025,17,3,34.5,36.70000076293945,36.56428555079869,38.599998474121094,0.09999990463256836,0.9999990463256836,22.0,332.6666666666667,1.1513693163382506,0.24175824175824176,0.24958033147908038,-0.3160566728664324,10,FLORESTAL,MG,Sudeste,0.4726565569603823,False,False,sem_tendencia_significativa,sem_tendencia_significativa,True
sensibilidade_10a,>=10 anos válidos,A536,tmax_inmet,Máxima anual INMET,12,2008,2025,18,6,34.70000076293945,37.20000076293945,37.19166692097982,39.70000076293945,0.19583346048990885,1.9583346048990884,29.0,211.66666666666666,1.924561510545718,0.4393939393939394,0.05428423851603539,0.5756983175986423,6,DORES DO INDAIA,MG,Sudeste,0.29366917979502327,False,False,sem_tendencia_significativa,sem_tendencia_significativa,True
sensibilidade_10a,>=10 anos válidos,A537,tmax_inmet,Máxima anual INMET,14,2008,2025,18,4,30.399999618530273,31.34999942779541,31.614285469055176,33.0,0.11818174882368608,1.1818174882368608,41.0,331.6666666666667,2.1963880811493843,0.45054945054945056,0.02806417803000398,0.4666834409489755,9,DIAMANTINA,MG,Sudeste,0.23098977301618662,True,False,crescente,sem_tendencia_significativa,True
sensibilidade_10a,>=10 anos válidos,A538,tmax_inmet,Máxima anual INMET,15,2007,2025,19,4,35.099998474121094,36.900001525878906,37.41999994913737,40.5,0.10833358764648438,1.0833358764648438,31.0,406.3333333333333,1.4882641804174754,0.29523809523809524,0.13668123738715698,0.2963827594426918,10,CURVELO,MG,Sudeste,0.3567046926933121,False,False,sem_tendencia_significativa,sem_tendencia_significativa,False
sensibilidade_10a,>=10 anos válidos,A539,tmax_inmet,Máxima anual INMET,15,2008,2025,18,3,36.900001525878906,39.29999923706055,39.5933334350586,41.29999923706055,0.07142857142857142,0.7142857142857142,21.0,406.3333333333333,0.9921761202783169,0.2,0.32111161917785963,0.4111873955176849,13,MOCAMBINHO,MG,Sudeste,0.5225160114893238,False,False,sem_tendencia_significativa,sem_tendencia_significativa,True
sensibilidade_10a,>=10 anos válidos,A540,tmax_inmet,Máxima anual INMET,14,2008,2025,18,4,36.599998474121094,38.0,38.16428593226841,40.5,0.036363775079900566,0.3636377507990057,8.0,332.6666666666667,0.38378977211275017,0.08791208791208792,0.7011342693103921,-0.2844061526682654,9,MANTENA,MG,Sudeste,0.8289653791846624,False,False,sem_tendencia_significativa,sem_tendencia_significativa,False
sensibilidade_10a,>=10 anos válidos,A541,tmax_inmet,Máxima anual INMET,13,2008,2025,18,5,33.400001525878906,34.70000076293945,34.892307868370644,36.70000076293945,0.025892972946166992,0.2589297294616699,6.0,266.6666666666667,0.30618621784789724,0.07692307692307693,0.7594628653799337,-0.2545755725806337,10,CAPELINHA,MG,Sudeste,0.8582051455244359,False,False,sem_tendencia_significativa,sem_tendencia_significativa,False
sensibilidade_10a,>=10 anos válidos,A542,tmax_inmet,Máxima anual INMET,12,2008,2025,18,6,36.29999923706055,39.35000038146973,38.90833250681559,40.099998474121094,-0.03562469482421875,-0.3562469482421875,-7.0,209.66666666666666,-0.4143683299645178,-0.10606060606060606,0.6786043789634528,-0.7762355610860622,6,UNAI,MG,Sudeste,0.8158502084167354,False,False,sem_tendencia_significativa,sem_tendencia_significativa,True
sensibilidade_10a,>=10 anos válidos,A546,tmax_inmet,Máxima anual INMET,11,2008,2024,17,6,33.29999923706055,36.099998474121094,35.41818133267489,37.599998474121094,0.19999988262469953,1.9999988262469954,23.0,163.0,1.7231729899735062,0.41818181818181815,0.0848572466061149,0.22846066862598988,7,GUARDA-MOR,MG,Sudeste,0.29366917979502327,False,False,sem_tendencia_significativa,sem_tendencia_significativa,False
sensibilidade_10a,>=10 anos válidos,A547,tmax_inmet,Máxima anual INMET,10,2008,2023,16,6,38.5,41.35000038146973,41.27000007629395,43.900001525878906,0.23333358764648438,2.3333358764648438,21.0,125.0,1.7888543819998317,0.4666666666666667,0.07363827012030268,-0.3214757352281393,4,SAO ROMAO,MG,Sudeste,0.29366917979502327,False,False,sem_tendencia_significativa,sem_tendencia_significativa,True
sensibilidade_10a,>=10 anos válidos,A548,tmax_inmet,Máxima anual INMET,10,2008,2023,16,6,36.0,37.099998474121094,37.29000015258789,38.79999923706055,0.05454531582919034,0.5454531582919033,10.0,124.0,0.8082238591204871,0.2222222222222222,0.4189617251593411,-0.5925680312439449,4,CHAPADA GAUCHA,MG,Sudeste,0.6313930224232324,False,False,sem_tendencia_significativa,sem_tendencia_significativa,True
sensibilidade_10a,>=10 anos válidos,A550,tmax_inmet,Máxima anual INMET,15,2008,2024,17,2,38.400001525878906,40.400001525878906,40.48000005086263,42.79999923706055,0.08749985694885254,0.8749985694885254,21.0,408.3333333333333,0.989743318610787,0.2,0.3222995958719193,-0.013247298405451647,13,ITAOBIM,MG,Sudeste,0.5225160114893238,False,False,sem_tendencia_significativa,sem_tendencia_significativa,False
sensibilidade_10a,>=10 anos válidos,A551,tmax_inmet,Máxima anual INMET,13,2008,2025,18,5,34.70000076293945,36.20000076293945,36.48461561936598,38.20000076293945,0.04642861230032785,0.4642861230032785,9.0,267.6666666666667,0.4889819653024369,0.11538461538461539,0.6248544649570991,-0.1325243431536487,9,RIO PARDO DE MINAS,MG,Sudeste,0.7729413612764114,False,False,sem_tendencia_significativa,sem_tendencia_significativa,False
sensibilidade_10a,>=10 anos válidos,A552,tmax_inmet,Máxima anual INMET,12,2008,2025,18,6,38.400001525878906,39.54999923706055,39.57500044504801,40.900001525878906,0.029261328957297585,0.29261328957297583,9.0,211.66666666666666,0.5498747172987766,0.13636363636363635,0.5824053064021052,-0.21709232159025485,8,SALINAS,MG,Sudeste,0.727410830558578,False,False,sem_tendencia_significativa,sem_tendencia_significativa,False
sensibilidade_10a,>=10 anos válidos,A554,tmax_inmet,Máxima anual INMET,15,2008,2025,18,3,34.400001525878906,37.70000076293945,37.3533332824707,39.400001525878906,0.14615367009089544,1.4615367009089544,37.0,403.6666666666667,1.7918062889285116,0.3523809523809524,0.07316400108296825,0.32012951388630195,11,CARATINGA,MG,Sudeste,0.29366917979502327,False,False,sem_tendencia_significativa,sem_tendencia_significativa,True
sensibilidade_10a,>=10 anos válidos,A555,tmax_inmet,Máxima anual INMET,15,2009,2024,16,1,30.899999618530273,32.79999923706055,32.93999989827474,36.70000076293945,0.11428587777273995,1.1428587777273995,32.0,407.3333333333333,1.5359840936164935,0.3047619047619048,0.12454228158188534,0.05250696553570319,13,IBIRITE (ROLA MOCA),MG,Sudeste,0.3393218614905134,False,False,sem_tendencia_significativa,sem_tendencia_significativa,False
sensibilidade_10a,>=10 anos válidos,A557,tmax_inmet,Máxima anual INMET,10,2013,2025,13,3,36.900001525878906,38.75,39.089999771118165,43.099998474121094,0.1777776082356771,1.777776082356771,21.0,125.0,1.7888543819998317,0.4666666666666667,0.07363827012030268,0.015142125762011908,7,CORONEL PACHECO,MG,Sudeste,0.29366917979502327,False,False,sem_tendencia_significativa,sem_tendencia_significativa,False
sensibilidade_10a,>=10 anos válidos,A601,tmax_inmet,Máxima anual INMET,19,2003,2025,23,4,37.400001525878906,39.5,39.789473483436986,42.599998474121094,0.07500028610229492,0.7500028610229492,55.0,813.0,1.8938626843461148,0.3216374269005848,0.05824323867414074,0.13706054816747548,15,ECOLOGIA AGRICOLA,RJ,Sudeste,0.29366917979502327,False,False,sem_tendencia_significativa,sem_tendencia_significativa,False
sensibilidade_10a,>=10 anos válidos,A602,tmax_inmet,Máxima anual INMET,13,2004,2024,21,8,38.79999923706055,40.0,40.19230739886944,42.400001525878906,0.02605051954253381,0.2605051954253381,10.0,266.6666666666667,0.5511351921262151,0.1282051282051282,0.5815410024314954,0.1332914941035186,7,MARAMBAIA,RJ,Sudeste,0.727410830558578,False,False,sem_tendencia_significativa,sem_tendencia_significativa,False
sensibilidade_10a,>=10 anos válidos,A603,tmax_inmet,Máxima anual INMET,13,2010,2025,16,3,38.20000076293945,39.599998474121094,39.81538391113281,42.29999923706055,0.017692184448242186,0.17692184448242188,4.0,266.6666666666667,0.18371173070873834,0.05128205128205128,0.8542396057680933,-0.18700418467656496,9,XEREM,RJ,Sudeste,0.9000878362516154,False,False,sem_tendencia_significativa,sem_tendencia_significativa,False
sensibilidade_10a,>=10 anos válidos,A604,tmax_inmet,Máxima anual INMET,12,2007,2025,19,7,36.900001525878906,39.54999923706055,39.51666673024496,42.20000076293945,-0.055681792172518646,-0.5568179217251865,-9.0,211.66666666666666,-0.5498747172987766,-0.13636363636363635,0.5824053064021052,-0.8838161234445968,6,CAMBUCI,RJ,Sudeste,0.727410830558578,False,False,sem_tendencia_significativa,sem_tendencia_significativa,True
sensibilidade_10a,>=10 anos válidos,A606,tmax_inmet,Máxima anual INMET,13,2007,2025,19,6,31.0,33.70000076293945,33.476923135610726,35.099998474121094,0.11010104478007615,1.1010104478007614,25.0,265.0,1.4743082804014829,0.32051282051282054,0.14039860671962096,-0.0073369217472200885,8,ARRAIAL DO CABO,RJ,Sudeste,0.36199158840962514,False,False,sem_tendencia_significativa,sem_tendencia_significativa,False
sensibilidade_10a,>=10 anos válidos,A607,tmax_inmet,Máxima anual INMET,15,2007,2025,19,4,37.29999923706055,38.70000076293945,38.79999974568685,40.599998474121094,-0.04000015258789062,-0.40000152587890625,-16.0,407.3333333333333,-0.7432181098144324,-0.1523809523809524,0.4573496408435143,0.03621505871543475,11,CAMPOS,RJ,Sudeste,0.6568645848356515,False,False,sem_tendencia_significativa,sem_tendencia_significativa,False
sensibilidade_10a,>=10 anos válidos,A608,tmax_inmet,Máxima anual INMET,10,2007,2023,17,7,37.0,38.75,38.989999771118164,40.79999923706055,-0.015384674072265625,-0.15384674072265625,-2.0,124.0,-0.08980265101338746,-0.044444444444444446,0.928444041500591,-0.827789328755496,5,MACAE,RJ,Sudeste,0.9598406999088236,False,False,sem_tendencia_significativa,sem_tendencia_significativa,True
sensibilidade_10a,>=10 anos válidos,A609,tmax_inmet,Máxima anual INMET,12,2007,2025,19,7,35.0,37.70000076293945,37.47499974568685,39.599998474121094,0.18999843597412108,1.899984359741211,46.0,212.66666666666666,3.0857646659568374,0.696969696969697,0.0020302944356094107,0.7054229239690849,8,RESENDE,RJ,Sudeste,0.21967370445535767,True,False,crescente,sem_tendencia_significativa,True
sensibilidade_10a,>=10 anos válidos,A610,tmax_inmet,Máxima anual INMET,11,2007,2025,19,8,25.399999618530273,27.399999618530273,27.336363532326438,29.5,0.13636363636363635,1.3636363636363635,24.0,164.0,1.7959982617189698,0.43636363636363634,0.07249479348699961,0.4396770834194373,7,PICO DO COUTO,RJ,Sudeste,0.29366917979502327,False,False,sem_tendencia_significativa,sem_tendencia_significativa,True
sensibilidade_10a,>=10 anos válidos,A611,tmax_inmet,Máxima anual INMET,14,2007,2024,18,4,34.79999923706055,37.54999923706055,37.45714296613421,39.900001525878906,0.125,1.25,35.0,331.6666666666667,1.8669298689769767,0.38461538461538464,0.06191138209555726,0.15233591682852188,10,VALENCA,RJ,Sudeste,0.29366917979502327,False,False,sem_tendencia_significativa,sem_tendencia_significativa,False
sensibilidade_10a,>=10 anos válidos,A612,tmax_inmet,Máxima anual INMET,14,2007,2025,19,5,35.29999923706055,36.5,36.65714291163853,37.70000076293945,0.09444448682996961,0.9444448682996962,34.0,328.0,1.8221201802349678,0.37362637362637363,0.06843675234792679,-0.23905308879050435,10,VITORIA,ES,Sudeste,0.29366917979502327,False,False,sem_tendencia_significativa,sem_tendencia_significativa,False
sensibilidade_10a,>=10 anos válidos,A613,tmax_inmet,Máxima anual INMET,10,2008,2025,18,8,29.799999237060547,31.649999618530273,31.4899995803833,34.5,0.08181814713911577,0.8181814713911577,18.0,124.0,1.5266450672275869,0.4,0.1268492940151452,-0.6769082079467601,4,SANTA TERESA,ES,Sudeste,0.3393218614905134,False,False,sem_tendencia_significativa,sem_tendencia_significativa,True
sensibilidade_10a,>=10 anos válidos,A614,tmax_inmet,Máxima anual INMET,13,2007,2025,19,6,34.70000076293945,36.599998474121094,36.62307709913988,38.20000076293945,0.03582884028633648,0.35828840286336483,19.0,267.6666666666667,1.100209421930483,0.24358974358974358,0.27124088635558485,-0.04079667850874701,8,LINHARES,ES,Sudeste,0.48087306604557295,False,False,sem_tendencia_significativa,sem_tendencia_significativa,False
sensibilidade_10a,>=10 anos válidos,A615,tmax_inmet,Máxima anual INMET,14,2007,2024,18,4,37.099998474121094,38.400001525878906,38.64999989100865,40.400001525878906,-0.04285703386579241,-0.42857033865792415,-9.0,331.6666666666667,-0.4392776162298769,-0.0989010989010989,0.6604603911571603,-0.5328859919059677,9,ALFREDO CHAVES,ES,Sudeste,0.8076487069007561,False,False,sem_tendencia_significativa,sem_tendencia_significativa,True
sensibilidade_10a,>=10 anos válidos,A616,tmax_inmet,Máxima anual INMET,16,2007,2025,19,3,34.20000076293945,36.10000038146973,36.075000047683716,38.29999923706055,0.05555576748318142,0.5555576748318142,15.0,490.3333333333333,0.6322405207978062,0.125,0.5272297230696295,-0.0071150089596671,12,SAO MATEUS,ES,Sudeste,0.6844338627445093,False,False,sem_tendencia_significativa,sem_tendencia_significativa,False
sensibilidade_10a,>=10 anos válidos,A617,tmax_inmet,Máxima anual INMET,15,2007,2025,19,4,37.70000076293945,40.0,40.01333287556966,41.79999923706055,0.0,0.0,0.0,407.3333333333333,0.0,0.0,1.0,-0.42377034830010424,10,ALEGRE,ES,Sudeste,1.0,False,False,sem_tendencia_significativa,sem_tendencia_significativa,True
sensibilidade_10a,>=10 anos válidos,A618,tmax_inmet,Máxima anual INMET,14,2007,2023,17,3,30.5,32.25,32.428571292332244,35.0,0.08333333333333333,0.8333333333333333,15.0,333.6666666666667,0.7664284620319025,0.16483516483516483,0.4434214028640829,-0.170037201536046,10,TERESOPOLIS,RJ,Sudeste,0.6499464398144776,False,False,sem_tendencia_significativa,sem_tendencia_significativa,False
sensibilidade_10a,>=10 anos válidos,A619,tmax_inmet,Máxima anual INMET,11,2009,2024,16,5,35.70000076293945,37.400001525878906,37.17272671786222,38.79999923706055,0.06666666666666667,0.6666666666666666,15.0,163.0,1.0965646299831404,0.2727272727272727,0.2728317563249592,0.17420478202196368,7,PARATI,RJ,Sudeste,0.48087306604557295,False,False,sem_tendencia_significativa,sem_tendencia_significativa,False
sensibilidade_10a,>=10 anos válidos,A620,tmax_inmet,Máxima anual INMET,10,2009,2023,15,5,33.29999923706055,35.79999923706055,35.53000030517578,37.79999923706055,0.09999847412109375,0.9999847412109375,9.0,123.0,0.7213357077339458,0.2,0.47070299251140946,-0.11217643379338312,7,SAO TOME,RJ,Sudeste,0.6627002657726423,False,False,sem_tendencia_significativa,sem_tendencia_significativa,False
sensibilidade_10a,>=10 anos válidos,A621,tmax_inmet,Máxima anual INMET,12,2008,2025,18,6,37.900001525878906,40.099998474121094,40.10833326975504,42.20000076293945,0.016964401517595564,0.16964401517595565,3.0,211.66666666666666,0.13746867932469414,0.045454545454545456,0.8906603479582315,0.18104424666922558,8,VILA MILITAR,RJ,Sudeste,0.9252490993352501,False,False,sem_tendencia_significativa,sem_tendencia_significativa,False
sensibilidade_10a,>=10 anos válidos,A624,tmax_inmet,Máxima anual INMET,13,2011,2025,15,2,30.0,31.200000762939453,31.546153875497673,33.70000076293945,0.01217953364054362,0.12179533640543619,4.0,266.6666666666667,0.18371173070873834,0.05128205128205128,0.8542396057680933,-0.16641032467893296,11,NOVA FRIBURGO,RJ,Sudeste,0.9000878362516154,False,False,sem_tendencia_significativa,sem_tendencia_significativa,False
sensibilidade_10a,>=10 anos válidos,A652,tmax_inmet,Máxima anual INMET,14,2008,2023,16,2,35.900001525878906,36.95000076293945,37.414286204746794,39.70000076293945,0.0,0.0,-1.0,329.0,0.0,-0.01098901098901099,1.0,0.3594567571553212,11,FORTE DE COPACABANA,RJ,Sudeste,1.0,False,False,sem_tendencia_significativa,sem_tendencia_significativa,True
sensibilidade_10a,>=10 anos válidos,A701,tmax_inmet,Máxima anual INMET,18,2007,2025,19,1,33.79999923706055,35.19999885559082,35.34999995761447,37.5,0.14000015258789061,1.4000015258789062,59.0,692.3333333333334,2.2042983352300847,0.38562091503267976,0.027503369959000712,0.2997742992794459,16,SAO PAULO - MIRANTE,SP,Sudeste,0.23098977301618662,True,False,crescente,sem_tendencia_significativa,False
sensibilidade_10a,>=10 anos válidos,A703,tmax_inmet,Máxima anual INMET,18,2002,2025,24,6,34.70000076293945,36.55000114440918,36.43333329094781,38.099998474121094,0.08333333333333333,0.8333333333333333,49.0,695.0,1.8207437803461157,0.3202614379084967,0.06864581379085412,0.3644453895882496,14,PONTA PORA,MS,Centro-Oeste,0.29366917979502327,False,False,sem_tendencia_significativa,sem_tendencia_significativa,True
sensibilidade_10a,>=10 anos válidos,A704,tmax_inmet,Máxima anual INMET,11,2007,2025,19,8,39.29999923706055,41.099998474121094,41.29999923706055,43.099998474121094,0.09999990463256836,0.9999990463256836,16.0,162.0,1.1785113019775793,0.2909090909090909,0.23859282931643552,-0.3723055001458079,7,TRES LAGOAS,MS,Centro-Oeste,0.4643703705627494,False,False,sem_tendencia_significativa,sem_tendencia_significativa,True
sensibilidade_10a,>=10 anos válidos,A705,tmax_inmet,Máxima anual INMET,13,2007,2025,19,6,36.400001525878906,37.900001525878906,38.29230763362004,41.599998474121094,0.12361123826768664,1.2361123826768663,36.0,266.6666666666667,2.1433035249352805,0.46153846153846156,0.0320887339782313,0.46298223677984457,8,BAURU,SP,Sudeste,0.23679272659798273,True,False,crescente,sem_tendencia_significativa,True
sensibilidade_10a,>=10 anos válidos,A706,tmax_inmet,Máxima anual INMET,12,2007,2025,19,7,27.600000381469727,29.15000057220459,30.300000190734863,43.0,0.10000003178914388,1.0000003178914387,22.0,212.66666666666666,1.4400235107798574,0.3333333333333333,0.14986074751304929,-0.2721554579015531,8,CAMPOS DO JORDAO,SP,Sudeste,0.3817880948546732,False,False,sem_tendencia_significativa,sem_tendencia_significativa,False
sensibilidade_10a,>=10 anos válidos,A707,tmax_inmet,Máxima anual INMET,16,2007,2025,19,3,35.900001525878906,38.85000038146973,38.74375033378601,41.79999923706055,0.13541682561238605,1.3541682561238604,48.0,493.3333333333333,2.1160582937865167,0.4,0.03433985000756264,0.4212404459669638,12,PRESIDENTE PRUDENTE,SP,Sudeste,0.24495759672061354,True,False,crescente,sem_tendencia_significativa,True
sensibilidade_10a,>=10 anos válidos,A708,tmax_inmet,Máxima anual INMET,15,2004,2023,20,5,33.20000076293945,34.79999923706055,35.15999984741211,37.900001525878906,0.10000038146972656,1.0000038146972656,24.0,407.3333333333333,1.1396011017154628,0.22857142857142856,0.25445252615345604,0.04882275507512204,11,FRANCA,SP,Sudeste,0.4776564964635052,False,False,sem_tendencia_significativa,sem_tendencia_significativa,False
sensibilidade_10a,>=10 anos válidos,A711,tmax_inmet,Máxima anual INMET,12,2008,2023,16,4,33.29999923706055,35.45000076293945,35.70000044504801,38.70000076293945,0.29999984839023686,2.9999984839023686,36.0,212.66666666666666,2.400039184633096,0.5454545454545454,0.016393316888809063,0.47836492418054305,7,SAO CARLOS,SP,Sudeste,0.22576626764433036,True,False,crescente,sem_tendencia_significativa,True
sensibilidade_10a,>=10 anos válidos,A718,tmax_inmet,Máxima anual INMET,10,2007,2025,19,9,36.099998474121094,38.900001525878906,38.929999923706056,41.400001525878906,0.125,1.25,21.0,125.0,1.7888543819998317,0.4666666666666667,0.07363827012030268,0.7740799034988292,5,RANCHARIA,SP,Sudeste,0.29366917979502327,False,False,sem_tendencia_significativa,sem_tendencia_significativa,True
sensibilidade_10a,>=10 anos válidos,A719,tmax_inmet,Máxima anual INMET,10,2007,2025,19,9,39.099998474121094,40.35000038146973,40.52999992370606,43.70000076293945,0.04117651546702666,0.4117651546702666,10.0,121.33333333333333,0.8170571691028833,0.2222222222222222,0.41389575813956925,0.4954151161100842,6,AQUIDAUANA,MS,Centro-Oeste,0.6313930224232324,False,False,sem_tendencia_significativa,sem_tendencia_significativa,True
sensibilidade_10a,>=10 anos válidos,A720,tmax_inmet,Máxima anual INMET,11,2007,2023,17,6,38.70000076293945,40.900001525878906,41.24545461481268,44.099998474121094,0.1999994913736979,1.999994913736979,21.0,165.0,1.556997888323046,0.38181818181818183,0.11947098677170073,-0.015308561527193962,8,COXIM,MS,Centro-Oeste,0.3320362489499215,False,False,sem_tendencia_significativa,sem_tendencia_significativa,False
sensibilidade_10a,>=10 anos válidos,A721,tmax_inmet,Máxima anual INMET,12,2007,2024,18,6,36.900001525878906,38.25,38.34166653951009,40.29999923706055,0.09411771858439727,0.9411771858439727,15.0,211.66666666666666,0.962280755272859,0.22727272727272727,0.335908593349047,-0.3543903316871149,8,DOURADOS,MS,Centro-Oeste,0.5364510371395228,False,False,sem_tendencia_significativa,sem_tendencia_significativa,True
sensibilidade_10a,>=10 anos válidos,A722,tmax_inmet,Máxima anual INMET,11,2007,2025,19,8,38.400001525878906,40.0,40.20909118652344,43.29999923706055,0.09999990463256836,0.9999990463256836,14.0,164.0,1.0151294522759395,0.2545454545454545,0.3100441238765243,0.29973955290772764,7,MIRANDA,MS,Centro-Oeste,0.5183550196060641,False,False,sem_tendencia_significativa,sem_tendencia_significativa,False
sensibilidade_10a,>=10 anos válidos,A727,tmax_inmet,Máxima anual INMET,10,2007,2023,17,7,36.20000076293945,39.20000076293945,39.43999977111817,43.5,0.20000076293945312,2.0000076293945312,20.0,124.0,1.7062503692543616,0.4444444444444444,0.08796147430808014,0.7794433299308619,4,LINS,SP,Sudeste,0.29366917979502327,False,False,sem_tendencia_significativa,sem_tendencia_significativa,True
sensibilidade_10a,>=10 anos válidos,A729,tmax_inmet,Máxima anual INMET,11,2007,2021,15,4,37.400001525878906,39.0,39.49090922962535,42.099998474121094,0.14444435967339408,1.4444435967339408,21.0,163.0,1.5665208999759148,0.38181818181818183,0.11722671962162348,0.572867300467301,7,VOTUPORANGA,SP,Sudeste,0.3300857631450977,False,False,sem_tendencia_significativa,sem_tendencia_significativa,True
sensibilidade_10a,>=10 anos válidos,A740,tmax_inmet,Máxima anual INMET,10,2008,2019,12,2,32.099998474121094,33.89999961853027,33.85999946594238,35.79999923706055,0.23333358764648438,2.3333358764648438,23.0,125.0,1.9677398201998149,0.5111111111111111,0.04909798160926562,0.34479122324467804,7,SAO LUIS DO PARAITINGA,SP,Sudeste,0.29366917979502327,True,False,crescente,sem_tendencia_significativa,True
sensibilidade_10a,>=10 anos válidos,A743,tmax_inmet,Máxima anual INMET,14,2009,2025,17,3,37.599998474121094,39.25,39.371428625924246,41.20000076293945,0.10000228881835938,1.0000228881835938,24.0,332.6666666666667,1.2610235369418936,0.26373626373626374,0.20730036719899939,-0.32716430583568007,10,RIO BRILHANTE,MS,Centro-Oeste,0.43492429980966535,False,False,sem_tendencia_significativa,sem_tendencia_significativa,True
sensibilidade_10a,>=10 anos válidos,A746,tmax_inmet,Máxima anual INMET,10,2010,2024,15,5,33.70000076293945,34.75,34.96999969482422,36.599998474121094,0.125,1.25,19.0,125.0,1.6099689437998486,0.4222222222222222,0.10740463633025377,0.4492139205295135,7,BARRA DO TURVO,SP,Sudeste,0.32342316245842884,False,False,sem_tendencia_significativa,sem_tendencia_significativa,True
sensibilidade_10a,>=10 anos válidos,A747,tmax_inmet,Máxima anual INMET,16,2009,2025,17,1,35.79999923706055,38.60000038146973,38.61875009536743,41.20000076293945,0.18375015258789062,1.8375015258789062,50.0,493.3333333333333,2.206103327564666,0.4166666666666667,0.027376765789661663,0.08354293355105255,14,PRADOPOLIS,SP,Sudeste,0.23098977301618662,True,False,crescente,sem_tendencia_significativa,False
sensibilidade_10a,>=10 anos válidos,A748,tmax_inmet,Máxima anual INMET,10,2011,2023,13,3,37.70000076293945,39.85000038146973,40.12000045776367,42.900001525878906,0.2833334604899089,2.833334604899089,20.0,124.0,1.7062503692543616,0.4444444444444444,0.08796147430808014,0.21734642997710285,7,BARRETOS,SP,Sudeste,0.29366917979502327,False,False,sem_tendencia_significativa,sem_tendencia_significativa,False
sensibilidade_10a,>=10 anos válidos,A749,tmax_inmet,Máxima anual INMET,11,2009,2024,16,5,37.29999923706055,38.29999923706055,38.79999958385121,41.0,0.14285714285714285,1.4285714285714284,15.0,163.0,1.0965646299831404,0.2727272727272727,0.2728317563249592,-0.3118706777340277,8,JUTI,MS,Centro-Oeste,0.48087306604557295,False,False,sem_tendencia_significativa,sem_tendencia_significativa,True
sensibilidade_10a,>=10 anos válidos,A753,tmax_inmet,Máxima anual INMET,10,2010,2025,16,6,37.0,38.400001525878906,38.62000045776367,41.099998474121094,0.18888897365993923,1.8888897365993924,26.0,124.0,2.2450662753346866,0.5777777777777777,0.02476387822447973,0.6653290888303611,6,ITUVERAVA,SP,Sudeste,0.23098977301618662,True,False,crescente,sem_tendencia_significativa,True
sensibilidade_10a,>=10 anos válidos,A754,tmax_inmet,Máxima anual INMET,12,2009,2024,16,4,36.5,38.19999885559082,38.39166673024496,40.70000076293945,0.20000052452087402,2.0000052452087402,29.0,211.66666666666666,1.924561510545718,0.4393939393939394,0.05428423851603539,0.09171148945710468,8,SIDROLANDIA,MS,Centro-Oeste,0.29366917979502327,False,False,sem_tendencia_significativa,sem_tendencia_significativa,False
sensibilidade_10a,>=10 anos válidos,A755,tmax_inmet,Máxima anual INMET,11,2012,2025,14,3,34.70000076293945,35.70000076293945,36.01818188753995,37.70000076293945,0.01999969482421875,0.1999969482421875,4.0,161.33333333333334,0.23618874648666507,0.07272727272727272,0.8132862115234216,-0.1522246251085786,7,BARUERI,SP,Sudeste,0.8806236595966173,False,False,sem_tendencia_significativa,sem_tendencia_significativa,False
sensibilidade_10a,>=10 anos válidos,A756,tmax_inmet,Máxima anual INMET,11,2012,2025,14,3,39.900001525878906,42.0,41.78181838989258,44.599998474121094,0.1799999237060547,1.7999992370605469,18.0,164.0,1.3274769760531515,0.32727272727272727,0.1843509512097483,0.39034039952816835,8,AGUA CLARA,MS,Centro-Oeste,0.4067124078235684,False,False,sem_tendencia_significativa,sem_tendencia_significativa,True
sensibilidade_10a,>=10 anos válidos,A801,tmax_inmet,Máxima anual INMET,19,2007,2025,19,0,35.5,38.400001525878906,38.11052623548006,40.599998474121094,0.13333257039388022,1.3333257039388022,50.0,814.0,1.717449111220315,0.29239766081871343,0.08589714493338899,-0.05967390432535732,18,PORTO ALEGRE,RS,Sul,0.29366917979502327,False,False,sem_tendencia_significativa,sem_tendencia_significativa,False
sensibilidade_10a,>=10 anos válidos,A803,tmax_inmet,Máxima anual INMET,15,2003,2024,22,7,36.20000076293945,38.29999923706055,38.106666310628256,40.20000076293945,0.022221883138020832,0.22221883138020831,18.0,404.6666666666667,0.8450846345418398,0.17142857142857143,0.39806358667063246,0.28065260210092036,10,SANTA MARIA,RS,Sul,0.6128460974641392,False,False,sem_tendencia_significativa,sem_tendencia_significativa,False
sensibilidade_10a,>=10 anos válidos,A805,tmax_inmet,Máxima anual INMET,11,2008,2024,17,6,35.5,36.5,36.75454538518732,39.400001525878906,0.09999974568684895,0.9999974568684895,21.0,163.0,1.5665208999759148,0.38181818181818183,0.11722671962162348,0.20781087268830595,8,SANTO AUGUSTO,RS,Sul,0.3300857631450977,False,False,sem_tendencia_significativa,sem_tendencia_significativa,False
sensibilidade_10a,>=10 anos válidos,A806,tmax_inmet,Máxima anual INMET,15,2008,2023,16,1,33.5,35.5,35.85999984741211,39.70000076293945,0.007692190317007212,0.07692190317007212,2.0,407.3333333333333,0.049547873987628825,0.01904761904761905,0.9604826860995309,0.007601110592671969,13,FLORIANOPOLIS,SC,Sul,0.9834607407909073,False,False,sem_tendencia_significativa,sem_tendencia_significativa,False
sensibilidade_10a,>=10 anos válidos,A807,tmax_inmet,Máxima anual INMET,12,2011,2024,14,2,32.400001525878906,33.80000114440918,34.03333346048991,35.5,0.1324673689805068,1.324673689805068,20.0,210.66666666666666,1.309048354697682,0.30303030303030304,0.19051797173735363,0.43147861814615196,9,CURITIBA,PR,Sul,0.4118267267857947,False,False,sem_tendencia_significativa,sem_tendencia_significativa,True
sensibilidade_10a,>=10 anos válidos,A808,tmax_inmet,Máxima anual INMET,10,2007,2023,17,7,31.600000381469727,33.35000038146973,34.11000003814697,39.79999923706055,0.22500038146972656,2.2500038146972656,20.0,124.0,1.7062503692543616,0.4444444444444444,0.08796147430808014,-0.32809093288565233,6,TORRES,RS,Sul,0.29366917979502327,False,False,sem_tendencia_significativa,sem_tendencia_significativa,True
sensibilidade_10a,>=10 anos válidos,A809,tmax_inmet,Máxima anual INMET,15,2007,2024,18,3,35.79999923706055,39.29999923706055,39.0533332824707,42.900001525878906,0.07142857142857142,0.7142857142857142,19.0,408.3333333333333,0.8907689867497083,0.18095238095238095,0.3730531162514527,0.07480674416914816,11,URUGUAIANA,RS,Sul,0.5785026585348614,False,False,sem_tendencia_significativa,sem_tendencia_significativa,False
sensibilidade_10a,>=10 anos válidos,A811,tmax_inmet,Máxima anual INMET,13,2009,2024,16,3,32.70000076293945,34.20000076293945,34.66153863760141,38.0,0.03333356645372179,0.3333356645372179,12.0,266.6666666666667,0.673609679265374,0.15384615384615385,0.5005594978181392,0.07630504816091266,11,CANGUCU,RS,Sul,0.6758607913280517,False,False,sem_tendencia_significativa,sem_tendencia_significativa,False
sensibilidade_10a,>=10 anos válidos,A812,tmax_inmet,Máxima anual INMET,12,2007,2024,18,6,32.79999923706055,34.60000038146973,35.01666736602783,38.5,0.11714284079415457,1.1714284079415458,20.0,210.66666666666666,1.309048354697682,0.30303030303030304,0.19051797173735363,0.5563704389676343,7,CACAPAVA DO SUL,RS,Sul,0.4118267267857947,False,False,sem_tendencia_significativa,sem_tendencia_significativa,True
sensibilidade_10a,>=10 anos válidos,A813,tmax_inmet,Máxima anual INMET,11,2007,2022,16,5,34.79999923706055,37.599998474121094,37.96363587812944,40.79999923706055,0.3272725885564631,3.272725885564631,33.0,165.0,2.4911966213168735,0.6,0.012731364269923504,0.6566995433749335,8,RIO PARDO,RS,Sul,0.21967370445535767,True,False,crescente,sem_tendencia_significativa,True
sensibilidade_10a,>=10 anos válidos,A815,tmax_inmet,Máxima anual INMET,12,2010,2024,15,3,26.799999237060547,29.25,28.86666663487752,30.0,0.06333306630452475,0.6333306630452474,15.0,211.66666666666666,0.962280755272859,0.22727272727272727,0.335908593349047,-0.6389290237361005,8,SAO JOAQUIM,SC,Sul,0.5364510371395228,False,False,sem_tendencia_significativa,sem_tendencia_significativa,True
sensibilidade_10a,>=10 anos válidos,A817,tmax_inmet,Máxima anual INMET,11,2007,2023,17,6,36.20000076293945,38.29999923706055,38.19999972256747,40.20000076293945,0.05000019073486328,0.5000019073486328,5.0,165.0,0.3113995776646092,0.09090909090909091,0.7554968749288828,0.08379378509726976,7,INDAIAL,SC,Sul,0.8582051455244359,False,False,sem_tendencia_significativa,sem_tendencia_significativa,False
sensibilidade_10a,>=10 anos válidos,A818,tmax_inmet,Máxima anual INMET,12,2007,2025,19,7,33.400001525878906,34.25,34.291666984558105,36.5,0.0627452251957912,0.627452251957912,21.0,209.66666666666666,1.3812277665483927,0.3181818181818182,0.16720893987809785,0.3196532817860499,8,IVAI,PR,Sul,0.38940767119774217,False,False,sem_tendencia_significativa,sem_tendencia_significativa,True
sensibilidade_10a,>=10 anos válidos,A819,tmax_inmet,Máxima anual INMET,11,2007,2020,14,3,31.899999618530273,33.0,33.181818355213515,35.29999923706055,0.1833333969116211,1.833333969116211,31.0,163.0,2.3497813499638722,0.5636363636363636,0.018784441832692813,0.5889116101323228,8,CASTRO,PR,Sul,0.22576626764433036,True,False,crescente,sem_tendencia_significativa,True
sensibilidade_10a,>=10 anos válidos,A820,tmax_inmet,Máxima anual INMET,11,2007,2025,19,8,36.70000076293945,37.900001525878906,38.290909160267226,40.099998474121094,0.028571265084402903,0.285712650844029,11.0,163.0,0.7832604499879574,0.2,0.43347418315950703,-0.4608445141006111,5,MAL. CANDIDO RONDON,PR,Sul,0.6438816191163673,False,False,sem_tendencia_significativa,sem_tendencia_significativa,True
sensibilidade_10a,>=10 anos válidos,A821,tmax_inmet,Máxima anual INMET,11,2008,2025,18,7,35.099998474121094,36.0,36.42727279663086,37.900001525878906,0.09999974568684895,0.9999974568684895,19.0,161.0,1.4185987312303812,0.34545454545454546,0.15601603599625435,0.33909077156750544,8,JOAQUIM TAVORA,PR,Sul,0.38822595003719107,False,False,sem_tendencia_significativa,sem_tendencia_significativa,True
sensibilidade_10a,>=10 anos válidos,A823,tmax_inmet,Máxima anual INMET,10,2007,2023,17,7,28.899999618530273,30.949999809265137,30.799999809265138,33.400001525878906,0.12000007629394531,1.2000007629394531,22.0,124.0,1.8858556712811365,0.4888888888888889,0.059314406470354526,-0.26904690296517986,5,INACIO MARTINS,PR,Sul,0.29366917979502327,False,False,sem_tendencia_significativa,sem_tendencia_significativa,False
sensibilidade_10a,>=10 anos válidos,A826,tmax_inmet,Máxima anual INMET,10,2007,2024,18,8,37.099998474121094,38.0,38.41999969482422,40.0,0.04444461398654514,0.4444461398654514,13.0,116.33333333333333,1.1125746489877435,0.28888888888888886,0.2658911532616728,-0.39177146694469495,4,ALEGRETE,RS,Sul,0.48087306604557295,False,False,sem_tendencia_significativa,sem_tendencia_significativa,True
sensibilidade_10a,>=10 anos válidos,A827,tmax_inmet,Máxima anual INMET,14,2007,2024,18,4,33.5,36.599998474121094,36.835713795253206,39.29999923706055,0.14285714285714285,1.4285714285714284,23.0,329.0,1.2128992621239367,0.25274725274725274,0.22516833779793358,0.21006419227857992,10,BAGE,RS,Sul,0.45891451703578845,False,False,sem_tendencia_significativa,sem_tendencia_significativa,False
sensibilidade_10a,>=10 anos válidos,A828,tmax_inmet,Máxima anual INMET,10,2007,2024,18,8,32.70000076293945,33.89999961853027,33.95999984741211,35.599998474121094,0.09000015258789062,0.9000015258789062,17.0,125.0,1.4310835055998654,0.37777777777777777,0.15240628395674935,0.691900518365573,5,ERECHIM,RS,Sul,0.3837052325499336,False,False,sem_tendencia_significativa,sem_tendencia_significativa,True
sensibilidade_10a,>=10 anos válidos,A829,tmax_inmet,Máxima anual INMET,12,2007,2022,16,4,28.399999618530273,29.65000057220459,30.3083332379659,35.70000076293945,0.22249999046325683,2.2249999046325684,42.0,210.66666666666666,2.8247885548739458,0.6363636363636364,0.004731182624851297,0.20543342724416952,8,SAO JOSE DOS AUSENTES,RS,Sul,0.21967370445535767,True,False,crescente,sem_tendencia_significativa,False
sensibilidade_10a,>=10 anos válidos,A831,tmax_inmet,Máxima anual INMET,13,2008,2024,17,4,37.5,39.29999923706055,39.292307927058296,41.5,0.10333340962727865,1.0333340962727864,28.0,268.6666666666667,1.6472399654337202,0.358974358974359,0.09950873215916976,0.26529281229924867,9,QUARAI,RS,Sul,0.30862128524728016,False,False,sem_tendencia_significativa,sem_tendencia_significativa,False
sensibilidade_10a,>=10 anos válidos,A832,tmax_inmet,Máxima anual INMET,13,2008,2024,17,4,36.900001525878906,38.5,38.58461526724008,41.20000076293945,-0.03303572109767369,-0.3303572109767369,-8.0,268.6666666666667,-0.4270622132605941,-0.10256410256410256,0.6693340144640528,-0.12135899233849534,9,SAO GABRIEL,RS,Sul,0.80925129432377,False,False,sem_tendencia_significativa,sem_tendencia_significativa,False
sensibilidade_10a,>=10 anos válidos,A834,tmax_inmet,Máxima anual INMET,10,2009,2023,15,5,33.29999923706055,34.55000114440918,35.69000015258789,39.70000076293945,0.016666730244954426,0.16666730244954425,6.0,124.0,0.4490132550669373,0.13333333333333333,0.6534220947553175,-0.7311814297624676,6,TRAMANDAI,RS,Sul,0.8036340705611376,False,False,sem_tendencia_significativa,sem_tendencia_significativa,True
sensibilidade_10a,>=10 anos válidos,A835,tmax_inmet,Máxima anual INMET,13,2007,2024,18,5,35.599998474121094,37.20000076293945,37.49230780968299,40.400001525878906,0.0633927753993443,0.633927753993443,10.0,268.6666666666667,0.5490799884779067,0.1282051282051282,0.5829505577618919,-0.20220193462460165,9,MARINGA,PR,Sul,0.727410830558578,False,False,sem_tendencia_significativa,sem_tendencia_significativa,False
sensibilidade_10a,>=10 anos válidos,A836,tmax_inmet,Máxima anual INMET,10,2008,2024,17,7,35.0,36.85000038146973,37.10000038146973,40.400001525878906,0.07000007629394531,0.7000007629394531,8.0,124.0,0.6286185570937122,0.17777777777777778,0.5295988084250076,0.9847666911698278,4,JAGUARAO,RS,Sul,0.6844338627445093,False,False,sem_tendencia_significativa,sem_tendencia_significativa,True
sensibilidade_10a,>=10 anos válidos,A837,tmax_inmet,Máxima anual INMET,11,2009,2024,16,5,34.0,34.70000076293945,35.22727272727273,37.900001525878906,0.03333346048990885,0.3333346048990885,9.0,163.0,0.6266083599903659,0.16363636363636364,0.5309159869887315,0.13313814184735492,6,SOLEDADE,RS,Sul,0.6844338627445093,False,False,sem_tendencia_significativa,sem_tendencia_significativa,False
sensibilidade_10a,>=10 anos válidos,A838,tmax_inmet,Máxima anual INMET,10,2007,2022,16,6,35.0,37.20000076293945,37.22000007629394,39.599998474121094,0.19999980926513672,1.9999980926513672,28.0,124.0,2.4246715773614613,0.6222222222222222,0.01532224105510075,-0.7649090638439142,4,CAMAQUA,RS,Sul,0.22576626764433036,True,False,crescente,sem_tendencia_significativa,True
sensibilidade_10a,>=10 anos válidos,A839,tmax_inmet,Máxima anual INMET,16,2007,2024,18,2,32.400001525878906,34.75,34.793750524520874,37.29999923706055,0.08154755546933129,0.8154755546933129,16.0,488.6666666666667,0.6785547598194783,0.13333333333333333,0.49742001598396635,0.16637214257955815,13,PASSO FUNDO,RS,Sul,0.6758607913280517,False,False,sem_tendencia_significativa,sem_tendencia_significativa,False
sensibilidade_10a,>=10 anos válidos,A840,tmax_inmet,Máxima anual INMET,13,2008,2024,17,4,33.20000076293945,34.099998474121094,34.57692249004658,37.900001525878906,-0.01388867696126302,-0.1388867696126302,-6.0,266.6666666666667,-0.30618621784789724,-0.07692307692307693,0.7594628653799337,0.004569038488248461,9,BENTO GONCALVES,RS,Sul,0.8582051455244359,False,False,sem_tendencia_significativa,sem_tendencia_significativa,False
sensibilidade_10a,>=10 anos válidos,A841,tmax_inmet,Máxima anual INMET,11,2008,2020,13,2,33.70000076293945,34.900001525878906,35.000000346790664,36.79999923706055,0.1700000762939453,1.7000007629394531,33.0,165.0,2.4911966213168735,0.6,0.012731364269923504,-0.001784973607021046,8,JOACABA,SC,Sul,0.21967370445535767,True,False,crescente,sem_tendencia_significativa,False
sensibilidade_10a,>=10 anos válidos,A844,tmax_inmet,Máxima anual INMET,15,2008,2024,17,2,32.5,33.400001525878906,33.5533332824707,35.099998474121094,0.02857153756277902,0.2857153756277902,7.0,406.3333333333333,0.2976528360834951,0.06666666666666667,0.7659681439026508,0.049490197572288674,12,LAGOA VERMELHA,RS,Sul,0.8582051455244359,False,False,sem_tendencia_significativa,sem_tendencia_significativa,False
sensibilidade_10a,>=10 anos válidos,A845,tmax_inmet,Máxima anual INMET,13,2009,2023,15,2,23.200000762939453,25.700000762939453,25.507692337036133,27.5,0.05576929679283729,0.5576929679283729,8.0,266.6666666666667,0.42866070498705616,0.10256410256410256,0.6681701611064071,0.03216894907504505,10,BOM JARDIM DA SERRA - MORRO DA IGREJA,SC,Sul,0.80925129432377,False,False,sem_tendencia_significativa,sem_tendencia_significativa,False
sensibilidade_10a,>=10 anos válidos,A853,tmax_inmet,Máxima anual INMET,15,2008,2024,17,2,33.5,36.900001525878906,36.62666676839193,39.0,-0.016666412353515625,-0.16666412353515625,-7.0,406.3333333333333,-0.2976528360834951,-0.06666666666666667,0.7659681439026508,0.42374338959129265,12,CRUZ ALTA,RS,Sul,0.8582051455244359,False,False,sem_tendencia_significativa,sem_tendencia_significativa,True
sensibilidade_10a,>=10 anos válidos,A854,tmax_inmet,Máxima anual INMET,11,2008,2024,17,6,34.900001525878906,35.900001525878906,35.900000832297586,36.70000076293945,-0.045454545454545456,-0.4545454545454546,-15.0,163.0,-1.0965646299831404,-0.2727272727272727,0.2728317563249592,0.22834327410591387,6,FREDERICO WESTPHALEN,RS,Sul,0.48087306604557295,False,False,sem_tendencia_significativa,sem_tendencia_significativa,False
sensibilidade_10a,>=10 anos válidos,A856,tmax_inmet,Máxima anual INMET,10,2010,2024,15,5,32.79999923706055,34.95000076293945,34.82999954223633,36.79999923706055,-0.02500009536743164,-0.2500009536743164,-4.0,124.0,-0.26940795304016235,-0.08888888888888889,0.7876157667022056,0.08870787367317343,4,PALMEIRA DAS MISSOES,RS,Sul,0.8733148915765389,False,False,sem_tendencia_significativa,sem_tendencia_significativa,False
sensibilidade_10a,>=10 anos válidos,A859,tmax_inmet,Máxima anual INMET,12,2009,2023,15,3,31.399999618530273,33.5,33.258333683013916,34.79999923706055,0.10000019073486328,1.0000019073486328,11.0,209.0,0.6917144638660746,0.16666666666666666,0.4891166619192186,0.07413061808687432,8,CACADOR,SC,Sul,0.674739747388408,False,False,sem_tendencia_significativa,sem_tendencia_significativa,False
sensibilidade_10a,>=10 anos válidos,A860,tmax_inmet,Máxima anual INMET,13,2009,2025,17,4,31.799999237060547,33.099998474121094,33.19999944246732,34.5,0.04142859322684152,0.41428593226841515,19.0,265.6666666666667,1.1043429722015443,0.24358974358974358,0.26944438863166387,0.37767961681974443,9,CURITIBANOS,SC,Sul,0.48087306604557295,False,False,sem_tendencia_significativa,sem_tendencia_significativa,True
sensibilidade_10a,>=10 anos válidos,A863,tmax_inmet,Máxima anual INMET,11,2009,2025,17,6,34.29999923706055,36.0,35.90909056230025,36.70000076293945,0.0,0.0,-3.0,160.33333333333334,-0.15794943794779692,-0.05454545454545454,0.8744966411277522,-0.2144575214109256,6,ITUPORANGA,SC,Sul,0.9128891765918974,False,False,sem_tendencia_significativa,sem_tendencia_significativa,False
sensibilidade_10a,>=10 anos válidos,A864,tmax_inmet,Máxima anual INMET,12,2011,2025,15,3,32.20000076293945,34.19999885559082,33.899999936421715,35.20000076293945,0.11944442325168186,1.1944442325168185,33.0,211.66666666666666,2.1994988691951063,0.5,0.027842469454623646,0.29311797731782313,9,MAJOR VIEIRA,SC,Sul,0.23098977301618662,True,False,crescente,sem_tendencia_significativa,False
sensibilidade_10a,>=10 anos válidos,A867,tmax_inmet,Máxima anual INMET,12,2009,2025,17,5,34.79999923706055,36.70000076293945,36.875,38.70000076293945,0.039999771118164065,0.3999977111816406,11.0,211.66666666666666,0.6873433966234707,0.16666666666666666,0.49186635790930683,-0.4778374851570372,8,ARARANGUA,SC,Sul,0.674739747388408,False,False,sem_tendencia_significativa,sem_tendencia_significativa,True
sensibilidade_10a,>=10 anos válidos,A868,tmax_inmet,Máxima anual INMET,10,2011,2025,15,5,34.79999923706055,36.5,36.989999771118164,39.0,-0.125,-1.25,-12.0,121.33333333333333,-0.998625428903524,-0.26666666666666666,0.3179761769815497,-0.06826328407939186,7,ITAJAI,SC,Sul,0.5225160114893238,False,False,sem_tendencia_significativa,sem_tendencia_significativa,False
sensibilidade_10a,>=10 anos válidos,A871,tmax_inmet,Máxima anual INMET,11,2009,2025,17,6,34.0,35.79999923706055,36.06363643299449,37.900001525878906,0.19999991522894967,1.9999991522894967,22.0,164.0,1.6398244998303637,0.4,0.1010416625795911,0.19599161660844847,5,JAPIRA,PR,Sul,0.30889879702903567,False,False,sem_tendencia_significativa,sem_tendencia_significativa,False
sensibilidade_10a,>=10 anos válidos,A873,tmax_inmet,Máxima anual INMET,10,2011,2024,14,4,37.70000076293945,39.30000114440918,39.29000015258789,41.099998474121094,0.1833337148030599,1.833337148030599,20.0,124.0,1.7062503692543616,0.4444444444444444,0.08796147430808014,0.06885026406180675,7,MORRETES,PR,Sul,0.29366917979502327,False,False,sem_tendencia_significativa,sem_tendencia_significativa,False
sensibilidade_10a,>=10 anos válidos,A874,tmax_inmet,Máxima anual INMET,10,2012,2025,14,4,33.20000076293945,35.25,35.10999984741211,36.900001525878906,0.24545461481267755,2.4545461481267754,25.0,125.0,2.146625258399798,0.5555555555555556,0.0318231273864902,0.7145009469707869,6,SAO MATEUS DO SUL,PR,Sul,0.23679272659798273,True,False,crescente,sem_tendencia_significativa,True
sensibilidade_10a,>=10 anos válidos,A876,tmax_inmet,Máxima anual INMET,12,2009,2025,17,5,31.5,33.20000076293945,32.891666889190674,33.900001525878906,0.061249923706054685,0.6124992370605469,21.0,209.66666666666666,1.3812277665483927,0.3181818181818182,0.16720893987809785,0.30088700473526603,7,CLEVELANDIA,PR,Sul,0.38940767119774217,False,False,sem_tendencia_significativa,sem_tendencia_significativa,True
sensibilidade_10a,>=10 anos válidos,A879,tmax_inmet,Máxima anual INMET,13,2009,2024,16,3,31.100000381469727,32.29999923706055,32.39999961853027,34.099998474121094,-0.008333365122477213,-0.08333365122477213,-1.0,267.6666666666667,0.0,-0.01282051282051282,1.0,0.03917472659885504,10,CANELA,RS,Sul,1.0,False,False,sem_tendencia_significativa,sem_tendencia_significativa,False
sensibilidade_10a,>=10 anos válidos,A880,tmax_inmet,Máxima anual INMET,11,2009,2024,16,5,30.600000381469727,32.20000076293945,32.41818185286088,34.29999923706055,0.0666669209798177,0.666669209798177,9.0,163.0,0.6266083599903659,0.16363636363636364,0.5309159869887315,-0.2251771589532621,6,VACARIA,RS,Sul,0.6844338627445093,False,False,sem_tendencia_significativa,sem_tendencia_significativa,False
sensibilidade_10a,>=10 anos válidos,A884,tmax_inmet,Máxima anual INMET,11,2014,2024,11,0,37.70000076293945,39.79999923706055,39.781818043101914,41.099998474121094,0.11428560529436384,1.1428560529436385,16.0,164.0,1.1713032141645454,0.2909090909090909,0.24147691993853201,-0.06260363835989122,10,CAMPO BOM,RS,Sul,0.4643703705627494,False,False,sem_tendencia_significativa,sem_tendencia_significativa,False
sensibilidade_10a,>=10 anos válidos,A899,tmax_inmet,Máxima anual INMET,10,2009,2024,16,6,31.899999618530273,35.60000038146973,35.5100004196167,39.900001525878906,0.09999942779541016,0.9999942779541016,3.0,125.0,0.17888543819998318,0.06666666666666667,0.8580276569875213,-0.7792255045577189,5,Santa Vitoria do Palmar - Barra do Chui,RS,Sul,0.9000878362516154,False,False,sem_tendencia_significativa,sem_tendencia_significativa,True
sensibilidade_10a,>=10 anos válidos,A904,tmax_inmet,Máxima anual INMET,10,2003,2024,22,12,37.599998474121094,38.95000076293945,38.9,39.79999923706055,0.07142857142857142,0.7142857142857142,22.0,124.0,1.8858556712811365,0.4888888888888889,0.059314406470354526,-0.45221671088973003,5,SORRISO,MT,Centro-Oeste,0.29366917979502327,False,False,sem_tendencia_significativa,sem_tendencia_significativa,True
sensibilidade_10a,>=10 anos válidos,A906,tmax_inmet,Máxima anual INMET,11,2004,2024,21,10,36.599998474121094,38.599998474121094,38.827272241765804,40.79999923706055,0.15714263916015625,1.5714263916015625,36.0,164.0,2.733040833050606,0.6545454545454545,0.006275255208980124,0.6656030158654063,6,GUARANTA DO NORTE,MT,Centro-Oeste,0.21967370445535767,True,False,crescente,sem_tendencia_significativa,True
sensibilidade_10a,>=10 anos válidos,A907,tmax_inmet,Máxima anual INMET,13,2004,2025,22,9,39.29999923706055,40.70000076293945,41.13846147977389,45.0,0.10384626702947931,1.0384626702947932,28.0,266.6666666666667,1.653405576378645,0.358974358974359,0.09824834872949123,-0.552082815841482,7,RONDONOPOLIS,MT,Centro-Oeste,0.30862128524728016,False,False,sem_tendencia_significativa,sem_tendencia_significativa,True
sensibilidade_10a,>=10 anos válidos,A931,tmax_inmet,Máxima anual INMET,10,2009,2024,16,6,36.099998474121094,37.650001525878906,37.72000007629394,39.5,0.10000101725260417,1.0000101725260417,11.0,125.0,0.8944271909999159,0.24444444444444444,0.3710933695226976,-0.6264689152661301,6,SANTO ANTONIO DO LESTE,MT,Centro-Oeste,0.5785026585348614,False,False,sem_tendencia_significativa,sem_tendencia_significativa,True
sensibilidade_10a,>=10 anos válidos,A934,tmax_inmet,Máxima anual INMET,12,2009,2024,16,4,34.5,36.75,36.75,39.79999923706055,0.1866664250691732,1.866664250691732,26.0,212.66666666666666,1.714313703309354,0.3939393939393939,0.08647112777407259,0.07356597353857953,7,ALTO TAQUARI,MT,Centro-Oeste,0.29366917979502327,False,False,sem_tendencia_significativa,sem_tendencia_significativa,False
sensibilidade_10a,>=10 anos válidos,A936,tmax_inmet,Máxima anual INMET,10,2009,2024,16,6,38.5,39.14999961853027,39.63999977111816,41.20000076293945,0.10714285714285714,1.0714285714285714,16.0,124.0,1.347039765200812,0.35555555555555557,0.17796742596806472,0.0043758280510105205,5,SALTO DO CEU,MT,Centro-Oeste,0.4008950437596405,False,False,sem_tendencia_significativa,sem_tendencia_significativa,False
sensibilidade_10a,>=10 anos válidos,A937,tmax_inmet,Máxima anual INMET,11,2009,2023,15,4,37.900001525878906,39.20000076293945,39.263636502352625,40.599998474121094,0.09285708836146764,0.9285708836146764,10.0,164.0,0.7027819284987273,0.18181818181818182,0.4821916609549382,-0.29400575166129556,7,PONTES E LACERDA,MT,Centro-Oeste,0.6744380094402403,False,False,sem_tendencia_significativa,sem_tendencia_significativa,False
sensibilidade_10a,>=10 anos válidos,A939,tmax_inmet,Máxima anual INMET,10,2010,2025,16,6,38.29999923706055,39.099998474121094,39.259999465942386,40.5,0.0625,0.625,13.0,123.0,1.0820035616009187,0.28888888888888886,0.27925094536873774,0.5890332476139922,5,CACOAL,RO,Norte,0.48087306604557295,False,False,sem_tendencia_significativa,sem_tendencia_significativa,True
sensibilidade_10a,>=10 anos válidos,F501,tmax_inmet,Máxima anual INMET,11,2015,2025,11,0,32.29999923706055,33.900001525878906,33.836363705721766,35.70000076293945,0.05000019073486328,0.5000019073486328,9.0,163.0,0.6266083599903659,0.16363636363636364,0.5309159869887315,0.08410253972979895,10,BELO HORIZONTE - CERCADINHO,MG,Sudeste,0.6844338627445093,False,False,sem_tendencia_significativa,sem_tendencia_significativa,False
